scrape_time,date,site_id,venue_name,time_range,booked,total,status,remark,condition,temperature,feels_like,wind_scale,precip,humidity,aqi
2026-05-21 00:30:49,2026-05-21,1,游泳馆,06:30-08:00,20,60,可预约,￥0.0,多云,15,13,3,0.0,100,26
2026-05-21 01:00:55,2026-05-21,1,游泳馆,06:30-08:00,19,60,可预约,￥0.0,多云,15,12,4,0.0,100,26
2026-05-21 01:30:47,2026-05-21,1,游泳馆,06:30-08:00,18,60,可预约,￥0.0,多云,15,13,4,0.0,100,28
2026-05-21 02:00:53,2026-05-21,1,游泳馆,06:30-08:00,18,60,可预约,￥0.0,多云,15,12,4,0.0,100,28
2026-05-21 02:30:49,2026-05-21,1,游泳馆,06:30-08:00,18,60,可预约,￥0.0,多云,15,14,3,0.0,100,29
2026-05-21 03:00:55,2026-05-21,1,游泳馆,06:30-08:00,18,60,可预约,￥0.0,多云,15,12,4,0.0,100,29
2026-05-21 03:30:49,2026-05-21,1,游泳馆,06:30-08:00,18,60,可预约,￥0.0,多云,15,14,3,0.0,100,30
2026-05-21 04:30:45,2026-05-21,1,游泳馆,06:30-08:00,17,60,可预约,￥0.0,多云,15,12,4,0.0,100,29
2026-05-21 05:00:52,2026-05-21,1,游泳馆,06:30-08:00,17,60,可预约,￥0.0,多云,15,12,4,0.0,100,29
2026-05-21 05:30:49,2026-05-21,1,游泳馆,06:30-08:00,18,60,可预约,￥0.0,多云,15,13,3,0.0,100,28
2026-05-21 06:00:50,2026-05-21,1,游泳馆,06:30-08:00,18,60,可预约,￥0.0,多云,15,13,4,0.0,99,28
2026-05-21 06:30:38,2026-05-21,1,游泳馆,06:30-08:00,20,60,可预约,￥0.0,多云,15,13,3,0.0,97,28
2026-05-21 07:00:43,2026-05-21,1,游泳馆,06:30-08:00,22,60,可预约,￥0.0,晴,15,11,5,0.0,93,28
2026-05-21 07:30:39,2026-05-21,1,游泳馆,06:30-08:00,22,60,可预约,￥0.0,晴,17,13,4,0.0,89,29
2026-05-21 07:50:40,2026-05-21,1,游泳馆,06:30-08:00,22,60,可预约,￥0.0,晴,17,13,4,0.0,88,29
2026-05-21 07:53:31,2026-05-21,1,游泳馆,06:30-08:00,22,60,可预约,￥0.0,晴,17,12,5,0.0,86,29
2026-05-21 07:56:31,2026-05-21,1,游泳馆,06:30-08:00,22,60,可预约,￥0.0,晴,17,12,5,0.0,86,29
2026-05-21 07:59:26,2026-05-21,1,游泳馆,06:30-08:00,22,60,可预约,￥0.0,晴,17,12,5,0.0,86,29
2026-05-21 00:30:49,2026-05-21,1,游泳馆,08:00-09:30,0,60,不开放/已过期,清洁消杀,多云,15,13,3,0.0,100,26
2026-05-21 01:00:55,2026-05-21,1,游泳馆,08:00-09:30,0,60,不开放/已过期,清洁消杀,多云,15,12,4,0.0,100,26
2026-05-21 01:30:47,2026-05-21,1,游泳馆,08:00-09:30,0,60,不开放/已过期,清洁消杀,多云,15,13,4,0.0,100,28
2026-05-21 02:00:53,2026-05-21,1,游泳馆,08:00-09:30,0,60,不开放/已过期,清洁消杀,多云,15,12,4,0.0,100,28
2026-05-21 02:30:49,2026-05-21,1,游泳馆,08:00-09:30,0,60,不开放/已过期,清洁消杀,多云,15,14,3,0.0,100,29
2026-05-21 03:00:55,2026-05-21,1,游泳馆,08:00-09:30,0,60,不开放/已过期,清洁消杀,多云,15,12,4,0.0,100,29
2026-05-21 03:30:49,2026-05-21,1,游泳馆,08:00-09:30,0,60,不开放/已过期,清洁消杀,多云,15,14,3,0.0,100,30
2026-05-21 04:30:45,2026-05-21,1,游泳馆,08:00-09:30,0,60,不开放/已过期,清洁消杀,多云,15,12,4,0.0,100,29
2026-05-21 05:00:52,2026-05-21,1,游泳馆,08:00-09:30,0,60,不开放/已过期,清洁消杀,多云,15,12,4,0.0,100,29
2026-05-21 05:30:49,2026-05-21,1,游泳馆,08:00-09:30,0,60,不开放/已过期,清洁消杀,多云,15,13,3,0.0,100,28
2026-05-21 06:00:50,2026-05-21,1,游泳馆,08:00-09:30,0,60,不开放/已过期,清洁消杀,多云,15,13,4,0.0,99,28
2026-05-21 06:30:38,2026-05-21,1,游泳馆,08:00-09:30,0,60,不开放/已过期,清洁消杀,多云,15,13,3,0.0,97,28
2026-05-21 07:00:43,2026-05-21,1,游泳馆,08:00-09:30,0,60,不开放/已过期,清洁消杀,晴,15,11,5,0.0,93,28
2026-05-21 07:30:39,2026-05-21,1,游泳馆,08:00-09:30,0,60,不开放/已过期,清洁消杀,晴,17,13,4,0.0,89,29
2026-05-21 07:50:40,2026-05-21,1,游泳馆,08:00-09:30,0,60,不开放/已过期,清洁消杀,晴,17,13,4,0.0,88,29
2026-05-21 07:53:31,2026-05-21,1,游泳馆,08:00-09:30,0,60,不开放/已过期,清洁消杀,晴,17,12,5,0.0,86,29
2026-05-21 07:56:31,2026-05-21,1,游泳馆,08:00-09:30,0,60,不开放/已过期,清洁消杀,晴,17,12,5,0.0,86,29
2026-05-21 07:59:26,2026-05-21,1,游泳馆,08:00-09:30,0,60,不开放/已过期,清洁消杀,晴,17,12,5,0.0,86,29
2026-05-21 00:30:49,2026-05-21,1,游泳馆,10:00-11:30,65,60,已售/已满,教学时间,多云,15,13,3,0.0,100,26
2026-05-21 01:00:55,2026-05-21,1,游泳馆,10:00-11:30,65,60,已售/已满,教学时间,多云,15,12,4,0.0,100,26
2026-05-21 01:30:47,2026-05-21,1,游泳馆,10:00-11:30,65,60,已售/已满,教学时间,多云,15,13,4,0.0,100,28
2026-05-21 02:00:53,2026-05-21,1,游泳馆,10:00-11:30,65,60,已售/已满,教学时间,多云,15,12,4,0.0,100,28
2026-05-21 02:30:49,2026-05-21,1,游泳馆,10:00-11:30,65,60,已售/已满,教学时间,多云,15,14,3,0.0,100,29
2026-05-21 03:00:55,2026-05-21,1,游泳馆,10:00-11:30,65,60,已售/已满,教学时间,多云,15,12,4,0.0,100,29
2026-05-21 03:30:49,2026-05-21,1,游泳馆,10:00-11:30,65,60,已售/已满,教学时间,多云,15,14,3,0.0,100,30
2026-05-21 04:30:45,2026-05-21,1,游泳馆,10:00-11:30,65,60,已售/已满,教学时间,多云,15,12,4,0.0,100,29
2026-05-21 05:00:52,2026-05-21,1,游泳馆,10:00-11:30,65,60,已售/已满,教学时间,多云,15,12,4,0.0,100,29
2026-05-21 05:30:49,2026-05-21,1,游泳馆,10:00-11:30,65,60,已售/已满,教学时间,多云,15,13,3,0.0,100,28
2026-05-21 06:00:50,2026-05-21,1,游泳馆,10:00-11:30,65,60,已售/已满,教学时间,多云,15,13,4,0.0,99,28
2026-05-21 06:30:38,2026-05-21,1,游泳馆,10:00-11:30,65,60,已售/已满,教学时间,多云,15,13,3,0.0,97,28
2026-05-21 07:00:43,2026-05-21,1,游泳馆,10:00-11:30,65,60,已售/已满,教学时间,晴,15,11,5,0.0,93,28
2026-05-21 07:30:39,2026-05-21,1,游泳馆,10:00-11:30,65,60,已售/已满,教学时间,晴,17,13,4,0.0,89,29
2026-05-21 07:50:40,2026-05-21,1,游泳馆,10:00-11:30,65,60,已售/已满,教学时间,晴,17,13,4,0.0,88,29
2026-05-21 07:53:31,2026-05-21,1,游泳馆,10:00-11:30,65,60,已售/已满,教学时间,晴,17,12,5,0.0,86,29
2026-05-21 07:56:31,2026-05-21,1,游泳馆,10:00-11:30,65,60,已售/已满,教学时间,晴,17,12,5,0.0,86,29
2026-05-21 07:59:26,2026-05-21,1,游泳馆,10:00-11:30,65,60,已售/已满,教学时间,晴,17,12,5,0.0,86,29
2026-05-21 00:30:49,2026-05-21,1,游泳馆,12:00-13:30,60,60,已售/已满,,多云,15,13,3,0.0,100,26
2026-05-21 01:00:55,2026-05-21,1,游泳馆,12:00-13:30,60,60,已售/已满,,多云,15,12,4,0.0,100,26
2026-05-21 01:30:47,2026-05-21,1,游泳馆,12:00-13:30,60,60,已售/已满,,多云,15,13,4,0.0,100,28
2026-05-21 02:00:53,2026-05-21,1,游泳馆,12:00-13:30,59,60,可预约,￥0.0,多云,15,12,4,0.0,100,28
2026-05-21 02:30:49,2026-05-21,1,游泳馆,12:00-13:30,59,60,可预约,￥0.0,多云,15,14,3,0.0,100,29
2026-05-21 03:00:55,2026-05-21,1,游泳馆,12:00-13:30,59,60,可预约,￥0.0,多云,15,12,4,0.0,100,29
2026-05-21 03:30:49,2026-05-21,1,游泳馆,12:00-13:30,59,60,可预约,￥0.0,多云,15,14,3,0.0,100,30
2026-05-21 04:30:45,2026-05-21,1,游泳馆,12:00-13:30,59,60,可预约,￥0.0,多云,15,12,4,0.0,100,29
2026-05-21 05:00:52,2026-05-21,1,游泳馆,12:00-13:30,59,60,可预约,￥0.0,多云,15,12,4,0.0,100,29
2026-05-21 05:30:49,2026-05-21,1,游泳馆,12:00-13:30,59,60,可预约,￥0.0,多云,15,13,3,0.0,100,28
2026-05-21 06:00:50,2026-05-21,1,游泳馆,12:00-13:30,60,60,已售/已满,,多云,15,13,4,0.0,99,28
2026-05-21 06:30:38,2026-05-21,1,游泳馆,12:00-13:30,60,60,已售/已满,,多云,15,13,3,0.0,97,28
2026-05-21 07:00:43,2026-05-21,1,游泳馆,12:00-13:30,60,60,已售/已满,,晴,15,11,5,0.0,93,28
2026-05-21 07:30:39,2026-05-21,1,游泳馆,12:00-13:30,60,60,已售/已满,,晴,17,13,4,0.0,89,29
2026-05-21 07:50:40,2026-05-21,1,游泳馆,12:00-13:30,60,60,已售/已满,,晴,17,13,4,0.0,88,29
2026-05-21 07:53:31,2026-05-21,1,游泳馆,12:00-13:30,60,60,已售/已满,,晴,17,12,5,0.0,86,29
2026-05-21 07:56:31,2026-05-21,1,游泳馆,12:00-13:30,60,60,已售/已满,,晴,17,12,5,0.0,86,29
2026-05-21 07:59:26,2026-05-21,1,游泳馆,12:00-13:30,60,60,已售/已满,,晴,17,12,5,0.0,86,29
2026-05-21 00:30:49,2026-05-21,1,游泳馆,14:00-15:30,13,60,可预约,￥15.0,多云,15,13,3,0.0,100,26
2026-05-21 01:00:55,2026-05-21,1,游泳馆,14:00-15:30,13,60,可预约,￥15.0,多云,15,12,4,0.0,100,26
2026-05-21 01:30:47,2026-05-21,1,游泳馆,14:00-15:30,13,60,可预约,￥15.0,多云,15,13,4,0.0,100,28
2026-05-21 02:00:53,2026-05-21,1,游泳馆,14:00-15:30,13,60,可预约,￥15.0,多云,15,12,4,0.0,100,28
2026-05-21 02:30:49,2026-05-21,1,游泳馆,14:00-15:30,13,60,可预约,￥15.0,多云,15,14,3,0.0,100,29
2026-05-21 03:00:55,2026-05-21,1,游泳馆,14:00-15:30,13,60,可预约,￥15.0,多云,15,12,4,0.0,100,29
2026-05-21 03:30:49,2026-05-21,1,游泳馆,14:00-15:30,13,60,可预约,￥15.0,多云,15,14,3,0.0,100,30
2026-05-21 04:30:45,2026-05-21,1,游泳馆,14:00-15:30,13,60,可预约,￥15.0,多云,15,12,4,0.0,100,29
2026-05-21 05:00:52,2026-05-21,1,游泳馆,14:00-15:30,13,60,可预约,￥15.0,多云,15,12,4,0.0,100,29
2026-05-21 05:30:49,2026-05-21,1,游泳馆,14:00-15:30,13,60,可预约,￥15.0,多云,15,13,3,0.0,100,28
2026-05-21 06:00:50,2026-05-21,1,游泳馆,14:00-15:30,13,60,可预约,￥15.0,多云,15,13,4,0.0,99,28
2026-05-21 06:30:38,2026-05-21,1,游泳馆,14:00-15:30,13,60,可预约,￥15.0,多云,15,13,3,0.0,97,28
2026-05-21 07:00:43,2026-05-21,1,游泳馆,14:00-15:30,13,60,可预约,￥15.0,晴,15,11,5,0.0,93,28
2026-05-21 07:30:39,2026-05-21,1,游泳馆,14:00-15:30,13,60,可预约,￥15.0,晴,17,13,4,0.0,89,29
2026-05-21 07:50:40,2026-05-21,1,游泳馆,14:00-15:30,13,60,可预约,￥15.0,晴,17,13,4,0.0,88,29
2026-05-21 07:53:31,2026-05-21,1,游泳馆,14:00-15:30,13,60,可预约,￥15.0,晴,17,12,5,0.0,86,29
2026-05-21 07:56:31,2026-05-21,1,游泳馆,14:00-15:30,13,60,可预约,￥15.0,晴,17,12,5,0.0,86,29
2026-05-21 07:59:26,2026-05-21,1,游泳馆,14:00-15:30,13,60,可预约,￥15.0,晴,17,12,5,0.0,86,29
2026-05-21 00:30:49,2026-05-21,1,游泳馆,16:00-17:30,7,60,可预约,￥15.0,多云,15,13,3,0.0,100,26
2026-05-21 01:00:55,2026-05-21,1,游泳馆,16:00-17:30,7,60,可预约,￥15.0,多云,15,12,4,0.0,100,26
2026-05-21 01:30:47,2026-05-21,1,游泳馆,16:00-17:30,7,60,可预约,￥15.0,多云,15,13,4,0.0,100,28
2026-05-21 02:00:53,2026-05-21,1,游泳馆,16:00-17:30,7,60,可预约,￥15.0,多云,15,12,4,0.0,100,28
2026-05-21 02:30:49,2026-05-21,1,游泳馆,16:00-17:30,7,60,可预约,￥15.0,多云,15,14,3,0.0,100,29
2026-05-21 03:00:55,2026-05-21,1,游泳馆,16:00-17:30,7,60,可预约,￥15.0,多云,15,12,4,0.0,100,29
2026-05-21 03:30:49,2026-05-21,1,游泳馆,16:00-17:30,7,60,可预约,￥15.0,多云,15,14,3,0.0,100,30
2026-05-21 04:30:45,2026-05-21,1,游泳馆,16:00-17:30,7,60,可预约,￥15.0,多云,15,12,4,0.0,100,29
2026-05-21 05:00:52,2026-05-21,1,游泳馆,16:00-17:30,7,60,可预约,￥15.0,多云,15,12,4,0.0,100,29
2026-05-21 05:30:49,2026-05-21,1,游泳馆,16:00-17:30,7,60,可预约,￥15.0,多云,15,13,3,0.0,100,28
2026-05-21 06:00:50,2026-05-21,1,游泳馆,16:00-17:30,7,60,可预约,￥15.0,多云,15,13,4,0.0,99,28
2026-05-21 06:30:38,2026-05-21,1,游泳馆,16:00-17:30,7,60,可预约,￥15.0,多云,15,13,3,0.0,97,28
2026-05-21 07:00:43,2026-05-21,1,游泳馆,16:00-17:30,7,60,可预约,￥15.0,晴,15,11,5,0.0,93,28
2026-05-21 07:30:39,2026-05-21,1,游泳馆,16:00-17:30,7,60,可预约,￥15.0,晴,17,13,4,0.0,89,29
2026-05-21 07:50:40,2026-05-21,1,游泳馆,16:00-17:30,7,60,可预约,￥15.0,晴,17,13,4,0.0,88,29
2026-05-21 07:53:31,2026-05-21,1,游泳馆,16:00-17:30,7,60,可预约,￥15.0,晴,17,12,5,0.0,86,29
2026-05-21 07:56:31,2026-05-21,1,游泳馆,16:00-17:30,7,60,可预约,￥15.0,晴,17,12,5,0.0,86,29
2026-05-21 07:59:26,2026-05-21,1,游泳馆,16:00-17:30,7,60,可预约,￥15.0,晴,17,12,5,0.0,86,29
2026-05-21 00:30:49,2026-05-21,1,游泳馆,18:00-19:30,7,60,可预约,￥15.0,多云,15,13,3,0.0,100,26
2026-05-21 01:00:55,2026-05-21,1,游泳馆,18:00-19:30,9,60,可预约,￥15.0,多云,15,12,4,0.0,100,26
2026-05-21 01:30:47,2026-05-21,1,游泳馆,18:00-19:30,9,60,可预约,￥15.0,多云,15,13,4,0.0,100,28
2026-05-21 02:00:53,2026-05-21,1,游泳馆,18:00-19:30,9,60,可预约,￥15.0,多云,15,12,4,0.0,100,28
2026-05-21 02:30:49,2026-05-21,1,游泳馆,18:00-19:30,8,60,可预约,￥15.0,多云,15,14,3,0.0,100,29
2026-05-21 03:00:55,2026-05-21,1,游泳馆,18:00-19:30,8,60,可预约,￥15.0,多云,15,12,4,0.0,100,29
2026-05-21 03:30:49,2026-05-21,1,游泳馆,18:00-19:30,8,60,可预约,￥15.0,多云,15,14,3,0.0,100,30
2026-05-21 04:30:45,2026-05-21,1,游泳馆,18:00-19:30,8,60,可预约,￥15.0,多云,15,12,4,0.0,100,29
2026-05-21 05:00:52,2026-05-21,1,游泳馆,18:00-19:30,8,60,可预约,￥15.0,多云,15,12,4,0.0,100,29
2026-05-21 05:30:49,2026-05-21,1,游泳馆,18:00-19:30,8,60,可预约,￥15.0,多云,15,13,3,0.0,100,28
2026-05-21 06:00:50,2026-05-21,1,游泳馆,18:00-19:30,8,60,可预约,￥15.0,多云,15,13,4,0.0,99,28
2026-05-21 06:30:38,2026-05-21,1,游泳馆,18:00-19:30,8,60,可预约,￥15.0,多云,15,13,3,0.0,97,28
2026-05-21 07:00:43,2026-05-21,1,游泳馆,18:00-19:30,8,60,可预约,￥15.0,晴,15,11,5,0.0,93,28
2026-05-21 07:30:39,2026-05-21,1,游泳馆,18:00-19:30,8,60,可预约,￥15.0,晴,17,13,4,0.0,89,29
2026-05-21 07:50:40,2026-05-21,1,游泳馆,18:00-19:30,8,60,可预约,￥15.0,晴,17,13,4,0.0,88,29
2026-05-21 07:53:31,2026-05-21,1,游泳馆,18:00-19:30,8,60,可预约,￥15.0,晴,17,12,5,0.0,86,29
2026-05-21 07:56:31,2026-05-21,1,游泳馆,18:00-19:30,8,60,可预约,￥15.0,晴,17,12,5,0.0,86,29
2026-05-21 07:59:26,2026-05-21,1,游泳馆,18:00-19:30,8,60,可预约,￥15.0,晴,17,12,5,0.0,86,29
2026-05-21 00:30:49,2026-05-21,1,游泳馆,20:00-21:30,11,60,可预约,￥15.0,多云,15,13,3,0.0,100,26
2026-05-21 01:00:55,2026-05-21,1,游泳馆,20:00-21:30,11,60,可预约,￥15.0,多云,15,12,4,0.0,100,26
2026-05-21 01:30:47,2026-05-21,1,游泳馆,20:00-21:30,11,60,可预约,￥15.0,多云,15,13,4,0.0,100,28
2026-05-21 02:00:53,2026-05-21,1,游泳馆,20:00-21:30,11,60,可预约,￥15.0,多云,15,12,4,0.0,100,28
2026-05-21 02:30:49,2026-05-21,1,游泳馆,20:00-21:30,11,60,可预约,￥15.0,多云,15,14,3,0.0,100,29
2026-05-21 03:00:55,2026-05-21,1,游泳馆,20:00-21:30,11,60,可预约,￥15.0,多云,15,12,4,0.0,100,29
2026-05-21 03:30:49,2026-05-21,1,游泳馆,20:00-21:30,11,60,可预约,￥15.0,多云,15,14,3,0.0,100,30
2026-05-21 04:30:45,2026-05-21,1,游泳馆,20:00-21:30,11,60,可预约,￥15.0,多云,15,12,4,0.0,100,29
2026-05-21 05:00:52,2026-05-21,1,游泳馆,20:00-21:30,11,60,可预约,￥15.0,多云,15,12,4,0.0,100,29
2026-05-21 05:30:49,2026-05-21,1,游泳馆,20:00-21:30,11,60,可预约,￥15.0,多云,15,13,3,0.0,100,28
2026-05-21 06:00:50,2026-05-21,1,游泳馆,20:00-21:30,11,60,可预约,￥15.0,多云,15,13,4,0.0,99,28
2026-05-21 06:30:38,2026-05-21,1,游泳馆,20:00-21:30,11,60,可预约,￥15.0,多云,15,13,3,0.0,97,28
2026-05-21 07:00:43,2026-05-21,1,游泳馆,20:00-21:30,11,60,可预约,￥15.0,晴,15,11,5,0.0,93,28
2026-05-21 07:30:39,2026-05-21,1,游泳馆,20:00-21:30,11,60,可预约,￥15.0,晴,17,13,4,0.0,89,29
2026-05-21 07:50:40,2026-05-21,1,游泳馆,20:00-21:30,11,60,可预约,￥15.0,晴,17,13,4,0.0,88,29
2026-05-21 07:53:31,2026-05-21,1,游泳馆,20:00-21:30,11,60,可预约,￥15.0,晴,17,12,5,0.0,86,29
2026-05-21 07:56:31,2026-05-21,1,游泳馆,20:00-21:30,11,60,可预约,￥15.0,晴,17,12,5,0.0,86,29
2026-05-21 07:59:26,2026-05-21,1,游泳馆,20:00-21:30,11,60,可预约,￥15.0,晴,17,12,5,0.0,86,29
2026-05-21 00:30:49,2026-05-21,2,乒乓球厅-10号,07:00-08:00,0,1,可预约,￥0.0,多云,15,13,3,0.0,100,26
2026-05-21 01:00:55,2026-05-21,2,乒乓球厅-10号,07:00-08:00,0,1,可预约,￥0.0,多云,15,12,4,0.0,100,26
2026-05-21 01:30:47,2026-05-21,2,乒乓球厅-10号,07:00-08:00,0,1,可预约,￥0.0,多云,15,13,4,0.0,100,28
2026-05-21 02:00:53,2026-05-21,2,乒乓球厅-10号,07:00-08:00,0,1,可预约,￥0.0,多云,15,12,4,0.0,100,28
2026-05-21 02:30:49,2026-05-21,2,乒乓球厅-10号,07:00-08:00,0,1,可预约,￥0.0,多云,15,14,3,0.0,100,29
2026-05-21 03:00:55,2026-05-21,2,乒乓球厅-10号,07:00-08:00,0,1,可预约,￥0.0,多云,15,12,4,0.0,100,29
2026-05-21 03:30:49,2026-05-21,2,乒乓球厅-10号,07:00-08:00,0,1,可预约,￥0.0,多云,15,14,3,0.0,100,30
2026-05-21 04:30:45,2026-05-21,2,乒乓球厅-10号,07:00-08:00,0,1,可预约,￥0.0,多云,15,12,4,0.0,100,29
2026-05-21 05:00:52,2026-05-21,2,乒乓球厅-10号,07:00-08:00,0,1,可预约,￥0.0,多云,15,12,4,0.0,100,29
2026-05-21 05:30:49,2026-05-21,2,乒乓球厅-10号,07:00-08:00,0,1,可预约,￥0.0,多云,15,13,3,0.0,100,28
2026-05-21 06:00:50,2026-05-21,2,乒乓球厅-10号,07:00-08:00,0,1,可预约,￥0.0,多云,15,13,4,0.0,99,28
2026-05-21 06:30:38,2026-05-21,2,乒乓球厅-10号,07:00-08:00,0,1,可预约,￥0.0,多云,15,13,3,0.0,97,28
2026-05-21 07:00:43,2026-05-21,2,乒乓球厅-10号,07:00-08:00,0,1,可预约,￥0.0,晴,15,11,5,0.0,93,28
2026-05-21 07:30:39,2026-05-21,2,乒乓球厅-10号,07:00-08:00,0,1,可预约,￥0.0,晴,17,13,4,0.0,89,29
2026-05-21 07:50:40,2026-05-21,2,乒乓球厅-10号,07:00-08:00,0,1,可预约,￥0.0,晴,17,13,4,0.0,88,29
2026-05-21 07:53:31,2026-05-21,2,乒乓球厅-10号,07:00-08:00,0,1,可预约,￥0.0,晴,17,12,5,0.0,86,29
2026-05-21 07:56:31,2026-05-21,2,乒乓球厅-10号,07:00-08:00,0,1,可预约,￥0.0,晴,17,12,5,0.0,86,29
2026-05-21 07:59:26,2026-05-21,2,乒乓球厅-10号,07:00-08:00,0,1,可预约,￥0.0,晴,17,12,5,0.0,86,29
2026-05-21 00:30:49,2026-05-21,2,乒乓球厅-10号,08:00-09:00,0,1,可预约,￥0.0,多云,15,13,3,0.0,100,26
2026-05-21 01:00:55,2026-05-21,2,乒乓球厅-10号,08:00-09:00,0,1,可预约,￥0.0,多云,15,12,4,0.0,100,26
2026-05-21 01:30:47,2026-05-21,2,乒乓球厅-10号,08:00-09:00,0,1,可预约,￥0.0,多云,15,13,4,0.0,100,28
2026-05-21 02:00:53,2026-05-21,2,乒乓球厅-10号,08:00-09:00,0,1,可预约,￥0.0,多云,15,12,4,0.0,100,28
2026-05-21 02:30:49,2026-05-21,2,乒乓球厅-10号,08:00-09:00,0,1,可预约,￥0.0,多云,15,14,3,0.0,100,29
2026-05-21 03:00:55,2026-05-21,2,乒乓球厅-10号,08:00-09:00,0,1,可预约,￥0.0,多云,15,12,4,0.0,100,29
2026-05-21 03:30:49,2026-05-21,2,乒乓球厅-10号,08:00-09:00,0,1,可预约,￥0.0,多云,15,14,3,0.0,100,30
2026-05-21 04:30:45,2026-05-21,2,乒乓球厅-10号,08:00-09:00,0,1,可预约,￥0.0,多云,15,12,4,0.0,100,29
2026-05-21 05:00:52,2026-05-21,2,乒乓球厅-10号,08:00-09:00,0,1,可预约,￥0.0,多云,15,12,4,0.0,100,29
2026-05-21 05:30:49,2026-05-21,2,乒乓球厅-10号,08:00-09:00,0,1,可预约,￥0.0,多云,15,13,3,0.0,100,28
2026-05-21 06:00:50,2026-05-21,2,乒乓球厅-10号,08:00-09:00,0,1,可预约,￥0.0,多云,15,13,4,0.0,99,28
2026-05-21 06:30:38,2026-05-21,2,乒乓球厅-10号,08:00-09:00,0,1,可预约,￥0.0,多云,15,13,3,0.0,97,28
2026-05-21 07:00:43,2026-05-21,2,乒乓球厅-10号,08:00-09:00,0,1,可预约,￥0.0,晴,15,11,5,0.0,93,28
2026-05-21 07:30:39,2026-05-21,2,乒乓球厅-10号,08:00-09:00,0,1,可预约,￥0.0,晴,17,13,4,0.0,89,29
2026-05-21 07:50:40,2026-05-21,2,乒乓球厅-10号,08:00-09:00,0,1,可预约,￥0.0,晴,17,13,4,0.0,88,29
2026-05-21 07:53:31,2026-05-21,2,乒乓球厅-10号,08:00-09:00,0,1,可预约,￥0.0,晴,17,12,5,0.0,86,29
2026-05-21 07:56:31,2026-05-21,2,乒乓球厅-10号,08:00-09:00,0,1,可预约,￥0.0,晴,17,12,5,0.0,86,29
2026-05-21 07:59:26,2026-05-21,2,乒乓球厅-10号,08:00-09:00,0,1,可预约,￥0.0,晴,17,12,5,0.0,86,29
2026-05-21 00:30:49,2026-05-21,2,乒乓球厅-10号,09:00-10:00,0,1,可预约,￥5.0,多云,15,13,3,0.0,100,26
2026-05-21 01:00:55,2026-05-21,2,乒乓球厅-10号,09:00-10:00,0,1,可预约,￥5.0,多云,15,12,4,0.0,100,26
2026-05-21 01:30:47,2026-05-21,2,乒乓球厅-10号,09:00-10:00,0,1,可预约,￥5.0,多云,15,13,4,0.0,100,28
2026-05-21 02:00:53,2026-05-21,2,乒乓球厅-10号,09:00-10:00,0,1,可预约,￥5.0,多云,15,12,4,0.0,100,28
2026-05-21 02:30:49,2026-05-21,2,乒乓球厅-10号,09:00-10:00,0,1,可预约,￥5.0,多云,15,14,3,0.0,100,29
2026-05-21 03:00:55,2026-05-21,2,乒乓球厅-10号,09:00-10:00,0,1,可预约,￥5.0,多云,15,12,4,0.0,100,29
2026-05-21 03:30:49,2026-05-21,2,乒乓球厅-10号,09:00-10:00,0,1,可预约,￥5.0,多云,15,14,3,0.0,100,30
2026-05-21 04:30:45,2026-05-21,2,乒乓球厅-10号,09:00-10:00,0,1,可预约,￥5.0,多云,15,12,4,0.0,100,29
2026-05-21 05:00:52,2026-05-21,2,乒乓球厅-10号,09:00-10:00,0,1,可预约,￥5.0,多云,15,12,4,0.0,100,29
2026-05-21 05:30:49,2026-05-21,2,乒乓球厅-10号,09:00-10:00,0,1,可预约,￥5.0,多云,15,13,3,0.0,100,28
2026-05-21 06:00:50,2026-05-21,2,乒乓球厅-10号,09:00-10:00,0,1,可预约,￥5.0,多云,15,13,4,0.0,99,28
2026-05-21 06:30:38,2026-05-21,2,乒乓球厅-10号,09:00-10:00,0,1,可预约,￥5.0,多云,15,13,3,0.0,97,28
2026-05-21 07:00:43,2026-05-21,2,乒乓球厅-10号,09:00-10:00,0,1,可预约,￥5.0,晴,15,11,5,0.0,93,28
2026-05-21 07:30:39,2026-05-21,2,乒乓球厅-10号,09:00-10:00,0,1,可预约,￥5.0,晴,17,13,4,0.0,89,29
2026-05-21 07:50:40,2026-05-21,2,乒乓球厅-10号,09:00-10:00,0,1,可预约,￥5.0,晴,17,13,4,0.0,88,29
2026-05-21 07:53:31,2026-05-21,2,乒乓球厅-10号,09:00-10:00,0,1,可预约,￥5.0,晴,17,12,5,0.0,86,29
2026-05-21 07:56:31,2026-05-21,2,乒乓球厅-10号,09:00-10:00,0,1,可预约,￥5.0,晴,17,12,5,0.0,86,29
2026-05-21 07:59:26,2026-05-21,2,乒乓球厅-10号,09:00-10:00,0,1,可预约,￥5.0,晴,17,12,5,0.0,86,29
2026-05-21 00:30:49,2026-05-21,2,乒乓球厅-10号,10:00-11:00,1,1,已售/已满,教学时间,多云,15,13,3,0.0,100,26
2026-05-21 01:00:55,2026-05-21,2,乒乓球厅-10号,10:00-11:00,1,1,已售/已满,教学时间,多云,15,12,4,0.0,100,26
2026-05-21 01:30:47,2026-05-21,2,乒乓球厅-10号,10:00-11:00,1,1,已售/已满,教学时间,多云,15,13,4,0.0,100,28
2026-05-21 02:00:53,2026-05-21,2,乒乓球厅-10号,10:00-11:00,1,1,已售/已满,教学时间,多云,15,12,4,0.0,100,28
2026-05-21 02:30:49,2026-05-21,2,乒乓球厅-10号,10:00-11:00,1,1,已售/已满,教学时间,多云,15,14,3,0.0,100,29
2026-05-21 03:00:55,2026-05-21,2,乒乓球厅-10号,10:00-11:00,1,1,已售/已满,教学时间,多云,15,12,4,0.0,100,29
2026-05-21 03:30:49,2026-05-21,2,乒乓球厅-10号,10:00-11:00,1,1,已售/已满,教学时间,多云,15,14,3,0.0,100,30
2026-05-21 04:30:45,2026-05-21,2,乒乓球厅-10号,10:00-11:00,1,1,已售/已满,教学时间,多云,15,12,4,0.0,100,29
2026-05-21 05:00:52,2026-05-21,2,乒乓球厅-10号,10:00-11:00,1,1,已售/已满,教学时间,多云,15,12,4,0.0,100,29
2026-05-21 05:30:49,2026-05-21,2,乒乓球厅-10号,10:00-11:00,1,1,已售/已满,教学时间,多云,15,13,3,0.0,100,28
2026-05-21 06:00:50,2026-05-21,2,乒乓球厅-10号,10:00-11:00,1,1,已售/已满,教学时间,多云,15,13,4,0.0,99,28
2026-05-21 06:30:38,2026-05-21,2,乒乓球厅-10号,10:00-11:00,1,1,已售/已满,教学时间,多云,15,13,3,0.0,97,28
2026-05-21 07:00:43,2026-05-21,2,乒乓球厅-10号,10:00-11:00,1,1,已售/已满,教学时间,晴,15,11,5,0.0,93,28
2026-05-21 07:30:39,2026-05-21,2,乒乓球厅-10号,10:00-11:00,1,1,已售/已满,教学时间,晴,17,13,4,0.0,89,29
2026-05-21 07:50:40,2026-05-21,2,乒乓球厅-10号,10:00-11:00,1,1,已售/已满,教学时间,晴,17,13,4,0.0,88,29
2026-05-21 07:53:31,2026-05-21,2,乒乓球厅-10号,10:00-11:00,1,1,已售/已满,教学时间,晴,17,12,5,0.0,86,29
2026-05-21 07:56:31,2026-05-21,2,乒乓球厅-10号,10:00-11:00,1,1,已售/已满,教学时间,晴,17,12,5,0.0,86,29
2026-05-21 07:59:26,2026-05-21,2,乒乓球厅-10号,10:00-11:00,1,1,已售/已满,教学时间,晴,17,12,5,0.0,86,29
2026-05-21 00:30:49,2026-05-21,2,乒乓球厅-10号,11:00-12:00,1,1,已售/已满,教学时间,多云,15,13,3,0.0,100,26
2026-05-21 01:00:55,2026-05-21,2,乒乓球厅-10号,11:00-12:00,1,1,已售/已满,教学时间,多云,15,12,4,0.0,100,26
2026-05-21 01:30:47,2026-05-21,2,乒乓球厅-10号,11:00-12:00,1,1,已售/已满,教学时间,多云,15,13,4,0.0,100,28
2026-05-21 02:00:53,2026-05-21,2,乒乓球厅-10号,11:00-12:00,1,1,已售/已满,教学时间,多云,15,12,4,0.0,100,28
2026-05-21 02:30:49,2026-05-21,2,乒乓球厅-10号,11:00-12:00,1,1,已售/已满,教学时间,多云,15,14,3,0.0,100,29
2026-05-21 03:00:55,2026-05-21,2,乒乓球厅-10号,11:00-12:00,1,1,已售/已满,教学时间,多云,15,12,4,0.0,100,29
2026-05-21 03:30:49,2026-05-21,2,乒乓球厅-10号,11:00-12:00,1,1,已售/已满,教学时间,多云,15,14,3,0.0,100,30
2026-05-21 04:30:45,2026-05-21,2,乒乓球厅-10号,11:00-12:00,1,1,已售/已满,教学时间,多云,15,12,4,0.0,100,29
2026-05-21 05:00:52,2026-05-21,2,乒乓球厅-10号,11:00-12:00,1,1,已售/已满,教学时间,多云,15,12,4,0.0,100,29
2026-05-21 05:30:49,2026-05-21,2,乒乓球厅-10号,11:00-12:00,1,1,已售/已满,教学时间,多云,15,13,3,0.0,100,28
2026-05-21 06:00:50,2026-05-21,2,乒乓球厅-10号,11:00-12:00,1,1,已售/已满,教学时间,多云,15,13,4,0.0,99,28
2026-05-21 06:30:38,2026-05-21,2,乒乓球厅-10号,11:00-12:00,1,1,已售/已满,教学时间,多云,15,13,3,0.0,97,28
2026-05-21 07:00:43,2026-05-21,2,乒乓球厅-10号,11:00-12:00,1,1,已售/已满,教学时间,晴,15,11,5,0.0,93,28
2026-05-21 07:30:39,2026-05-21,2,乒乓球厅-10号,11:00-12:00,1,1,已售/已满,教学时间,晴,17,13,4,0.0,89,29
2026-05-21 07:50:40,2026-05-21,2,乒乓球厅-10号,11:00-12:00,1,1,已售/已满,教学时间,晴,17,13,4,0.0,88,29
2026-05-21 07:53:31,2026-05-21,2,乒乓球厅-10号,11:00-12:00,1,1,已售/已满,教学时间,晴,17,12,5,0.0,86,29
2026-05-21 07:56:31,2026-05-21,2,乒乓球厅-10号,11:00-12:00,1,1,已售/已满,教学时间,晴,17,12,5,0.0,86,29
2026-05-21 07:59:26,2026-05-21,2,乒乓球厅-10号,11:00-12:00,1,1,已售/已满,教学时间,晴,17,12,5,0.0,86,29
2026-05-21 00:30:49,2026-05-21,2,乒乓球厅-10号,12:00-12:55,0,1,可预约,￥0.0,多云,15,13,3,0.0,100,26
2026-05-21 01:00:55,2026-05-21,2,乒乓球厅-10号,12:00-12:55,0,1,可预约,￥0.0,多云,15,12,4,0.0,100,26
2026-05-21 01:30:47,2026-05-21,2,乒乓球厅-10号,12:00-12:55,0,1,可预约,￥0.0,多云,15,13,4,0.0,100,28
2026-05-21 02:00:53,2026-05-21,2,乒乓球厅-10号,12:00-12:55,0,1,可预约,￥0.0,多云,15,12,4,0.0,100,28
2026-05-21 02:30:49,2026-05-21,2,乒乓球厅-10号,12:00-12:55,0,1,可预约,￥0.0,多云,15,14,3,0.0,100,29
2026-05-21 03:00:55,2026-05-21,2,乒乓球厅-10号,12:00-12:55,0,1,可预约,￥0.0,多云,15,12,4,0.0,100,29
2026-05-21 03:30:49,2026-05-21,2,乒乓球厅-10号,12:00-12:55,0,1,可预约,￥0.0,多云,15,14,3,0.0,100,30
2026-05-21 04:30:45,2026-05-21,2,乒乓球厅-10号,12:00-12:55,0,1,可预约,￥0.0,多云,15,12,4,0.0,100,29
2026-05-21 05:00:52,2026-05-21,2,乒乓球厅-10号,12:00-12:55,0,1,可预约,￥0.0,多云,15,12,4,0.0,100,29
2026-05-21 05:30:49,2026-05-21,2,乒乓球厅-10号,12:00-12:55,0,1,可预约,￥0.0,多云,15,13,3,0.0,100,28
2026-05-21 06:00:50,2026-05-21,2,乒乓球厅-10号,12:00-12:55,0,1,可预约,￥0.0,多云,15,13,4,0.0,99,28
2026-05-21 06:30:38,2026-05-21,2,乒乓球厅-10号,12:00-12:55,0,1,可预约,￥0.0,多云,15,13,3,0.0,97,28
2026-05-21 07:00:43,2026-05-21,2,乒乓球厅-10号,12:00-12:55,0,1,可预约,￥0.0,晴,15,11,5,0.0,93,28
2026-05-21 07:30:39,2026-05-21,2,乒乓球厅-10号,12:00-12:55,0,1,可预约,￥0.0,晴,17,13,4,0.0,89,29
2026-05-21 07:50:40,2026-05-21,2,乒乓球厅-10号,12:00-12:55,0,1,可预约,￥0.0,晴,17,13,4,0.0,88,29
2026-05-21 07:53:31,2026-05-21,2,乒乓球厅-10号,12:00-12:55,0,1,可预约,￥0.0,晴,17,12,5,0.0,86,29
2026-05-21 07:56:31,2026-05-21,2,乒乓球厅-10号,12:00-12:55,0,1,可预约,￥0.0,晴,17,12,5,0.0,86,29
2026-05-21 07:59:26,2026-05-21,2,乒乓球厅-10号,12:00-12:55,0,1,可预约,￥0.0,晴,17,12,5,0.0,86,29
2026-05-21 00:30:49,2026-05-21,2,乒乓球厅-10号,12:55-13:50,0,1,可预约,￥0.0,多云,15,13,3,0.0,100,26
2026-05-21 01:00:55,2026-05-21,2,乒乓球厅-10号,12:55-13:50,0,1,可预约,￥0.0,多云,15,12,4,0.0,100,26
2026-05-21 01:30:47,2026-05-21,2,乒乓球厅-10号,12:55-13:50,0,1,可预约,￥0.0,多云,15,13,4,0.0,100,28
2026-05-21 02:00:53,2026-05-21,2,乒乓球厅-10号,12:55-13:50,0,1,可预约,￥0.0,多云,15,12,4,0.0,100,28
2026-05-21 02:30:49,2026-05-21,2,乒乓球厅-10号,12:55-13:50,0,1,可预约,￥0.0,多云,15,14,3,0.0,100,29
2026-05-21 03:00:55,2026-05-21,2,乒乓球厅-10号,12:55-13:50,0,1,可预约,￥0.0,多云,15,12,4,0.0,100,29
2026-05-21 03:30:49,2026-05-21,2,乒乓球厅-10号,12:55-13:50,0,1,可预约,￥0.0,多云,15,14,3,0.0,100,30
2026-05-21 04:30:45,2026-05-21,2,乒乓球厅-10号,12:55-13:50,0,1,可预约,￥0.0,多云,15,12,4,0.0,100,29
2026-05-21 05:00:52,2026-05-21,2,乒乓球厅-10号,12:55-13:50,0,1,可预约,￥0.0,多云,15,12,4,0.0,100,29
2026-05-21 05:30:49,2026-05-21,2,乒乓球厅-10号,12:55-13:50,0,1,可预约,￥0.0,多云,15,13,3,0.0,100,28
2026-05-21 06:00:50,2026-05-21,2,乒乓球厅-10号,12:55-13:50,0,1,可预约,￥0.0,多云,15,13,4,0.0,99,28
2026-05-21 06:30:38,2026-05-21,2,乒乓球厅-10号,12:55-13:50,0,1,可预约,￥0.0,多云,15,13,3,0.0,97,28
2026-05-21 07:00:43,2026-05-21,2,乒乓球厅-10号,12:55-13:50,0,1,可预约,￥0.0,晴,15,11,5,0.0,93,28
2026-05-21 07:30:39,2026-05-21,2,乒乓球厅-10号,12:55-13:50,0,1,可预约,￥0.0,晴,17,13,4,0.0,89,29
2026-05-21 07:50:40,2026-05-21,2,乒乓球厅-10号,12:55-13:50,0,1,可预约,￥0.0,晴,17,13,4,0.0,88,29
2026-05-21 07:53:31,2026-05-21,2,乒乓球厅-10号,12:55-13:50,0,1,可预约,￥0.0,晴,17,12,5,0.0,86,29
2026-05-21 07:56:31,2026-05-21,2,乒乓球厅-10号,12:55-13:50,0,1,可预约,￥0.0,晴,17,12,5,0.0,86,29
2026-05-21 07:59:26,2026-05-21,2,乒乓球厅-10号,12:55-13:50,0,1,可预约,￥0.0,晴,17,12,5,0.0,86,29
2026-05-21 00:30:49,2026-05-21,2,乒乓球厅-10号,14:00-15:00,0,1,可预约,￥5.0,多云,15,13,3,0.0,100,26
2026-05-21 01:00:55,2026-05-21,2,乒乓球厅-10号,14:00-15:00,0,1,可预约,￥5.0,多云,15,12,4,0.0,100,26
2026-05-21 01:30:47,2026-05-21,2,乒乓球厅-10号,14:00-15:00,0,1,可预约,￥5.0,多云,15,13,4,0.0,100,28
2026-05-21 02:00:53,2026-05-21,2,乒乓球厅-10号,14:00-15:00,0,1,可预约,￥5.0,多云,15,12,4,0.0,100,28
2026-05-21 02:30:49,2026-05-21,2,乒乓球厅-10号,14:00-15:00,0,1,可预约,￥5.0,多云,15,14,3,0.0,100,29
2026-05-21 03:00:55,2026-05-21,2,乒乓球厅-10号,14:00-15:00,0,1,可预约,￥5.0,多云,15,12,4,0.0,100,29
2026-05-21 03:30:49,2026-05-21,2,乒乓球厅-10号,14:00-15:00,0,1,可预约,￥5.0,多云,15,14,3,0.0,100,30
2026-05-21 04:30:45,2026-05-21,2,乒乓球厅-10号,14:00-15:00,0,1,可预约,￥5.0,多云,15,12,4,0.0,100,29
2026-05-21 05:00:52,2026-05-21,2,乒乓球厅-10号,14:00-15:00,0,1,可预约,￥5.0,多云,15,12,4,0.0,100,29
2026-05-21 05:30:49,2026-05-21,2,乒乓球厅-10号,14:00-15:00,0,1,可预约,￥5.0,多云,15,13,3,0.0,100,28
2026-05-21 06:00:50,2026-05-21,2,乒乓球厅-10号,14:00-15:00,0,1,可预约,￥5.0,多云,15,13,4,0.0,99,28
2026-05-21 06:30:38,2026-05-21,2,乒乓球厅-10号,14:00-15:00,0,1,可预约,￥5.0,多云,15,13,3,0.0,97,28
2026-05-21 07:00:43,2026-05-21,2,乒乓球厅-10号,14:00-15:00,0,1,可预约,￥5.0,晴,15,11,5,0.0,93,28
2026-05-21 07:30:39,2026-05-21,2,乒乓球厅-10号,14:00-15:00,0,1,可预约,￥5.0,晴,17,13,4,0.0,89,29
2026-05-21 07:50:40,2026-05-21,2,乒乓球厅-10号,14:00-15:00,0,1,可预约,￥5.0,晴,17,13,4,0.0,88,29
2026-05-21 07:53:31,2026-05-21,2,乒乓球厅-10号,14:00-15:00,0,1,可预约,￥5.0,晴,17,12,5,0.0,86,29
2026-05-21 07:56:31,2026-05-21,2,乒乓球厅-10号,14:00-15:00,0,1,可预约,￥5.0,晴,17,12,5,0.0,86,29
2026-05-21 07:59:26,2026-05-21,2,乒乓球厅-10号,14:00-15:00,0,1,可预约,￥5.0,晴,17,12,5,0.0,86,29
2026-05-21 00:30:49,2026-05-21,2,乒乓球厅-10号,15:00-16:00,0,1,可预约,￥5.0,多云,15,13,3,0.0,100,26
2026-05-21 01:00:55,2026-05-21,2,乒乓球厅-10号,15:00-16:00,0,1,可预约,￥5.0,多云,15,12,4,0.0,100,26
2026-05-21 01:30:47,2026-05-21,2,乒乓球厅-10号,15:00-16:00,0,1,可预约,￥5.0,多云,15,13,4,0.0,100,28
2026-05-21 02:00:53,2026-05-21,2,乒乓球厅-10号,15:00-16:00,0,1,可预约,￥5.0,多云,15,12,4,0.0,100,28
2026-05-21 02:30:49,2026-05-21,2,乒乓球厅-10号,15:00-16:00,0,1,可预约,￥5.0,多云,15,14,3,0.0,100,29
2026-05-21 03:00:55,2026-05-21,2,乒乓球厅-10号,15:00-16:00,0,1,可预约,￥5.0,多云,15,12,4,0.0,100,29
2026-05-21 03:30:49,2026-05-21,2,乒乓球厅-10号,15:00-16:00,0,1,可预约,￥5.0,多云,15,14,3,0.0,100,30
2026-05-21 04:30:45,2026-05-21,2,乒乓球厅-10号,15:00-16:00,0,1,可预约,￥5.0,多云,15,12,4,0.0,100,29
2026-05-21 05:00:52,2026-05-21,2,乒乓球厅-10号,15:00-16:00,0,1,可预约,￥5.0,多云,15,12,4,0.0,100,29
2026-05-21 05:30:49,2026-05-21,2,乒乓球厅-10号,15:00-16:00,0,1,可预约,￥5.0,多云,15,13,3,0.0,100,28
2026-05-21 06:00:50,2026-05-21,2,乒乓球厅-10号,15:00-16:00,0,1,可预约,￥5.0,多云,15,13,4,0.0,99,28
2026-05-21 06:30:38,2026-05-21,2,乒乓球厅-10号,15:00-16:00,0,1,可预约,￥5.0,多云,15,13,3,0.0,97,28
2026-05-21 07:00:43,2026-05-21,2,乒乓球厅-10号,15:00-16:00,0,1,可预约,￥5.0,晴,15,11,5,0.0,93,28
2026-05-21 07:30:39,2026-05-21,2,乒乓球厅-10号,15:00-16:00,0,1,可预约,￥5.0,晴,17,13,4,0.0,89,29
2026-05-21 07:50:40,2026-05-21,2,乒乓球厅-10号,15:00-16:00,0,1,可预约,￥5.0,晴,17,13,4,0.0,88,29
2026-05-21 07:53:31,2026-05-21,2,乒乓球厅-10号,15:00-16:00,0,1,可预约,￥5.0,晴,17,12,5,0.0,86,29
2026-05-21 07:56:31,2026-05-21,2,乒乓球厅-10号,15:00-16:00,0,1,可预约,￥5.0,晴,17,12,5,0.0,86,29
2026-05-21 07:59:26,2026-05-21,2,乒乓球厅-10号,15:00-16:00,0,1,可预约,￥5.0,晴,17,12,5,0.0,86,29
2026-05-21 00:30:49,2026-05-21,2,乒乓球厅-10号,16:00-17:00,0,1,可预约,￥5.0,多云,15,13,3,0.0,100,26
2026-05-21 01:00:55,2026-05-21,2,乒乓球厅-10号,16:00-17:00,0,1,可预约,￥5.0,多云,15,12,4,0.0,100,26
2026-05-21 01:30:47,2026-05-21,2,乒乓球厅-10号,16:00-17:00,0,1,可预约,￥5.0,多云,15,13,4,0.0,100,28
2026-05-21 02:00:53,2026-05-21,2,乒乓球厅-10号,16:00-17:00,0,1,可预约,￥5.0,多云,15,12,4,0.0,100,28
2026-05-21 02:30:49,2026-05-21,2,乒乓球厅-10号,16:00-17:00,0,1,可预约,￥5.0,多云,15,14,3,0.0,100,29
2026-05-21 03:00:55,2026-05-21,2,乒乓球厅-10号,16:00-17:00,0,1,可预约,￥5.0,多云,15,12,4,0.0,100,29
2026-05-21 03:30:49,2026-05-21,2,乒乓球厅-10号,16:00-17:00,0,1,可预约,￥5.0,多云,15,14,3,0.0,100,30
2026-05-21 04:30:45,2026-05-21,2,乒乓球厅-10号,16:00-17:00,0,1,可预约,￥5.0,多云,15,12,4,0.0,100,29
2026-05-21 05:00:52,2026-05-21,2,乒乓球厅-10号,16:00-17:00,0,1,可预约,￥5.0,多云,15,12,4,0.0,100,29
2026-05-21 05:30:49,2026-05-21,2,乒乓球厅-10号,16:00-17:00,0,1,可预约,￥5.0,多云,15,13,3,0.0,100,28
2026-05-21 06:00:50,2026-05-21,2,乒乓球厅-10号,16:00-17:00,0,1,可预约,￥5.0,多云,15,13,4,0.0,99,28
2026-05-21 06:30:38,2026-05-21,2,乒乓球厅-10号,16:00-17:00,0,1,可预约,￥5.0,多云,15,13,3,0.0,97,28
2026-05-21 07:00:43,2026-05-21,2,乒乓球厅-10号,16:00-17:00,0,1,可预约,￥5.0,晴,15,11,5,0.0,93,28
2026-05-21 07:30:39,2026-05-21,2,乒乓球厅-10号,16:00-17:00,0,1,可预约,￥5.0,晴,17,13,4,0.0,89,29
2026-05-21 07:50:40,2026-05-21,2,乒乓球厅-10号,16:00-17:00,0,1,可预约,￥5.0,晴,17,13,4,0.0,88,29
2026-05-21 07:53:31,2026-05-21,2,乒乓球厅-10号,16:00-17:00,0,1,可预约,￥5.0,晴,17,12,5,0.0,86,29
2026-05-21 07:56:31,2026-05-21,2,乒乓球厅-10号,16:00-17:00,0,1,可预约,￥5.0,晴,17,12,5,0.0,86,29
2026-05-21 07:59:26,2026-05-21,2,乒乓球厅-10号,16:00-17:00,0,1,可预约,￥5.0,晴,17,12,5,0.0,86,29
2026-05-21 00:30:49,2026-05-21,2,乒乓球厅-10号,17:00-18:00,0,1,可预约,￥5.0,多云,15,13,3,0.0,100,26
2026-05-21 01:00:55,2026-05-21,2,乒乓球厅-10号,17:00-18:00,0,1,可预约,￥5.0,多云,15,12,4,0.0,100,26
2026-05-21 01:30:47,2026-05-21,2,乒乓球厅-10号,17:00-18:00,0,1,可预约,￥5.0,多云,15,13,4,0.0,100,28
2026-05-21 02:00:53,2026-05-21,2,乒乓球厅-10号,17:00-18:00,0,1,可预约,￥5.0,多云,15,12,4,0.0,100,28
2026-05-21 02:30:49,2026-05-21,2,乒乓球厅-10号,17:00-18:00,0,1,可预约,￥5.0,多云,15,14,3,0.0,100,29
2026-05-21 03:00:55,2026-05-21,2,乒乓球厅-10号,17:00-18:00,0,1,可预约,￥5.0,多云,15,12,4,0.0,100,29
2026-05-21 03:30:49,2026-05-21,2,乒乓球厅-10号,17:00-18:00,0,1,可预约,￥5.0,多云,15,14,3,0.0,100,30
2026-05-21 04:30:45,2026-05-21,2,乒乓球厅-10号,17:00-18:00,0,1,可预约,￥5.0,多云,15,12,4,0.0,100,29
2026-05-21 05:00:52,2026-05-21,2,乒乓球厅-10号,17:00-18:00,0,1,可预约,￥5.0,多云,15,12,4,0.0,100,29
2026-05-21 05:30:49,2026-05-21,2,乒乓球厅-10号,17:00-18:00,0,1,可预约,￥5.0,多云,15,13,3,0.0,100,28
2026-05-21 06:00:50,2026-05-21,2,乒乓球厅-10号,17:00-18:00,0,1,可预约,￥5.0,多云,15,13,4,0.0,99,28
2026-05-21 06:30:38,2026-05-21,2,乒乓球厅-10号,17:00-18:00,0,1,可预约,￥5.0,多云,15,13,3,0.0,97,28
2026-05-21 07:00:43,2026-05-21,2,乒乓球厅-10号,17:00-18:00,0,1,可预约,￥5.0,晴,15,11,5,0.0,93,28
2026-05-21 07:30:39,2026-05-21,2,乒乓球厅-10号,17:00-18:00,0,1,可预约,￥5.0,晴,17,13,4,0.0,89,29
2026-05-21 07:50:40,2026-05-21,2,乒乓球厅-10号,17:00-18:00,0,1,可预约,￥5.0,晴,17,13,4,0.0,88,29
2026-05-21 07:53:31,2026-05-21,2,乒乓球厅-10号,17:00-18:00,0,1,可预约,￥5.0,晴,17,12,5,0.0,86,29
2026-05-21 07:56:31,2026-05-21,2,乒乓球厅-10号,17:00-18:00,0,1,可预约,￥5.0,晴,17,12,5,0.0,86,29
2026-05-21 07:59:26,2026-05-21,2,乒乓球厅-10号,17:00-18:00,0,1,可预约,￥5.0,晴,17,12,5,0.0,86,29
2026-05-21 00:30:49,2026-05-21,2,乒乓球厅-10号,18:30-19:30,0,1,可预约,￥5.0,多云,15,13,3,0.0,100,26
2026-05-21 01:00:55,2026-05-21,2,乒乓球厅-10号,18:30-19:30,0,1,可预约,￥5.0,多云,15,12,4,0.0,100,26
2026-05-21 01:30:47,2026-05-21,2,乒乓球厅-10号,18:30-19:30,0,1,可预约,￥5.0,多云,15,13,4,0.0,100,28
2026-05-21 02:00:53,2026-05-21,2,乒乓球厅-10号,18:30-19:30,0,1,可预约,￥5.0,多云,15,12,4,0.0,100,28
2026-05-21 02:30:49,2026-05-21,2,乒乓球厅-10号,18:30-19:30,0,1,可预约,￥5.0,多云,15,14,3,0.0,100,29
2026-05-21 03:00:55,2026-05-21,2,乒乓球厅-10号,18:30-19:30,0,1,可预约,￥5.0,多云,15,12,4,0.0,100,29
2026-05-21 03:30:49,2026-05-21,2,乒乓球厅-10号,18:30-19:30,0,1,可预约,￥5.0,多云,15,14,3,0.0,100,30
2026-05-21 04:30:45,2026-05-21,2,乒乓球厅-10号,18:30-19:30,0,1,可预约,￥5.0,多云,15,12,4,0.0,100,29
2026-05-21 05:00:52,2026-05-21,2,乒乓球厅-10号,18:30-19:30,0,1,可预约,￥5.0,多云,15,12,4,0.0,100,29
2026-05-21 05:30:49,2026-05-21,2,乒乓球厅-10号,18:30-19:30,0,1,可预约,￥5.0,多云,15,13,3,0.0,100,28
2026-05-21 06:00:50,2026-05-21,2,乒乓球厅-10号,18:30-19:30,0,1,可预约,￥5.0,多云,15,13,4,0.0,99,28
2026-05-21 06:30:38,2026-05-21,2,乒乓球厅-10号,18:30-19:30,0,1,可预约,￥5.0,多云,15,13,3,0.0,97,28
2026-05-21 07:00:43,2026-05-21,2,乒乓球厅-10号,18:30-19:30,0,1,可预约,￥5.0,晴,15,11,5,0.0,93,28
2026-05-21 07:30:39,2026-05-21,2,乒乓球厅-10号,18:30-19:30,0,1,可预约,￥5.0,晴,17,13,4,0.0,89,29
2026-05-21 07:50:40,2026-05-21,2,乒乓球厅-10号,18:30-19:30,0,1,可预约,￥5.0,晴,17,13,4,0.0,88,29
2026-05-21 07:53:31,2026-05-21,2,乒乓球厅-10号,18:30-19:30,0,1,可预约,￥5.0,晴,17,12,5,0.0,86,29
2026-05-21 07:56:31,2026-05-21,2,乒乓球厅-10号,18:30-19:30,0,1,可预约,￥5.0,晴,17,12,5,0.0,86,29
2026-05-21 07:59:26,2026-05-21,2,乒乓球厅-10号,18:30-19:30,0,1,可预约,￥5.0,晴,17,12,5,0.0,86,29
2026-05-21 00:30:49,2026-05-21,2,乒乓球厅-10号,19:30-20:30,0,1,可预约,￥5.0,多云,15,13,3,0.0,100,26
2026-05-21 01:00:55,2026-05-21,2,乒乓球厅-10号,19:30-20:30,0,1,可预约,￥5.0,多云,15,12,4,0.0,100,26
2026-05-21 01:30:47,2026-05-21,2,乒乓球厅-10号,19:30-20:30,0,1,可预约,￥5.0,多云,15,13,4,0.0,100,28
2026-05-21 02:00:53,2026-05-21,2,乒乓球厅-10号,19:30-20:30,0,1,可预约,￥5.0,多云,15,12,4,0.0,100,28
2026-05-21 02:30:49,2026-05-21,2,乒乓球厅-10号,19:30-20:30,0,1,可预约,￥5.0,多云,15,14,3,0.0,100,29
2026-05-21 03:00:55,2026-05-21,2,乒乓球厅-10号,19:30-20:30,0,1,可预约,￥5.0,多云,15,12,4,0.0,100,29
2026-05-21 03:30:49,2026-05-21,2,乒乓球厅-10号,19:30-20:30,0,1,可预约,￥5.0,多云,15,14,3,0.0,100,30
2026-05-21 04:30:45,2026-05-21,2,乒乓球厅-10号,19:30-20:30,0,1,可预约,￥5.0,多云,15,12,4,0.0,100,29
2026-05-21 05:00:52,2026-05-21,2,乒乓球厅-10号,19:30-20:30,0,1,可预约,￥5.0,多云,15,12,4,0.0,100,29
2026-05-21 05:30:49,2026-05-21,2,乒乓球厅-10号,19:30-20:30,0,1,可预约,￥5.0,多云,15,13,3,0.0,100,28
2026-05-21 06:00:50,2026-05-21,2,乒乓球厅-10号,19:30-20:30,0,1,可预约,￥5.0,多云,15,13,4,0.0,99,28
2026-05-21 06:30:38,2026-05-21,2,乒乓球厅-10号,19:30-20:30,0,1,可预约,￥5.0,多云,15,13,3,0.0,97,28
2026-05-21 07:00:43,2026-05-21,2,乒乓球厅-10号,19:30-20:30,0,1,可预约,￥5.0,晴,15,11,5,0.0,93,28
2026-05-21 07:30:39,2026-05-21,2,乒乓球厅-10号,19:30-20:30,0,1,可预约,￥5.0,晴,17,13,4,0.0,89,29
2026-05-21 07:50:40,2026-05-21,2,乒乓球厅-10号,19:30-20:30,0,1,可预约,￥5.0,晴,17,13,4,0.0,88,29
2026-05-21 07:53:31,2026-05-21,2,乒乓球厅-10号,19:30-20:30,0,1,可预约,￥5.0,晴,17,12,5,0.0,86,29
2026-05-21 07:56:31,2026-05-21,2,乒乓球厅-10号,19:30-20:30,0,1,可预约,￥5.0,晴,17,12,5,0.0,86,29
2026-05-21 07:59:26,2026-05-21,2,乒乓球厅-10号,19:30-20:30,0,1,可预约,￥5.0,晴,17,12,5,0.0,86,29
2026-05-21 00:30:49,2026-05-21,2,乒乓球厅-10号,20:30-21:30,1,1,已售/已满,已售,多云,15,13,3,0.0,100,26
2026-05-21 01:00:55,2026-05-21,2,乒乓球厅-10号,20:30-21:30,1,1,已售/已满,已售,多云,15,12,4,0.0,100,26
2026-05-21 01:30:47,2026-05-21,2,乒乓球厅-10号,20:30-21:30,1,1,已售/已满,已售,多云,15,13,4,0.0,100,28
2026-05-21 02:00:53,2026-05-21,2,乒乓球厅-10号,20:30-21:30,1,1,已售/已满,已售,多云,15,12,4,0.0,100,28
2026-05-21 02:30:49,2026-05-21,2,乒乓球厅-10号,20:30-21:30,1,1,已售/已满,已售,多云,15,14,3,0.0,100,29
2026-05-21 03:00:55,2026-05-21,2,乒乓球厅-10号,20:30-21:30,1,1,已售/已满,已售,多云,15,12,4,0.0,100,29
2026-05-21 03:30:49,2026-05-21,2,乒乓球厅-10号,20:30-21:30,1,1,已售/已满,已售,多云,15,14,3,0.0,100,30
2026-05-21 04:30:45,2026-05-21,2,乒乓球厅-10号,20:30-21:30,1,1,已售/已满,已售,多云,15,12,4,0.0,100,29
2026-05-21 05:00:52,2026-05-21,2,乒乓球厅-10号,20:30-21:30,1,1,已售/已满,已售,多云,15,12,4,0.0,100,29
2026-05-21 05:30:49,2026-05-21,2,乒乓球厅-10号,20:30-21:30,1,1,已售/已满,已售,多云,15,13,3,0.0,100,28
2026-05-21 06:00:50,2026-05-21,2,乒乓球厅-10号,20:30-21:30,1,1,已售/已满,已售,多云,15,13,4,0.0,99,28
2026-05-21 06:30:38,2026-05-21,2,乒乓球厅-10号,20:30-21:30,1,1,已售/已满,已售,多云,15,13,3,0.0,97,28
2026-05-21 07:00:43,2026-05-21,2,乒乓球厅-10号,20:30-21:30,1,1,已售/已满,已售,晴,15,11,5,0.0,93,28
2026-05-21 07:30:39,2026-05-21,2,乒乓球厅-10号,20:30-21:30,1,1,已售/已满,已售,晴,17,13,4,0.0,89,29
2026-05-21 07:50:40,2026-05-21,2,乒乓球厅-10号,20:30-21:30,1,1,已售/已满,已售,晴,17,13,4,0.0,88,29
2026-05-21 07:53:31,2026-05-21,2,乒乓球厅-10号,20:30-21:30,1,1,已售/已满,已售,晴,17,12,5,0.0,86,29
2026-05-21 07:56:31,2026-05-21,2,乒乓球厅-10号,20:30-21:30,1,1,已售/已满,已售,晴,17,12,5,0.0,86,29
2026-05-21 07:59:26,2026-05-21,2,乒乓球厅-10号,20:30-21:30,1,1,已售/已满,已售,晴,17,12,5,0.0,86,29
2026-05-21 00:30:49,2026-05-21,2,乒乓球厅-11号,07:00-08:00,0,1,可预约,￥0.0,多云,15,13,3,0.0,100,26
2026-05-21 01:00:55,2026-05-21,2,乒乓球厅-11号,07:00-08:00,0,1,可预约,￥0.0,多云,15,12,4,0.0,100,26
2026-05-21 01:30:47,2026-05-21,2,乒乓球厅-11号,07:00-08:00,0,1,可预约,￥0.0,多云,15,13,4,0.0,100,28
2026-05-21 02:00:53,2026-05-21,2,乒乓球厅-11号,07:00-08:00,0,1,可预约,￥0.0,多云,15,12,4,0.0,100,28
2026-05-21 02:30:49,2026-05-21,2,乒乓球厅-11号,07:00-08:00,0,1,可预约,￥0.0,多云,15,14,3,0.0,100,29
2026-05-21 03:00:55,2026-05-21,2,乒乓球厅-11号,07:00-08:00,0,1,可预约,￥0.0,多云,15,12,4,0.0,100,29
2026-05-21 03:30:49,2026-05-21,2,乒乓球厅-11号,07:00-08:00,0,1,可预约,￥0.0,多云,15,14,3,0.0,100,30
2026-05-21 04:30:45,2026-05-21,2,乒乓球厅-11号,07:00-08:00,0,1,可预约,￥0.0,多云,15,12,4,0.0,100,29
2026-05-21 05:00:52,2026-05-21,2,乒乓球厅-11号,07:00-08:00,0,1,可预约,￥0.0,多云,15,12,4,0.0,100,29
2026-05-21 05:30:49,2026-05-21,2,乒乓球厅-11号,07:00-08:00,0,1,可预约,￥0.0,多云,15,13,3,0.0,100,28
2026-05-21 06:00:50,2026-05-21,2,乒乓球厅-11号,07:00-08:00,0,1,可预约,￥0.0,多云,15,13,4,0.0,99,28
2026-05-21 06:30:38,2026-05-21,2,乒乓球厅-11号,07:00-08:00,0,1,可预约,￥0.0,多云,15,13,3,0.0,97,28
2026-05-21 07:00:43,2026-05-21,2,乒乓球厅-11号,07:00-08:00,0,1,可预约,￥0.0,晴,15,11,5,0.0,93,28
2026-05-21 07:30:39,2026-05-21,2,乒乓球厅-11号,07:00-08:00,0,1,可预约,￥0.0,晴,17,13,4,0.0,89,29
2026-05-21 07:50:40,2026-05-21,2,乒乓球厅-11号,07:00-08:00,0,1,可预约,￥0.0,晴,17,13,4,0.0,88,29
2026-05-21 07:53:31,2026-05-21,2,乒乓球厅-11号,07:00-08:00,0,1,可预约,￥0.0,晴,17,12,5,0.0,86,29
2026-05-21 07:56:31,2026-05-21,2,乒乓球厅-11号,07:00-08:00,0,1,可预约,￥0.0,晴,17,12,5,0.0,86,29
2026-05-21 07:59:26,2026-05-21,2,乒乓球厅-11号,07:00-08:00,0,1,可预约,￥0.0,晴,17,12,5,0.0,86,29
2026-05-21 00:30:49,2026-05-21,2,乒乓球厅-11号,08:00-09:00,0,1,可预约,￥0.0,多云,15,13,3,0.0,100,26
2026-05-21 01:00:55,2026-05-21,2,乒乓球厅-11号,08:00-09:00,0,1,可预约,￥0.0,多云,15,12,4,0.0,100,26
2026-05-21 01:30:47,2026-05-21,2,乒乓球厅-11号,08:00-09:00,0,1,可预约,￥0.0,多云,15,13,4,0.0,100,28
2026-05-21 02:00:53,2026-05-21,2,乒乓球厅-11号,08:00-09:00,0,1,可预约,￥0.0,多云,15,12,4,0.0,100,28
2026-05-21 02:30:49,2026-05-21,2,乒乓球厅-11号,08:00-09:00,0,1,可预约,￥0.0,多云,15,14,3,0.0,100,29
2026-05-21 03:00:55,2026-05-21,2,乒乓球厅-11号,08:00-09:00,0,1,可预约,￥0.0,多云,15,12,4,0.0,100,29
2026-05-21 03:30:49,2026-05-21,2,乒乓球厅-11号,08:00-09:00,0,1,可预约,￥0.0,多云,15,14,3,0.0,100,30
2026-05-21 04:30:45,2026-05-21,2,乒乓球厅-11号,08:00-09:00,0,1,可预约,￥0.0,多云,15,12,4,0.0,100,29
2026-05-21 05:00:52,2026-05-21,2,乒乓球厅-11号,08:00-09:00,0,1,可预约,￥0.0,多云,15,12,4,0.0,100,29
2026-05-21 05:30:49,2026-05-21,2,乒乓球厅-11号,08:00-09:00,0,1,可预约,￥0.0,多云,15,13,3,0.0,100,28
2026-05-21 06:00:50,2026-05-21,2,乒乓球厅-11号,08:00-09:00,0,1,可预约,￥0.0,多云,15,13,4,0.0,99,28
2026-05-21 06:30:38,2026-05-21,2,乒乓球厅-11号,08:00-09:00,0,1,可预约,￥0.0,多云,15,13,3,0.0,97,28
2026-05-21 07:00:43,2026-05-21,2,乒乓球厅-11号,08:00-09:00,0,1,可预约,￥0.0,晴,15,11,5,0.0,93,28
2026-05-21 07:30:39,2026-05-21,2,乒乓球厅-11号,08:00-09:00,0,1,可预约,￥0.0,晴,17,13,4,0.0,89,29
2026-05-21 07:50:40,2026-05-21,2,乒乓球厅-11号,08:00-09:00,0,1,可预约,￥0.0,晴,17,13,4,0.0,88,29
2026-05-21 07:53:31,2026-05-21,2,乒乓球厅-11号,08:00-09:00,0,1,可预约,￥0.0,晴,17,12,5,0.0,86,29
2026-05-21 07:56:31,2026-05-21,2,乒乓球厅-11号,08:00-09:00,0,1,可预约,￥0.0,晴,17,12,5,0.0,86,29
2026-05-21 07:59:26,2026-05-21,2,乒乓球厅-11号,08:00-09:00,0,1,可预约,￥0.0,晴,17,12,5,0.0,86,29
2026-05-21 00:30:49,2026-05-21,2,乒乓球厅-11号,09:00-10:00,0,1,可预约,￥5.0,多云,15,13,3,0.0,100,26
2026-05-21 01:00:55,2026-05-21,2,乒乓球厅-11号,09:00-10:00,0,1,可预约,￥5.0,多云,15,12,4,0.0,100,26
2026-05-21 01:30:47,2026-05-21,2,乒乓球厅-11号,09:00-10:00,0,1,可预约,￥5.0,多云,15,13,4,0.0,100,28
2026-05-21 02:00:53,2026-05-21,2,乒乓球厅-11号,09:00-10:00,0,1,可预约,￥5.0,多云,15,12,4,0.0,100,28
2026-05-21 02:30:49,2026-05-21,2,乒乓球厅-11号,09:00-10:00,0,1,可预约,￥5.0,多云,15,14,3,0.0,100,29
2026-05-21 03:00:55,2026-05-21,2,乒乓球厅-11号,09:00-10:00,0,1,可预约,￥5.0,多云,15,12,4,0.0,100,29
2026-05-21 03:30:49,2026-05-21,2,乒乓球厅-11号,09:00-10:00,0,1,可预约,￥5.0,多云,15,14,3,0.0,100,30
2026-05-21 04:30:45,2026-05-21,2,乒乓球厅-11号,09:00-10:00,0,1,可预约,￥5.0,多云,15,12,4,0.0,100,29
2026-05-21 05:00:52,2026-05-21,2,乒乓球厅-11号,09:00-10:00,0,1,可预约,￥5.0,多云,15,12,4,0.0,100,29
2026-05-21 05:30:49,2026-05-21,2,乒乓球厅-11号,09:00-10:00,0,1,可预约,￥5.0,多云,15,13,3,0.0,100,28
2026-05-21 06:00:50,2026-05-21,2,乒乓球厅-11号,09:00-10:00,0,1,可预约,￥5.0,多云,15,13,4,0.0,99,28
2026-05-21 06:30:38,2026-05-21,2,乒乓球厅-11号,09:00-10:00,0,1,可预约,￥5.0,多云,15,13,3,0.0,97,28
2026-05-21 07:00:43,2026-05-21,2,乒乓球厅-11号,09:00-10:00,0,1,可预约,￥5.0,晴,15,11,5,0.0,93,28
2026-05-21 07:30:39,2026-05-21,2,乒乓球厅-11号,09:00-10:00,0,1,可预约,￥5.0,晴,17,13,4,0.0,89,29
2026-05-21 07:50:40,2026-05-21,2,乒乓球厅-11号,09:00-10:00,0,1,可预约,￥5.0,晴,17,13,4,0.0,88,29
2026-05-21 07:53:31,2026-05-21,2,乒乓球厅-11号,09:00-10:00,0,1,可预约,￥5.0,晴,17,12,5,0.0,86,29
2026-05-21 07:56:31,2026-05-21,2,乒乓球厅-11号,09:00-10:00,0,1,可预约,￥5.0,晴,17,12,5,0.0,86,29
2026-05-21 07:59:26,2026-05-21,2,乒乓球厅-11号,09:00-10:00,0,1,可预约,￥5.0,晴,17,12,5,0.0,86,29
2026-05-21 00:30:49,2026-05-21,2,乒乓球厅-11号,10:00-11:00,1,1,已售/已满,教学时间,多云,15,13,3,0.0,100,26
2026-05-21 01:00:55,2026-05-21,2,乒乓球厅-11号,10:00-11:00,1,1,已售/已满,教学时间,多云,15,12,4,0.0,100,26
2026-05-21 01:30:47,2026-05-21,2,乒乓球厅-11号,10:00-11:00,1,1,已售/已满,教学时间,多云,15,13,4,0.0,100,28
2026-05-21 02:00:53,2026-05-21,2,乒乓球厅-11号,10:00-11:00,1,1,已售/已满,教学时间,多云,15,12,4,0.0,100,28
2026-05-21 02:30:49,2026-05-21,2,乒乓球厅-11号,10:00-11:00,1,1,已售/已满,教学时间,多云,15,14,3,0.0,100,29
2026-05-21 03:00:55,2026-05-21,2,乒乓球厅-11号,10:00-11:00,1,1,已售/已满,教学时间,多云,15,12,4,0.0,100,29
2026-05-21 03:30:49,2026-05-21,2,乒乓球厅-11号,10:00-11:00,1,1,已售/已满,教学时间,多云,15,14,3,0.0,100,30
2026-05-21 04:30:45,2026-05-21,2,乒乓球厅-11号,10:00-11:00,1,1,已售/已满,教学时间,多云,15,12,4,0.0,100,29
2026-05-21 05:00:52,2026-05-21,2,乒乓球厅-11号,10:00-11:00,1,1,已售/已满,教学时间,多云,15,12,4,0.0,100,29
2026-05-21 05:30:49,2026-05-21,2,乒乓球厅-11号,10:00-11:00,1,1,已售/已满,教学时间,多云,15,13,3,0.0,100,28
2026-05-21 06:00:50,2026-05-21,2,乒乓球厅-11号,10:00-11:00,1,1,已售/已满,教学时间,多云,15,13,4,0.0,99,28
2026-05-21 06:30:38,2026-05-21,2,乒乓球厅-11号,10:00-11:00,1,1,已售/已满,教学时间,多云,15,13,3,0.0,97,28
2026-05-21 07:00:43,2026-05-21,2,乒乓球厅-11号,10:00-11:00,1,1,已售/已满,教学时间,晴,15,11,5,0.0,93,28
2026-05-21 07:30:39,2026-05-21,2,乒乓球厅-11号,10:00-11:00,1,1,已售/已满,教学时间,晴,17,13,4,0.0,89,29
2026-05-21 07:50:40,2026-05-21,2,乒乓球厅-11号,10:00-11:00,1,1,已售/已满,教学时间,晴,17,13,4,0.0,88,29
2026-05-21 07:53:31,2026-05-21,2,乒乓球厅-11号,10:00-11:00,1,1,已售/已满,教学时间,晴,17,12,5,0.0,86,29
2026-05-21 07:56:31,2026-05-21,2,乒乓球厅-11号,10:00-11:00,1,1,已售/已满,教学时间,晴,17,12,5,0.0,86,29
2026-05-21 07:59:26,2026-05-21,2,乒乓球厅-11号,10:00-11:00,1,1,已售/已满,教学时间,晴,17,12,5,0.0,86,29
2026-05-21 00:30:49,2026-05-21,2,乒乓球厅-11号,11:00-12:00,1,1,已售/已满,教学时间,多云,15,13,3,0.0,100,26
2026-05-21 01:00:55,2026-05-21,2,乒乓球厅-11号,11:00-12:00,1,1,已售/已满,教学时间,多云,15,12,4,0.0,100,26
2026-05-21 01:30:47,2026-05-21,2,乒乓球厅-11号,11:00-12:00,1,1,已售/已满,教学时间,多云,15,13,4,0.0,100,28
2026-05-21 02:00:53,2026-05-21,2,乒乓球厅-11号,11:00-12:00,1,1,已售/已满,教学时间,多云,15,12,4,0.0,100,28
2026-05-21 02:30:49,2026-05-21,2,乒乓球厅-11号,11:00-12:00,1,1,已售/已满,教学时间,多云,15,14,3,0.0,100,29
2026-05-21 03:00:55,2026-05-21,2,乒乓球厅-11号,11:00-12:00,1,1,已售/已满,教学时间,多云,15,12,4,0.0,100,29
2026-05-21 03:30:49,2026-05-21,2,乒乓球厅-11号,11:00-12:00,1,1,已售/已满,教学时间,多云,15,14,3,0.0,100,30
2026-05-21 04:30:45,2026-05-21,2,乒乓球厅-11号,11:00-12:00,1,1,已售/已满,教学时间,多云,15,12,4,0.0,100,29
2026-05-21 05:00:52,2026-05-21,2,乒乓球厅-11号,11:00-12:00,1,1,已售/已满,教学时间,多云,15,12,4,0.0,100,29
2026-05-21 05:30:49,2026-05-21,2,乒乓球厅-11号,11:00-12:00,1,1,已售/已满,教学时间,多云,15,13,3,0.0,100,28
2026-05-21 06:00:50,2026-05-21,2,乒乓球厅-11号,11:00-12:00,1,1,已售/已满,教学时间,多云,15,13,4,0.0,99,28
2026-05-21 06:30:38,2026-05-21,2,乒乓球厅-11号,11:00-12:00,1,1,已售/已满,教学时间,多云,15,13,3,0.0,97,28
2026-05-21 07:00:43,2026-05-21,2,乒乓球厅-11号,11:00-12:00,1,1,已售/已满,教学时间,晴,15,11,5,0.0,93,28
2026-05-21 07:30:39,2026-05-21,2,乒乓球厅-11号,11:00-12:00,1,1,已售/已满,教学时间,晴,17,13,4,0.0,89,29
2026-05-21 07:50:40,2026-05-21,2,乒乓球厅-11号,11:00-12:00,1,1,已售/已满,教学时间,晴,17,13,4,0.0,88,29
2026-05-21 07:53:31,2026-05-21,2,乒乓球厅-11号,11:00-12:00,1,1,已售/已满,教学时间,晴,17,12,5,0.0,86,29
2026-05-21 07:56:31,2026-05-21,2,乒乓球厅-11号,11:00-12:00,1,1,已售/已满,教学时间,晴,17,12,5,0.0,86,29
2026-05-21 07:59:26,2026-05-21,2,乒乓球厅-11号,11:00-12:00,1,1,已售/已满,教学时间,晴,17,12,5,0.0,86,29
2026-05-21 00:30:49,2026-05-21,2,乒乓球厅-11号,12:00-12:55,0,1,可预约,￥0.0,多云,15,13,3,0.0,100,26
2026-05-21 01:00:55,2026-05-21,2,乒乓球厅-11号,12:00-12:55,0,1,可预约,￥0.0,多云,15,12,4,0.0,100,26
2026-05-21 01:30:47,2026-05-21,2,乒乓球厅-11号,12:00-12:55,0,1,可预约,￥0.0,多云,15,13,4,0.0,100,28
2026-05-21 02:00:53,2026-05-21,2,乒乓球厅-11号,12:00-12:55,0,1,可预约,￥0.0,多云,15,12,4,0.0,100,28
2026-05-21 02:30:49,2026-05-21,2,乒乓球厅-11号,12:00-12:55,0,1,可预约,￥0.0,多云,15,14,3,0.0,100,29
2026-05-21 03:00:55,2026-05-21,2,乒乓球厅-11号,12:00-12:55,0,1,可预约,￥0.0,多云,15,12,4,0.0,100,29
2026-05-21 03:30:49,2026-05-21,2,乒乓球厅-11号,12:00-12:55,0,1,可预约,￥0.0,多云,15,14,3,0.0,100,30
2026-05-21 04:30:45,2026-05-21,2,乒乓球厅-11号,12:00-12:55,0,1,可预约,￥0.0,多云,15,12,4,0.0,100,29
2026-05-21 05:00:52,2026-05-21,2,乒乓球厅-11号,12:00-12:55,0,1,可预约,￥0.0,多云,15,12,4,0.0,100,29
2026-05-21 05:30:49,2026-05-21,2,乒乓球厅-11号,12:00-12:55,0,1,可预约,￥0.0,多云,15,13,3,0.0,100,28
2026-05-21 06:00:50,2026-05-21,2,乒乓球厅-11号,12:00-12:55,0,1,可预约,￥0.0,多云,15,13,4,0.0,99,28
2026-05-21 06:30:38,2026-05-21,2,乒乓球厅-11号,12:00-12:55,0,1,可预约,￥0.0,多云,15,13,3,0.0,97,28
2026-05-21 07:00:43,2026-05-21,2,乒乓球厅-11号,12:00-12:55,0,1,可预约,￥0.0,晴,15,11,5,0.0,93,28
2026-05-21 07:30:39,2026-05-21,2,乒乓球厅-11号,12:00-12:55,0,1,可预约,￥0.0,晴,17,13,4,0.0,89,29
2026-05-21 07:50:40,2026-05-21,2,乒乓球厅-11号,12:00-12:55,0,1,可预约,￥0.0,晴,17,13,4,0.0,88,29
2026-05-21 07:53:31,2026-05-21,2,乒乓球厅-11号,12:00-12:55,0,1,可预约,￥0.0,晴,17,12,5,0.0,86,29
2026-05-21 07:56:31,2026-05-21,2,乒乓球厅-11号,12:00-12:55,0,1,可预约,￥0.0,晴,17,12,5,0.0,86,29
2026-05-21 07:59:26,2026-05-21,2,乒乓球厅-11号,12:00-12:55,0,1,可预约,￥0.0,晴,17,12,5,0.0,86,29
2026-05-21 00:30:49,2026-05-21,2,乒乓球厅-11号,12:55-13:50,0,1,可预约,￥0.0,多云,15,13,3,0.0,100,26
2026-05-21 01:00:55,2026-05-21,2,乒乓球厅-11号,12:55-13:50,0,1,可预约,￥0.0,多云,15,12,4,0.0,100,26
2026-05-21 01:30:47,2026-05-21,2,乒乓球厅-11号,12:55-13:50,0,1,可预约,￥0.0,多云,15,13,4,0.0,100,28
2026-05-21 02:00:53,2026-05-21,2,乒乓球厅-11号,12:55-13:50,0,1,可预约,￥0.0,多云,15,12,4,0.0,100,28
2026-05-21 02:30:49,2026-05-21,2,乒乓球厅-11号,12:55-13:50,0,1,可预约,￥0.0,多云,15,14,3,0.0,100,29
2026-05-21 03:00:55,2026-05-21,2,乒乓球厅-11号,12:55-13:50,0,1,可预约,￥0.0,多云,15,12,4,0.0,100,29
2026-05-21 03:30:49,2026-05-21,2,乒乓球厅-11号,12:55-13:50,0,1,可预约,￥0.0,多云,15,14,3,0.0,100,30
2026-05-21 04:30:45,2026-05-21,2,乒乓球厅-11号,12:55-13:50,0,1,可预约,￥0.0,多云,15,12,4,0.0,100,29
2026-05-21 05:00:52,2026-05-21,2,乒乓球厅-11号,12:55-13:50,0,1,可预约,￥0.0,多云,15,12,4,0.0,100,29
2026-05-21 05:30:49,2026-05-21,2,乒乓球厅-11号,12:55-13:50,0,1,可预约,￥0.0,多云,15,13,3,0.0,100,28
2026-05-21 06:00:50,2026-05-21,2,乒乓球厅-11号,12:55-13:50,0,1,可预约,￥0.0,多云,15,13,4,0.0,99,28
2026-05-21 06:30:38,2026-05-21,2,乒乓球厅-11号,12:55-13:50,0,1,可预约,￥0.0,多云,15,13,3,0.0,97,28
2026-05-21 07:00:43,2026-05-21,2,乒乓球厅-11号,12:55-13:50,0,1,可预约,￥0.0,晴,15,11,5,0.0,93,28
2026-05-21 07:30:39,2026-05-21,2,乒乓球厅-11号,12:55-13:50,0,1,可预约,￥0.0,晴,17,13,4,0.0,89,29
2026-05-21 07:50:40,2026-05-21,2,乒乓球厅-11号,12:55-13:50,0,1,可预约,￥0.0,晴,17,13,4,0.0,88,29
2026-05-21 07:53:31,2026-05-21,2,乒乓球厅-11号,12:55-13:50,0,1,可预约,￥0.0,晴,17,12,5,0.0,86,29
2026-05-21 07:56:31,2026-05-21,2,乒乓球厅-11号,12:55-13:50,0,1,可预约,￥0.0,晴,17,12,5,0.0,86,29
2026-05-21 07:59:26,2026-05-21,2,乒乓球厅-11号,12:55-13:50,0,1,可预约,￥0.0,晴,17,12,5,0.0,86,29
2026-05-21 00:30:49,2026-05-21,2,乒乓球厅-11号,14:00-15:00,0,1,可预约,￥5.0,多云,15,13,3,0.0,100,26
2026-05-21 01:00:55,2026-05-21,2,乒乓球厅-11号,14:00-15:00,0,1,可预约,￥5.0,多云,15,12,4,0.0,100,26
2026-05-21 01:30:47,2026-05-21,2,乒乓球厅-11号,14:00-15:00,0,1,可预约,￥5.0,多云,15,13,4,0.0,100,28
2026-05-21 02:00:53,2026-05-21,2,乒乓球厅-11号,14:00-15:00,0,1,可预约,￥5.0,多云,15,12,4,0.0,100,28
2026-05-21 02:30:49,2026-05-21,2,乒乓球厅-11号,14:00-15:00,0,1,可预约,￥5.0,多云,15,14,3,0.0,100,29
2026-05-21 03:00:55,2026-05-21,2,乒乓球厅-11号,14:00-15:00,0,1,可预约,￥5.0,多云,15,12,4,0.0,100,29
2026-05-21 03:30:49,2026-05-21,2,乒乓球厅-11号,14:00-15:00,0,1,可预约,￥5.0,多云,15,14,3,0.0,100,30
2026-05-21 04:30:45,2026-05-21,2,乒乓球厅-11号,14:00-15:00,0,1,可预约,￥5.0,多云,15,12,4,0.0,100,29
2026-05-21 05:00:52,2026-05-21,2,乒乓球厅-11号,14:00-15:00,0,1,可预约,￥5.0,多云,15,12,4,0.0,100,29
2026-05-21 05:30:49,2026-05-21,2,乒乓球厅-11号,14:00-15:00,0,1,可预约,￥5.0,多云,15,13,3,0.0,100,28
2026-05-21 06:00:50,2026-05-21,2,乒乓球厅-11号,14:00-15:00,0,1,可预约,￥5.0,多云,15,13,4,0.0,99,28
2026-05-21 06:30:38,2026-05-21,2,乒乓球厅-11号,14:00-15:00,0,1,可预约,￥5.0,多云,15,13,3,0.0,97,28
2026-05-21 07:00:43,2026-05-21,2,乒乓球厅-11号,14:00-15:00,0,1,可预约,￥5.0,晴,15,11,5,0.0,93,28
2026-05-21 07:30:39,2026-05-21,2,乒乓球厅-11号,14:00-15:00,0,1,可预约,￥5.0,晴,17,13,4,0.0,89,29
2026-05-21 07:50:40,2026-05-21,2,乒乓球厅-11号,14:00-15:00,0,1,可预约,￥5.0,晴,17,13,4,0.0,88,29
2026-05-21 07:53:31,2026-05-21,2,乒乓球厅-11号,14:00-15:00,0,1,可预约,￥5.0,晴,17,12,5,0.0,86,29
2026-05-21 07:56:31,2026-05-21,2,乒乓球厅-11号,14:00-15:00,0,1,可预约,￥5.0,晴,17,12,5,0.0,86,29
2026-05-21 07:59:26,2026-05-21,2,乒乓球厅-11号,14:00-15:00,0,1,可预约,￥5.0,晴,17,12,5,0.0,86,29
2026-05-21 00:30:49,2026-05-21,2,乒乓球厅-11号,15:00-16:00,0,1,可预约,￥5.0,多云,15,13,3,0.0,100,26
2026-05-21 01:00:55,2026-05-21,2,乒乓球厅-11号,15:00-16:00,0,1,可预约,￥5.0,多云,15,12,4,0.0,100,26
2026-05-21 01:30:47,2026-05-21,2,乒乓球厅-11号,15:00-16:00,0,1,可预约,￥5.0,多云,15,13,4,0.0,100,28
2026-05-21 02:00:53,2026-05-21,2,乒乓球厅-11号,15:00-16:00,0,1,可预约,￥5.0,多云,15,12,4,0.0,100,28
2026-05-21 02:30:49,2026-05-21,2,乒乓球厅-11号,15:00-16:00,0,1,可预约,￥5.0,多云,15,14,3,0.0,100,29
2026-05-21 03:00:55,2026-05-21,2,乒乓球厅-11号,15:00-16:00,0,1,可预约,￥5.0,多云,15,12,4,0.0,100,29
2026-05-21 03:30:49,2026-05-21,2,乒乓球厅-11号,15:00-16:00,0,1,可预约,￥5.0,多云,15,14,3,0.0,100,30
2026-05-21 04:30:45,2026-05-21,2,乒乓球厅-11号,15:00-16:00,0,1,可预约,￥5.0,多云,15,12,4,0.0,100,29
2026-05-21 05:00:52,2026-05-21,2,乒乓球厅-11号,15:00-16:00,0,1,可预约,￥5.0,多云,15,12,4,0.0,100,29
2026-05-21 05:30:49,2026-05-21,2,乒乓球厅-11号,15:00-16:00,0,1,可预约,￥5.0,多云,15,13,3,0.0,100,28
2026-05-21 06:00:50,2026-05-21,2,乒乓球厅-11号,15:00-16:00,0,1,可预约,￥5.0,多云,15,13,4,0.0,99,28
2026-05-21 06:30:38,2026-05-21,2,乒乓球厅-11号,15:00-16:00,0,1,可预约,￥5.0,多云,15,13,3,0.0,97,28
2026-05-21 07:00:43,2026-05-21,2,乒乓球厅-11号,15:00-16:00,0,1,可预约,￥5.0,晴,15,11,5,0.0,93,28
2026-05-21 07:30:39,2026-05-21,2,乒乓球厅-11号,15:00-16:00,0,1,可预约,￥5.0,晴,17,13,4,0.0,89,29
2026-05-21 07:50:40,2026-05-21,2,乒乓球厅-11号,15:00-16:00,0,1,可预约,￥5.0,晴,17,13,4,0.0,88,29
2026-05-21 07:53:31,2026-05-21,2,乒乓球厅-11号,15:00-16:00,0,1,可预约,￥5.0,晴,17,12,5,0.0,86,29
2026-05-21 07:56:31,2026-05-21,2,乒乓球厅-11号,15:00-16:00,0,1,可预约,￥5.0,晴,17,12,5,0.0,86,29
2026-05-21 07:59:26,2026-05-21,2,乒乓球厅-11号,15:00-16:00,0,1,可预约,￥5.0,晴,17,12,5,0.0,86,29
2026-05-21 00:30:49,2026-05-21,2,乒乓球厅-11号,16:00-17:00,0,1,可预约,￥5.0,多云,15,13,3,0.0,100,26
2026-05-21 01:00:55,2026-05-21,2,乒乓球厅-11号,16:00-17:00,0,1,可预约,￥5.0,多云,15,12,4,0.0,100,26
2026-05-21 01:30:47,2026-05-21,2,乒乓球厅-11号,16:00-17:00,0,1,可预约,￥5.0,多云,15,13,4,0.0,100,28
2026-05-21 02:00:53,2026-05-21,2,乒乓球厅-11号,16:00-17:00,0,1,可预约,￥5.0,多云,15,12,4,0.0,100,28
2026-05-21 02:30:49,2026-05-21,2,乒乓球厅-11号,16:00-17:00,0,1,可预约,￥5.0,多云,15,14,3,0.0,100,29
2026-05-21 03:00:55,2026-05-21,2,乒乓球厅-11号,16:00-17:00,0,1,可预约,￥5.0,多云,15,12,4,0.0,100,29
2026-05-21 03:30:49,2026-05-21,2,乒乓球厅-11号,16:00-17:00,0,1,可预约,￥5.0,多云,15,14,3,0.0,100,30
2026-05-21 04:30:45,2026-05-21,2,乒乓球厅-11号,16:00-17:00,0,1,可预约,￥5.0,多云,15,12,4,0.0,100,29
2026-05-21 05:00:52,2026-05-21,2,乒乓球厅-11号,16:00-17:00,0,1,可预约,￥5.0,多云,15,12,4,0.0,100,29
2026-05-21 05:30:49,2026-05-21,2,乒乓球厅-11号,16:00-17:00,0,1,可预约,￥5.0,多云,15,13,3,0.0,100,28
2026-05-21 06:00:50,2026-05-21,2,乒乓球厅-11号,16:00-17:00,0,1,可预约,￥5.0,多云,15,13,4,0.0,99,28
2026-05-21 06:30:38,2026-05-21,2,乒乓球厅-11号,16:00-17:00,0,1,可预约,￥5.0,多云,15,13,3,0.0,97,28
2026-05-21 07:00:43,2026-05-21,2,乒乓球厅-11号,16:00-17:00,0,1,可预约,￥5.0,晴,15,11,5,0.0,93,28
2026-05-21 07:30:39,2026-05-21,2,乒乓球厅-11号,16:00-17:00,0,1,可预约,￥5.0,晴,17,13,4,0.0,89,29
2026-05-21 07:50:40,2026-05-21,2,乒乓球厅-11号,16:00-17:00,0,1,可预约,￥5.0,晴,17,13,4,0.0,88,29
2026-05-21 07:53:31,2026-05-21,2,乒乓球厅-11号,16:00-17:00,0,1,可预约,￥5.0,晴,17,12,5,0.0,86,29
2026-05-21 07:56:31,2026-05-21,2,乒乓球厅-11号,16:00-17:00,0,1,可预约,￥5.0,晴,17,12,5,0.0,86,29
2026-05-21 07:59:26,2026-05-21,2,乒乓球厅-11号,16:00-17:00,0,1,可预约,￥5.0,晴,17,12,5,0.0,86,29
2026-05-21 00:30:49,2026-05-21,2,乒乓球厅-11号,17:00-18:00,0,1,可预约,￥5.0,多云,15,13,3,0.0,100,26
2026-05-21 01:00:55,2026-05-21,2,乒乓球厅-11号,17:00-18:00,0,1,可预约,￥5.0,多云,15,12,4,0.0,100,26
2026-05-21 01:30:47,2026-05-21,2,乒乓球厅-11号,17:00-18:00,0,1,可预约,￥5.0,多云,15,13,4,0.0,100,28
2026-05-21 02:00:53,2026-05-21,2,乒乓球厅-11号,17:00-18:00,0,1,可预约,￥5.0,多云,15,12,4,0.0,100,28
2026-05-21 02:30:49,2026-05-21,2,乒乓球厅-11号,17:00-18:00,0,1,可预约,￥5.0,多云,15,14,3,0.0,100,29
2026-05-21 03:00:55,2026-05-21,2,乒乓球厅-11号,17:00-18:00,0,1,可预约,￥5.0,多云,15,12,4,0.0,100,29
2026-05-21 03:30:49,2026-05-21,2,乒乓球厅-11号,17:00-18:00,0,1,可预约,￥5.0,多云,15,14,3,0.0,100,30
2026-05-21 04:30:45,2026-05-21,2,乒乓球厅-11号,17:00-18:00,0,1,可预约,￥5.0,多云,15,12,4,0.0,100,29
2026-05-21 05:00:52,2026-05-21,2,乒乓球厅-11号,17:00-18:00,0,1,可预约,￥5.0,多云,15,12,4,0.0,100,29
2026-05-21 05:30:49,2026-05-21,2,乒乓球厅-11号,17:00-18:00,0,1,可预约,￥5.0,多云,15,13,3,0.0,100,28
2026-05-21 06:00:50,2026-05-21,2,乒乓球厅-11号,17:00-18:00,0,1,可预约,￥5.0,多云,15,13,4,0.0,99,28
2026-05-21 06:30:38,2026-05-21,2,乒乓球厅-11号,17:00-18:00,0,1,可预约,￥5.0,多云,15,13,3,0.0,97,28
2026-05-21 07:00:43,2026-05-21,2,乒乓球厅-11号,17:00-18:00,0,1,可预约,￥5.0,晴,15,11,5,0.0,93,28
2026-05-21 07:30:39,2026-05-21,2,乒乓球厅-11号,17:00-18:00,0,1,可预约,￥5.0,晴,17,13,4,0.0,89,29
2026-05-21 07:50:40,2026-05-21,2,乒乓球厅-11号,17:00-18:00,0,1,可预约,￥5.0,晴,17,13,4,0.0,88,29
2026-05-21 07:53:31,2026-05-21,2,乒乓球厅-11号,17:00-18:00,0,1,可预约,￥5.0,晴,17,12,5,0.0,86,29
2026-05-21 07:56:31,2026-05-21,2,乒乓球厅-11号,17:00-18:00,0,1,可预约,￥5.0,晴,17,12,5,0.0,86,29
2026-05-21 07:59:26,2026-05-21,2,乒乓球厅-11号,17:00-18:00,0,1,可预约,￥5.0,晴,17,12,5,0.0,86,29
2026-05-21 00:30:49,2026-05-21,2,乒乓球厅-11号,18:30-19:30,0,1,可预约,￥5.0,多云,15,13,3,0.0,100,26
2026-05-21 01:00:55,2026-05-21,2,乒乓球厅-11号,18:30-19:30,0,1,可预约,￥5.0,多云,15,12,4,0.0,100,26
2026-05-21 01:30:47,2026-05-21,2,乒乓球厅-11号,18:30-19:30,0,1,可预约,￥5.0,多云,15,13,4,0.0,100,28
2026-05-21 02:00:53,2026-05-21,2,乒乓球厅-11号,18:30-19:30,0,1,可预约,￥5.0,多云,15,12,4,0.0,100,28
2026-05-21 02:30:49,2026-05-21,2,乒乓球厅-11号,18:30-19:30,0,1,可预约,￥5.0,多云,15,14,3,0.0,100,29
2026-05-21 03:00:55,2026-05-21,2,乒乓球厅-11号,18:30-19:30,0,1,可预约,￥5.0,多云,15,12,4,0.0,100,29
2026-05-21 03:30:49,2026-05-21,2,乒乓球厅-11号,18:30-19:30,0,1,可预约,￥5.0,多云,15,14,3,0.0,100,30
2026-05-21 04:30:45,2026-05-21,2,乒乓球厅-11号,18:30-19:30,0,1,可预约,￥5.0,多云,15,12,4,0.0,100,29
2026-05-21 05:00:52,2026-05-21,2,乒乓球厅-11号,18:30-19:30,0,1,可预约,￥5.0,多云,15,12,4,0.0,100,29
2026-05-21 05:30:49,2026-05-21,2,乒乓球厅-11号,18:30-19:30,0,1,可预约,￥5.0,多云,15,13,3,0.0,100,28
2026-05-21 06:00:50,2026-05-21,2,乒乓球厅-11号,18:30-19:30,0,1,可预约,￥5.0,多云,15,13,4,0.0,99,28
2026-05-21 06:30:38,2026-05-21,2,乒乓球厅-11号,18:30-19:30,0,1,可预约,￥5.0,多云,15,13,3,0.0,97,28
2026-05-21 07:00:43,2026-05-21,2,乒乓球厅-11号,18:30-19:30,0,1,可预约,￥5.0,晴,15,11,5,0.0,93,28
2026-05-21 07:30:39,2026-05-21,2,乒乓球厅-11号,18:30-19:30,0,1,可预约,￥5.0,晴,17,13,4,0.0,89,29
2026-05-21 07:50:40,2026-05-21,2,乒乓球厅-11号,18:30-19:30,0,1,可预约,￥5.0,晴,17,13,4,0.0,88,29
2026-05-21 07:53:31,2026-05-21,2,乒乓球厅-11号,18:30-19:30,0,1,可预约,￥5.0,晴,17,12,5,0.0,86,29
2026-05-21 07:56:31,2026-05-21,2,乒乓球厅-11号,18:30-19:30,0,1,可预约,￥5.0,晴,17,12,5,0.0,86,29
2026-05-21 07:59:26,2026-05-21,2,乒乓球厅-11号,18:30-19:30,0,1,可预约,￥5.0,晴,17,12,5,0.0,86,29
2026-05-21 00:30:49,2026-05-21,2,乒乓球厅-11号,19:30-20:30,0,1,可预约,￥5.0,多云,15,13,3,0.0,100,26
2026-05-21 01:00:55,2026-05-21,2,乒乓球厅-11号,19:30-20:30,0,1,可预约,￥5.0,多云,15,12,4,0.0,100,26
2026-05-21 01:30:47,2026-05-21,2,乒乓球厅-11号,19:30-20:30,0,1,可预约,￥5.0,多云,15,13,4,0.0,100,28
2026-05-21 02:00:53,2026-05-21,2,乒乓球厅-11号,19:30-20:30,0,1,可预约,￥5.0,多云,15,12,4,0.0,100,28
2026-05-21 02:30:49,2026-05-21,2,乒乓球厅-11号,19:30-20:30,0,1,可预约,￥5.0,多云,15,14,3,0.0,100,29
2026-05-21 03:00:55,2026-05-21,2,乒乓球厅-11号,19:30-20:30,0,1,可预约,￥5.0,多云,15,12,4,0.0,100,29
2026-05-21 03:30:49,2026-05-21,2,乒乓球厅-11号,19:30-20:30,0,1,可预约,￥5.0,多云,15,14,3,0.0,100,30
2026-05-21 04:30:45,2026-05-21,2,乒乓球厅-11号,19:30-20:30,0,1,可预约,￥5.0,多云,15,12,4,0.0,100,29
2026-05-21 05:00:52,2026-05-21,2,乒乓球厅-11号,19:30-20:30,0,1,可预约,￥5.0,多云,15,12,4,0.0,100,29
2026-05-21 05:30:49,2026-05-21,2,乒乓球厅-11号,19:30-20:30,0,1,可预约,￥5.0,多云,15,13,3,0.0,100,28
2026-05-21 06:00:50,2026-05-21,2,乒乓球厅-11号,19:30-20:30,0,1,可预约,￥5.0,多云,15,13,4,0.0,99,28
2026-05-21 06:30:38,2026-05-21,2,乒乓球厅-11号,19:30-20:30,0,1,可预约,￥5.0,多云,15,13,3,0.0,97,28
2026-05-21 07:00:43,2026-05-21,2,乒乓球厅-11号,19:30-20:30,0,1,可预约,￥5.0,晴,15,11,5,0.0,93,28
2026-05-21 07:30:39,2026-05-21,2,乒乓球厅-11号,19:30-20:30,0,1,可预约,￥5.0,晴,17,13,4,0.0,89,29
2026-05-21 07:50:40,2026-05-21,2,乒乓球厅-11号,19:30-20:30,0,1,可预约,￥5.0,晴,17,13,4,0.0,88,29
2026-05-21 07:53:31,2026-05-21,2,乒乓球厅-11号,19:30-20:30,0,1,可预约,￥5.0,晴,17,12,5,0.0,86,29
2026-05-21 07:56:31,2026-05-21,2,乒乓球厅-11号,19:30-20:30,0,1,可预约,￥5.0,晴,17,12,5,0.0,86,29
2026-05-21 07:59:26,2026-05-21,2,乒乓球厅-11号,19:30-20:30,0,1,可预约,￥5.0,晴,17,12,5,0.0,86,29
2026-05-21 00:30:49,2026-05-21,2,乒乓球厅-11号,20:30-21:30,0,1,可预约,￥5.0,多云,15,13,3,0.0,100,26
2026-05-21 01:00:55,2026-05-21,2,乒乓球厅-11号,20:30-21:30,0,1,可预约,￥5.0,多云,15,12,4,0.0,100,26
2026-05-21 01:30:47,2026-05-21,2,乒乓球厅-11号,20:30-21:30,0,1,可预约,￥5.0,多云,15,13,4,0.0,100,28
2026-05-21 02:00:53,2026-05-21,2,乒乓球厅-11号,20:30-21:30,0,1,可预约,￥5.0,多云,15,12,4,0.0,100,28
2026-05-21 02:30:49,2026-05-21,2,乒乓球厅-11号,20:30-21:30,0,1,可预约,￥5.0,多云,15,14,3,0.0,100,29
2026-05-21 03:00:55,2026-05-21,2,乒乓球厅-11号,20:30-21:30,0,1,可预约,￥5.0,多云,15,12,4,0.0,100,29
2026-05-21 03:30:49,2026-05-21,2,乒乓球厅-11号,20:30-21:30,0,1,可预约,￥5.0,多云,15,14,3,0.0,100,30
2026-05-21 04:30:45,2026-05-21,2,乒乓球厅-11号,20:30-21:30,0,1,可预约,￥5.0,多云,15,12,4,0.0,100,29
2026-05-21 05:00:52,2026-05-21,2,乒乓球厅-11号,20:30-21:30,0,1,可预约,￥5.0,多云,15,12,4,0.0,100,29
2026-05-21 05:30:49,2026-05-21,2,乒乓球厅-11号,20:30-21:30,0,1,可预约,￥5.0,多云,15,13,3,0.0,100,28
2026-05-21 06:00:50,2026-05-21,2,乒乓球厅-11号,20:30-21:30,0,1,可预约,￥5.0,多云,15,13,4,0.0,99,28
2026-05-21 06:30:38,2026-05-21,2,乒乓球厅-11号,20:30-21:30,0,1,可预约,￥5.0,多云,15,13,3,0.0,97,28
2026-05-21 07:00:43,2026-05-21,2,乒乓球厅-11号,20:30-21:30,0,1,可预约,￥5.0,晴,15,11,5,0.0,93,28
2026-05-21 07:30:39,2026-05-21,2,乒乓球厅-11号,20:30-21:30,0,1,可预约,￥5.0,晴,17,13,4,0.0,89,29
2026-05-21 07:50:40,2026-05-21,2,乒乓球厅-11号,20:30-21:30,0,1,可预约,￥5.0,晴,17,13,4,0.0,88,29
2026-05-21 07:53:31,2026-05-21,2,乒乓球厅-11号,20:30-21:30,0,1,可预约,￥5.0,晴,17,12,5,0.0,86,29
2026-05-21 07:56:31,2026-05-21,2,乒乓球厅-11号,20:30-21:30,0,1,可预约,￥5.0,晴,17,12,5,0.0,86,29
2026-05-21 07:59:26,2026-05-21,2,乒乓球厅-11号,20:30-21:30,0,1,可预约,￥5.0,晴,17,12,5,0.0,86,29
2026-05-21 00:30:49,2026-05-21,2,乒乓球厅-12号,07:00-08:00,0,1,可预约,￥0.0,多云,15,13,3,0.0,100,26
2026-05-21 01:00:55,2026-05-21,2,乒乓球厅-12号,07:00-08:00,0,1,可预约,￥0.0,多云,15,12,4,0.0,100,26
2026-05-21 01:30:47,2026-05-21,2,乒乓球厅-12号,07:00-08:00,0,1,可预约,￥0.0,多云,15,13,4,0.0,100,28
2026-05-21 02:00:53,2026-05-21,2,乒乓球厅-12号,07:00-08:00,0,1,可预约,￥0.0,多云,15,12,4,0.0,100,28
2026-05-21 02:30:49,2026-05-21,2,乒乓球厅-12号,07:00-08:00,0,1,可预约,￥0.0,多云,15,14,3,0.0,100,29
2026-05-21 03:00:55,2026-05-21,2,乒乓球厅-12号,07:00-08:00,0,1,可预约,￥0.0,多云,15,12,4,0.0,100,29
2026-05-21 03:30:49,2026-05-21,2,乒乓球厅-12号,07:00-08:00,0,1,可预约,￥0.0,多云,15,14,3,0.0,100,30
2026-05-21 04:30:45,2026-05-21,2,乒乓球厅-12号,07:00-08:00,0,1,可预约,￥0.0,多云,15,12,4,0.0,100,29
2026-05-21 05:00:52,2026-05-21,2,乒乓球厅-12号,07:00-08:00,0,1,可预约,￥0.0,多云,15,12,4,0.0,100,29
2026-05-21 05:30:49,2026-05-21,2,乒乓球厅-12号,07:00-08:00,0,1,可预约,￥0.0,多云,15,13,3,0.0,100,28
2026-05-21 06:00:50,2026-05-21,2,乒乓球厅-12号,07:00-08:00,0,1,可预约,￥0.0,多云,15,13,4,0.0,99,28
2026-05-21 06:30:38,2026-05-21,2,乒乓球厅-12号,07:00-08:00,0,1,可预约,￥0.0,多云,15,13,3,0.0,97,28
2026-05-21 07:00:43,2026-05-21,2,乒乓球厅-12号,07:00-08:00,0,1,可预约,￥0.0,晴,15,11,5,0.0,93,28
2026-05-21 07:30:39,2026-05-21,2,乒乓球厅-12号,07:00-08:00,0,1,可预约,￥0.0,晴,17,13,4,0.0,89,29
2026-05-21 07:50:40,2026-05-21,2,乒乓球厅-12号,07:00-08:00,0,1,可预约,￥0.0,晴,17,13,4,0.0,88,29
2026-05-21 07:53:31,2026-05-21,2,乒乓球厅-12号,07:00-08:00,0,1,可预约,￥0.0,晴,17,12,5,0.0,86,29
2026-05-21 07:56:31,2026-05-21,2,乒乓球厅-12号,07:00-08:00,0,1,可预约,￥0.0,晴,17,12,5,0.0,86,29
2026-05-21 07:59:26,2026-05-21,2,乒乓球厅-12号,07:00-08:00,0,1,可预约,￥0.0,晴,17,12,5,0.0,86,29
2026-05-21 00:30:49,2026-05-21,2,乒乓球厅-12号,08:00-09:00,0,1,可预约,￥0.0,多云,15,13,3,0.0,100,26
2026-05-21 01:00:55,2026-05-21,2,乒乓球厅-12号,08:00-09:00,0,1,可预约,￥0.0,多云,15,12,4,0.0,100,26
2026-05-21 01:30:47,2026-05-21,2,乒乓球厅-12号,08:00-09:00,0,1,可预约,￥0.0,多云,15,13,4,0.0,100,28
2026-05-21 02:00:53,2026-05-21,2,乒乓球厅-12号,08:00-09:00,0,1,可预约,￥0.0,多云,15,12,4,0.0,100,28
2026-05-21 02:30:49,2026-05-21,2,乒乓球厅-12号,08:00-09:00,0,1,可预约,￥0.0,多云,15,14,3,0.0,100,29
2026-05-21 03:00:55,2026-05-21,2,乒乓球厅-12号,08:00-09:00,0,1,可预约,￥0.0,多云,15,12,4,0.0,100,29
2026-05-21 03:30:49,2026-05-21,2,乒乓球厅-12号,08:00-09:00,0,1,可预约,￥0.0,多云,15,14,3,0.0,100,30
2026-05-21 04:30:45,2026-05-21,2,乒乓球厅-12号,08:00-09:00,0,1,可预约,￥0.0,多云,15,12,4,0.0,100,29
2026-05-21 05:00:52,2026-05-21,2,乒乓球厅-12号,08:00-09:00,0,1,可预约,￥0.0,多云,15,12,4,0.0,100,29
2026-05-21 05:30:49,2026-05-21,2,乒乓球厅-12号,08:00-09:00,0,1,可预约,￥0.0,多云,15,13,3,0.0,100,28
2026-05-21 06:00:50,2026-05-21,2,乒乓球厅-12号,08:00-09:00,0,1,可预约,￥0.0,多云,15,13,4,0.0,99,28
2026-05-21 06:30:38,2026-05-21,2,乒乓球厅-12号,08:00-09:00,0,1,可预约,￥0.0,多云,15,13,3,0.0,97,28
2026-05-21 07:00:43,2026-05-21,2,乒乓球厅-12号,08:00-09:00,0,1,可预约,￥0.0,晴,15,11,5,0.0,93,28
2026-05-21 07:30:39,2026-05-21,2,乒乓球厅-12号,08:00-09:00,0,1,可预约,￥0.0,晴,17,13,4,0.0,89,29
2026-05-21 07:50:40,2026-05-21,2,乒乓球厅-12号,08:00-09:00,0,1,可预约,￥0.0,晴,17,13,4,0.0,88,29
2026-05-21 07:53:31,2026-05-21,2,乒乓球厅-12号,08:00-09:00,0,1,可预约,￥0.0,晴,17,12,5,0.0,86,29
2026-05-21 07:56:31,2026-05-21,2,乒乓球厅-12号,08:00-09:00,0,1,可预约,￥0.0,晴,17,12,5,0.0,86,29
2026-05-21 07:59:26,2026-05-21,2,乒乓球厅-12号,08:00-09:00,0,1,可预约,￥0.0,晴,17,12,5,0.0,86,29
2026-05-21 00:30:49,2026-05-21,2,乒乓球厅-12号,09:00-10:00,0,1,可预约,￥5.0,多云,15,13,3,0.0,100,26
2026-05-21 01:00:55,2026-05-21,2,乒乓球厅-12号,09:00-10:00,0,1,可预约,￥5.0,多云,15,12,4,0.0,100,26
2026-05-21 01:30:47,2026-05-21,2,乒乓球厅-12号,09:00-10:00,0,1,可预约,￥5.0,多云,15,13,4,0.0,100,28
2026-05-21 02:00:53,2026-05-21,2,乒乓球厅-12号,09:00-10:00,0,1,可预约,￥5.0,多云,15,12,4,0.0,100,28
2026-05-21 02:30:49,2026-05-21,2,乒乓球厅-12号,09:00-10:00,0,1,可预约,￥5.0,多云,15,14,3,0.0,100,29
2026-05-21 03:00:55,2026-05-21,2,乒乓球厅-12号,09:00-10:00,0,1,可预约,￥5.0,多云,15,12,4,0.0,100,29
2026-05-21 03:30:49,2026-05-21,2,乒乓球厅-12号,09:00-10:00,0,1,可预约,￥5.0,多云,15,14,3,0.0,100,30
2026-05-21 04:30:45,2026-05-21,2,乒乓球厅-12号,09:00-10:00,0,1,可预约,￥5.0,多云,15,12,4,0.0,100,29
2026-05-21 05:00:52,2026-05-21,2,乒乓球厅-12号,09:00-10:00,0,1,可预约,￥5.0,多云,15,12,4,0.0,100,29
2026-05-21 05:30:49,2026-05-21,2,乒乓球厅-12号,09:00-10:00,0,1,可预约,￥5.0,多云,15,13,3,0.0,100,28
2026-05-21 06:00:50,2026-05-21,2,乒乓球厅-12号,09:00-10:00,0,1,可预约,￥5.0,多云,15,13,4,0.0,99,28
2026-05-21 06:30:38,2026-05-21,2,乒乓球厅-12号,09:00-10:00,0,1,可预约,￥5.0,多云,15,13,3,0.0,97,28
2026-05-21 07:00:43,2026-05-21,2,乒乓球厅-12号,09:00-10:00,0,1,可预约,￥5.0,晴,15,11,5,0.0,93,28
2026-05-21 07:30:39,2026-05-21,2,乒乓球厅-12号,09:00-10:00,0,1,可预约,￥5.0,晴,17,13,4,0.0,89,29
2026-05-21 07:50:40,2026-05-21,2,乒乓球厅-12号,09:00-10:00,0,1,可预约,￥5.0,晴,17,13,4,0.0,88,29
2026-05-21 07:53:31,2026-05-21,2,乒乓球厅-12号,09:00-10:00,0,1,可预约,￥5.0,晴,17,12,5,0.0,86,29
2026-05-21 07:56:31,2026-05-21,2,乒乓球厅-12号,09:00-10:00,0,1,可预约,￥5.0,晴,17,12,5,0.0,86,29
2026-05-21 07:59:26,2026-05-21,2,乒乓球厅-12号,09:00-10:00,0,1,可预约,￥5.0,晴,17,12,5,0.0,86,29
2026-05-21 00:30:49,2026-05-21,2,乒乓球厅-12号,10:00-11:00,1,1,已售/已满,教学时间,多云,15,13,3,0.0,100,26
2026-05-21 01:00:55,2026-05-21,2,乒乓球厅-12号,10:00-11:00,1,1,已售/已满,教学时间,多云,15,12,4,0.0,100,26
2026-05-21 01:30:47,2026-05-21,2,乒乓球厅-12号,10:00-11:00,1,1,已售/已满,教学时间,多云,15,13,4,0.0,100,28
2026-05-21 02:00:53,2026-05-21,2,乒乓球厅-12号,10:00-11:00,1,1,已售/已满,教学时间,多云,15,12,4,0.0,100,28
2026-05-21 02:30:49,2026-05-21,2,乒乓球厅-12号,10:00-11:00,1,1,已售/已满,教学时间,多云,15,14,3,0.0,100,29
2026-05-21 03:00:55,2026-05-21,2,乒乓球厅-12号,10:00-11:00,1,1,已售/已满,教学时间,多云,15,12,4,0.0,100,29
2026-05-21 03:30:49,2026-05-21,2,乒乓球厅-12号,10:00-11:00,1,1,已售/已满,教学时间,多云,15,14,3,0.0,100,30
2026-05-21 04:30:45,2026-05-21,2,乒乓球厅-12号,10:00-11:00,1,1,已售/已满,教学时间,多云,15,12,4,0.0,100,29
2026-05-21 05:00:52,2026-05-21,2,乒乓球厅-12号,10:00-11:00,1,1,已售/已满,教学时间,多云,15,12,4,0.0,100,29
2026-05-21 05:30:49,2026-05-21,2,乒乓球厅-12号,10:00-11:00,1,1,已售/已满,教学时间,多云,15,13,3,0.0,100,28
2026-05-21 06:00:50,2026-05-21,2,乒乓球厅-12号,10:00-11:00,1,1,已售/已满,教学时间,多云,15,13,4,0.0,99,28
2026-05-21 06:30:38,2026-05-21,2,乒乓球厅-12号,10:00-11:00,1,1,已售/已满,教学时间,多云,15,13,3,0.0,97,28
2026-05-21 07:00:43,2026-05-21,2,乒乓球厅-12号,10:00-11:00,1,1,已售/已满,教学时间,晴,15,11,5,0.0,93,28
2026-05-21 07:30:39,2026-05-21,2,乒乓球厅-12号,10:00-11:00,1,1,已售/已满,教学时间,晴,17,13,4,0.0,89,29
2026-05-21 07:50:40,2026-05-21,2,乒乓球厅-12号,10:00-11:00,1,1,已售/已满,教学时间,晴,17,13,4,0.0,88,29
2026-05-21 07:53:31,2026-05-21,2,乒乓球厅-12号,10:00-11:00,1,1,已售/已满,教学时间,晴,17,12,5,0.0,86,29
2026-05-21 07:56:31,2026-05-21,2,乒乓球厅-12号,10:00-11:00,1,1,已售/已满,教学时间,晴,17,12,5,0.0,86,29
2026-05-21 07:59:26,2026-05-21,2,乒乓球厅-12号,10:00-11:00,1,1,已售/已满,教学时间,晴,17,12,5,0.0,86,29
2026-05-21 00:30:49,2026-05-21,2,乒乓球厅-12号,11:00-12:00,1,1,已售/已满,教学时间,多云,15,13,3,0.0,100,26
2026-05-21 01:00:55,2026-05-21,2,乒乓球厅-12号,11:00-12:00,1,1,已售/已满,教学时间,多云,15,12,4,0.0,100,26
2026-05-21 01:30:47,2026-05-21,2,乒乓球厅-12号,11:00-12:00,1,1,已售/已满,教学时间,多云,15,13,4,0.0,100,28
2026-05-21 02:00:53,2026-05-21,2,乒乓球厅-12号,11:00-12:00,1,1,已售/已满,教学时间,多云,15,12,4,0.0,100,28
2026-05-21 02:30:49,2026-05-21,2,乒乓球厅-12号,11:00-12:00,1,1,已售/已满,教学时间,多云,15,14,3,0.0,100,29
2026-05-21 03:00:55,2026-05-21,2,乒乓球厅-12号,11:00-12:00,1,1,已售/已满,教学时间,多云,15,12,4,0.0,100,29
2026-05-21 03:30:49,2026-05-21,2,乒乓球厅-12号,11:00-12:00,1,1,已售/已满,教学时间,多云,15,14,3,0.0,100,30
2026-05-21 04:30:45,2026-05-21,2,乒乓球厅-12号,11:00-12:00,1,1,已售/已满,教学时间,多云,15,12,4,0.0,100,29
2026-05-21 05:00:52,2026-05-21,2,乒乓球厅-12号,11:00-12:00,1,1,已售/已满,教学时间,多云,15,12,4,0.0,100,29
2026-05-21 05:30:49,2026-05-21,2,乒乓球厅-12号,11:00-12:00,1,1,已售/已满,教学时间,多云,15,13,3,0.0,100,28
2026-05-21 06:00:50,2026-05-21,2,乒乓球厅-12号,11:00-12:00,1,1,已售/已满,教学时间,多云,15,13,4,0.0,99,28
2026-05-21 06:30:38,2026-05-21,2,乒乓球厅-12号,11:00-12:00,1,1,已售/已满,教学时间,多云,15,13,3,0.0,97,28
2026-05-21 07:00:43,2026-05-21,2,乒乓球厅-12号,11:00-12:00,1,1,已售/已满,教学时间,晴,15,11,5,0.0,93,28
2026-05-21 07:30:39,2026-05-21,2,乒乓球厅-12号,11:00-12:00,1,1,已售/已满,教学时间,晴,17,13,4,0.0,89,29
2026-05-21 07:50:40,2026-05-21,2,乒乓球厅-12号,11:00-12:00,1,1,已售/已满,教学时间,晴,17,13,4,0.0,88,29
2026-05-21 07:53:31,2026-05-21,2,乒乓球厅-12号,11:00-12:00,1,1,已售/已满,教学时间,晴,17,12,5,0.0,86,29
2026-05-21 07:56:31,2026-05-21,2,乒乓球厅-12号,11:00-12:00,1,1,已售/已满,教学时间,晴,17,12,5,0.0,86,29
2026-05-21 07:59:26,2026-05-21,2,乒乓球厅-12号,11:00-12:00,1,1,已售/已满,教学时间,晴,17,12,5,0.0,86,29
2026-05-21 00:30:49,2026-05-21,2,乒乓球厅-12号,12:00-12:55,0,1,可预约,￥0.0,多云,15,13,3,0.0,100,26
2026-05-21 01:00:55,2026-05-21,2,乒乓球厅-12号,12:00-12:55,0,1,可预约,￥0.0,多云,15,12,4,0.0,100,26
2026-05-21 01:30:47,2026-05-21,2,乒乓球厅-12号,12:00-12:55,0,1,可预约,￥0.0,多云,15,13,4,0.0,100,28
2026-05-21 02:00:53,2026-05-21,2,乒乓球厅-12号,12:00-12:55,0,1,可预约,￥0.0,多云,15,12,4,0.0,100,28
2026-05-21 02:30:49,2026-05-21,2,乒乓球厅-12号,12:00-12:55,0,1,可预约,￥0.0,多云,15,14,3,0.0,100,29
2026-05-21 03:00:55,2026-05-21,2,乒乓球厅-12号,12:00-12:55,0,1,可预约,￥0.0,多云,15,12,4,0.0,100,29
2026-05-21 03:30:49,2026-05-21,2,乒乓球厅-12号,12:00-12:55,0,1,可预约,￥0.0,多云,15,14,3,0.0,100,30
2026-05-21 04:30:45,2026-05-21,2,乒乓球厅-12号,12:00-12:55,0,1,可预约,￥0.0,多云,15,12,4,0.0,100,29
2026-05-21 05:00:52,2026-05-21,2,乒乓球厅-12号,12:00-12:55,0,1,可预约,￥0.0,多云,15,12,4,0.0,100,29
2026-05-21 05:30:49,2026-05-21,2,乒乓球厅-12号,12:00-12:55,0,1,可预约,￥0.0,多云,15,13,3,0.0,100,28
2026-05-21 06:00:50,2026-05-21,2,乒乓球厅-12号,12:00-12:55,0,1,可预约,￥0.0,多云,15,13,4,0.0,99,28
2026-05-21 06:30:38,2026-05-21,2,乒乓球厅-12号,12:00-12:55,0,1,可预约,￥0.0,多云,15,13,3,0.0,97,28
2026-05-21 07:00:43,2026-05-21,2,乒乓球厅-12号,12:00-12:55,0,1,可预约,￥0.0,晴,15,11,5,0.0,93,28
2026-05-21 07:30:39,2026-05-21,2,乒乓球厅-12号,12:00-12:55,0,1,可预约,￥0.0,晴,17,13,4,0.0,89,29
2026-05-21 07:50:40,2026-05-21,2,乒乓球厅-12号,12:00-12:55,0,1,可预约,￥0.0,晴,17,13,4,0.0,88,29
2026-05-21 07:53:31,2026-05-21,2,乒乓球厅-12号,12:00-12:55,0,1,可预约,￥0.0,晴,17,12,5,0.0,86,29
2026-05-21 07:56:31,2026-05-21,2,乒乓球厅-12号,12:00-12:55,0,1,可预约,￥0.0,晴,17,12,5,0.0,86,29
2026-05-21 07:59:26,2026-05-21,2,乒乓球厅-12号,12:00-12:55,0,1,可预约,￥0.0,晴,17,12,5,0.0,86,29
2026-05-21 00:30:49,2026-05-21,2,乒乓球厅-12号,12:55-13:50,0,1,可预约,￥0.0,多云,15,13,3,0.0,100,26
2026-05-21 01:00:55,2026-05-21,2,乒乓球厅-12号,12:55-13:50,0,1,可预约,￥0.0,多云,15,12,4,0.0,100,26
2026-05-21 01:30:47,2026-05-21,2,乒乓球厅-12号,12:55-13:50,0,1,可预约,￥0.0,多云,15,13,4,0.0,100,28
2026-05-21 02:00:53,2026-05-21,2,乒乓球厅-12号,12:55-13:50,0,1,可预约,￥0.0,多云,15,12,4,0.0,100,28
2026-05-21 02:30:49,2026-05-21,2,乒乓球厅-12号,12:55-13:50,0,1,可预约,￥0.0,多云,15,14,3,0.0,100,29
2026-05-21 03:00:55,2026-05-21,2,乒乓球厅-12号,12:55-13:50,0,1,可预约,￥0.0,多云,15,12,4,0.0,100,29
2026-05-21 03:30:49,2026-05-21,2,乒乓球厅-12号,12:55-13:50,0,1,可预约,￥0.0,多云,15,14,3,0.0,100,30
2026-05-21 04:30:45,2026-05-21,2,乒乓球厅-12号,12:55-13:50,0,1,可预约,￥0.0,多云,15,12,4,0.0,100,29
2026-05-21 05:00:52,2026-05-21,2,乒乓球厅-12号,12:55-13:50,0,1,可预约,￥0.0,多云,15,12,4,0.0,100,29
2026-05-21 05:30:49,2026-05-21,2,乒乓球厅-12号,12:55-13:50,0,1,可预约,￥0.0,多云,15,13,3,0.0,100,28
2026-05-21 06:00:50,2026-05-21,2,乒乓球厅-12号,12:55-13:50,0,1,可预约,￥0.0,多云,15,13,4,0.0,99,28
2026-05-21 06:30:38,2026-05-21,2,乒乓球厅-12号,12:55-13:50,0,1,可预约,￥0.0,多云,15,13,3,0.0,97,28
2026-05-21 07:00:43,2026-05-21,2,乒乓球厅-12号,12:55-13:50,0,1,可预约,￥0.0,晴,15,11,5,0.0,93,28
2026-05-21 07:30:39,2026-05-21,2,乒乓球厅-12号,12:55-13:50,0,1,可预约,￥0.0,晴,17,13,4,0.0,89,29
2026-05-21 07:50:40,2026-05-21,2,乒乓球厅-12号,12:55-13:50,0,1,可预约,￥0.0,晴,17,13,4,0.0,88,29
2026-05-21 07:53:31,2026-05-21,2,乒乓球厅-12号,12:55-13:50,0,1,可预约,￥0.0,晴,17,12,5,0.0,86,29
2026-05-21 07:56:31,2026-05-21,2,乒乓球厅-12号,12:55-13:50,0,1,可预约,￥0.0,晴,17,12,5,0.0,86,29
2026-05-21 07:59:26,2026-05-21,2,乒乓球厅-12号,12:55-13:50,0,1,可预约,￥0.0,晴,17,12,5,0.0,86,29
2026-05-21 00:30:49,2026-05-21,2,乒乓球厅-12号,14:00-15:00,0,1,可预约,￥5.0,多云,15,13,3,0.0,100,26
2026-05-21 01:00:55,2026-05-21,2,乒乓球厅-12号,14:00-15:00,0,1,可预约,￥5.0,多云,15,12,4,0.0,100,26
2026-05-21 01:30:47,2026-05-21,2,乒乓球厅-12号,14:00-15:00,0,1,可预约,￥5.0,多云,15,13,4,0.0,100,28
2026-05-21 02:00:53,2026-05-21,2,乒乓球厅-12号,14:00-15:00,0,1,可预约,￥5.0,多云,15,12,4,0.0,100,28
2026-05-21 02:30:49,2026-05-21,2,乒乓球厅-12号,14:00-15:00,0,1,可预约,￥5.0,多云,15,14,3,0.0,100,29
2026-05-21 03:00:55,2026-05-21,2,乒乓球厅-12号,14:00-15:00,0,1,可预约,￥5.0,多云,15,12,4,0.0,100,29
2026-05-21 03:30:49,2026-05-21,2,乒乓球厅-12号,14:00-15:00,0,1,可预约,￥5.0,多云,15,14,3,0.0,100,30
2026-05-21 04:30:45,2026-05-21,2,乒乓球厅-12号,14:00-15:00,0,1,可预约,￥5.0,多云,15,12,4,0.0,100,29
2026-05-21 05:00:52,2026-05-21,2,乒乓球厅-12号,14:00-15:00,0,1,可预约,￥5.0,多云,15,12,4,0.0,100,29
2026-05-21 05:30:49,2026-05-21,2,乒乓球厅-12号,14:00-15:00,0,1,可预约,￥5.0,多云,15,13,3,0.0,100,28
2026-05-21 06:00:50,2026-05-21,2,乒乓球厅-12号,14:00-15:00,0,1,可预约,￥5.0,多云,15,13,4,0.0,99,28
2026-05-21 06:30:38,2026-05-21,2,乒乓球厅-12号,14:00-15:00,0,1,可预约,￥5.0,多云,15,13,3,0.0,97,28
2026-05-21 07:00:43,2026-05-21,2,乒乓球厅-12号,14:00-15:00,0,1,可预约,￥5.0,晴,15,11,5,0.0,93,28
2026-05-21 07:30:39,2026-05-21,2,乒乓球厅-12号,14:00-15:00,0,1,可预约,￥5.0,晴,17,13,4,0.0,89,29
2026-05-21 07:50:40,2026-05-21,2,乒乓球厅-12号,14:00-15:00,0,1,可预约,￥5.0,晴,17,13,4,0.0,88,29
2026-05-21 07:53:31,2026-05-21,2,乒乓球厅-12号,14:00-15:00,0,1,可预约,￥5.0,晴,17,12,5,0.0,86,29
2026-05-21 07:56:31,2026-05-21,2,乒乓球厅-12号,14:00-15:00,0,1,可预约,￥5.0,晴,17,12,5,0.0,86,29
2026-05-21 07:59:26,2026-05-21,2,乒乓球厅-12号,14:00-15:00,0,1,可预约,￥5.0,晴,17,12,5,0.0,86,29
2026-05-21 00:30:49,2026-05-21,2,乒乓球厅-12号,15:00-16:00,0,1,可预约,￥5.0,多云,15,13,3,0.0,100,26
2026-05-21 01:00:55,2026-05-21,2,乒乓球厅-12号,15:00-16:00,0,1,可预约,￥5.0,多云,15,12,4,0.0,100,26
2026-05-21 01:30:47,2026-05-21,2,乒乓球厅-12号,15:00-16:00,0,1,可预约,￥5.0,多云,15,13,4,0.0,100,28
2026-05-21 02:00:53,2026-05-21,2,乒乓球厅-12号,15:00-16:00,0,1,可预约,￥5.0,多云,15,12,4,0.0,100,28
2026-05-21 02:30:49,2026-05-21,2,乒乓球厅-12号,15:00-16:00,0,1,可预约,￥5.0,多云,15,14,3,0.0,100,29
2026-05-21 03:00:55,2026-05-21,2,乒乓球厅-12号,15:00-16:00,0,1,可预约,￥5.0,多云,15,12,4,0.0,100,29
2026-05-21 03:30:49,2026-05-21,2,乒乓球厅-12号,15:00-16:00,0,1,可预约,￥5.0,多云,15,14,3,0.0,100,30
2026-05-21 04:30:45,2026-05-21,2,乒乓球厅-12号,15:00-16:00,0,1,可预约,￥5.0,多云,15,12,4,0.0,100,29
2026-05-21 05:00:52,2026-05-21,2,乒乓球厅-12号,15:00-16:00,0,1,可预约,￥5.0,多云,15,12,4,0.0,100,29
2026-05-21 05:30:49,2026-05-21,2,乒乓球厅-12号,15:00-16:00,0,1,可预约,￥5.0,多云,15,13,3,0.0,100,28
2026-05-21 06:00:50,2026-05-21,2,乒乓球厅-12号,15:00-16:00,0,1,可预约,￥5.0,多云,15,13,4,0.0,99,28
2026-05-21 06:30:38,2026-05-21,2,乒乓球厅-12号,15:00-16:00,0,1,可预约,￥5.0,多云,15,13,3,0.0,97,28
2026-05-21 07:00:43,2026-05-21,2,乒乓球厅-12号,15:00-16:00,0,1,可预约,￥5.0,晴,15,11,5,0.0,93,28
2026-05-21 07:30:39,2026-05-21,2,乒乓球厅-12号,15:00-16:00,0,1,可预约,￥5.0,晴,17,13,4,0.0,89,29
2026-05-21 07:50:40,2026-05-21,2,乒乓球厅-12号,15:00-16:00,0,1,可预约,￥5.0,晴,17,13,4,0.0,88,29
2026-05-21 07:53:31,2026-05-21,2,乒乓球厅-12号,15:00-16:00,0,1,可预约,￥5.0,晴,17,12,5,0.0,86,29
2026-05-21 07:56:31,2026-05-21,2,乒乓球厅-12号,15:00-16:00,0,1,可预约,￥5.0,晴,17,12,5,0.0,86,29
2026-05-21 07:59:26,2026-05-21,2,乒乓球厅-12号,15:00-16:00,0,1,可预约,￥5.0,晴,17,12,5,0.0,86,29
2026-05-21 00:30:49,2026-05-21,2,乒乓球厅-12号,16:00-17:00,0,1,可预约,￥5.0,多云,15,13,3,0.0,100,26
2026-05-21 01:00:55,2026-05-21,2,乒乓球厅-12号,16:00-17:00,0,1,可预约,￥5.0,多云,15,12,4,0.0,100,26
2026-05-21 01:30:47,2026-05-21,2,乒乓球厅-12号,16:00-17:00,0,1,可预约,￥5.0,多云,15,13,4,0.0,100,28
2026-05-21 02:00:53,2026-05-21,2,乒乓球厅-12号,16:00-17:00,0,1,可预约,￥5.0,多云,15,12,4,0.0,100,28
2026-05-21 02:30:49,2026-05-21,2,乒乓球厅-12号,16:00-17:00,0,1,可预约,￥5.0,多云,15,14,3,0.0,100,29
2026-05-21 03:00:55,2026-05-21,2,乒乓球厅-12号,16:00-17:00,0,1,可预约,￥5.0,多云,15,12,4,0.0,100,29
2026-05-21 03:30:49,2026-05-21,2,乒乓球厅-12号,16:00-17:00,0,1,可预约,￥5.0,多云,15,14,3,0.0,100,30
2026-05-21 04:30:45,2026-05-21,2,乒乓球厅-12号,16:00-17:00,0,1,可预约,￥5.0,多云,15,12,4,0.0,100,29
2026-05-21 05:00:52,2026-05-21,2,乒乓球厅-12号,16:00-17:00,0,1,可预约,￥5.0,多云,15,12,4,0.0,100,29
2026-05-21 05:30:49,2026-05-21,2,乒乓球厅-12号,16:00-17:00,0,1,可预约,￥5.0,多云,15,13,3,0.0,100,28
2026-05-21 06:00:50,2026-05-21,2,乒乓球厅-12号,16:00-17:00,0,1,可预约,￥5.0,多云,15,13,4,0.0,99,28
2026-05-21 06:30:38,2026-05-21,2,乒乓球厅-12号,16:00-17:00,0,1,可预约,￥5.0,多云,15,13,3,0.0,97,28
2026-05-21 07:00:43,2026-05-21,2,乒乓球厅-12号,16:00-17:00,0,1,可预约,￥5.0,晴,15,11,5,0.0,93,28
2026-05-21 07:30:39,2026-05-21,2,乒乓球厅-12号,16:00-17:00,0,1,可预约,￥5.0,晴,17,13,4,0.0,89,29
2026-05-21 07:50:40,2026-05-21,2,乒乓球厅-12号,16:00-17:00,0,1,可预约,￥5.0,晴,17,13,4,0.0,88,29
2026-05-21 07:53:31,2026-05-21,2,乒乓球厅-12号,16:00-17:00,0,1,可预约,￥5.0,晴,17,12,5,0.0,86,29
2026-05-21 07:56:31,2026-05-21,2,乒乓球厅-12号,16:00-17:00,0,1,可预约,￥5.0,晴,17,12,5,0.0,86,29
2026-05-21 07:59:26,2026-05-21,2,乒乓球厅-12号,16:00-17:00,0,1,可预约,￥5.0,晴,17,12,5,0.0,86,29
2026-05-21 00:30:49,2026-05-21,2,乒乓球厅-12号,17:00-18:00,0,1,可预约,￥5.0,多云,15,13,3,0.0,100,26
2026-05-21 01:00:55,2026-05-21,2,乒乓球厅-12号,17:00-18:00,0,1,可预约,￥5.0,多云,15,12,4,0.0,100,26
2026-05-21 01:30:47,2026-05-21,2,乒乓球厅-12号,17:00-18:00,0,1,可预约,￥5.0,多云,15,13,4,0.0,100,28
2026-05-21 02:00:53,2026-05-21,2,乒乓球厅-12号,17:00-18:00,0,1,可预约,￥5.0,多云,15,12,4,0.0,100,28
2026-05-21 02:30:49,2026-05-21,2,乒乓球厅-12号,17:00-18:00,0,1,可预约,￥5.0,多云,15,14,3,0.0,100,29
2026-05-21 03:00:55,2026-05-21,2,乒乓球厅-12号,17:00-18:00,0,1,可预约,￥5.0,多云,15,12,4,0.0,100,29
2026-05-21 03:30:49,2026-05-21,2,乒乓球厅-12号,17:00-18:00,0,1,可预约,￥5.0,多云,15,14,3,0.0,100,30
2026-05-21 04:30:45,2026-05-21,2,乒乓球厅-12号,17:00-18:00,0,1,可预约,￥5.0,多云,15,12,4,0.0,100,29
2026-05-21 05:00:52,2026-05-21,2,乒乓球厅-12号,17:00-18:00,0,1,可预约,￥5.0,多云,15,12,4,0.0,100,29
2026-05-21 05:30:49,2026-05-21,2,乒乓球厅-12号,17:00-18:00,0,1,可预约,￥5.0,多云,15,13,3,0.0,100,28
2026-05-21 06:00:50,2026-05-21,2,乒乓球厅-12号,17:00-18:00,0,1,可预约,￥5.0,多云,15,13,4,0.0,99,28
2026-05-21 06:30:38,2026-05-21,2,乒乓球厅-12号,17:00-18:00,0,1,可预约,￥5.0,多云,15,13,3,0.0,97,28
2026-05-21 07:00:43,2026-05-21,2,乒乓球厅-12号,17:00-18:00,0,1,可预约,￥5.0,晴,15,11,5,0.0,93,28
2026-05-21 07:30:39,2026-05-21,2,乒乓球厅-12号,17:00-18:00,0,1,可预约,￥5.0,晴,17,13,4,0.0,89,29
2026-05-21 07:50:40,2026-05-21,2,乒乓球厅-12号,17:00-18:00,0,1,可预约,￥5.0,晴,17,13,4,0.0,88,29
2026-05-21 07:53:31,2026-05-21,2,乒乓球厅-12号,17:00-18:00,0,1,可预约,￥5.0,晴,17,12,5,0.0,86,29
2026-05-21 07:56:31,2026-05-21,2,乒乓球厅-12号,17:00-18:00,0,1,可预约,￥5.0,晴,17,12,5,0.0,86,29
2026-05-21 07:59:26,2026-05-21,2,乒乓球厅-12号,17:00-18:00,0,1,可预约,￥5.0,晴,17,12,5,0.0,86,29
2026-05-21 00:30:49,2026-05-21,2,乒乓球厅-12号,18:30-19:30,0,1,可预约,￥5.0,多云,15,13,3,0.0,100,26
2026-05-21 01:00:55,2026-05-21,2,乒乓球厅-12号,18:30-19:30,0,1,可预约,￥5.0,多云,15,12,4,0.0,100,26
2026-05-21 01:30:47,2026-05-21,2,乒乓球厅-12号,18:30-19:30,0,1,可预约,￥5.0,多云,15,13,4,0.0,100,28
2026-05-21 02:00:53,2026-05-21,2,乒乓球厅-12号,18:30-19:30,0,1,可预约,￥5.0,多云,15,12,4,0.0,100,28
2026-05-21 02:30:49,2026-05-21,2,乒乓球厅-12号,18:30-19:30,0,1,可预约,￥5.0,多云,15,14,3,0.0,100,29
2026-05-21 03:00:55,2026-05-21,2,乒乓球厅-12号,18:30-19:30,0,1,可预约,￥5.0,多云,15,12,4,0.0,100,29
2026-05-21 03:30:49,2026-05-21,2,乒乓球厅-12号,18:30-19:30,0,1,可预约,￥5.0,多云,15,14,3,0.0,100,30
2026-05-21 04:30:45,2026-05-21,2,乒乓球厅-12号,18:30-19:30,0,1,可预约,￥5.0,多云,15,12,4,0.0,100,29
2026-05-21 05:00:52,2026-05-21,2,乒乓球厅-12号,18:30-19:30,0,1,可预约,￥5.0,多云,15,12,4,0.0,100,29
2026-05-21 05:30:49,2026-05-21,2,乒乓球厅-12号,18:30-19:30,0,1,可预约,￥5.0,多云,15,13,3,0.0,100,28
2026-05-21 06:00:50,2026-05-21,2,乒乓球厅-12号,18:30-19:30,0,1,可预约,￥5.0,多云,15,13,4,0.0,99,28
2026-05-21 06:30:38,2026-05-21,2,乒乓球厅-12号,18:30-19:30,0,1,可预约,￥5.0,多云,15,13,3,0.0,97,28
2026-05-21 07:00:43,2026-05-21,2,乒乓球厅-12号,18:30-19:30,0,1,可预约,￥5.0,晴,15,11,5,0.0,93,28
2026-05-21 07:30:39,2026-05-21,2,乒乓球厅-12号,18:30-19:30,0,1,可预约,￥5.0,晴,17,13,4,0.0,89,29
2026-05-21 07:50:40,2026-05-21,2,乒乓球厅-12号,18:30-19:30,0,1,可预约,￥5.0,晴,17,13,4,0.0,88,29
2026-05-21 07:53:31,2026-05-21,2,乒乓球厅-12号,18:30-19:30,0,1,可预约,￥5.0,晴,17,12,5,0.0,86,29
2026-05-21 07:56:31,2026-05-21,2,乒乓球厅-12号,18:30-19:30,0,1,可预约,￥5.0,晴,17,12,5,0.0,86,29
2026-05-21 07:59:26,2026-05-21,2,乒乓球厅-12号,18:30-19:30,0,1,可预约,￥5.0,晴,17,12,5,0.0,86,29
2026-05-21 00:30:49,2026-05-21,2,乒乓球厅-12号,19:30-20:30,0,1,可预约,￥5.0,多云,15,13,3,0.0,100,26
2026-05-21 01:00:55,2026-05-21,2,乒乓球厅-12号,19:30-20:30,0,1,可预约,￥5.0,多云,15,12,4,0.0,100,26
2026-05-21 01:30:47,2026-05-21,2,乒乓球厅-12号,19:30-20:30,0,1,可预约,￥5.0,多云,15,13,4,0.0,100,28
2026-05-21 02:00:53,2026-05-21,2,乒乓球厅-12号,19:30-20:30,0,1,可预约,￥5.0,多云,15,12,4,0.0,100,28
2026-05-21 02:30:49,2026-05-21,2,乒乓球厅-12号,19:30-20:30,0,1,可预约,￥5.0,多云,15,14,3,0.0,100,29
2026-05-21 03:00:55,2026-05-21,2,乒乓球厅-12号,19:30-20:30,0,1,可预约,￥5.0,多云,15,12,4,0.0,100,29
2026-05-21 03:30:49,2026-05-21,2,乒乓球厅-12号,19:30-20:30,0,1,可预约,￥5.0,多云,15,14,3,0.0,100,30
2026-05-21 04:30:45,2026-05-21,2,乒乓球厅-12号,19:30-20:30,0,1,可预约,￥5.0,多云,15,12,4,0.0,100,29
2026-05-21 05:00:52,2026-05-21,2,乒乓球厅-12号,19:30-20:30,0,1,可预约,￥5.0,多云,15,12,4,0.0,100,29
2026-05-21 05:30:49,2026-05-21,2,乒乓球厅-12号,19:30-20:30,0,1,可预约,￥5.0,多云,15,13,3,0.0,100,28
2026-05-21 06:00:50,2026-05-21,2,乒乓球厅-12号,19:30-20:30,0,1,可预约,￥5.0,多云,15,13,4,0.0,99,28
2026-05-21 06:30:38,2026-05-21,2,乒乓球厅-12号,19:30-20:30,0,1,可预约,￥5.0,多云,15,13,3,0.0,97,28
2026-05-21 07:00:43,2026-05-21,2,乒乓球厅-12号,19:30-20:30,0,1,可预约,￥5.0,晴,15,11,5,0.0,93,28
2026-05-21 07:30:39,2026-05-21,2,乒乓球厅-12号,19:30-20:30,0,1,可预约,￥5.0,晴,17,13,4,0.0,89,29
2026-05-21 07:50:40,2026-05-21,2,乒乓球厅-12号,19:30-20:30,0,1,可预约,￥5.0,晴,17,13,4,0.0,88,29
2026-05-21 07:53:31,2026-05-21,2,乒乓球厅-12号,19:30-20:30,0,1,可预约,￥5.0,晴,17,12,5,0.0,86,29
2026-05-21 07:56:31,2026-05-21,2,乒乓球厅-12号,19:30-20:30,0,1,可预约,￥5.0,晴,17,12,5,0.0,86,29
2026-05-21 07:59:26,2026-05-21,2,乒乓球厅-12号,19:30-20:30,0,1,可预约,￥5.0,晴,17,12,5,0.0,86,29
2026-05-21 00:30:49,2026-05-21,2,乒乓球厅-12号,20:30-21:30,0,1,可预约,￥5.0,多云,15,13,3,0.0,100,26
2026-05-21 01:00:55,2026-05-21,2,乒乓球厅-12号,20:30-21:30,0,1,可预约,￥5.0,多云,15,12,4,0.0,100,26
2026-05-21 01:30:47,2026-05-21,2,乒乓球厅-12号,20:30-21:30,0,1,可预约,￥5.0,多云,15,13,4,0.0,100,28
2026-05-21 02:00:53,2026-05-21,2,乒乓球厅-12号,20:30-21:30,0,1,可预约,￥5.0,多云,15,12,4,0.0,100,28
2026-05-21 02:30:49,2026-05-21,2,乒乓球厅-12号,20:30-21:30,0,1,可预约,￥5.0,多云,15,14,3,0.0,100,29
2026-05-21 03:00:55,2026-05-21,2,乒乓球厅-12号,20:30-21:30,0,1,可预约,￥5.0,多云,15,12,4,0.0,100,29
2026-05-21 03:30:49,2026-05-21,2,乒乓球厅-12号,20:30-21:30,0,1,可预约,￥5.0,多云,15,14,3,0.0,100,30
2026-05-21 04:30:45,2026-05-21,2,乒乓球厅-12号,20:30-21:30,0,1,可预约,￥5.0,多云,15,12,4,0.0,100,29
2026-05-21 05:00:52,2026-05-21,2,乒乓球厅-12号,20:30-21:30,0,1,可预约,￥5.0,多云,15,12,4,0.0,100,29
2026-05-21 05:30:49,2026-05-21,2,乒乓球厅-12号,20:30-21:30,0,1,可预约,￥5.0,多云,15,13,3,0.0,100,28
2026-05-21 06:00:50,2026-05-21,2,乒乓球厅-12号,20:30-21:30,0,1,可预约,￥5.0,多云,15,13,4,0.0,99,28
2026-05-21 06:30:38,2026-05-21,2,乒乓球厅-12号,20:30-21:30,0,1,可预约,￥5.0,多云,15,13,3,0.0,97,28
2026-05-21 07:00:43,2026-05-21,2,乒乓球厅-12号,20:30-21:30,0,1,可预约,￥5.0,晴,15,11,5,0.0,93,28
2026-05-21 07:30:39,2026-05-21,2,乒乓球厅-12号,20:30-21:30,0,1,可预约,￥5.0,晴,17,13,4,0.0,89,29
2026-05-21 07:50:40,2026-05-21,2,乒乓球厅-12号,20:30-21:30,0,1,可预约,￥5.0,晴,17,13,4,0.0,88,29
2026-05-21 07:53:31,2026-05-21,2,乒乓球厅-12号,20:30-21:30,0,1,可预约,￥5.0,晴,17,12,5,0.0,86,29
2026-05-21 07:56:31,2026-05-21,2,乒乓球厅-12号,20:30-21:30,0,1,可预约,￥5.0,晴,17,12,5,0.0,86,29
2026-05-21 07:59:26,2026-05-21,2,乒乓球厅-12号,20:30-21:30,0,1,可预约,￥5.0,晴,17,12,5,0.0,86,29
2026-05-21 00:30:49,2026-05-21,2,乒乓球厅-13号,07:00-08:00,0,1,可预约,￥0.0,多云,15,13,3,0.0,100,26
2026-05-21 01:00:55,2026-05-21,2,乒乓球厅-13号,07:00-08:00,0,1,可预约,￥0.0,多云,15,12,4,0.0,100,26
2026-05-21 01:30:47,2026-05-21,2,乒乓球厅-13号,07:00-08:00,0,1,可预约,￥0.0,多云,15,13,4,0.0,100,28
2026-05-21 02:00:53,2026-05-21,2,乒乓球厅-13号,07:00-08:00,0,1,可预约,￥0.0,多云,15,12,4,0.0,100,28
2026-05-21 02:30:49,2026-05-21,2,乒乓球厅-13号,07:00-08:00,0,1,可预约,￥0.0,多云,15,14,3,0.0,100,29
2026-05-21 03:00:55,2026-05-21,2,乒乓球厅-13号,07:00-08:00,0,1,可预约,￥0.0,多云,15,12,4,0.0,100,29
2026-05-21 03:30:49,2026-05-21,2,乒乓球厅-13号,07:00-08:00,0,1,可预约,￥0.0,多云,15,14,3,0.0,100,30
2026-05-21 04:30:45,2026-05-21,2,乒乓球厅-13号,07:00-08:00,0,1,可预约,￥0.0,多云,15,12,4,0.0,100,29
2026-05-21 05:00:52,2026-05-21,2,乒乓球厅-13号,07:00-08:00,0,1,可预约,￥0.0,多云,15,12,4,0.0,100,29
2026-05-21 05:30:49,2026-05-21,2,乒乓球厅-13号,07:00-08:00,0,1,可预约,￥0.0,多云,15,13,3,0.0,100,28
2026-05-21 06:00:50,2026-05-21,2,乒乓球厅-13号,07:00-08:00,0,1,可预约,￥0.0,多云,15,13,4,0.0,99,28
2026-05-21 06:30:38,2026-05-21,2,乒乓球厅-13号,07:00-08:00,0,1,可预约,￥0.0,多云,15,13,3,0.0,97,28
2026-05-21 07:00:43,2026-05-21,2,乒乓球厅-13号,07:00-08:00,0,1,可预约,￥0.0,晴,15,11,5,0.0,93,28
2026-05-21 07:30:39,2026-05-21,2,乒乓球厅-13号,07:00-08:00,0,1,可预约,￥0.0,晴,17,13,4,0.0,89,29
2026-05-21 07:50:40,2026-05-21,2,乒乓球厅-13号,07:00-08:00,0,1,可预约,￥0.0,晴,17,13,4,0.0,88,29
2026-05-21 07:53:31,2026-05-21,2,乒乓球厅-13号,07:00-08:00,0,1,可预约,￥0.0,晴,17,12,5,0.0,86,29
2026-05-21 07:56:31,2026-05-21,2,乒乓球厅-13号,07:00-08:00,0,1,可预约,￥0.0,晴,17,12,5,0.0,86,29
2026-05-21 07:59:26,2026-05-21,2,乒乓球厅-13号,07:00-08:00,0,1,可预约,￥0.0,晴,17,12,5,0.0,86,29
2026-05-21 00:30:49,2026-05-21,2,乒乓球厅-13号,08:00-09:00,0,1,可预约,￥0.0,多云,15,13,3,0.0,100,26
2026-05-21 01:00:55,2026-05-21,2,乒乓球厅-13号,08:00-09:00,0,1,可预约,￥0.0,多云,15,12,4,0.0,100,26
2026-05-21 01:30:47,2026-05-21,2,乒乓球厅-13号,08:00-09:00,0,1,可预约,￥0.0,多云,15,13,4,0.0,100,28
2026-05-21 02:00:53,2026-05-21,2,乒乓球厅-13号,08:00-09:00,0,1,可预约,￥0.0,多云,15,12,4,0.0,100,28
2026-05-21 02:30:49,2026-05-21,2,乒乓球厅-13号,08:00-09:00,0,1,可预约,￥0.0,多云,15,14,3,0.0,100,29
2026-05-21 03:00:55,2026-05-21,2,乒乓球厅-13号,08:00-09:00,0,1,可预约,￥0.0,多云,15,12,4,0.0,100,29
2026-05-21 03:30:49,2026-05-21,2,乒乓球厅-13号,08:00-09:00,0,1,可预约,￥0.0,多云,15,14,3,0.0,100,30
2026-05-21 04:30:45,2026-05-21,2,乒乓球厅-13号,08:00-09:00,0,1,可预约,￥0.0,多云,15,12,4,0.0,100,29
2026-05-21 05:00:52,2026-05-21,2,乒乓球厅-13号,08:00-09:00,0,1,可预约,￥0.0,多云,15,12,4,0.0,100,29
2026-05-21 05:30:49,2026-05-21,2,乒乓球厅-13号,08:00-09:00,0,1,可预约,￥0.0,多云,15,13,3,0.0,100,28
2026-05-21 06:00:50,2026-05-21,2,乒乓球厅-13号,08:00-09:00,0,1,可预约,￥0.0,多云,15,13,4,0.0,99,28
2026-05-21 06:30:38,2026-05-21,2,乒乓球厅-13号,08:00-09:00,0,1,可预约,￥0.0,多云,15,13,3,0.0,97,28
2026-05-21 07:00:43,2026-05-21,2,乒乓球厅-13号,08:00-09:00,0,1,可预约,￥0.0,晴,15,11,5,0.0,93,28
2026-05-21 07:30:39,2026-05-21,2,乒乓球厅-13号,08:00-09:00,0,1,可预约,￥0.0,晴,17,13,4,0.0,89,29
2026-05-21 07:50:40,2026-05-21,2,乒乓球厅-13号,08:00-09:00,0,1,可预约,￥0.0,晴,17,13,4,0.0,88,29
2026-05-21 07:53:31,2026-05-21,2,乒乓球厅-13号,08:00-09:00,0,1,可预约,￥0.0,晴,17,12,5,0.0,86,29
2026-05-21 07:56:31,2026-05-21,2,乒乓球厅-13号,08:00-09:00,0,1,可预约,￥0.0,晴,17,12,5,0.0,86,29
2026-05-21 07:59:26,2026-05-21,2,乒乓球厅-13号,08:00-09:00,0,1,可预约,￥0.0,晴,17,12,5,0.0,86,29
2026-05-21 00:30:49,2026-05-21,2,乒乓球厅-13号,09:00-10:00,0,1,可预约,￥5.0,多云,15,13,3,0.0,100,26
2026-05-21 01:00:55,2026-05-21,2,乒乓球厅-13号,09:00-10:00,0,1,可预约,￥5.0,多云,15,12,4,0.0,100,26
2026-05-21 01:30:47,2026-05-21,2,乒乓球厅-13号,09:00-10:00,0,1,可预约,￥5.0,多云,15,13,4,0.0,100,28
2026-05-21 02:00:53,2026-05-21,2,乒乓球厅-13号,09:00-10:00,0,1,可预约,￥5.0,多云,15,12,4,0.0,100,28
2026-05-21 02:30:49,2026-05-21,2,乒乓球厅-13号,09:00-10:00,0,1,可预约,￥5.0,多云,15,14,3,0.0,100,29
2026-05-21 03:00:55,2026-05-21,2,乒乓球厅-13号,09:00-10:00,0,1,可预约,￥5.0,多云,15,12,4,0.0,100,29
2026-05-21 03:30:49,2026-05-21,2,乒乓球厅-13号,09:00-10:00,0,1,可预约,￥5.0,多云,15,14,3,0.0,100,30
2026-05-21 04:30:45,2026-05-21,2,乒乓球厅-13号,09:00-10:00,0,1,可预约,￥5.0,多云,15,12,4,0.0,100,29
2026-05-21 05:00:52,2026-05-21,2,乒乓球厅-13号,09:00-10:00,0,1,可预约,￥5.0,多云,15,12,4,0.0,100,29
2026-05-21 05:30:49,2026-05-21,2,乒乓球厅-13号,09:00-10:00,0,1,可预约,￥5.0,多云,15,13,3,0.0,100,28
2026-05-21 06:00:50,2026-05-21,2,乒乓球厅-13号,09:00-10:00,0,1,可预约,￥5.0,多云,15,13,4,0.0,99,28
2026-05-21 06:30:38,2026-05-21,2,乒乓球厅-13号,09:00-10:00,0,1,可预约,￥5.0,多云,15,13,3,0.0,97,28
2026-05-21 07:00:43,2026-05-21,2,乒乓球厅-13号,09:00-10:00,0,1,可预约,￥5.0,晴,15,11,5,0.0,93,28
2026-05-21 07:30:39,2026-05-21,2,乒乓球厅-13号,09:00-10:00,0,1,可预约,￥5.0,晴,17,13,4,0.0,89,29
2026-05-21 07:50:40,2026-05-21,2,乒乓球厅-13号,09:00-10:00,0,1,可预约,￥5.0,晴,17,13,4,0.0,88,29
2026-05-21 07:53:31,2026-05-21,2,乒乓球厅-13号,09:00-10:00,0,1,可预约,￥5.0,晴,17,12,5,0.0,86,29
2026-05-21 07:56:31,2026-05-21,2,乒乓球厅-13号,09:00-10:00,0,1,可预约,￥5.0,晴,17,12,5,0.0,86,29
2026-05-21 07:59:26,2026-05-21,2,乒乓球厅-13号,09:00-10:00,0,1,可预约,￥5.0,晴,17,12,5,0.0,86,29
2026-05-21 00:30:49,2026-05-21,2,乒乓球厅-13号,10:00-11:00,1,1,已售/已满,教学时间,多云,15,13,3,0.0,100,26
2026-05-21 01:00:55,2026-05-21,2,乒乓球厅-13号,10:00-11:00,1,1,已售/已满,教学时间,多云,15,12,4,0.0,100,26
2026-05-21 01:30:47,2026-05-21,2,乒乓球厅-13号,10:00-11:00,1,1,已售/已满,教学时间,多云,15,13,4,0.0,100,28
2026-05-21 02:00:53,2026-05-21,2,乒乓球厅-13号,10:00-11:00,1,1,已售/已满,教学时间,多云,15,12,4,0.0,100,28
2026-05-21 02:30:49,2026-05-21,2,乒乓球厅-13号,10:00-11:00,1,1,已售/已满,教学时间,多云,15,14,3,0.0,100,29
2026-05-21 03:00:55,2026-05-21,2,乒乓球厅-13号,10:00-11:00,1,1,已售/已满,教学时间,多云,15,12,4,0.0,100,29
2026-05-21 03:30:49,2026-05-21,2,乒乓球厅-13号,10:00-11:00,1,1,已售/已满,教学时间,多云,15,14,3,0.0,100,30
2026-05-21 04:30:45,2026-05-21,2,乒乓球厅-13号,10:00-11:00,1,1,已售/已满,教学时间,多云,15,12,4,0.0,100,29
2026-05-21 05:00:52,2026-05-21,2,乒乓球厅-13号,10:00-11:00,1,1,已售/已满,教学时间,多云,15,12,4,0.0,100,29
2026-05-21 05:30:49,2026-05-21,2,乒乓球厅-13号,10:00-11:00,1,1,已售/已满,教学时间,多云,15,13,3,0.0,100,28
2026-05-21 06:00:50,2026-05-21,2,乒乓球厅-13号,10:00-11:00,1,1,已售/已满,教学时间,多云,15,13,4,0.0,99,28
2026-05-21 06:30:38,2026-05-21,2,乒乓球厅-13号,10:00-11:00,1,1,已售/已满,教学时间,多云,15,13,3,0.0,97,28
2026-05-21 07:00:43,2026-05-21,2,乒乓球厅-13号,10:00-11:00,1,1,已售/已满,教学时间,晴,15,11,5,0.0,93,28
2026-05-21 07:30:39,2026-05-21,2,乒乓球厅-13号,10:00-11:00,1,1,已售/已满,教学时间,晴,17,13,4,0.0,89,29
2026-05-21 07:50:40,2026-05-21,2,乒乓球厅-13号,10:00-11:00,1,1,已售/已满,教学时间,晴,17,13,4,0.0,88,29
2026-05-21 07:53:31,2026-05-21,2,乒乓球厅-13号,10:00-11:00,1,1,已售/已满,教学时间,晴,17,12,5,0.0,86,29
2026-05-21 07:56:31,2026-05-21,2,乒乓球厅-13号,10:00-11:00,1,1,已售/已满,教学时间,晴,17,12,5,0.0,86,29
2026-05-21 07:59:26,2026-05-21,2,乒乓球厅-13号,10:00-11:00,1,1,已售/已满,教学时间,晴,17,12,5,0.0,86,29
2026-05-21 00:30:49,2026-05-21,2,乒乓球厅-13号,11:00-12:00,1,1,已售/已满,教学时间,多云,15,13,3,0.0,100,26
2026-05-21 01:00:55,2026-05-21,2,乒乓球厅-13号,11:00-12:00,1,1,已售/已满,教学时间,多云,15,12,4,0.0,100,26
2026-05-21 01:30:47,2026-05-21,2,乒乓球厅-13号,11:00-12:00,1,1,已售/已满,教学时间,多云,15,13,4,0.0,100,28
2026-05-21 02:00:53,2026-05-21,2,乒乓球厅-13号,11:00-12:00,1,1,已售/已满,教学时间,多云,15,12,4,0.0,100,28
2026-05-21 02:30:49,2026-05-21,2,乒乓球厅-13号,11:00-12:00,1,1,已售/已满,教学时间,多云,15,14,3,0.0,100,29
2026-05-21 03:00:55,2026-05-21,2,乒乓球厅-13号,11:00-12:00,1,1,已售/已满,教学时间,多云,15,12,4,0.0,100,29
2026-05-21 03:30:49,2026-05-21,2,乒乓球厅-13号,11:00-12:00,1,1,已售/已满,教学时间,多云,15,14,3,0.0,100,30
2026-05-21 04:30:45,2026-05-21,2,乒乓球厅-13号,11:00-12:00,1,1,已售/已满,教学时间,多云,15,12,4,0.0,100,29
2026-05-21 05:00:52,2026-05-21,2,乒乓球厅-13号,11:00-12:00,1,1,已售/已满,教学时间,多云,15,12,4,0.0,100,29
2026-05-21 05:30:49,2026-05-21,2,乒乓球厅-13号,11:00-12:00,1,1,已售/已满,教学时间,多云,15,13,3,0.0,100,28
2026-05-21 06:00:50,2026-05-21,2,乒乓球厅-13号,11:00-12:00,1,1,已售/已满,教学时间,多云,15,13,4,0.0,99,28
2026-05-21 06:30:38,2026-05-21,2,乒乓球厅-13号,11:00-12:00,1,1,已售/已满,教学时间,多云,15,13,3,0.0,97,28
2026-05-21 07:00:43,2026-05-21,2,乒乓球厅-13号,11:00-12:00,1,1,已售/已满,教学时间,晴,15,11,5,0.0,93,28
2026-05-21 07:30:39,2026-05-21,2,乒乓球厅-13号,11:00-12:00,1,1,已售/已满,教学时间,晴,17,13,4,0.0,89,29
2026-05-21 07:50:40,2026-05-21,2,乒乓球厅-13号,11:00-12:00,1,1,已售/已满,教学时间,晴,17,13,4,0.0,88,29
2026-05-21 07:53:31,2026-05-21,2,乒乓球厅-13号,11:00-12:00,1,1,已售/已满,教学时间,晴,17,12,5,0.0,86,29
2026-05-21 07:56:31,2026-05-21,2,乒乓球厅-13号,11:00-12:00,1,1,已售/已满,教学时间,晴,17,12,5,0.0,86,29
2026-05-21 07:59:26,2026-05-21,2,乒乓球厅-13号,11:00-12:00,1,1,已售/已满,教学时间,晴,17,12,5,0.0,86,29
2026-05-21 00:30:49,2026-05-21,2,乒乓球厅-13号,12:00-12:55,0,1,可预约,￥0.0,多云,15,13,3,0.0,100,26
2026-05-21 01:00:55,2026-05-21,2,乒乓球厅-13号,12:00-12:55,0,1,可预约,￥0.0,多云,15,12,4,0.0,100,26
2026-05-21 01:30:47,2026-05-21,2,乒乓球厅-13号,12:00-12:55,0,1,可预约,￥0.0,多云,15,13,4,0.0,100,28
2026-05-21 02:00:53,2026-05-21,2,乒乓球厅-13号,12:00-12:55,0,1,可预约,￥0.0,多云,15,12,4,0.0,100,28
2026-05-21 02:30:49,2026-05-21,2,乒乓球厅-13号,12:00-12:55,0,1,可预约,￥0.0,多云,15,14,3,0.0,100,29
2026-05-21 03:00:55,2026-05-21,2,乒乓球厅-13号,12:00-12:55,0,1,可预约,￥0.0,多云,15,12,4,0.0,100,29
2026-05-21 03:30:49,2026-05-21,2,乒乓球厅-13号,12:00-12:55,0,1,可预约,￥0.0,多云,15,14,3,0.0,100,30
2026-05-21 04:30:45,2026-05-21,2,乒乓球厅-13号,12:00-12:55,0,1,可预约,￥0.0,多云,15,12,4,0.0,100,29
2026-05-21 05:00:52,2026-05-21,2,乒乓球厅-13号,12:00-12:55,0,1,可预约,￥0.0,多云,15,12,4,0.0,100,29
2026-05-21 05:30:49,2026-05-21,2,乒乓球厅-13号,12:00-12:55,0,1,可预约,￥0.0,多云,15,13,3,0.0,100,28
2026-05-21 06:00:50,2026-05-21,2,乒乓球厅-13号,12:00-12:55,0,1,可预约,￥0.0,多云,15,13,4,0.0,99,28
2026-05-21 06:30:38,2026-05-21,2,乒乓球厅-13号,12:00-12:55,0,1,可预约,￥0.0,多云,15,13,3,0.0,97,28
2026-05-21 07:00:43,2026-05-21,2,乒乓球厅-13号,12:00-12:55,0,1,可预约,￥0.0,晴,15,11,5,0.0,93,28
2026-05-21 07:30:39,2026-05-21,2,乒乓球厅-13号,12:00-12:55,0,1,可预约,￥0.0,晴,17,13,4,0.0,89,29
2026-05-21 07:50:40,2026-05-21,2,乒乓球厅-13号,12:00-12:55,0,1,可预约,￥0.0,晴,17,13,4,0.0,88,29
2026-05-21 07:53:31,2026-05-21,2,乒乓球厅-13号,12:00-12:55,0,1,可预约,￥0.0,晴,17,12,5,0.0,86,29
2026-05-21 07:56:31,2026-05-21,2,乒乓球厅-13号,12:00-12:55,0,1,可预约,￥0.0,晴,17,12,5,0.0,86,29
2026-05-21 07:59:26,2026-05-21,2,乒乓球厅-13号,12:00-12:55,0,1,可预约,￥0.0,晴,17,12,5,0.0,86,29
2026-05-21 00:30:49,2026-05-21,2,乒乓球厅-13号,12:55-13:50,0,1,可预约,￥0.0,多云,15,13,3,0.0,100,26
2026-05-21 01:00:55,2026-05-21,2,乒乓球厅-13号,12:55-13:50,0,1,可预约,￥0.0,多云,15,12,4,0.0,100,26
2026-05-21 01:30:47,2026-05-21,2,乒乓球厅-13号,12:55-13:50,0,1,可预约,￥0.0,多云,15,13,4,0.0,100,28
2026-05-21 02:00:53,2026-05-21,2,乒乓球厅-13号,12:55-13:50,0,1,可预约,￥0.0,多云,15,12,4,0.0,100,28
2026-05-21 02:30:49,2026-05-21,2,乒乓球厅-13号,12:55-13:50,0,1,可预约,￥0.0,多云,15,14,3,0.0,100,29
2026-05-21 03:00:55,2026-05-21,2,乒乓球厅-13号,12:55-13:50,0,1,可预约,￥0.0,多云,15,12,4,0.0,100,29
2026-05-21 03:30:49,2026-05-21,2,乒乓球厅-13号,12:55-13:50,0,1,可预约,￥0.0,多云,15,14,3,0.0,100,30
2026-05-21 04:30:45,2026-05-21,2,乒乓球厅-13号,12:55-13:50,0,1,可预约,￥0.0,多云,15,12,4,0.0,100,29
2026-05-21 05:00:52,2026-05-21,2,乒乓球厅-13号,12:55-13:50,0,1,可预约,￥0.0,多云,15,12,4,0.0,100,29
2026-05-21 05:30:49,2026-05-21,2,乒乓球厅-13号,12:55-13:50,0,1,可预约,￥0.0,多云,15,13,3,0.0,100,28
2026-05-21 06:00:50,2026-05-21,2,乒乓球厅-13号,12:55-13:50,0,1,可预约,￥0.0,多云,15,13,4,0.0,99,28
2026-05-21 06:30:38,2026-05-21,2,乒乓球厅-13号,12:55-13:50,0,1,可预约,￥0.0,多云,15,13,3,0.0,97,28
2026-05-21 07:00:43,2026-05-21,2,乒乓球厅-13号,12:55-13:50,0,1,可预约,￥0.0,晴,15,11,5,0.0,93,28
2026-05-21 07:30:39,2026-05-21,2,乒乓球厅-13号,12:55-13:50,0,1,可预约,￥0.0,晴,17,13,4,0.0,89,29
2026-05-21 07:50:40,2026-05-21,2,乒乓球厅-13号,12:55-13:50,0,1,可预约,￥0.0,晴,17,13,4,0.0,88,29
2026-05-21 07:53:31,2026-05-21,2,乒乓球厅-13号,12:55-13:50,0,1,可预约,￥0.0,晴,17,12,5,0.0,86,29
2026-05-21 07:56:31,2026-05-21,2,乒乓球厅-13号,12:55-13:50,0,1,可预约,￥0.0,晴,17,12,5,0.0,86,29
2026-05-21 07:59:26,2026-05-21,2,乒乓球厅-13号,12:55-13:50,0,1,可预约,￥0.0,晴,17,12,5,0.0,86,29
2026-05-21 00:30:49,2026-05-21,2,乒乓球厅-13号,14:00-15:00,0,1,可预约,￥5.0,多云,15,13,3,0.0,100,26
2026-05-21 01:00:55,2026-05-21,2,乒乓球厅-13号,14:00-15:00,0,1,可预约,￥5.0,多云,15,12,4,0.0,100,26
2026-05-21 01:30:47,2026-05-21,2,乒乓球厅-13号,14:00-15:00,0,1,可预约,￥5.0,多云,15,13,4,0.0,100,28
2026-05-21 02:00:53,2026-05-21,2,乒乓球厅-13号,14:00-15:00,0,1,可预约,￥5.0,多云,15,12,4,0.0,100,28
2026-05-21 02:30:49,2026-05-21,2,乒乓球厅-13号,14:00-15:00,0,1,可预约,￥5.0,多云,15,14,3,0.0,100,29
2026-05-21 03:00:55,2026-05-21,2,乒乓球厅-13号,14:00-15:00,0,1,可预约,￥5.0,多云,15,12,4,0.0,100,29
2026-05-21 03:30:49,2026-05-21,2,乒乓球厅-13号,14:00-15:00,0,1,可预约,￥5.0,多云,15,14,3,0.0,100,30
2026-05-21 04:30:45,2026-05-21,2,乒乓球厅-13号,14:00-15:00,0,1,可预约,￥5.0,多云,15,12,4,0.0,100,29
2026-05-21 05:00:52,2026-05-21,2,乒乓球厅-13号,14:00-15:00,0,1,可预约,￥5.0,多云,15,12,4,0.0,100,29
2026-05-21 05:30:49,2026-05-21,2,乒乓球厅-13号,14:00-15:00,0,1,可预约,￥5.0,多云,15,13,3,0.0,100,28
2026-05-21 06:00:50,2026-05-21,2,乒乓球厅-13号,14:00-15:00,0,1,可预约,￥5.0,多云,15,13,4,0.0,99,28
2026-05-21 06:30:38,2026-05-21,2,乒乓球厅-13号,14:00-15:00,0,1,可预约,￥5.0,多云,15,13,3,0.0,97,28
2026-05-21 07:00:43,2026-05-21,2,乒乓球厅-13号,14:00-15:00,0,1,可预约,￥5.0,晴,15,11,5,0.0,93,28
2026-05-21 07:30:39,2026-05-21,2,乒乓球厅-13号,14:00-15:00,0,1,可预约,￥5.0,晴,17,13,4,0.0,89,29
2026-05-21 07:50:40,2026-05-21,2,乒乓球厅-13号,14:00-15:00,0,1,可预约,￥5.0,晴,17,13,4,0.0,88,29
2026-05-21 07:53:31,2026-05-21,2,乒乓球厅-13号,14:00-15:00,0,1,可预约,￥5.0,晴,17,12,5,0.0,86,29
2026-05-21 07:56:31,2026-05-21,2,乒乓球厅-13号,14:00-15:00,0,1,可预约,￥5.0,晴,17,12,5,0.0,86,29
2026-05-21 07:59:26,2026-05-21,2,乒乓球厅-13号,14:00-15:00,0,1,可预约,￥5.0,晴,17,12,5,0.0,86,29
2026-05-21 00:30:49,2026-05-21,2,乒乓球厅-13号,15:00-16:00,0,1,可预约,￥5.0,多云,15,13,3,0.0,100,26
2026-05-21 01:00:55,2026-05-21,2,乒乓球厅-13号,15:00-16:00,0,1,可预约,￥5.0,多云,15,12,4,0.0,100,26
2026-05-21 01:30:47,2026-05-21,2,乒乓球厅-13号,15:00-16:00,0,1,可预约,￥5.0,多云,15,13,4,0.0,100,28
2026-05-21 02:00:53,2026-05-21,2,乒乓球厅-13号,15:00-16:00,0,1,可预约,￥5.0,多云,15,12,4,0.0,100,28
2026-05-21 02:30:49,2026-05-21,2,乒乓球厅-13号,15:00-16:00,0,1,可预约,￥5.0,多云,15,14,3,0.0,100,29
2026-05-21 03:00:55,2026-05-21,2,乒乓球厅-13号,15:00-16:00,0,1,可预约,￥5.0,多云,15,12,4,0.0,100,29
2026-05-21 03:30:49,2026-05-21,2,乒乓球厅-13号,15:00-16:00,0,1,可预约,￥5.0,多云,15,14,3,0.0,100,30
2026-05-21 04:30:45,2026-05-21,2,乒乓球厅-13号,15:00-16:00,0,1,可预约,￥5.0,多云,15,12,4,0.0,100,29
2026-05-21 05:00:52,2026-05-21,2,乒乓球厅-13号,15:00-16:00,0,1,可预约,￥5.0,多云,15,12,4,0.0,100,29
2026-05-21 05:30:49,2026-05-21,2,乒乓球厅-13号,15:00-16:00,0,1,可预约,￥5.0,多云,15,13,3,0.0,100,28
2026-05-21 06:00:50,2026-05-21,2,乒乓球厅-13号,15:00-16:00,0,1,可预约,￥5.0,多云,15,13,4,0.0,99,28
2026-05-21 06:30:38,2026-05-21,2,乒乓球厅-13号,15:00-16:00,0,1,可预约,￥5.0,多云,15,13,3,0.0,97,28
2026-05-21 07:00:43,2026-05-21,2,乒乓球厅-13号,15:00-16:00,0,1,可预约,￥5.0,晴,15,11,5,0.0,93,28
2026-05-21 07:30:39,2026-05-21,2,乒乓球厅-13号,15:00-16:00,0,1,可预约,￥5.0,晴,17,13,4,0.0,89,29
2026-05-21 07:50:40,2026-05-21,2,乒乓球厅-13号,15:00-16:00,0,1,可预约,￥5.0,晴,17,13,4,0.0,88,29
2026-05-21 07:53:31,2026-05-21,2,乒乓球厅-13号,15:00-16:00,0,1,可预约,￥5.0,晴,17,12,5,0.0,86,29
2026-05-21 07:56:31,2026-05-21,2,乒乓球厅-13号,15:00-16:00,0,1,可预约,￥5.0,晴,17,12,5,0.0,86,29
2026-05-21 07:59:26,2026-05-21,2,乒乓球厅-13号,15:00-16:00,0,1,可预约,￥5.0,晴,17,12,5,0.0,86,29
2026-05-21 00:30:49,2026-05-21,2,乒乓球厅-13号,16:00-17:00,0,1,可预约,￥5.0,多云,15,13,3,0.0,100,26
2026-05-21 01:00:55,2026-05-21,2,乒乓球厅-13号,16:00-17:00,0,1,可预约,￥5.0,多云,15,12,4,0.0,100,26
2026-05-21 01:30:47,2026-05-21,2,乒乓球厅-13号,16:00-17:00,0,1,可预约,￥5.0,多云,15,13,4,0.0,100,28
2026-05-21 02:00:53,2026-05-21,2,乒乓球厅-13号,16:00-17:00,0,1,可预约,￥5.0,多云,15,12,4,0.0,100,28
2026-05-21 02:30:49,2026-05-21,2,乒乓球厅-13号,16:00-17:00,0,1,可预约,￥5.0,多云,15,14,3,0.0,100,29
2026-05-21 03:00:55,2026-05-21,2,乒乓球厅-13号,16:00-17:00,0,1,可预约,￥5.0,多云,15,12,4,0.0,100,29
2026-05-21 03:30:49,2026-05-21,2,乒乓球厅-13号,16:00-17:00,0,1,可预约,￥5.0,多云,15,14,3,0.0,100,30
2026-05-21 04:30:45,2026-05-21,2,乒乓球厅-13号,16:00-17:00,0,1,可预约,￥5.0,多云,15,12,4,0.0,100,29
2026-05-21 05:00:52,2026-05-21,2,乒乓球厅-13号,16:00-17:00,0,1,可预约,￥5.0,多云,15,12,4,0.0,100,29
2026-05-21 05:30:49,2026-05-21,2,乒乓球厅-13号,16:00-17:00,0,1,可预约,￥5.0,多云,15,13,3,0.0,100,28
2026-05-21 06:00:50,2026-05-21,2,乒乓球厅-13号,16:00-17:00,0,1,可预约,￥5.0,多云,15,13,4,0.0,99,28
2026-05-21 06:30:38,2026-05-21,2,乒乓球厅-13号,16:00-17:00,0,1,可预约,￥5.0,多云,15,13,3,0.0,97,28
2026-05-21 07:00:43,2026-05-21,2,乒乓球厅-13号,16:00-17:00,0,1,可预约,￥5.0,晴,15,11,5,0.0,93,28
2026-05-21 07:30:39,2026-05-21,2,乒乓球厅-13号,16:00-17:00,0,1,可预约,￥5.0,晴,17,13,4,0.0,89,29
2026-05-21 07:50:40,2026-05-21,2,乒乓球厅-13号,16:00-17:00,0,1,可预约,￥5.0,晴,17,13,4,0.0,88,29
2026-05-21 07:53:31,2026-05-21,2,乒乓球厅-13号,16:00-17:00,0,1,可预约,￥5.0,晴,17,12,5,0.0,86,29
2026-05-21 07:56:31,2026-05-21,2,乒乓球厅-13号,16:00-17:00,0,1,可预约,￥5.0,晴,17,12,5,0.0,86,29
2026-05-21 07:59:26,2026-05-21,2,乒乓球厅-13号,16:00-17:00,0,1,可预约,￥5.0,晴,17,12,5,0.0,86,29
2026-05-21 00:30:49,2026-05-21,2,乒乓球厅-13号,17:00-18:00,0,1,可预约,￥5.0,多云,15,13,3,0.0,100,26
2026-05-21 01:00:55,2026-05-21,2,乒乓球厅-13号,17:00-18:00,0,1,可预约,￥5.0,多云,15,12,4,0.0,100,26
2026-05-21 01:30:47,2026-05-21,2,乒乓球厅-13号,17:00-18:00,0,1,可预约,￥5.0,多云,15,13,4,0.0,100,28
2026-05-21 02:00:53,2026-05-21,2,乒乓球厅-13号,17:00-18:00,0,1,可预约,￥5.0,多云,15,12,4,0.0,100,28
2026-05-21 02:30:49,2026-05-21,2,乒乓球厅-13号,17:00-18:00,0,1,可预约,￥5.0,多云,15,14,3,0.0,100,29
2026-05-21 03:00:55,2026-05-21,2,乒乓球厅-13号,17:00-18:00,0,1,可预约,￥5.0,多云,15,12,4,0.0,100,29
2026-05-21 03:30:49,2026-05-21,2,乒乓球厅-13号,17:00-18:00,0,1,可预约,￥5.0,多云,15,14,3,0.0,100,30
2026-05-21 04:30:45,2026-05-21,2,乒乓球厅-13号,17:00-18:00,0,1,可预约,￥5.0,多云,15,12,4,0.0,100,29
2026-05-21 05:00:52,2026-05-21,2,乒乓球厅-13号,17:00-18:00,0,1,可预约,￥5.0,多云,15,12,4,0.0,100,29
2026-05-21 05:30:49,2026-05-21,2,乒乓球厅-13号,17:00-18:00,0,1,可预约,￥5.0,多云,15,13,3,0.0,100,28
2026-05-21 06:00:50,2026-05-21,2,乒乓球厅-13号,17:00-18:00,0,1,可预约,￥5.0,多云,15,13,4,0.0,99,28
2026-05-21 06:30:38,2026-05-21,2,乒乓球厅-13号,17:00-18:00,0,1,可预约,￥5.0,多云,15,13,3,0.0,97,28
2026-05-21 07:00:43,2026-05-21,2,乒乓球厅-13号,17:00-18:00,0,1,可预约,￥5.0,晴,15,11,5,0.0,93,28
2026-05-21 07:30:39,2026-05-21,2,乒乓球厅-13号,17:00-18:00,0,1,可预约,￥5.0,晴,17,13,4,0.0,89,29
2026-05-21 07:50:40,2026-05-21,2,乒乓球厅-13号,17:00-18:00,0,1,可预约,￥5.0,晴,17,13,4,0.0,88,29
2026-05-21 07:53:31,2026-05-21,2,乒乓球厅-13号,17:00-18:00,0,1,可预约,￥5.0,晴,17,12,5,0.0,86,29
2026-05-21 07:56:31,2026-05-21,2,乒乓球厅-13号,17:00-18:00,0,1,可预约,￥5.0,晴,17,12,5,0.0,86,29
2026-05-21 07:59:26,2026-05-21,2,乒乓球厅-13号,17:00-18:00,0,1,可预约,￥5.0,晴,17,12,5,0.0,86,29
2026-05-21 00:30:49,2026-05-21,2,乒乓球厅-13号,18:30-19:30,0,1,可预约,￥5.0,多云,15,13,3,0.0,100,26
2026-05-21 01:00:55,2026-05-21,2,乒乓球厅-13号,18:30-19:30,0,1,可预约,￥5.0,多云,15,12,4,0.0,100,26
2026-05-21 01:30:47,2026-05-21,2,乒乓球厅-13号,18:30-19:30,0,1,可预约,￥5.0,多云,15,13,4,0.0,100,28
2026-05-21 02:00:53,2026-05-21,2,乒乓球厅-13号,18:30-19:30,0,1,可预约,￥5.0,多云,15,12,4,0.0,100,28
2026-05-21 02:30:49,2026-05-21,2,乒乓球厅-13号,18:30-19:30,0,1,可预约,￥5.0,多云,15,14,3,0.0,100,29
2026-05-21 03:00:55,2026-05-21,2,乒乓球厅-13号,18:30-19:30,0,1,可预约,￥5.0,多云,15,12,4,0.0,100,29
2026-05-21 03:30:49,2026-05-21,2,乒乓球厅-13号,18:30-19:30,0,1,可预约,￥5.0,多云,15,14,3,0.0,100,30
2026-05-21 04:30:45,2026-05-21,2,乒乓球厅-13号,18:30-19:30,0,1,可预约,￥5.0,多云,15,12,4,0.0,100,29
2026-05-21 05:00:52,2026-05-21,2,乒乓球厅-13号,18:30-19:30,0,1,可预约,￥5.0,多云,15,12,4,0.0,100,29
2026-05-21 05:30:49,2026-05-21,2,乒乓球厅-13号,18:30-19:30,0,1,可预约,￥5.0,多云,15,13,3,0.0,100,28
2026-05-21 06:00:50,2026-05-21,2,乒乓球厅-13号,18:30-19:30,0,1,可预约,￥5.0,多云,15,13,4,0.0,99,28
2026-05-21 06:30:38,2026-05-21,2,乒乓球厅-13号,18:30-19:30,0,1,可预约,￥5.0,多云,15,13,3,0.0,97,28
2026-05-21 07:00:43,2026-05-21,2,乒乓球厅-13号,18:30-19:30,0,1,可预约,￥5.0,晴,15,11,5,0.0,93,28
2026-05-21 07:30:39,2026-05-21,2,乒乓球厅-13号,18:30-19:30,0,1,可预约,￥5.0,晴,17,13,4,0.0,89,29
2026-05-21 07:50:40,2026-05-21,2,乒乓球厅-13号,18:30-19:30,0,1,可预约,￥5.0,晴,17,13,4,0.0,88,29
2026-05-21 07:53:31,2026-05-21,2,乒乓球厅-13号,18:30-19:30,0,1,可预约,￥5.0,晴,17,12,5,0.0,86,29
2026-05-21 07:56:31,2026-05-21,2,乒乓球厅-13号,18:30-19:30,0,1,可预约,￥5.0,晴,17,12,5,0.0,86,29
2026-05-21 07:59:26,2026-05-21,2,乒乓球厅-13号,18:30-19:30,0,1,可预约,￥5.0,晴,17,12,5,0.0,86,29
2026-05-21 00:30:49,2026-05-21,2,乒乓球厅-13号,19:30-20:30,0,1,可预约,￥5.0,多云,15,13,3,0.0,100,26
2026-05-21 01:00:55,2026-05-21,2,乒乓球厅-13号,19:30-20:30,0,1,可预约,￥5.0,多云,15,12,4,0.0,100,26
2026-05-21 01:30:47,2026-05-21,2,乒乓球厅-13号,19:30-20:30,0,1,可预约,￥5.0,多云,15,13,4,0.0,100,28
2026-05-21 02:00:53,2026-05-21,2,乒乓球厅-13号,19:30-20:30,0,1,可预约,￥5.0,多云,15,12,4,0.0,100,28
2026-05-21 02:30:49,2026-05-21,2,乒乓球厅-13号,19:30-20:30,0,1,可预约,￥5.0,多云,15,14,3,0.0,100,29
2026-05-21 03:00:55,2026-05-21,2,乒乓球厅-13号,19:30-20:30,0,1,可预约,￥5.0,多云,15,12,4,0.0,100,29
2026-05-21 03:30:49,2026-05-21,2,乒乓球厅-13号,19:30-20:30,0,1,可预约,￥5.0,多云,15,14,3,0.0,100,30
2026-05-21 04:30:45,2026-05-21,2,乒乓球厅-13号,19:30-20:30,0,1,可预约,￥5.0,多云,15,12,4,0.0,100,29
2026-05-21 05:00:52,2026-05-21,2,乒乓球厅-13号,19:30-20:30,0,1,可预约,￥5.0,多云,15,12,4,0.0,100,29
2026-05-21 05:30:49,2026-05-21,2,乒乓球厅-13号,19:30-20:30,0,1,可预约,￥5.0,多云,15,13,3,0.0,100,28
2026-05-21 06:00:50,2026-05-21,2,乒乓球厅-13号,19:30-20:30,0,1,可预约,￥5.0,多云,15,13,4,0.0,99,28
2026-05-21 06:30:38,2026-05-21,2,乒乓球厅-13号,19:30-20:30,0,1,可预约,￥5.0,多云,15,13,3,0.0,97,28
2026-05-21 07:00:43,2026-05-21,2,乒乓球厅-13号,19:30-20:30,0,1,可预约,￥5.0,晴,15,11,5,0.0,93,28
2026-05-21 07:30:39,2026-05-21,2,乒乓球厅-13号,19:30-20:30,0,1,可预约,￥5.0,晴,17,13,4,0.0,89,29
2026-05-21 07:50:40,2026-05-21,2,乒乓球厅-13号,19:30-20:30,0,1,可预约,￥5.0,晴,17,13,4,0.0,88,29
2026-05-21 07:53:31,2026-05-21,2,乒乓球厅-13号,19:30-20:30,0,1,可预约,￥5.0,晴,17,12,5,0.0,86,29
2026-05-21 07:56:31,2026-05-21,2,乒乓球厅-13号,19:30-20:30,0,1,可预约,￥5.0,晴,17,12,5,0.0,86,29
2026-05-21 07:59:26,2026-05-21,2,乒乓球厅-13号,19:30-20:30,0,1,可预约,￥5.0,晴,17,12,5,0.0,86,29
2026-05-21 00:30:49,2026-05-21,2,乒乓球厅-13号,20:30-21:30,0,1,可预约,￥5.0,多云,15,13,3,0.0,100,26
2026-05-21 01:00:55,2026-05-21,2,乒乓球厅-13号,20:30-21:30,0,1,可预约,￥5.0,多云,15,12,4,0.0,100,26
2026-05-21 01:30:47,2026-05-21,2,乒乓球厅-13号,20:30-21:30,0,1,可预约,￥5.0,多云,15,13,4,0.0,100,28
2026-05-21 02:00:53,2026-05-21,2,乒乓球厅-13号,20:30-21:30,0,1,可预约,￥5.0,多云,15,12,4,0.0,100,28
2026-05-21 02:30:49,2026-05-21,2,乒乓球厅-13号,20:30-21:30,0,1,可预约,￥5.0,多云,15,14,3,0.0,100,29
2026-05-21 03:00:55,2026-05-21,2,乒乓球厅-13号,20:30-21:30,0,1,可预约,￥5.0,多云,15,12,4,0.0,100,29
2026-05-21 03:30:49,2026-05-21,2,乒乓球厅-13号,20:30-21:30,0,1,可预约,￥5.0,多云,15,14,3,0.0,100,30
2026-05-21 04:30:45,2026-05-21,2,乒乓球厅-13号,20:30-21:30,0,1,可预约,￥5.0,多云,15,12,4,0.0,100,29
2026-05-21 05:00:52,2026-05-21,2,乒乓球厅-13号,20:30-21:30,0,1,可预约,￥5.0,多云,15,12,4,0.0,100,29
2026-05-21 05:30:49,2026-05-21,2,乒乓球厅-13号,20:30-21:30,0,1,可预约,￥5.0,多云,15,13,3,0.0,100,28
2026-05-21 06:00:50,2026-05-21,2,乒乓球厅-13号,20:30-21:30,0,1,可预约,￥5.0,多云,15,13,4,0.0,99,28
2026-05-21 06:30:38,2026-05-21,2,乒乓球厅-13号,20:30-21:30,0,1,可预约,￥5.0,多云,15,13,3,0.0,97,28
2026-05-21 07:00:43,2026-05-21,2,乒乓球厅-13号,20:30-21:30,0,1,可预约,￥5.0,晴,15,11,5,0.0,93,28
2026-05-21 07:30:39,2026-05-21,2,乒乓球厅-13号,20:30-21:30,0,1,可预约,￥5.0,晴,17,13,4,0.0,89,29
2026-05-21 07:50:40,2026-05-21,2,乒乓球厅-13号,20:30-21:30,0,1,可预约,￥5.0,晴,17,13,4,0.0,88,29
2026-05-21 07:53:31,2026-05-21,2,乒乓球厅-13号,20:30-21:30,0,1,可预约,￥5.0,晴,17,12,5,0.0,86,29
2026-05-21 07:56:31,2026-05-21,2,乒乓球厅-13号,20:30-21:30,0,1,可预约,￥5.0,晴,17,12,5,0.0,86,29
2026-05-21 07:59:26,2026-05-21,2,乒乓球厅-13号,20:30-21:30,0,1,可预约,￥5.0,晴,17,12,5,0.0,86,29
2026-05-21 00:30:49,2026-05-21,2,乒乓球厅-14号,07:00-08:00,0,1,可预约,￥0.0,多云,15,13,3,0.0,100,26
2026-05-21 01:00:55,2026-05-21,2,乒乓球厅-14号,07:00-08:00,0,1,可预约,￥0.0,多云,15,12,4,0.0,100,26
2026-05-21 01:30:47,2026-05-21,2,乒乓球厅-14号,07:00-08:00,0,1,可预约,￥0.0,多云,15,13,4,0.0,100,28
2026-05-21 02:00:53,2026-05-21,2,乒乓球厅-14号,07:00-08:00,0,1,可预约,￥0.0,多云,15,12,4,0.0,100,28
2026-05-21 02:30:49,2026-05-21,2,乒乓球厅-14号,07:00-08:00,0,1,可预约,￥0.0,多云,15,14,3,0.0,100,29
2026-05-21 03:00:55,2026-05-21,2,乒乓球厅-14号,07:00-08:00,0,1,可预约,￥0.0,多云,15,12,4,0.0,100,29
2026-05-21 03:30:49,2026-05-21,2,乒乓球厅-14号,07:00-08:00,0,1,可预约,￥0.0,多云,15,14,3,0.0,100,30
2026-05-21 04:30:45,2026-05-21,2,乒乓球厅-14号,07:00-08:00,0,1,可预约,￥0.0,多云,15,12,4,0.0,100,29
2026-05-21 05:00:52,2026-05-21,2,乒乓球厅-14号,07:00-08:00,0,1,可预约,￥0.0,多云,15,12,4,0.0,100,29
2026-05-21 05:30:49,2026-05-21,2,乒乓球厅-14号,07:00-08:00,0,1,可预约,￥0.0,多云,15,13,3,0.0,100,28
2026-05-21 06:00:50,2026-05-21,2,乒乓球厅-14号,07:00-08:00,0,1,可预约,￥0.0,多云,15,13,4,0.0,99,28
2026-05-21 06:30:38,2026-05-21,2,乒乓球厅-14号,07:00-08:00,0,1,可预约,￥0.0,多云,15,13,3,0.0,97,28
2026-05-21 07:00:43,2026-05-21,2,乒乓球厅-14号,07:00-08:00,0,1,可预约,￥0.0,晴,15,11,5,0.0,93,28
2026-05-21 07:30:39,2026-05-21,2,乒乓球厅-14号,07:00-08:00,0,1,可预约,￥0.0,晴,17,13,4,0.0,89,29
2026-05-21 07:50:40,2026-05-21,2,乒乓球厅-14号,07:00-08:00,0,1,可预约,￥0.0,晴,17,13,4,0.0,88,29
2026-05-21 07:53:31,2026-05-21,2,乒乓球厅-14号,07:00-08:00,0,1,可预约,￥0.0,晴,17,12,5,0.0,86,29
2026-05-21 07:56:31,2026-05-21,2,乒乓球厅-14号,07:00-08:00,0,1,可预约,￥0.0,晴,17,12,5,0.0,86,29
2026-05-21 07:59:26,2026-05-21,2,乒乓球厅-14号,07:00-08:00,0,1,可预约,￥0.0,晴,17,12,5,0.0,86,29
2026-05-21 00:30:49,2026-05-21,2,乒乓球厅-14号,08:00-09:00,0,1,可预约,￥0.0,多云,15,13,3,0.0,100,26
2026-05-21 01:00:55,2026-05-21,2,乒乓球厅-14号,08:00-09:00,0,1,可预约,￥0.0,多云,15,12,4,0.0,100,26
2026-05-21 01:30:47,2026-05-21,2,乒乓球厅-14号,08:00-09:00,0,1,可预约,￥0.0,多云,15,13,4,0.0,100,28
2026-05-21 02:00:53,2026-05-21,2,乒乓球厅-14号,08:00-09:00,0,1,可预约,￥0.0,多云,15,12,4,0.0,100,28
2026-05-21 02:30:49,2026-05-21,2,乒乓球厅-14号,08:00-09:00,0,1,可预约,￥0.0,多云,15,14,3,0.0,100,29
2026-05-21 03:00:55,2026-05-21,2,乒乓球厅-14号,08:00-09:00,0,1,可预约,￥0.0,多云,15,12,4,0.0,100,29
2026-05-21 03:30:49,2026-05-21,2,乒乓球厅-14号,08:00-09:00,0,1,可预约,￥0.0,多云,15,14,3,0.0,100,30
2026-05-21 04:30:45,2026-05-21,2,乒乓球厅-14号,08:00-09:00,0,1,可预约,￥0.0,多云,15,12,4,0.0,100,29
2026-05-21 05:00:52,2026-05-21,2,乒乓球厅-14号,08:00-09:00,0,1,可预约,￥0.0,多云,15,12,4,0.0,100,29
2026-05-21 05:30:49,2026-05-21,2,乒乓球厅-14号,08:00-09:00,0,1,可预约,￥0.0,多云,15,13,3,0.0,100,28
2026-05-21 06:00:50,2026-05-21,2,乒乓球厅-14号,08:00-09:00,0,1,可预约,￥0.0,多云,15,13,4,0.0,99,28
2026-05-21 06:30:38,2026-05-21,2,乒乓球厅-14号,08:00-09:00,0,1,可预约,￥0.0,多云,15,13,3,0.0,97,28
2026-05-21 07:00:43,2026-05-21,2,乒乓球厅-14号,08:00-09:00,0,1,可预约,￥0.0,晴,15,11,5,0.0,93,28
2026-05-21 07:30:39,2026-05-21,2,乒乓球厅-14号,08:00-09:00,0,1,可预约,￥0.0,晴,17,13,4,0.0,89,29
2026-05-21 07:50:40,2026-05-21,2,乒乓球厅-14号,08:00-09:00,0,1,可预约,￥0.0,晴,17,13,4,0.0,88,29
2026-05-21 07:53:31,2026-05-21,2,乒乓球厅-14号,08:00-09:00,0,1,可预约,￥0.0,晴,17,12,5,0.0,86,29
2026-05-21 07:56:31,2026-05-21,2,乒乓球厅-14号,08:00-09:00,0,1,可预约,￥0.0,晴,17,12,5,0.0,86,29
2026-05-21 07:59:26,2026-05-21,2,乒乓球厅-14号,08:00-09:00,0,1,可预约,￥0.0,晴,17,12,5,0.0,86,29
2026-05-21 00:30:49,2026-05-21,2,乒乓球厅-14号,09:00-10:00,0,1,可预约,￥5.0,多云,15,13,3,0.0,100,26
2026-05-21 01:00:55,2026-05-21,2,乒乓球厅-14号,09:00-10:00,0,1,可预约,￥5.0,多云,15,12,4,0.0,100,26
2026-05-21 01:30:47,2026-05-21,2,乒乓球厅-14号,09:00-10:00,0,1,可预约,￥5.0,多云,15,13,4,0.0,100,28
2026-05-21 02:00:53,2026-05-21,2,乒乓球厅-14号,09:00-10:00,0,1,可预约,￥5.0,多云,15,12,4,0.0,100,28
2026-05-21 02:30:49,2026-05-21,2,乒乓球厅-14号,09:00-10:00,0,1,可预约,￥5.0,多云,15,14,3,0.0,100,29
2026-05-21 03:00:55,2026-05-21,2,乒乓球厅-14号,09:00-10:00,0,1,可预约,￥5.0,多云,15,12,4,0.0,100,29
2026-05-21 03:30:49,2026-05-21,2,乒乓球厅-14号,09:00-10:00,0,1,可预约,￥5.0,多云,15,14,3,0.0,100,30
2026-05-21 04:30:45,2026-05-21,2,乒乓球厅-14号,09:00-10:00,0,1,可预约,￥5.0,多云,15,12,4,0.0,100,29
2026-05-21 05:00:52,2026-05-21,2,乒乓球厅-14号,09:00-10:00,0,1,可预约,￥5.0,多云,15,12,4,0.0,100,29
2026-05-21 05:30:49,2026-05-21,2,乒乓球厅-14号,09:00-10:00,0,1,可预约,￥5.0,多云,15,13,3,0.0,100,28
2026-05-21 06:00:50,2026-05-21,2,乒乓球厅-14号,09:00-10:00,0,1,可预约,￥5.0,多云,15,13,4,0.0,99,28
2026-05-21 06:30:38,2026-05-21,2,乒乓球厅-14号,09:00-10:00,0,1,可预约,￥5.0,多云,15,13,3,0.0,97,28
2026-05-21 07:00:43,2026-05-21,2,乒乓球厅-14号,09:00-10:00,0,1,可预约,￥5.0,晴,15,11,5,0.0,93,28
2026-05-21 07:30:39,2026-05-21,2,乒乓球厅-14号,09:00-10:00,0,1,可预约,￥5.0,晴,17,13,4,0.0,89,29
2026-05-21 07:50:40,2026-05-21,2,乒乓球厅-14号,09:00-10:00,0,1,可预约,￥5.0,晴,17,13,4,0.0,88,29
2026-05-21 07:53:31,2026-05-21,2,乒乓球厅-14号,09:00-10:00,0,1,可预约,￥5.0,晴,17,12,5,0.0,86,29
2026-05-21 07:56:31,2026-05-21,2,乒乓球厅-14号,09:00-10:00,0,1,可预约,￥5.0,晴,17,12,5,0.0,86,29
2026-05-21 07:59:26,2026-05-21,2,乒乓球厅-14号,09:00-10:00,0,1,可预约,￥5.0,晴,17,12,5,0.0,86,29
2026-05-21 00:30:49,2026-05-21,2,乒乓球厅-14号,10:00-11:00,1,1,已售/已满,教学时间,多云,15,13,3,0.0,100,26
2026-05-21 01:00:55,2026-05-21,2,乒乓球厅-14号,10:00-11:00,1,1,已售/已满,教学时间,多云,15,12,4,0.0,100,26
2026-05-21 01:30:47,2026-05-21,2,乒乓球厅-14号,10:00-11:00,1,1,已售/已满,教学时间,多云,15,13,4,0.0,100,28
2026-05-21 02:00:53,2026-05-21,2,乒乓球厅-14号,10:00-11:00,1,1,已售/已满,教学时间,多云,15,12,4,0.0,100,28
2026-05-21 02:30:49,2026-05-21,2,乒乓球厅-14号,10:00-11:00,1,1,已售/已满,教学时间,多云,15,14,3,0.0,100,29
2026-05-21 03:00:55,2026-05-21,2,乒乓球厅-14号,10:00-11:00,1,1,已售/已满,教学时间,多云,15,12,4,0.0,100,29
2026-05-21 03:30:49,2026-05-21,2,乒乓球厅-14号,10:00-11:00,1,1,已售/已满,教学时间,多云,15,14,3,0.0,100,30
2026-05-21 04:30:45,2026-05-21,2,乒乓球厅-14号,10:00-11:00,1,1,已售/已满,教学时间,多云,15,12,4,0.0,100,29
2026-05-21 05:00:52,2026-05-21,2,乒乓球厅-14号,10:00-11:00,1,1,已售/已满,教学时间,多云,15,12,4,0.0,100,29
2026-05-21 05:30:49,2026-05-21,2,乒乓球厅-14号,10:00-11:00,1,1,已售/已满,教学时间,多云,15,13,3,0.0,100,28
2026-05-21 06:00:50,2026-05-21,2,乒乓球厅-14号,10:00-11:00,1,1,已售/已满,教学时间,多云,15,13,4,0.0,99,28
2026-05-21 06:30:38,2026-05-21,2,乒乓球厅-14号,10:00-11:00,1,1,已售/已满,教学时间,多云,15,13,3,0.0,97,28
2026-05-21 07:00:43,2026-05-21,2,乒乓球厅-14号,10:00-11:00,1,1,已售/已满,教学时间,晴,15,11,5,0.0,93,28
2026-05-21 07:30:39,2026-05-21,2,乒乓球厅-14号,10:00-11:00,1,1,已售/已满,教学时间,晴,17,13,4,0.0,89,29
2026-05-21 07:50:40,2026-05-21,2,乒乓球厅-14号,10:00-11:00,1,1,已售/已满,教学时间,晴,17,13,4,0.0,88,29
2026-05-21 07:53:31,2026-05-21,2,乒乓球厅-14号,10:00-11:00,1,1,已售/已满,教学时间,晴,17,12,5,0.0,86,29
2026-05-21 07:56:31,2026-05-21,2,乒乓球厅-14号,10:00-11:00,1,1,已售/已满,教学时间,晴,17,12,5,0.0,86,29
2026-05-21 07:59:26,2026-05-21,2,乒乓球厅-14号,10:00-11:00,1,1,已售/已满,教学时间,晴,17,12,5,0.0,86,29
2026-05-21 00:30:49,2026-05-21,2,乒乓球厅-14号,11:00-12:00,1,1,已售/已满,教学时间,多云,15,13,3,0.0,100,26
2026-05-21 01:00:55,2026-05-21,2,乒乓球厅-14号,11:00-12:00,1,1,已售/已满,教学时间,多云,15,12,4,0.0,100,26
2026-05-21 01:30:47,2026-05-21,2,乒乓球厅-14号,11:00-12:00,1,1,已售/已满,教学时间,多云,15,13,4,0.0,100,28
2026-05-21 02:00:53,2026-05-21,2,乒乓球厅-14号,11:00-12:00,1,1,已售/已满,教学时间,多云,15,12,4,0.0,100,28
2026-05-21 02:30:49,2026-05-21,2,乒乓球厅-14号,11:00-12:00,1,1,已售/已满,教学时间,多云,15,14,3,0.0,100,29
2026-05-21 03:00:55,2026-05-21,2,乒乓球厅-14号,11:00-12:00,1,1,已售/已满,教学时间,多云,15,12,4,0.0,100,29
2026-05-21 03:30:49,2026-05-21,2,乒乓球厅-14号,11:00-12:00,1,1,已售/已满,教学时间,多云,15,14,3,0.0,100,30
2026-05-21 04:30:45,2026-05-21,2,乒乓球厅-14号,11:00-12:00,1,1,已售/已满,教学时间,多云,15,12,4,0.0,100,29
2026-05-21 05:00:52,2026-05-21,2,乒乓球厅-14号,11:00-12:00,1,1,已售/已满,教学时间,多云,15,12,4,0.0,100,29
2026-05-21 05:30:49,2026-05-21,2,乒乓球厅-14号,11:00-12:00,1,1,已售/已满,教学时间,多云,15,13,3,0.0,100,28
2026-05-21 06:00:50,2026-05-21,2,乒乓球厅-14号,11:00-12:00,1,1,已售/已满,教学时间,多云,15,13,4,0.0,99,28
2026-05-21 06:30:38,2026-05-21,2,乒乓球厅-14号,11:00-12:00,1,1,已售/已满,教学时间,多云,15,13,3,0.0,97,28
2026-05-21 07:00:43,2026-05-21,2,乒乓球厅-14号,11:00-12:00,1,1,已售/已满,教学时间,晴,15,11,5,0.0,93,28
2026-05-21 07:30:39,2026-05-21,2,乒乓球厅-14号,11:00-12:00,1,1,已售/已满,教学时间,晴,17,13,4,0.0,89,29
2026-05-21 07:50:40,2026-05-21,2,乒乓球厅-14号,11:00-12:00,1,1,已售/已满,教学时间,晴,17,13,4,0.0,88,29
2026-05-21 07:53:31,2026-05-21,2,乒乓球厅-14号,11:00-12:00,1,1,已售/已满,教学时间,晴,17,12,5,0.0,86,29
2026-05-21 07:56:31,2026-05-21,2,乒乓球厅-14号,11:00-12:00,1,1,已售/已满,教学时间,晴,17,12,5,0.0,86,29
2026-05-21 07:59:26,2026-05-21,2,乒乓球厅-14号,11:00-12:00,1,1,已售/已满,教学时间,晴,17,12,5,0.0,86,29
2026-05-21 00:30:49,2026-05-21,2,乒乓球厅-14号,12:00-12:55,0,1,可预约,￥0.0,多云,15,13,3,0.0,100,26
2026-05-21 01:00:55,2026-05-21,2,乒乓球厅-14号,12:00-12:55,0,1,可预约,￥0.0,多云,15,12,4,0.0,100,26
2026-05-21 01:30:47,2026-05-21,2,乒乓球厅-14号,12:00-12:55,0,1,可预约,￥0.0,多云,15,13,4,0.0,100,28
2026-05-21 02:00:53,2026-05-21,2,乒乓球厅-14号,12:00-12:55,0,1,可预约,￥0.0,多云,15,12,4,0.0,100,28
2026-05-21 02:30:49,2026-05-21,2,乒乓球厅-14号,12:00-12:55,0,1,可预约,￥0.0,多云,15,14,3,0.0,100,29
2026-05-21 03:00:55,2026-05-21,2,乒乓球厅-14号,12:00-12:55,0,1,可预约,￥0.0,多云,15,12,4,0.0,100,29
2026-05-21 03:30:49,2026-05-21,2,乒乓球厅-14号,12:00-12:55,0,1,可预约,￥0.0,多云,15,14,3,0.0,100,30
2026-05-21 04:30:45,2026-05-21,2,乒乓球厅-14号,12:00-12:55,0,1,可预约,￥0.0,多云,15,12,4,0.0,100,29
2026-05-21 05:00:52,2026-05-21,2,乒乓球厅-14号,12:00-12:55,0,1,可预约,￥0.0,多云,15,12,4,0.0,100,29
2026-05-21 05:30:49,2026-05-21,2,乒乓球厅-14号,12:00-12:55,0,1,可预约,￥0.0,多云,15,13,3,0.0,100,28
2026-05-21 06:00:50,2026-05-21,2,乒乓球厅-14号,12:00-12:55,0,1,可预约,￥0.0,多云,15,13,4,0.0,99,28
2026-05-21 06:30:38,2026-05-21,2,乒乓球厅-14号,12:00-12:55,0,1,可预约,￥0.0,多云,15,13,3,0.0,97,28
2026-05-21 07:00:43,2026-05-21,2,乒乓球厅-14号,12:00-12:55,0,1,可预约,￥0.0,晴,15,11,5,0.0,93,28
2026-05-21 07:30:39,2026-05-21,2,乒乓球厅-14号,12:00-12:55,0,1,可预约,￥0.0,晴,17,13,4,0.0,89,29
2026-05-21 07:50:40,2026-05-21,2,乒乓球厅-14号,12:00-12:55,0,1,可预约,￥0.0,晴,17,13,4,0.0,88,29
2026-05-21 07:53:31,2026-05-21,2,乒乓球厅-14号,12:00-12:55,0,1,可预约,￥0.0,晴,17,12,5,0.0,86,29
2026-05-21 07:56:31,2026-05-21,2,乒乓球厅-14号,12:00-12:55,0,1,可预约,￥0.0,晴,17,12,5,0.0,86,29
2026-05-21 07:59:26,2026-05-21,2,乒乓球厅-14号,12:00-12:55,0,1,可预约,￥0.0,晴,17,12,5,0.0,86,29
2026-05-21 00:30:49,2026-05-21,2,乒乓球厅-14号,12:55-13:50,0,1,可预约,￥0.0,多云,15,13,3,0.0,100,26
2026-05-21 01:00:55,2026-05-21,2,乒乓球厅-14号,12:55-13:50,0,1,可预约,￥0.0,多云,15,12,4,0.0,100,26
2026-05-21 01:30:47,2026-05-21,2,乒乓球厅-14号,12:55-13:50,0,1,可预约,￥0.0,多云,15,13,4,0.0,100,28
2026-05-21 02:00:53,2026-05-21,2,乒乓球厅-14号,12:55-13:50,0,1,可预约,￥0.0,多云,15,12,4,0.0,100,28
2026-05-21 02:30:49,2026-05-21,2,乒乓球厅-14号,12:55-13:50,0,1,可预约,￥0.0,多云,15,14,3,0.0,100,29
2026-05-21 03:00:55,2026-05-21,2,乒乓球厅-14号,12:55-13:50,0,1,可预约,￥0.0,多云,15,12,4,0.0,100,29
2026-05-21 03:30:49,2026-05-21,2,乒乓球厅-14号,12:55-13:50,0,1,可预约,￥0.0,多云,15,14,3,0.0,100,30
2026-05-21 04:30:45,2026-05-21,2,乒乓球厅-14号,12:55-13:50,0,1,可预约,￥0.0,多云,15,12,4,0.0,100,29
2026-05-21 05:00:52,2026-05-21,2,乒乓球厅-14号,12:55-13:50,0,1,可预约,￥0.0,多云,15,12,4,0.0,100,29
2026-05-21 05:30:49,2026-05-21,2,乒乓球厅-14号,12:55-13:50,0,1,可预约,￥0.0,多云,15,13,3,0.0,100,28
2026-05-21 06:00:50,2026-05-21,2,乒乓球厅-14号,12:55-13:50,0,1,可预约,￥0.0,多云,15,13,4,0.0,99,28
2026-05-21 06:30:38,2026-05-21,2,乒乓球厅-14号,12:55-13:50,0,1,可预约,￥0.0,多云,15,13,3,0.0,97,28
2026-05-21 07:00:43,2026-05-21,2,乒乓球厅-14号,12:55-13:50,0,1,可预约,￥0.0,晴,15,11,5,0.0,93,28
2026-05-21 07:30:39,2026-05-21,2,乒乓球厅-14号,12:55-13:50,0,1,可预约,￥0.0,晴,17,13,4,0.0,89,29
2026-05-21 07:50:40,2026-05-21,2,乒乓球厅-14号,12:55-13:50,0,1,可预约,￥0.0,晴,17,13,4,0.0,88,29
2026-05-21 07:53:31,2026-05-21,2,乒乓球厅-14号,12:55-13:50,0,1,可预约,￥0.0,晴,17,12,5,0.0,86,29
2026-05-21 07:56:31,2026-05-21,2,乒乓球厅-14号,12:55-13:50,0,1,可预约,￥0.0,晴,17,12,5,0.0,86,29
2026-05-21 07:59:26,2026-05-21,2,乒乓球厅-14号,12:55-13:50,0,1,可预约,￥0.0,晴,17,12,5,0.0,86,29
2026-05-21 00:30:49,2026-05-21,2,乒乓球厅-14号,14:00-15:00,0,1,可预约,￥5.0,多云,15,13,3,0.0,100,26
2026-05-21 01:00:55,2026-05-21,2,乒乓球厅-14号,14:00-15:00,0,1,可预约,￥5.0,多云,15,12,4,0.0,100,26
2026-05-21 01:30:47,2026-05-21,2,乒乓球厅-14号,14:00-15:00,0,1,可预约,￥5.0,多云,15,13,4,0.0,100,28
2026-05-21 02:00:53,2026-05-21,2,乒乓球厅-14号,14:00-15:00,0,1,可预约,￥5.0,多云,15,12,4,0.0,100,28
2026-05-21 02:30:49,2026-05-21,2,乒乓球厅-14号,14:00-15:00,0,1,可预约,￥5.0,多云,15,14,3,0.0,100,29
2026-05-21 03:00:55,2026-05-21,2,乒乓球厅-14号,14:00-15:00,0,1,可预约,￥5.0,多云,15,12,4,0.0,100,29
2026-05-21 03:30:49,2026-05-21,2,乒乓球厅-14号,14:00-15:00,0,1,可预约,￥5.0,多云,15,14,3,0.0,100,30
2026-05-21 04:30:45,2026-05-21,2,乒乓球厅-14号,14:00-15:00,0,1,可预约,￥5.0,多云,15,12,4,0.0,100,29
2026-05-21 05:00:52,2026-05-21,2,乒乓球厅-14号,14:00-15:00,0,1,可预约,￥5.0,多云,15,12,4,0.0,100,29
2026-05-21 05:30:49,2026-05-21,2,乒乓球厅-14号,14:00-15:00,0,1,可预约,￥5.0,多云,15,13,3,0.0,100,28
2026-05-21 06:00:50,2026-05-21,2,乒乓球厅-14号,14:00-15:00,0,1,可预约,￥5.0,多云,15,13,4,0.0,99,28
2026-05-21 06:30:38,2026-05-21,2,乒乓球厅-14号,14:00-15:00,0,1,可预约,￥5.0,多云,15,13,3,0.0,97,28
2026-05-21 07:00:43,2026-05-21,2,乒乓球厅-14号,14:00-15:00,0,1,可预约,￥5.0,晴,15,11,5,0.0,93,28
2026-05-21 07:30:39,2026-05-21,2,乒乓球厅-14号,14:00-15:00,0,1,可预约,￥5.0,晴,17,13,4,0.0,89,29
2026-05-21 07:50:40,2026-05-21,2,乒乓球厅-14号,14:00-15:00,0,1,可预约,￥5.0,晴,17,13,4,0.0,88,29
2026-05-21 07:53:31,2026-05-21,2,乒乓球厅-14号,14:00-15:00,0,1,可预约,￥5.0,晴,17,12,5,0.0,86,29
2026-05-21 07:56:31,2026-05-21,2,乒乓球厅-14号,14:00-15:00,0,1,可预约,￥5.0,晴,17,12,5,0.0,86,29
2026-05-21 07:59:26,2026-05-21,2,乒乓球厅-14号,14:00-15:00,0,1,可预约,￥5.0,晴,17,12,5,0.0,86,29
2026-05-21 00:30:49,2026-05-21,2,乒乓球厅-14号,15:00-16:00,0,1,可预约,￥5.0,多云,15,13,3,0.0,100,26
2026-05-21 01:00:55,2026-05-21,2,乒乓球厅-14号,15:00-16:00,0,1,可预约,￥5.0,多云,15,12,4,0.0,100,26
2026-05-21 01:30:47,2026-05-21,2,乒乓球厅-14号,15:00-16:00,0,1,可预约,￥5.0,多云,15,13,4,0.0,100,28
2026-05-21 02:00:53,2026-05-21,2,乒乓球厅-14号,15:00-16:00,0,1,可预约,￥5.0,多云,15,12,4,0.0,100,28
2026-05-21 02:30:49,2026-05-21,2,乒乓球厅-14号,15:00-16:00,0,1,可预约,￥5.0,多云,15,14,3,0.0,100,29
2026-05-21 03:00:55,2026-05-21,2,乒乓球厅-14号,15:00-16:00,0,1,可预约,￥5.0,多云,15,12,4,0.0,100,29
2026-05-21 03:30:49,2026-05-21,2,乒乓球厅-14号,15:00-16:00,0,1,可预约,￥5.0,多云,15,14,3,0.0,100,30
2026-05-21 04:30:45,2026-05-21,2,乒乓球厅-14号,15:00-16:00,0,1,可预约,￥5.0,多云,15,12,4,0.0,100,29
2026-05-21 05:00:52,2026-05-21,2,乒乓球厅-14号,15:00-16:00,0,1,可预约,￥5.0,多云,15,12,4,0.0,100,29
2026-05-21 05:30:49,2026-05-21,2,乒乓球厅-14号,15:00-16:00,0,1,可预约,￥5.0,多云,15,13,3,0.0,100,28
2026-05-21 06:00:50,2026-05-21,2,乒乓球厅-14号,15:00-16:00,0,1,可预约,￥5.0,多云,15,13,4,0.0,99,28
2026-05-21 06:30:38,2026-05-21,2,乒乓球厅-14号,15:00-16:00,0,1,可预约,￥5.0,多云,15,13,3,0.0,97,28
2026-05-21 07:00:43,2026-05-21,2,乒乓球厅-14号,15:00-16:00,0,1,可预约,￥5.0,晴,15,11,5,0.0,93,28
2026-05-21 07:30:39,2026-05-21,2,乒乓球厅-14号,15:00-16:00,0,1,可预约,￥5.0,晴,17,13,4,0.0,89,29
2026-05-21 07:50:40,2026-05-21,2,乒乓球厅-14号,15:00-16:00,0,1,可预约,￥5.0,晴,17,13,4,0.0,88,29
2026-05-21 07:53:31,2026-05-21,2,乒乓球厅-14号,15:00-16:00,0,1,可预约,￥5.0,晴,17,12,5,0.0,86,29
2026-05-21 07:56:31,2026-05-21,2,乒乓球厅-14号,15:00-16:00,0,1,可预约,￥5.0,晴,17,12,5,0.0,86,29
2026-05-21 07:59:26,2026-05-21,2,乒乓球厅-14号,15:00-16:00,0,1,可预约,￥5.0,晴,17,12,5,0.0,86,29
2026-05-21 00:30:49,2026-05-21,2,乒乓球厅-14号,16:00-17:00,0,1,可预约,￥5.0,多云,15,13,3,0.0,100,26
2026-05-21 01:00:55,2026-05-21,2,乒乓球厅-14号,16:00-17:00,0,1,可预约,￥5.0,多云,15,12,4,0.0,100,26
2026-05-21 01:30:47,2026-05-21,2,乒乓球厅-14号,16:00-17:00,0,1,可预约,￥5.0,多云,15,13,4,0.0,100,28
2026-05-21 02:00:53,2026-05-21,2,乒乓球厅-14号,16:00-17:00,0,1,可预约,￥5.0,多云,15,12,4,0.0,100,28
2026-05-21 02:30:49,2026-05-21,2,乒乓球厅-14号,16:00-17:00,0,1,可预约,￥5.0,多云,15,14,3,0.0,100,29
2026-05-21 03:00:55,2026-05-21,2,乒乓球厅-14号,16:00-17:00,0,1,可预约,￥5.0,多云,15,12,4,0.0,100,29
2026-05-21 03:30:49,2026-05-21,2,乒乓球厅-14号,16:00-17:00,0,1,可预约,￥5.0,多云,15,14,3,0.0,100,30
2026-05-21 04:30:45,2026-05-21,2,乒乓球厅-14号,16:00-17:00,0,1,可预约,￥5.0,多云,15,12,4,0.0,100,29
2026-05-21 05:00:52,2026-05-21,2,乒乓球厅-14号,16:00-17:00,0,1,可预约,￥5.0,多云,15,12,4,0.0,100,29
2026-05-21 05:30:49,2026-05-21,2,乒乓球厅-14号,16:00-17:00,0,1,可预约,￥5.0,多云,15,13,3,0.0,100,28
2026-05-21 06:00:50,2026-05-21,2,乒乓球厅-14号,16:00-17:00,0,1,可预约,￥5.0,多云,15,13,4,0.0,99,28
2026-05-21 06:30:38,2026-05-21,2,乒乓球厅-14号,16:00-17:00,0,1,可预约,￥5.0,多云,15,13,3,0.0,97,28
2026-05-21 07:00:43,2026-05-21,2,乒乓球厅-14号,16:00-17:00,0,1,可预约,￥5.0,晴,15,11,5,0.0,93,28
2026-05-21 07:30:39,2026-05-21,2,乒乓球厅-14号,16:00-17:00,0,1,可预约,￥5.0,晴,17,13,4,0.0,89,29
2026-05-21 07:50:40,2026-05-21,2,乒乓球厅-14号,16:00-17:00,0,1,可预约,￥5.0,晴,17,13,4,0.0,88,29
2026-05-21 07:53:31,2026-05-21,2,乒乓球厅-14号,16:00-17:00,0,1,可预约,￥5.0,晴,17,12,5,0.0,86,29
2026-05-21 07:56:31,2026-05-21,2,乒乓球厅-14号,16:00-17:00,0,1,可预约,￥5.0,晴,17,12,5,0.0,86,29
2026-05-21 07:59:26,2026-05-21,2,乒乓球厅-14号,16:00-17:00,0,1,可预约,￥5.0,晴,17,12,5,0.0,86,29
2026-05-21 00:30:49,2026-05-21,2,乒乓球厅-14号,17:00-18:00,0,1,可预约,￥5.0,多云,15,13,3,0.0,100,26
2026-05-21 01:00:55,2026-05-21,2,乒乓球厅-14号,17:00-18:00,0,1,可预约,￥5.0,多云,15,12,4,0.0,100,26
2026-05-21 01:30:47,2026-05-21,2,乒乓球厅-14号,17:00-18:00,0,1,可预约,￥5.0,多云,15,13,4,0.0,100,28
2026-05-21 02:00:53,2026-05-21,2,乒乓球厅-14号,17:00-18:00,0,1,可预约,￥5.0,多云,15,12,4,0.0,100,28
2026-05-21 02:30:49,2026-05-21,2,乒乓球厅-14号,17:00-18:00,0,1,可预约,￥5.0,多云,15,14,3,0.0,100,29
2026-05-21 03:00:55,2026-05-21,2,乒乓球厅-14号,17:00-18:00,0,1,可预约,￥5.0,多云,15,12,4,0.0,100,29
2026-05-21 03:30:49,2026-05-21,2,乒乓球厅-14号,17:00-18:00,0,1,可预约,￥5.0,多云,15,14,3,0.0,100,30
2026-05-21 04:30:45,2026-05-21,2,乒乓球厅-14号,17:00-18:00,0,1,可预约,￥5.0,多云,15,12,4,0.0,100,29
2026-05-21 05:00:52,2026-05-21,2,乒乓球厅-14号,17:00-18:00,0,1,可预约,￥5.0,多云,15,12,4,0.0,100,29
2026-05-21 05:30:49,2026-05-21,2,乒乓球厅-14号,17:00-18:00,0,1,可预约,￥5.0,多云,15,13,3,0.0,100,28
2026-05-21 06:00:50,2026-05-21,2,乒乓球厅-14号,17:00-18:00,0,1,可预约,￥5.0,多云,15,13,4,0.0,99,28
2026-05-21 06:30:38,2026-05-21,2,乒乓球厅-14号,17:00-18:00,0,1,可预约,￥5.0,多云,15,13,3,0.0,97,28
2026-05-21 07:00:43,2026-05-21,2,乒乓球厅-14号,17:00-18:00,0,1,可预约,￥5.0,晴,15,11,5,0.0,93,28
2026-05-21 07:30:39,2026-05-21,2,乒乓球厅-14号,17:00-18:00,0,1,可预约,￥5.0,晴,17,13,4,0.0,89,29
2026-05-21 07:50:40,2026-05-21,2,乒乓球厅-14号,17:00-18:00,0,1,可预约,￥5.0,晴,17,13,4,0.0,88,29
2026-05-21 07:53:31,2026-05-21,2,乒乓球厅-14号,17:00-18:00,0,1,可预约,￥5.0,晴,17,12,5,0.0,86,29
2026-05-21 07:56:31,2026-05-21,2,乒乓球厅-14号,17:00-18:00,0,1,可预约,￥5.0,晴,17,12,5,0.0,86,29
2026-05-21 07:59:26,2026-05-21,2,乒乓球厅-14号,17:00-18:00,0,1,可预约,￥5.0,晴,17,12,5,0.0,86,29
2026-05-21 00:30:49,2026-05-21,2,乒乓球厅-14号,18:30-19:30,0,1,可预约,￥5.0,多云,15,13,3,0.0,100,26
2026-05-21 01:00:55,2026-05-21,2,乒乓球厅-14号,18:30-19:30,0,1,可预约,￥5.0,多云,15,12,4,0.0,100,26
2026-05-21 01:30:47,2026-05-21,2,乒乓球厅-14号,18:30-19:30,0,1,可预约,￥5.0,多云,15,13,4,0.0,100,28
2026-05-21 02:00:53,2026-05-21,2,乒乓球厅-14号,18:30-19:30,0,1,可预约,￥5.0,多云,15,12,4,0.0,100,28
2026-05-21 02:30:49,2026-05-21,2,乒乓球厅-14号,18:30-19:30,0,1,可预约,￥5.0,多云,15,14,3,0.0,100,29
2026-05-21 03:00:55,2026-05-21,2,乒乓球厅-14号,18:30-19:30,0,1,可预约,￥5.0,多云,15,12,4,0.0,100,29
2026-05-21 03:30:49,2026-05-21,2,乒乓球厅-14号,18:30-19:30,0,1,可预约,￥5.0,多云,15,14,3,0.0,100,30
2026-05-21 04:30:45,2026-05-21,2,乒乓球厅-14号,18:30-19:30,0,1,可预约,￥5.0,多云,15,12,4,0.0,100,29
2026-05-21 05:00:52,2026-05-21,2,乒乓球厅-14号,18:30-19:30,0,1,可预约,￥5.0,多云,15,12,4,0.0,100,29
2026-05-21 05:30:49,2026-05-21,2,乒乓球厅-14号,18:30-19:30,0,1,可预约,￥5.0,多云,15,13,3,0.0,100,28
2026-05-21 06:00:50,2026-05-21,2,乒乓球厅-14号,18:30-19:30,0,1,可预约,￥5.0,多云,15,13,4,0.0,99,28
2026-05-21 06:30:38,2026-05-21,2,乒乓球厅-14号,18:30-19:30,0,1,可预约,￥5.0,多云,15,13,3,0.0,97,28
2026-05-21 07:00:43,2026-05-21,2,乒乓球厅-14号,18:30-19:30,0,1,可预约,￥5.0,晴,15,11,5,0.0,93,28
2026-05-21 07:30:39,2026-05-21,2,乒乓球厅-14号,18:30-19:30,0,1,可预约,￥5.0,晴,17,13,4,0.0,89,29
2026-05-21 07:50:40,2026-05-21,2,乒乓球厅-14号,18:30-19:30,0,1,可预约,￥5.0,晴,17,13,4,0.0,88,29
2026-05-21 07:53:31,2026-05-21,2,乒乓球厅-14号,18:30-19:30,0,1,可预约,￥5.0,晴,17,12,5,0.0,86,29
2026-05-21 07:56:31,2026-05-21,2,乒乓球厅-14号,18:30-19:30,0,1,可预约,￥5.0,晴,17,12,5,0.0,86,29
2026-05-21 07:59:26,2026-05-21,2,乒乓球厅-14号,18:30-19:30,0,1,可预约,￥5.0,晴,17,12,5,0.0,86,29
2026-05-21 00:30:49,2026-05-21,2,乒乓球厅-14号,19:30-20:30,0,1,可预约,￥5.0,多云,15,13,3,0.0,100,26
2026-05-21 01:00:55,2026-05-21,2,乒乓球厅-14号,19:30-20:30,0,1,可预约,￥5.0,多云,15,12,4,0.0,100,26
2026-05-21 01:30:47,2026-05-21,2,乒乓球厅-14号,19:30-20:30,0,1,可预约,￥5.0,多云,15,13,4,0.0,100,28
2026-05-21 02:00:53,2026-05-21,2,乒乓球厅-14号,19:30-20:30,0,1,可预约,￥5.0,多云,15,12,4,0.0,100,28
2026-05-21 02:30:49,2026-05-21,2,乒乓球厅-14号,19:30-20:30,0,1,可预约,￥5.0,多云,15,14,3,0.0,100,29
2026-05-21 03:00:55,2026-05-21,2,乒乓球厅-14号,19:30-20:30,0,1,可预约,￥5.0,多云,15,12,4,0.0,100,29
2026-05-21 03:30:49,2026-05-21,2,乒乓球厅-14号,19:30-20:30,0,1,可预约,￥5.0,多云,15,14,3,0.0,100,30
2026-05-21 04:30:45,2026-05-21,2,乒乓球厅-14号,19:30-20:30,0,1,可预约,￥5.0,多云,15,12,4,0.0,100,29
2026-05-21 05:00:52,2026-05-21,2,乒乓球厅-14号,19:30-20:30,0,1,可预约,￥5.0,多云,15,12,4,0.0,100,29
2026-05-21 05:30:49,2026-05-21,2,乒乓球厅-14号,19:30-20:30,0,1,可预约,￥5.0,多云,15,13,3,0.0,100,28
2026-05-21 06:00:50,2026-05-21,2,乒乓球厅-14号,19:30-20:30,0,1,可预约,￥5.0,多云,15,13,4,0.0,99,28
2026-05-21 06:30:38,2026-05-21,2,乒乓球厅-14号,19:30-20:30,0,1,可预约,￥5.0,多云,15,13,3,0.0,97,28
2026-05-21 07:00:43,2026-05-21,2,乒乓球厅-14号,19:30-20:30,0,1,可预约,￥5.0,晴,15,11,5,0.0,93,28
2026-05-21 07:30:39,2026-05-21,2,乒乓球厅-14号,19:30-20:30,0,1,可预约,￥5.0,晴,17,13,4,0.0,89,29
2026-05-21 07:50:40,2026-05-21,2,乒乓球厅-14号,19:30-20:30,0,1,可预约,￥5.0,晴,17,13,4,0.0,88,29
2026-05-21 07:53:31,2026-05-21,2,乒乓球厅-14号,19:30-20:30,0,1,可预约,￥5.0,晴,17,12,5,0.0,86,29
2026-05-21 07:56:31,2026-05-21,2,乒乓球厅-14号,19:30-20:30,0,1,可预约,￥5.0,晴,17,12,5,0.0,86,29
2026-05-21 07:59:26,2026-05-21,2,乒乓球厅-14号,19:30-20:30,0,1,可预约,￥5.0,晴,17,12,5,0.0,86,29
2026-05-21 00:30:49,2026-05-21,2,乒乓球厅-14号,20:30-21:30,0,1,可预约,￥5.0,多云,15,13,3,0.0,100,26
2026-05-21 01:00:55,2026-05-21,2,乒乓球厅-14号,20:30-21:30,0,1,可预约,￥5.0,多云,15,12,4,0.0,100,26
2026-05-21 01:30:47,2026-05-21,2,乒乓球厅-14号,20:30-21:30,0,1,可预约,￥5.0,多云,15,13,4,0.0,100,28
2026-05-21 02:00:53,2026-05-21,2,乒乓球厅-14号,20:30-21:30,0,1,可预约,￥5.0,多云,15,12,4,0.0,100,28
2026-05-21 02:30:49,2026-05-21,2,乒乓球厅-14号,20:30-21:30,0,1,可预约,￥5.0,多云,15,14,3,0.0,100,29
2026-05-21 03:00:55,2026-05-21,2,乒乓球厅-14号,20:30-21:30,0,1,可预约,￥5.0,多云,15,12,4,0.0,100,29
2026-05-21 03:30:49,2026-05-21,2,乒乓球厅-14号,20:30-21:30,0,1,可预约,￥5.0,多云,15,14,3,0.0,100,30
2026-05-21 04:30:45,2026-05-21,2,乒乓球厅-14号,20:30-21:30,0,1,可预约,￥5.0,多云,15,12,4,0.0,100,29
2026-05-21 05:00:52,2026-05-21,2,乒乓球厅-14号,20:30-21:30,0,1,可预约,￥5.0,多云,15,12,4,0.0,100,29
2026-05-21 05:30:49,2026-05-21,2,乒乓球厅-14号,20:30-21:30,0,1,可预约,￥5.0,多云,15,13,3,0.0,100,28
2026-05-21 06:00:50,2026-05-21,2,乒乓球厅-14号,20:30-21:30,0,1,可预约,￥5.0,多云,15,13,4,0.0,99,28
2026-05-21 06:30:38,2026-05-21,2,乒乓球厅-14号,20:30-21:30,0,1,可预约,￥5.0,多云,15,13,3,0.0,97,28
2026-05-21 07:00:43,2026-05-21,2,乒乓球厅-14号,20:30-21:30,0,1,可预约,￥5.0,晴,15,11,5,0.0,93,28
2026-05-21 07:30:39,2026-05-21,2,乒乓球厅-14号,20:30-21:30,0,1,可预约,￥5.0,晴,17,13,4,0.0,89,29
2026-05-21 07:50:40,2026-05-21,2,乒乓球厅-14号,20:30-21:30,0,1,可预约,￥5.0,晴,17,13,4,0.0,88,29
2026-05-21 07:53:31,2026-05-21,2,乒乓球厅-14号,20:30-21:30,0,1,可预约,￥5.0,晴,17,12,5,0.0,86,29
2026-05-21 07:56:31,2026-05-21,2,乒乓球厅-14号,20:30-21:30,0,1,可预约,￥5.0,晴,17,12,5,0.0,86,29
2026-05-21 07:59:26,2026-05-21,2,乒乓球厅-14号,20:30-21:30,0,1,可预约,￥5.0,晴,17,12,5,0.0,86,29
2026-05-21 00:30:49,2026-05-21,2,乒乓球厅-15号,07:00-08:00,0,1,可预约,￥0.0,多云,15,13,3,0.0,100,26
2026-05-21 01:00:55,2026-05-21,2,乒乓球厅-15号,07:00-08:00,0,1,可预约,￥0.0,多云,15,12,4,0.0,100,26
2026-05-21 01:30:47,2026-05-21,2,乒乓球厅-15号,07:00-08:00,0,1,可预约,￥0.0,多云,15,13,4,0.0,100,28
2026-05-21 02:00:53,2026-05-21,2,乒乓球厅-15号,07:00-08:00,0,1,可预约,￥0.0,多云,15,12,4,0.0,100,28
2026-05-21 02:30:49,2026-05-21,2,乒乓球厅-15号,07:00-08:00,0,1,可预约,￥0.0,多云,15,14,3,0.0,100,29
2026-05-21 03:00:55,2026-05-21,2,乒乓球厅-15号,07:00-08:00,0,1,可预约,￥0.0,多云,15,12,4,0.0,100,29
2026-05-21 03:30:49,2026-05-21,2,乒乓球厅-15号,07:00-08:00,0,1,可预约,￥0.0,多云,15,14,3,0.0,100,30
2026-05-21 04:30:45,2026-05-21,2,乒乓球厅-15号,07:00-08:00,0,1,可预约,￥0.0,多云,15,12,4,0.0,100,29
2026-05-21 05:00:52,2026-05-21,2,乒乓球厅-15号,07:00-08:00,0,1,可预约,￥0.0,多云,15,12,4,0.0,100,29
2026-05-21 05:30:49,2026-05-21,2,乒乓球厅-15号,07:00-08:00,0,1,可预约,￥0.0,多云,15,13,3,0.0,100,28
2026-05-21 06:00:50,2026-05-21,2,乒乓球厅-15号,07:00-08:00,0,1,可预约,￥0.0,多云,15,13,4,0.0,99,28
2026-05-21 06:30:38,2026-05-21,2,乒乓球厅-15号,07:00-08:00,0,1,可预约,￥0.0,多云,15,13,3,0.0,97,28
2026-05-21 07:00:43,2026-05-21,2,乒乓球厅-15号,07:00-08:00,0,1,可预约,￥0.0,晴,15,11,5,0.0,93,28
2026-05-21 07:30:39,2026-05-21,2,乒乓球厅-15号,07:00-08:00,0,1,可预约,￥0.0,晴,17,13,4,0.0,89,29
2026-05-21 07:50:40,2026-05-21,2,乒乓球厅-15号,07:00-08:00,0,1,可预约,￥0.0,晴,17,13,4,0.0,88,29
2026-05-21 07:53:31,2026-05-21,2,乒乓球厅-15号,07:00-08:00,0,1,可预约,￥0.0,晴,17,12,5,0.0,86,29
2026-05-21 07:56:31,2026-05-21,2,乒乓球厅-15号,07:00-08:00,0,1,可预约,￥0.0,晴,17,12,5,0.0,86,29
2026-05-21 07:59:26,2026-05-21,2,乒乓球厅-15号,07:00-08:00,0,1,可预约,￥0.0,晴,17,12,5,0.0,86,29
2026-05-21 00:30:49,2026-05-21,2,乒乓球厅-15号,08:00-09:00,0,1,可预约,￥0.0,多云,15,13,3,0.0,100,26
2026-05-21 01:00:55,2026-05-21,2,乒乓球厅-15号,08:00-09:00,0,1,可预约,￥0.0,多云,15,12,4,0.0,100,26
2026-05-21 01:30:47,2026-05-21,2,乒乓球厅-15号,08:00-09:00,0,1,可预约,￥0.0,多云,15,13,4,0.0,100,28
2026-05-21 02:00:53,2026-05-21,2,乒乓球厅-15号,08:00-09:00,0,1,可预约,￥0.0,多云,15,12,4,0.0,100,28
2026-05-21 02:30:49,2026-05-21,2,乒乓球厅-15号,08:00-09:00,0,1,可预约,￥0.0,多云,15,14,3,0.0,100,29
2026-05-21 03:00:55,2026-05-21,2,乒乓球厅-15号,08:00-09:00,0,1,可预约,￥0.0,多云,15,12,4,0.0,100,29
2026-05-21 03:30:49,2026-05-21,2,乒乓球厅-15号,08:00-09:00,0,1,可预约,￥0.0,多云,15,14,3,0.0,100,30
2026-05-21 04:30:45,2026-05-21,2,乒乓球厅-15号,08:00-09:00,0,1,可预约,￥0.0,多云,15,12,4,0.0,100,29
2026-05-21 05:00:52,2026-05-21,2,乒乓球厅-15号,08:00-09:00,0,1,可预约,￥0.0,多云,15,12,4,0.0,100,29
2026-05-21 05:30:49,2026-05-21,2,乒乓球厅-15号,08:00-09:00,0,1,可预约,￥0.0,多云,15,13,3,0.0,100,28
2026-05-21 06:00:50,2026-05-21,2,乒乓球厅-15号,08:00-09:00,0,1,可预约,￥0.0,多云,15,13,4,0.0,99,28
2026-05-21 06:30:38,2026-05-21,2,乒乓球厅-15号,08:00-09:00,0,1,可预约,￥0.0,多云,15,13,3,0.0,97,28
2026-05-21 07:00:43,2026-05-21,2,乒乓球厅-15号,08:00-09:00,0,1,可预约,￥0.0,晴,15,11,5,0.0,93,28
2026-05-21 07:30:39,2026-05-21,2,乒乓球厅-15号,08:00-09:00,0,1,可预约,￥0.0,晴,17,13,4,0.0,89,29
2026-05-21 07:50:40,2026-05-21,2,乒乓球厅-15号,08:00-09:00,0,1,可预约,￥0.0,晴,17,13,4,0.0,88,29
2026-05-21 07:53:31,2026-05-21,2,乒乓球厅-15号,08:00-09:00,0,1,可预约,￥0.0,晴,17,12,5,0.0,86,29
2026-05-21 07:56:31,2026-05-21,2,乒乓球厅-15号,08:00-09:00,0,1,可预约,￥0.0,晴,17,12,5,0.0,86,29
2026-05-21 07:59:26,2026-05-21,2,乒乓球厅-15号,08:00-09:00,0,1,可预约,￥0.0,晴,17,12,5,0.0,86,29
2026-05-21 00:30:49,2026-05-21,2,乒乓球厅-15号,09:00-10:00,0,1,可预约,￥5.0,多云,15,13,3,0.0,100,26
2026-05-21 01:00:55,2026-05-21,2,乒乓球厅-15号,09:00-10:00,0,1,可预约,￥5.0,多云,15,12,4,0.0,100,26
2026-05-21 01:30:47,2026-05-21,2,乒乓球厅-15号,09:00-10:00,0,1,可预约,￥5.0,多云,15,13,4,0.0,100,28
2026-05-21 02:00:53,2026-05-21,2,乒乓球厅-15号,09:00-10:00,0,1,可预约,￥5.0,多云,15,12,4,0.0,100,28
2026-05-21 02:30:49,2026-05-21,2,乒乓球厅-15号,09:00-10:00,0,1,可预约,￥5.0,多云,15,14,3,0.0,100,29
2026-05-21 03:00:55,2026-05-21,2,乒乓球厅-15号,09:00-10:00,0,1,可预约,￥5.0,多云,15,12,4,0.0,100,29
2026-05-21 03:30:49,2026-05-21,2,乒乓球厅-15号,09:00-10:00,0,1,可预约,￥5.0,多云,15,14,3,0.0,100,30
2026-05-21 04:30:45,2026-05-21,2,乒乓球厅-15号,09:00-10:00,0,1,可预约,￥5.0,多云,15,12,4,0.0,100,29
2026-05-21 05:00:52,2026-05-21,2,乒乓球厅-15号,09:00-10:00,0,1,可预约,￥5.0,多云,15,12,4,0.0,100,29
2026-05-21 05:30:49,2026-05-21,2,乒乓球厅-15号,09:00-10:00,0,1,可预约,￥5.0,多云,15,13,3,0.0,100,28
2026-05-21 06:00:50,2026-05-21,2,乒乓球厅-15号,09:00-10:00,0,1,可预约,￥5.0,多云,15,13,4,0.0,99,28
2026-05-21 06:30:38,2026-05-21,2,乒乓球厅-15号,09:00-10:00,0,1,可预约,￥5.0,多云,15,13,3,0.0,97,28
2026-05-21 07:00:43,2026-05-21,2,乒乓球厅-15号,09:00-10:00,0,1,可预约,￥5.0,晴,15,11,5,0.0,93,28
2026-05-21 07:30:39,2026-05-21,2,乒乓球厅-15号,09:00-10:00,0,1,可预约,￥5.0,晴,17,13,4,0.0,89,29
2026-05-21 07:50:40,2026-05-21,2,乒乓球厅-15号,09:00-10:00,0,1,可预约,￥5.0,晴,17,13,4,0.0,88,29
2026-05-21 07:53:31,2026-05-21,2,乒乓球厅-15号,09:00-10:00,0,1,可预约,￥5.0,晴,17,12,5,0.0,86,29
2026-05-21 07:56:31,2026-05-21,2,乒乓球厅-15号,09:00-10:00,0,1,可预约,￥5.0,晴,17,12,5,0.0,86,29
2026-05-21 07:59:26,2026-05-21,2,乒乓球厅-15号,09:00-10:00,0,1,可预约,￥5.0,晴,17,12,5,0.0,86,29
2026-05-21 00:30:49,2026-05-21,2,乒乓球厅-15号,10:00-11:00,1,1,已售/已满,教学时间,多云,15,13,3,0.0,100,26
2026-05-21 01:00:55,2026-05-21,2,乒乓球厅-15号,10:00-11:00,1,1,已售/已满,教学时间,多云,15,12,4,0.0,100,26
2026-05-21 01:30:47,2026-05-21,2,乒乓球厅-15号,10:00-11:00,1,1,已售/已满,教学时间,多云,15,13,4,0.0,100,28
2026-05-21 02:00:53,2026-05-21,2,乒乓球厅-15号,10:00-11:00,1,1,已售/已满,教学时间,多云,15,12,4,0.0,100,28
2026-05-21 02:30:49,2026-05-21,2,乒乓球厅-15号,10:00-11:00,1,1,已售/已满,教学时间,多云,15,14,3,0.0,100,29
2026-05-21 03:00:55,2026-05-21,2,乒乓球厅-15号,10:00-11:00,1,1,已售/已满,教学时间,多云,15,12,4,0.0,100,29
2026-05-21 03:30:49,2026-05-21,2,乒乓球厅-15号,10:00-11:00,1,1,已售/已满,教学时间,多云,15,14,3,0.0,100,30
2026-05-21 04:30:45,2026-05-21,2,乒乓球厅-15号,10:00-11:00,1,1,已售/已满,教学时间,多云,15,12,4,0.0,100,29
2026-05-21 05:00:52,2026-05-21,2,乒乓球厅-15号,10:00-11:00,1,1,已售/已满,教学时间,多云,15,12,4,0.0,100,29
2026-05-21 05:30:49,2026-05-21,2,乒乓球厅-15号,10:00-11:00,1,1,已售/已满,教学时间,多云,15,13,3,0.0,100,28
2026-05-21 06:00:50,2026-05-21,2,乒乓球厅-15号,10:00-11:00,1,1,已售/已满,教学时间,多云,15,13,4,0.0,99,28
2026-05-21 06:30:38,2026-05-21,2,乒乓球厅-15号,10:00-11:00,1,1,已售/已满,教学时间,多云,15,13,3,0.0,97,28
2026-05-21 07:00:43,2026-05-21,2,乒乓球厅-15号,10:00-11:00,1,1,已售/已满,教学时间,晴,15,11,5,0.0,93,28
2026-05-21 07:30:39,2026-05-21,2,乒乓球厅-15号,10:00-11:00,1,1,已售/已满,教学时间,晴,17,13,4,0.0,89,29
2026-05-21 07:50:40,2026-05-21,2,乒乓球厅-15号,10:00-11:00,1,1,已售/已满,教学时间,晴,17,13,4,0.0,88,29
2026-05-21 07:53:31,2026-05-21,2,乒乓球厅-15号,10:00-11:00,1,1,已售/已满,教学时间,晴,17,12,5,0.0,86,29
2026-05-21 07:56:31,2026-05-21,2,乒乓球厅-15号,10:00-11:00,1,1,已售/已满,教学时间,晴,17,12,5,0.0,86,29
2026-05-21 07:59:26,2026-05-21,2,乒乓球厅-15号,10:00-11:00,1,1,已售/已满,教学时间,晴,17,12,5,0.0,86,29
2026-05-21 00:30:49,2026-05-21,2,乒乓球厅-15号,11:00-12:00,1,1,已售/已满,教学时间,多云,15,13,3,0.0,100,26
2026-05-21 01:00:55,2026-05-21,2,乒乓球厅-15号,11:00-12:00,1,1,已售/已满,教学时间,多云,15,12,4,0.0,100,26
2026-05-21 01:30:47,2026-05-21,2,乒乓球厅-15号,11:00-12:00,1,1,已售/已满,教学时间,多云,15,13,4,0.0,100,28
2026-05-21 02:00:53,2026-05-21,2,乒乓球厅-15号,11:00-12:00,1,1,已售/已满,教学时间,多云,15,12,4,0.0,100,28
2026-05-21 02:30:49,2026-05-21,2,乒乓球厅-15号,11:00-12:00,1,1,已售/已满,教学时间,多云,15,14,3,0.0,100,29
2026-05-21 03:00:55,2026-05-21,2,乒乓球厅-15号,11:00-12:00,1,1,已售/已满,教学时间,多云,15,12,4,0.0,100,29
2026-05-21 03:30:49,2026-05-21,2,乒乓球厅-15号,11:00-12:00,1,1,已售/已满,教学时间,多云,15,14,3,0.0,100,30
2026-05-21 04:30:45,2026-05-21,2,乒乓球厅-15号,11:00-12:00,1,1,已售/已满,教学时间,多云,15,12,4,0.0,100,29
2026-05-21 05:00:52,2026-05-21,2,乒乓球厅-15号,11:00-12:00,1,1,已售/已满,教学时间,多云,15,12,4,0.0,100,29
2026-05-21 05:30:49,2026-05-21,2,乒乓球厅-15号,11:00-12:00,1,1,已售/已满,教学时间,多云,15,13,3,0.0,100,28
2026-05-21 06:00:50,2026-05-21,2,乒乓球厅-15号,11:00-12:00,1,1,已售/已满,教学时间,多云,15,13,4,0.0,99,28
2026-05-21 06:30:38,2026-05-21,2,乒乓球厅-15号,11:00-12:00,1,1,已售/已满,教学时间,多云,15,13,3,0.0,97,28
2026-05-21 07:00:43,2026-05-21,2,乒乓球厅-15号,11:00-12:00,1,1,已售/已满,教学时间,晴,15,11,5,0.0,93,28
2026-05-21 07:30:39,2026-05-21,2,乒乓球厅-15号,11:00-12:00,1,1,已售/已满,教学时间,晴,17,13,4,0.0,89,29
2026-05-21 07:50:40,2026-05-21,2,乒乓球厅-15号,11:00-12:00,1,1,已售/已满,教学时间,晴,17,13,4,0.0,88,29
2026-05-21 07:53:31,2026-05-21,2,乒乓球厅-15号,11:00-12:00,1,1,已售/已满,教学时间,晴,17,12,5,0.0,86,29
2026-05-21 07:56:31,2026-05-21,2,乒乓球厅-15号,11:00-12:00,1,1,已售/已满,教学时间,晴,17,12,5,0.0,86,29
2026-05-21 07:59:26,2026-05-21,2,乒乓球厅-15号,11:00-12:00,1,1,已售/已满,教学时间,晴,17,12,5,0.0,86,29
2026-05-21 00:30:49,2026-05-21,2,乒乓球厅-15号,12:00-12:55,0,1,可预约,￥0.0,多云,15,13,3,0.0,100,26
2026-05-21 01:00:55,2026-05-21,2,乒乓球厅-15号,12:00-12:55,0,1,可预约,￥0.0,多云,15,12,4,0.0,100,26
2026-05-21 01:30:47,2026-05-21,2,乒乓球厅-15号,12:00-12:55,0,1,可预约,￥0.0,多云,15,13,4,0.0,100,28
2026-05-21 02:00:53,2026-05-21,2,乒乓球厅-15号,12:00-12:55,0,1,可预约,￥0.0,多云,15,12,4,0.0,100,28
2026-05-21 02:30:49,2026-05-21,2,乒乓球厅-15号,12:00-12:55,0,1,可预约,￥0.0,多云,15,14,3,0.0,100,29
2026-05-21 03:00:55,2026-05-21,2,乒乓球厅-15号,12:00-12:55,0,1,可预约,￥0.0,多云,15,12,4,0.0,100,29
2026-05-21 03:30:49,2026-05-21,2,乒乓球厅-15号,12:00-12:55,0,1,可预约,￥0.0,多云,15,14,3,0.0,100,30
2026-05-21 04:30:45,2026-05-21,2,乒乓球厅-15号,12:00-12:55,0,1,可预约,￥0.0,多云,15,12,4,0.0,100,29
2026-05-21 05:00:52,2026-05-21,2,乒乓球厅-15号,12:00-12:55,0,1,可预约,￥0.0,多云,15,12,4,0.0,100,29
2026-05-21 05:30:49,2026-05-21,2,乒乓球厅-15号,12:00-12:55,0,1,可预约,￥0.0,多云,15,13,3,0.0,100,28
2026-05-21 06:00:50,2026-05-21,2,乒乓球厅-15号,12:00-12:55,0,1,可预约,￥0.0,多云,15,13,4,0.0,99,28
2026-05-21 06:30:38,2026-05-21,2,乒乓球厅-15号,12:00-12:55,0,1,可预约,￥0.0,多云,15,13,3,0.0,97,28
2026-05-21 07:00:43,2026-05-21,2,乒乓球厅-15号,12:00-12:55,0,1,可预约,￥0.0,晴,15,11,5,0.0,93,28
2026-05-21 07:30:39,2026-05-21,2,乒乓球厅-15号,12:00-12:55,0,1,可预约,￥0.0,晴,17,13,4,0.0,89,29
2026-05-21 07:50:40,2026-05-21,2,乒乓球厅-15号,12:00-12:55,0,1,可预约,￥0.0,晴,17,13,4,0.0,88,29
2026-05-21 07:53:31,2026-05-21,2,乒乓球厅-15号,12:00-12:55,0,1,可预约,￥0.0,晴,17,12,5,0.0,86,29
2026-05-21 07:56:31,2026-05-21,2,乒乓球厅-15号,12:00-12:55,0,1,可预约,￥0.0,晴,17,12,5,0.0,86,29
2026-05-21 07:59:26,2026-05-21,2,乒乓球厅-15号,12:00-12:55,0,1,可预约,￥0.0,晴,17,12,5,0.0,86,29
2026-05-21 00:30:49,2026-05-21,2,乒乓球厅-15号,12:55-13:50,0,1,可预约,￥0.0,多云,15,13,3,0.0,100,26
2026-05-21 01:00:55,2026-05-21,2,乒乓球厅-15号,12:55-13:50,0,1,可预约,￥0.0,多云,15,12,4,0.0,100,26
2026-05-21 01:30:47,2026-05-21,2,乒乓球厅-15号,12:55-13:50,0,1,可预约,￥0.0,多云,15,13,4,0.0,100,28
2026-05-21 02:00:53,2026-05-21,2,乒乓球厅-15号,12:55-13:50,0,1,可预约,￥0.0,多云,15,12,4,0.0,100,28
2026-05-21 02:30:49,2026-05-21,2,乒乓球厅-15号,12:55-13:50,0,1,可预约,￥0.0,多云,15,14,3,0.0,100,29
2026-05-21 03:00:55,2026-05-21,2,乒乓球厅-15号,12:55-13:50,0,1,可预约,￥0.0,多云,15,12,4,0.0,100,29
2026-05-21 03:30:49,2026-05-21,2,乒乓球厅-15号,12:55-13:50,0,1,可预约,￥0.0,多云,15,14,3,0.0,100,30
2026-05-21 04:30:45,2026-05-21,2,乒乓球厅-15号,12:55-13:50,0,1,可预约,￥0.0,多云,15,12,4,0.0,100,29
2026-05-21 05:00:52,2026-05-21,2,乒乓球厅-15号,12:55-13:50,0,1,可预约,￥0.0,多云,15,12,4,0.0,100,29
2026-05-21 05:30:49,2026-05-21,2,乒乓球厅-15号,12:55-13:50,0,1,可预约,￥0.0,多云,15,13,3,0.0,100,28
2026-05-21 06:00:50,2026-05-21,2,乒乓球厅-15号,12:55-13:50,0,1,可预约,￥0.0,多云,15,13,4,0.0,99,28
2026-05-21 06:30:38,2026-05-21,2,乒乓球厅-15号,12:55-13:50,0,1,可预约,￥0.0,多云,15,13,3,0.0,97,28
2026-05-21 07:00:43,2026-05-21,2,乒乓球厅-15号,12:55-13:50,0,1,可预约,￥0.0,晴,15,11,5,0.0,93,28
2026-05-21 07:30:39,2026-05-21,2,乒乓球厅-15号,12:55-13:50,0,1,可预约,￥0.0,晴,17,13,4,0.0,89,29
2026-05-21 07:50:40,2026-05-21,2,乒乓球厅-15号,12:55-13:50,0,1,可预约,￥0.0,晴,17,13,4,0.0,88,29
2026-05-21 07:53:31,2026-05-21,2,乒乓球厅-15号,12:55-13:50,0,1,可预约,￥0.0,晴,17,12,5,0.0,86,29
2026-05-21 07:56:31,2026-05-21,2,乒乓球厅-15号,12:55-13:50,0,1,可预约,￥0.0,晴,17,12,5,0.0,86,29
2026-05-21 07:59:26,2026-05-21,2,乒乓球厅-15号,12:55-13:50,0,1,可预约,￥0.0,晴,17,12,5,0.0,86,29
2026-05-21 00:30:49,2026-05-21,2,乒乓球厅-15号,14:00-15:00,0,1,可预约,￥5.0,多云,15,13,3,0.0,100,26
2026-05-21 01:00:55,2026-05-21,2,乒乓球厅-15号,14:00-15:00,0,1,可预约,￥5.0,多云,15,12,4,0.0,100,26
2026-05-21 01:30:47,2026-05-21,2,乒乓球厅-15号,14:00-15:00,0,1,可预约,￥5.0,多云,15,13,4,0.0,100,28
2026-05-21 02:00:53,2026-05-21,2,乒乓球厅-15号,14:00-15:00,0,1,可预约,￥5.0,多云,15,12,4,0.0,100,28
2026-05-21 02:30:49,2026-05-21,2,乒乓球厅-15号,14:00-15:00,0,1,可预约,￥5.0,多云,15,14,3,0.0,100,29
2026-05-21 03:00:55,2026-05-21,2,乒乓球厅-15号,14:00-15:00,0,1,可预约,￥5.0,多云,15,12,4,0.0,100,29
2026-05-21 03:30:49,2026-05-21,2,乒乓球厅-15号,14:00-15:00,0,1,可预约,￥5.0,多云,15,14,3,0.0,100,30
2026-05-21 04:30:45,2026-05-21,2,乒乓球厅-15号,14:00-15:00,0,1,可预约,￥5.0,多云,15,12,4,0.0,100,29
2026-05-21 05:00:52,2026-05-21,2,乒乓球厅-15号,14:00-15:00,0,1,可预约,￥5.0,多云,15,12,4,0.0,100,29
2026-05-21 05:30:49,2026-05-21,2,乒乓球厅-15号,14:00-15:00,0,1,可预约,￥5.0,多云,15,13,3,0.0,100,28
2026-05-21 06:00:50,2026-05-21,2,乒乓球厅-15号,14:00-15:00,0,1,可预约,￥5.0,多云,15,13,4,0.0,99,28
2026-05-21 06:30:38,2026-05-21,2,乒乓球厅-15号,14:00-15:00,0,1,可预约,￥5.0,多云,15,13,3,0.0,97,28
2026-05-21 07:00:43,2026-05-21,2,乒乓球厅-15号,14:00-15:00,0,1,可预约,￥5.0,晴,15,11,5,0.0,93,28
2026-05-21 07:30:39,2026-05-21,2,乒乓球厅-15号,14:00-15:00,0,1,可预约,￥5.0,晴,17,13,4,0.0,89,29
2026-05-21 07:50:40,2026-05-21,2,乒乓球厅-15号,14:00-15:00,0,1,可预约,￥5.0,晴,17,13,4,0.0,88,29
2026-05-21 07:53:31,2026-05-21,2,乒乓球厅-15号,14:00-15:00,0,1,可预约,￥5.0,晴,17,12,5,0.0,86,29
2026-05-21 07:56:31,2026-05-21,2,乒乓球厅-15号,14:00-15:00,0,1,可预约,￥5.0,晴,17,12,5,0.0,86,29
2026-05-21 07:59:26,2026-05-21,2,乒乓球厅-15号,14:00-15:00,0,1,可预约,￥5.0,晴,17,12,5,0.0,86,29
2026-05-21 00:30:49,2026-05-21,2,乒乓球厅-15号,15:00-16:00,0,1,可预约,￥5.0,多云,15,13,3,0.0,100,26
2026-05-21 01:00:55,2026-05-21,2,乒乓球厅-15号,15:00-16:00,0,1,可预约,￥5.0,多云,15,12,4,0.0,100,26
2026-05-21 01:30:47,2026-05-21,2,乒乓球厅-15号,15:00-16:00,0,1,可预约,￥5.0,多云,15,13,4,0.0,100,28
2026-05-21 02:00:53,2026-05-21,2,乒乓球厅-15号,15:00-16:00,0,1,可预约,￥5.0,多云,15,12,4,0.0,100,28
2026-05-21 02:30:49,2026-05-21,2,乒乓球厅-15号,15:00-16:00,0,1,可预约,￥5.0,多云,15,14,3,0.0,100,29
2026-05-21 03:00:55,2026-05-21,2,乒乓球厅-15号,15:00-16:00,0,1,可预约,￥5.0,多云,15,12,4,0.0,100,29
2026-05-21 03:30:49,2026-05-21,2,乒乓球厅-15号,15:00-16:00,0,1,可预约,￥5.0,多云,15,14,3,0.0,100,30
2026-05-21 04:30:45,2026-05-21,2,乒乓球厅-15号,15:00-16:00,0,1,可预约,￥5.0,多云,15,12,4,0.0,100,29
2026-05-21 05:00:52,2026-05-21,2,乒乓球厅-15号,15:00-16:00,0,1,可预约,￥5.0,多云,15,12,4,0.0,100,29
2026-05-21 05:30:49,2026-05-21,2,乒乓球厅-15号,15:00-16:00,0,1,可预约,￥5.0,多云,15,13,3,0.0,100,28
2026-05-21 06:00:50,2026-05-21,2,乒乓球厅-15号,15:00-16:00,0,1,可预约,￥5.0,多云,15,13,4,0.0,99,28
2026-05-21 06:30:38,2026-05-21,2,乒乓球厅-15号,15:00-16:00,0,1,可预约,￥5.0,多云,15,13,3,0.0,97,28
2026-05-21 07:00:43,2026-05-21,2,乒乓球厅-15号,15:00-16:00,0,1,可预约,￥5.0,晴,15,11,5,0.0,93,28
2026-05-21 07:30:39,2026-05-21,2,乒乓球厅-15号,15:00-16:00,0,1,可预约,￥5.0,晴,17,13,4,0.0,89,29
2026-05-21 07:50:40,2026-05-21,2,乒乓球厅-15号,15:00-16:00,0,1,可预约,￥5.0,晴,17,13,4,0.0,88,29
2026-05-21 07:53:31,2026-05-21,2,乒乓球厅-15号,15:00-16:00,0,1,可预约,￥5.0,晴,17,12,5,0.0,86,29
2026-05-21 07:56:31,2026-05-21,2,乒乓球厅-15号,15:00-16:00,0,1,可预约,￥5.0,晴,17,12,5,0.0,86,29
2026-05-21 07:59:26,2026-05-21,2,乒乓球厅-15号,15:00-16:00,0,1,可预约,￥5.0,晴,17,12,5,0.0,86,29
2026-05-21 00:30:49,2026-05-21,2,乒乓球厅-15号,16:00-17:00,0,1,可预约,￥5.0,多云,15,13,3,0.0,100,26
2026-05-21 01:00:55,2026-05-21,2,乒乓球厅-15号,16:00-17:00,0,1,可预约,￥5.0,多云,15,12,4,0.0,100,26
2026-05-21 01:30:47,2026-05-21,2,乒乓球厅-15号,16:00-17:00,0,1,可预约,￥5.0,多云,15,13,4,0.0,100,28
2026-05-21 02:00:53,2026-05-21,2,乒乓球厅-15号,16:00-17:00,0,1,可预约,￥5.0,多云,15,12,4,0.0,100,28
2026-05-21 02:30:49,2026-05-21,2,乒乓球厅-15号,16:00-17:00,0,1,可预约,￥5.0,多云,15,14,3,0.0,100,29
2026-05-21 03:00:55,2026-05-21,2,乒乓球厅-15号,16:00-17:00,0,1,可预约,￥5.0,多云,15,12,4,0.0,100,29
2026-05-21 03:30:49,2026-05-21,2,乒乓球厅-15号,16:00-17:00,0,1,可预约,￥5.0,多云,15,14,3,0.0,100,30
2026-05-21 04:30:45,2026-05-21,2,乒乓球厅-15号,16:00-17:00,0,1,可预约,￥5.0,多云,15,12,4,0.0,100,29
2026-05-21 05:00:52,2026-05-21,2,乒乓球厅-15号,16:00-17:00,0,1,可预约,￥5.0,多云,15,12,4,0.0,100,29
2026-05-21 05:30:49,2026-05-21,2,乒乓球厅-15号,16:00-17:00,0,1,可预约,￥5.0,多云,15,13,3,0.0,100,28
2026-05-21 06:00:50,2026-05-21,2,乒乓球厅-15号,16:00-17:00,0,1,可预约,￥5.0,多云,15,13,4,0.0,99,28
2026-05-21 06:30:38,2026-05-21,2,乒乓球厅-15号,16:00-17:00,0,1,可预约,￥5.0,多云,15,13,3,0.0,97,28
2026-05-21 07:00:43,2026-05-21,2,乒乓球厅-15号,16:00-17:00,0,1,可预约,￥5.0,晴,15,11,5,0.0,93,28
2026-05-21 07:30:39,2026-05-21,2,乒乓球厅-15号,16:00-17:00,0,1,可预约,￥5.0,晴,17,13,4,0.0,89,29
2026-05-21 07:50:40,2026-05-21,2,乒乓球厅-15号,16:00-17:00,0,1,可预约,￥5.0,晴,17,13,4,0.0,88,29
2026-05-21 07:53:31,2026-05-21,2,乒乓球厅-15号,16:00-17:00,0,1,可预约,￥5.0,晴,17,12,5,0.0,86,29
2026-05-21 07:56:31,2026-05-21,2,乒乓球厅-15号,16:00-17:00,0,1,可预约,￥5.0,晴,17,12,5,0.0,86,29
2026-05-21 07:59:26,2026-05-21,2,乒乓球厅-15号,16:00-17:00,0,1,可预约,￥5.0,晴,17,12,5,0.0,86,29
2026-05-21 00:30:49,2026-05-21,2,乒乓球厅-15号,17:00-18:00,0,1,可预约,￥5.0,多云,15,13,3,0.0,100,26
2026-05-21 01:00:55,2026-05-21,2,乒乓球厅-15号,17:00-18:00,0,1,可预约,￥5.0,多云,15,12,4,0.0,100,26
2026-05-21 01:30:47,2026-05-21,2,乒乓球厅-15号,17:00-18:00,0,1,可预约,￥5.0,多云,15,13,4,0.0,100,28
2026-05-21 02:00:53,2026-05-21,2,乒乓球厅-15号,17:00-18:00,0,1,可预约,￥5.0,多云,15,12,4,0.0,100,28
2026-05-21 02:30:49,2026-05-21,2,乒乓球厅-15号,17:00-18:00,0,1,可预约,￥5.0,多云,15,14,3,0.0,100,29
2026-05-21 03:00:55,2026-05-21,2,乒乓球厅-15号,17:00-18:00,0,1,可预约,￥5.0,多云,15,12,4,0.0,100,29
2026-05-21 03:30:49,2026-05-21,2,乒乓球厅-15号,17:00-18:00,0,1,可预约,￥5.0,多云,15,14,3,0.0,100,30
2026-05-21 04:30:45,2026-05-21,2,乒乓球厅-15号,17:00-18:00,0,1,可预约,￥5.0,多云,15,12,4,0.0,100,29
2026-05-21 05:00:52,2026-05-21,2,乒乓球厅-15号,17:00-18:00,0,1,可预约,￥5.0,多云,15,12,4,0.0,100,29
2026-05-21 05:30:49,2026-05-21,2,乒乓球厅-15号,17:00-18:00,0,1,可预约,￥5.0,多云,15,13,3,0.0,100,28
2026-05-21 06:00:50,2026-05-21,2,乒乓球厅-15号,17:00-18:00,0,1,可预约,￥5.0,多云,15,13,4,0.0,99,28
2026-05-21 06:30:38,2026-05-21,2,乒乓球厅-15号,17:00-18:00,0,1,可预约,￥5.0,多云,15,13,3,0.0,97,28
2026-05-21 07:00:43,2026-05-21,2,乒乓球厅-15号,17:00-18:00,0,1,可预约,￥5.0,晴,15,11,5,0.0,93,28
2026-05-21 07:30:39,2026-05-21,2,乒乓球厅-15号,17:00-18:00,0,1,可预约,￥5.0,晴,17,13,4,0.0,89,29
2026-05-21 07:50:40,2026-05-21,2,乒乓球厅-15号,17:00-18:00,0,1,可预约,￥5.0,晴,17,13,4,0.0,88,29
2026-05-21 07:53:31,2026-05-21,2,乒乓球厅-15号,17:00-18:00,0,1,可预约,￥5.0,晴,17,12,5,0.0,86,29
2026-05-21 07:56:31,2026-05-21,2,乒乓球厅-15号,17:00-18:00,0,1,可预约,￥5.0,晴,17,12,5,0.0,86,29
2026-05-21 07:59:26,2026-05-21,2,乒乓球厅-15号,17:00-18:00,0,1,可预约,￥5.0,晴,17,12,5,0.0,86,29
2026-05-21 00:30:49,2026-05-21,2,乒乓球厅-15号,18:30-19:30,0,1,可预约,￥5.0,多云,15,13,3,0.0,100,26
2026-05-21 01:00:55,2026-05-21,2,乒乓球厅-15号,18:30-19:30,0,1,可预约,￥5.0,多云,15,12,4,0.0,100,26
2026-05-21 01:30:47,2026-05-21,2,乒乓球厅-15号,18:30-19:30,0,1,可预约,￥5.0,多云,15,13,4,0.0,100,28
2026-05-21 02:00:53,2026-05-21,2,乒乓球厅-15号,18:30-19:30,0,1,可预约,￥5.0,多云,15,12,4,0.0,100,28
2026-05-21 02:30:49,2026-05-21,2,乒乓球厅-15号,18:30-19:30,0,1,可预约,￥5.0,多云,15,14,3,0.0,100,29
2026-05-21 03:00:55,2026-05-21,2,乒乓球厅-15号,18:30-19:30,0,1,可预约,￥5.0,多云,15,12,4,0.0,100,29
2026-05-21 03:30:49,2026-05-21,2,乒乓球厅-15号,18:30-19:30,0,1,可预约,￥5.0,多云,15,14,3,0.0,100,30
2026-05-21 04:30:45,2026-05-21,2,乒乓球厅-15号,18:30-19:30,0,1,可预约,￥5.0,多云,15,12,4,0.0,100,29
2026-05-21 05:00:52,2026-05-21,2,乒乓球厅-15号,18:30-19:30,0,1,可预约,￥5.0,多云,15,12,4,0.0,100,29
2026-05-21 05:30:49,2026-05-21,2,乒乓球厅-15号,18:30-19:30,0,1,可预约,￥5.0,多云,15,13,3,0.0,100,28
2026-05-21 06:00:50,2026-05-21,2,乒乓球厅-15号,18:30-19:30,0,1,可预约,￥5.0,多云,15,13,4,0.0,99,28
2026-05-21 06:30:38,2026-05-21,2,乒乓球厅-15号,18:30-19:30,0,1,可预约,￥5.0,多云,15,13,3,0.0,97,28
2026-05-21 07:00:43,2026-05-21,2,乒乓球厅-15号,18:30-19:30,0,1,可预约,￥5.0,晴,15,11,5,0.0,93,28
2026-05-21 07:30:39,2026-05-21,2,乒乓球厅-15号,18:30-19:30,0,1,可预约,￥5.0,晴,17,13,4,0.0,89,29
2026-05-21 07:50:40,2026-05-21,2,乒乓球厅-15号,18:30-19:30,0,1,可预约,￥5.0,晴,17,13,4,0.0,88,29
2026-05-21 07:53:31,2026-05-21,2,乒乓球厅-15号,18:30-19:30,0,1,可预约,￥5.0,晴,17,12,5,0.0,86,29
2026-05-21 07:56:31,2026-05-21,2,乒乓球厅-15号,18:30-19:30,0,1,可预约,￥5.0,晴,17,12,5,0.0,86,29
2026-05-21 07:59:26,2026-05-21,2,乒乓球厅-15号,18:30-19:30,0,1,可预约,￥5.0,晴,17,12,5,0.0,86,29
2026-05-21 00:30:49,2026-05-21,2,乒乓球厅-15号,19:30-20:30,0,1,可预约,￥5.0,多云,15,13,3,0.0,100,26
2026-05-21 01:00:55,2026-05-21,2,乒乓球厅-15号,19:30-20:30,0,1,可预约,￥5.0,多云,15,12,4,0.0,100,26
2026-05-21 01:30:47,2026-05-21,2,乒乓球厅-15号,19:30-20:30,0,1,可预约,￥5.0,多云,15,13,4,0.0,100,28
2026-05-21 02:00:53,2026-05-21,2,乒乓球厅-15号,19:30-20:30,0,1,可预约,￥5.0,多云,15,12,4,0.0,100,28
2026-05-21 02:30:49,2026-05-21,2,乒乓球厅-15号,19:30-20:30,0,1,可预约,￥5.0,多云,15,14,3,0.0,100,29
2026-05-21 03:00:55,2026-05-21,2,乒乓球厅-15号,19:30-20:30,0,1,可预约,￥5.0,多云,15,12,4,0.0,100,29
2026-05-21 03:30:49,2026-05-21,2,乒乓球厅-15号,19:30-20:30,0,1,可预约,￥5.0,多云,15,14,3,0.0,100,30
2026-05-21 04:30:45,2026-05-21,2,乒乓球厅-15号,19:30-20:30,0,1,可预约,￥5.0,多云,15,12,4,0.0,100,29
2026-05-21 05:00:52,2026-05-21,2,乒乓球厅-15号,19:30-20:30,0,1,可预约,￥5.0,多云,15,12,4,0.0,100,29
2026-05-21 05:30:49,2026-05-21,2,乒乓球厅-15号,19:30-20:30,0,1,可预约,￥5.0,多云,15,13,3,0.0,100,28
2026-05-21 06:00:50,2026-05-21,2,乒乓球厅-15号,19:30-20:30,0,1,可预约,￥5.0,多云,15,13,4,0.0,99,28
2026-05-21 06:30:38,2026-05-21,2,乒乓球厅-15号,19:30-20:30,0,1,可预约,￥5.0,多云,15,13,3,0.0,97,28
2026-05-21 07:00:43,2026-05-21,2,乒乓球厅-15号,19:30-20:30,0,1,可预约,￥5.0,晴,15,11,5,0.0,93,28
2026-05-21 07:30:39,2026-05-21,2,乒乓球厅-15号,19:30-20:30,0,1,可预约,￥5.0,晴,17,13,4,0.0,89,29
2026-05-21 07:50:40,2026-05-21,2,乒乓球厅-15号,19:30-20:30,0,1,可预约,￥5.0,晴,17,13,4,0.0,88,29
2026-05-21 07:53:31,2026-05-21,2,乒乓球厅-15号,19:30-20:30,0,1,可预约,￥5.0,晴,17,12,5,0.0,86,29
2026-05-21 07:56:31,2026-05-21,2,乒乓球厅-15号,19:30-20:30,0,1,可预约,￥5.0,晴,17,12,5,0.0,86,29
2026-05-21 07:59:26,2026-05-21,2,乒乓球厅-15号,19:30-20:30,0,1,可预约,￥5.0,晴,17,12,5,0.0,86,29
2026-05-21 00:30:49,2026-05-21,2,乒乓球厅-15号,20:30-21:30,0,1,可预约,￥5.0,多云,15,13,3,0.0,100,26
2026-05-21 01:00:55,2026-05-21,2,乒乓球厅-15号,20:30-21:30,0,1,可预约,￥5.0,多云,15,12,4,0.0,100,26
2026-05-21 01:30:47,2026-05-21,2,乒乓球厅-15号,20:30-21:30,0,1,可预约,￥5.0,多云,15,13,4,0.0,100,28
2026-05-21 02:00:53,2026-05-21,2,乒乓球厅-15号,20:30-21:30,0,1,可预约,￥5.0,多云,15,12,4,0.0,100,28
2026-05-21 02:30:49,2026-05-21,2,乒乓球厅-15号,20:30-21:30,0,1,可预约,￥5.0,多云,15,14,3,0.0,100,29
2026-05-21 03:00:55,2026-05-21,2,乒乓球厅-15号,20:30-21:30,0,1,可预约,￥5.0,多云,15,12,4,0.0,100,29
2026-05-21 03:30:49,2026-05-21,2,乒乓球厅-15号,20:30-21:30,0,1,可预约,￥5.0,多云,15,14,3,0.0,100,30
2026-05-21 04:30:45,2026-05-21,2,乒乓球厅-15号,20:30-21:30,0,1,可预约,￥5.0,多云,15,12,4,0.0,100,29
2026-05-21 05:00:52,2026-05-21,2,乒乓球厅-15号,20:30-21:30,0,1,可预约,￥5.0,多云,15,12,4,0.0,100,29
2026-05-21 05:30:49,2026-05-21,2,乒乓球厅-15号,20:30-21:30,0,1,可预约,￥5.0,多云,15,13,3,0.0,100,28
2026-05-21 06:00:50,2026-05-21,2,乒乓球厅-15号,20:30-21:30,0,1,可预约,￥5.0,多云,15,13,4,0.0,99,28
2026-05-21 06:30:38,2026-05-21,2,乒乓球厅-15号,20:30-21:30,0,1,可预约,￥5.0,多云,15,13,3,0.0,97,28
2026-05-21 07:00:43,2026-05-21,2,乒乓球厅-15号,20:30-21:30,0,1,可预约,￥5.0,晴,15,11,5,0.0,93,28
2026-05-21 07:30:39,2026-05-21,2,乒乓球厅-15号,20:30-21:30,0,1,可预约,￥5.0,晴,17,13,4,0.0,89,29
2026-05-21 07:50:40,2026-05-21,2,乒乓球厅-15号,20:30-21:30,0,1,可预约,￥5.0,晴,17,13,4,0.0,88,29
2026-05-21 07:53:31,2026-05-21,2,乒乓球厅-15号,20:30-21:30,0,1,可预约,￥5.0,晴,17,12,5,0.0,86,29
2026-05-21 07:56:31,2026-05-21,2,乒乓球厅-15号,20:30-21:30,0,1,可预约,￥5.0,晴,17,12,5,0.0,86,29
2026-05-21 07:59:26,2026-05-21,2,乒乓球厅-15号,20:30-21:30,0,1,可预约,￥5.0,晴,17,12,5,0.0,86,29
2026-05-21 00:30:49,2026-05-21,2,乒乓球厅-16号,07:00-08:00,0,1,可预约,￥0.0,多云,15,13,3,0.0,100,26
2026-05-21 01:00:55,2026-05-21,2,乒乓球厅-16号,07:00-08:00,0,1,可预约,￥0.0,多云,15,12,4,0.0,100,26
2026-05-21 01:30:47,2026-05-21,2,乒乓球厅-16号,07:00-08:00,0,1,可预约,￥0.0,多云,15,13,4,0.0,100,28
2026-05-21 02:00:53,2026-05-21,2,乒乓球厅-16号,07:00-08:00,0,1,可预约,￥0.0,多云,15,12,4,0.0,100,28
2026-05-21 02:30:49,2026-05-21,2,乒乓球厅-16号,07:00-08:00,0,1,可预约,￥0.0,多云,15,14,3,0.0,100,29
2026-05-21 03:00:55,2026-05-21,2,乒乓球厅-16号,07:00-08:00,0,1,可预约,￥0.0,多云,15,12,4,0.0,100,29
2026-05-21 03:30:49,2026-05-21,2,乒乓球厅-16号,07:00-08:00,0,1,可预约,￥0.0,多云,15,14,3,0.0,100,30
2026-05-21 04:30:45,2026-05-21,2,乒乓球厅-16号,07:00-08:00,0,1,可预约,￥0.0,多云,15,12,4,0.0,100,29
2026-05-21 05:00:52,2026-05-21,2,乒乓球厅-16号,07:00-08:00,0,1,可预约,￥0.0,多云,15,12,4,0.0,100,29
2026-05-21 05:30:49,2026-05-21,2,乒乓球厅-16号,07:00-08:00,0,1,可预约,￥0.0,多云,15,13,3,0.0,100,28
2026-05-21 06:00:50,2026-05-21,2,乒乓球厅-16号,07:00-08:00,0,1,可预约,￥0.0,多云,15,13,4,0.0,99,28
2026-05-21 06:30:38,2026-05-21,2,乒乓球厅-16号,07:00-08:00,0,1,可预约,￥0.0,多云,15,13,3,0.0,97,28
2026-05-21 07:00:43,2026-05-21,2,乒乓球厅-16号,07:00-08:00,0,1,可预约,￥0.0,晴,15,11,5,0.0,93,28
2026-05-21 07:30:39,2026-05-21,2,乒乓球厅-16号,07:00-08:00,0,1,可预约,￥0.0,晴,17,13,4,0.0,89,29
2026-05-21 07:50:40,2026-05-21,2,乒乓球厅-16号,07:00-08:00,0,1,可预约,￥0.0,晴,17,13,4,0.0,88,29
2026-05-21 07:53:31,2026-05-21,2,乒乓球厅-16号,07:00-08:00,0,1,可预约,￥0.0,晴,17,12,5,0.0,86,29
2026-05-21 07:56:31,2026-05-21,2,乒乓球厅-16号,07:00-08:00,0,1,可预约,￥0.0,晴,17,12,5,0.0,86,29
2026-05-21 07:59:26,2026-05-21,2,乒乓球厅-16号,07:00-08:00,0,1,可预约,￥0.0,晴,17,12,5,0.0,86,29
2026-05-21 00:30:49,2026-05-21,2,乒乓球厅-16号,08:00-09:00,0,1,可预约,￥0.0,多云,15,13,3,0.0,100,26
2026-05-21 01:00:55,2026-05-21,2,乒乓球厅-16号,08:00-09:00,0,1,可预约,￥0.0,多云,15,12,4,0.0,100,26
2026-05-21 01:30:47,2026-05-21,2,乒乓球厅-16号,08:00-09:00,0,1,可预约,￥0.0,多云,15,13,4,0.0,100,28
2026-05-21 02:00:53,2026-05-21,2,乒乓球厅-16号,08:00-09:00,0,1,可预约,￥0.0,多云,15,12,4,0.0,100,28
2026-05-21 02:30:49,2026-05-21,2,乒乓球厅-16号,08:00-09:00,0,1,可预约,￥0.0,多云,15,14,3,0.0,100,29
2026-05-21 03:00:55,2026-05-21,2,乒乓球厅-16号,08:00-09:00,0,1,可预约,￥0.0,多云,15,12,4,0.0,100,29
2026-05-21 03:30:49,2026-05-21,2,乒乓球厅-16号,08:00-09:00,0,1,可预约,￥0.0,多云,15,14,3,0.0,100,30
2026-05-21 04:30:45,2026-05-21,2,乒乓球厅-16号,08:00-09:00,0,1,可预约,￥0.0,多云,15,12,4,0.0,100,29
2026-05-21 05:00:52,2026-05-21,2,乒乓球厅-16号,08:00-09:00,0,1,可预约,￥0.0,多云,15,12,4,0.0,100,29
2026-05-21 05:30:49,2026-05-21,2,乒乓球厅-16号,08:00-09:00,0,1,可预约,￥0.0,多云,15,13,3,0.0,100,28
2026-05-21 06:00:50,2026-05-21,2,乒乓球厅-16号,08:00-09:00,0,1,可预约,￥0.0,多云,15,13,4,0.0,99,28
2026-05-21 06:30:38,2026-05-21,2,乒乓球厅-16号,08:00-09:00,0,1,可预约,￥0.0,多云,15,13,3,0.0,97,28
2026-05-21 07:00:43,2026-05-21,2,乒乓球厅-16号,08:00-09:00,0,1,可预约,￥0.0,晴,15,11,5,0.0,93,28
2026-05-21 07:30:39,2026-05-21,2,乒乓球厅-16号,08:00-09:00,0,1,可预约,￥0.0,晴,17,13,4,0.0,89,29
2026-05-21 07:50:40,2026-05-21,2,乒乓球厅-16号,08:00-09:00,0,1,可预约,￥0.0,晴,17,13,4,0.0,88,29
2026-05-21 07:53:31,2026-05-21,2,乒乓球厅-16号,08:00-09:00,0,1,可预约,￥0.0,晴,17,12,5,0.0,86,29
2026-05-21 07:56:31,2026-05-21,2,乒乓球厅-16号,08:00-09:00,0,1,可预约,￥0.0,晴,17,12,5,0.0,86,29
2026-05-21 07:59:26,2026-05-21,2,乒乓球厅-16号,08:00-09:00,0,1,可预约,￥0.0,晴,17,12,5,0.0,86,29
2026-05-21 00:30:49,2026-05-21,2,乒乓球厅-16号,09:00-10:00,0,1,可预约,￥5.0,多云,15,13,3,0.0,100,26
2026-05-21 01:00:55,2026-05-21,2,乒乓球厅-16号,09:00-10:00,0,1,可预约,￥5.0,多云,15,12,4,0.0,100,26
2026-05-21 01:30:47,2026-05-21,2,乒乓球厅-16号,09:00-10:00,0,1,可预约,￥5.0,多云,15,13,4,0.0,100,28
2026-05-21 02:00:53,2026-05-21,2,乒乓球厅-16号,09:00-10:00,0,1,可预约,￥5.0,多云,15,12,4,0.0,100,28
2026-05-21 02:30:49,2026-05-21,2,乒乓球厅-16号,09:00-10:00,0,1,可预约,￥5.0,多云,15,14,3,0.0,100,29
2026-05-21 03:00:55,2026-05-21,2,乒乓球厅-16号,09:00-10:00,0,1,可预约,￥5.0,多云,15,12,4,0.0,100,29
2026-05-21 03:30:49,2026-05-21,2,乒乓球厅-16号,09:00-10:00,0,1,可预约,￥5.0,多云,15,14,3,0.0,100,30
2026-05-21 04:30:45,2026-05-21,2,乒乓球厅-16号,09:00-10:00,0,1,可预约,￥5.0,多云,15,12,4,0.0,100,29
2026-05-21 05:00:52,2026-05-21,2,乒乓球厅-16号,09:00-10:00,0,1,可预约,￥5.0,多云,15,12,4,0.0,100,29
2026-05-21 05:30:49,2026-05-21,2,乒乓球厅-16号,09:00-10:00,0,1,可预约,￥5.0,多云,15,13,3,0.0,100,28
2026-05-21 06:00:50,2026-05-21,2,乒乓球厅-16号,09:00-10:00,0,1,可预约,￥5.0,多云,15,13,4,0.0,99,28
2026-05-21 06:30:38,2026-05-21,2,乒乓球厅-16号,09:00-10:00,0,1,可预约,￥5.0,多云,15,13,3,0.0,97,28
2026-05-21 07:00:43,2026-05-21,2,乒乓球厅-16号,09:00-10:00,0,1,可预约,￥5.0,晴,15,11,5,0.0,93,28
2026-05-21 07:30:39,2026-05-21,2,乒乓球厅-16号,09:00-10:00,0,1,可预约,￥5.0,晴,17,13,4,0.0,89,29
2026-05-21 07:50:40,2026-05-21,2,乒乓球厅-16号,09:00-10:00,0,1,可预约,￥5.0,晴,17,13,4,0.0,88,29
2026-05-21 07:53:31,2026-05-21,2,乒乓球厅-16号,09:00-10:00,0,1,可预约,￥5.0,晴,17,12,5,0.0,86,29
2026-05-21 07:56:31,2026-05-21,2,乒乓球厅-16号,09:00-10:00,0,1,可预约,￥5.0,晴,17,12,5,0.0,86,29
2026-05-21 07:59:26,2026-05-21,2,乒乓球厅-16号,09:00-10:00,0,1,可预约,￥5.0,晴,17,12,5,0.0,86,29
2026-05-21 00:30:49,2026-05-21,2,乒乓球厅-16号,10:00-11:00,1,1,已售/已满,教学时间,多云,15,13,3,0.0,100,26
2026-05-21 01:00:55,2026-05-21,2,乒乓球厅-16号,10:00-11:00,1,1,已售/已满,教学时间,多云,15,12,4,0.0,100,26
2026-05-21 01:30:47,2026-05-21,2,乒乓球厅-16号,10:00-11:00,1,1,已售/已满,教学时间,多云,15,13,4,0.0,100,28
2026-05-21 02:00:53,2026-05-21,2,乒乓球厅-16号,10:00-11:00,1,1,已售/已满,教学时间,多云,15,12,4,0.0,100,28
2026-05-21 02:30:49,2026-05-21,2,乒乓球厅-16号,10:00-11:00,1,1,已售/已满,教学时间,多云,15,14,3,0.0,100,29
2026-05-21 03:00:55,2026-05-21,2,乒乓球厅-16号,10:00-11:00,1,1,已售/已满,教学时间,多云,15,12,4,0.0,100,29
2026-05-21 03:30:49,2026-05-21,2,乒乓球厅-16号,10:00-11:00,1,1,已售/已满,教学时间,多云,15,14,3,0.0,100,30
2026-05-21 04:30:45,2026-05-21,2,乒乓球厅-16号,10:00-11:00,1,1,已售/已满,教学时间,多云,15,12,4,0.0,100,29
2026-05-21 05:00:52,2026-05-21,2,乒乓球厅-16号,10:00-11:00,1,1,已售/已满,教学时间,多云,15,12,4,0.0,100,29
2026-05-21 05:30:49,2026-05-21,2,乒乓球厅-16号,10:00-11:00,1,1,已售/已满,教学时间,多云,15,13,3,0.0,100,28
2026-05-21 06:00:50,2026-05-21,2,乒乓球厅-16号,10:00-11:00,1,1,已售/已满,教学时间,多云,15,13,4,0.0,99,28
2026-05-21 06:30:38,2026-05-21,2,乒乓球厅-16号,10:00-11:00,1,1,已售/已满,教学时间,多云,15,13,3,0.0,97,28
2026-05-21 07:00:43,2026-05-21,2,乒乓球厅-16号,10:00-11:00,1,1,已售/已满,教学时间,晴,15,11,5,0.0,93,28
2026-05-21 07:30:39,2026-05-21,2,乒乓球厅-16号,10:00-11:00,1,1,已售/已满,教学时间,晴,17,13,4,0.0,89,29
2026-05-21 07:50:40,2026-05-21,2,乒乓球厅-16号,10:00-11:00,1,1,已售/已满,教学时间,晴,17,13,4,0.0,88,29
2026-05-21 07:53:31,2026-05-21,2,乒乓球厅-16号,10:00-11:00,1,1,已售/已满,教学时间,晴,17,12,5,0.0,86,29
2026-05-21 07:56:31,2026-05-21,2,乒乓球厅-16号,10:00-11:00,1,1,已售/已满,教学时间,晴,17,12,5,0.0,86,29
2026-05-21 07:59:26,2026-05-21,2,乒乓球厅-16号,10:00-11:00,1,1,已售/已满,教学时间,晴,17,12,5,0.0,86,29
2026-05-21 00:30:49,2026-05-21,2,乒乓球厅-16号,11:00-12:00,1,1,已售/已满,教学时间,多云,15,13,3,0.0,100,26
2026-05-21 01:00:55,2026-05-21,2,乒乓球厅-16号,11:00-12:00,1,1,已售/已满,教学时间,多云,15,12,4,0.0,100,26
2026-05-21 01:30:47,2026-05-21,2,乒乓球厅-16号,11:00-12:00,1,1,已售/已满,教学时间,多云,15,13,4,0.0,100,28
2026-05-21 02:00:53,2026-05-21,2,乒乓球厅-16号,11:00-12:00,1,1,已售/已满,教学时间,多云,15,12,4,0.0,100,28
2026-05-21 02:30:49,2026-05-21,2,乒乓球厅-16号,11:00-12:00,1,1,已售/已满,教学时间,多云,15,14,3,0.0,100,29
2026-05-21 03:00:55,2026-05-21,2,乒乓球厅-16号,11:00-12:00,1,1,已售/已满,教学时间,多云,15,12,4,0.0,100,29
2026-05-21 03:30:49,2026-05-21,2,乒乓球厅-16号,11:00-12:00,1,1,已售/已满,教学时间,多云,15,14,3,0.0,100,30
2026-05-21 04:30:45,2026-05-21,2,乒乓球厅-16号,11:00-12:00,1,1,已售/已满,教学时间,多云,15,12,4,0.0,100,29
2026-05-21 05:00:52,2026-05-21,2,乒乓球厅-16号,11:00-12:00,1,1,已售/已满,教学时间,多云,15,12,4,0.0,100,29
2026-05-21 05:30:49,2026-05-21,2,乒乓球厅-16号,11:00-12:00,1,1,已售/已满,教学时间,多云,15,13,3,0.0,100,28
2026-05-21 06:00:50,2026-05-21,2,乒乓球厅-16号,11:00-12:00,1,1,已售/已满,教学时间,多云,15,13,4,0.0,99,28
2026-05-21 06:30:38,2026-05-21,2,乒乓球厅-16号,11:00-12:00,1,1,已售/已满,教学时间,多云,15,13,3,0.0,97,28
2026-05-21 07:00:43,2026-05-21,2,乒乓球厅-16号,11:00-12:00,1,1,已售/已满,教学时间,晴,15,11,5,0.0,93,28
2026-05-21 07:30:39,2026-05-21,2,乒乓球厅-16号,11:00-12:00,1,1,已售/已满,教学时间,晴,17,13,4,0.0,89,29
2026-05-21 07:50:40,2026-05-21,2,乒乓球厅-16号,11:00-12:00,1,1,已售/已满,教学时间,晴,17,13,4,0.0,88,29
2026-05-21 07:53:31,2026-05-21,2,乒乓球厅-16号,11:00-12:00,1,1,已售/已满,教学时间,晴,17,12,5,0.0,86,29
2026-05-21 07:56:31,2026-05-21,2,乒乓球厅-16号,11:00-12:00,1,1,已售/已满,教学时间,晴,17,12,5,0.0,86,29
2026-05-21 07:59:26,2026-05-21,2,乒乓球厅-16号,11:00-12:00,1,1,已售/已满,教学时间,晴,17,12,5,0.0,86,29
2026-05-21 00:30:49,2026-05-21,2,乒乓球厅-16号,12:00-12:55,0,1,可预约,￥0.0,多云,15,13,3,0.0,100,26
2026-05-21 01:00:55,2026-05-21,2,乒乓球厅-16号,12:00-12:55,0,1,可预约,￥0.0,多云,15,12,4,0.0,100,26
2026-05-21 01:30:47,2026-05-21,2,乒乓球厅-16号,12:00-12:55,0,1,可预约,￥0.0,多云,15,13,4,0.0,100,28
2026-05-21 02:00:53,2026-05-21,2,乒乓球厅-16号,12:00-12:55,0,1,可预约,￥0.0,多云,15,12,4,0.0,100,28
2026-05-21 02:30:49,2026-05-21,2,乒乓球厅-16号,12:00-12:55,0,1,可预约,￥0.0,多云,15,14,3,0.0,100,29
2026-05-21 03:00:55,2026-05-21,2,乒乓球厅-16号,12:00-12:55,0,1,可预约,￥0.0,多云,15,12,4,0.0,100,29
2026-05-21 03:30:49,2026-05-21,2,乒乓球厅-16号,12:00-12:55,0,1,可预约,￥0.0,多云,15,14,3,0.0,100,30
2026-05-21 04:30:45,2026-05-21,2,乒乓球厅-16号,12:00-12:55,0,1,可预约,￥0.0,多云,15,12,4,0.0,100,29
2026-05-21 05:00:52,2026-05-21,2,乒乓球厅-16号,12:00-12:55,0,1,可预约,￥0.0,多云,15,12,4,0.0,100,29
2026-05-21 05:30:49,2026-05-21,2,乒乓球厅-16号,12:00-12:55,0,1,可预约,￥0.0,多云,15,13,3,0.0,100,28
2026-05-21 06:00:50,2026-05-21,2,乒乓球厅-16号,12:00-12:55,0,1,可预约,￥0.0,多云,15,13,4,0.0,99,28
2026-05-21 06:30:38,2026-05-21,2,乒乓球厅-16号,12:00-12:55,0,1,可预约,￥0.0,多云,15,13,3,0.0,97,28
2026-05-21 07:00:43,2026-05-21,2,乒乓球厅-16号,12:00-12:55,0,1,可预约,￥0.0,晴,15,11,5,0.0,93,28
2026-05-21 07:30:39,2026-05-21,2,乒乓球厅-16号,12:00-12:55,0,1,可预约,￥0.0,晴,17,13,4,0.0,89,29
2026-05-21 07:50:40,2026-05-21,2,乒乓球厅-16号,12:00-12:55,0,1,可预约,￥0.0,晴,17,13,4,0.0,88,29
2026-05-21 07:53:31,2026-05-21,2,乒乓球厅-16号,12:00-12:55,0,1,可预约,￥0.0,晴,17,12,5,0.0,86,29
2026-05-21 07:56:31,2026-05-21,2,乒乓球厅-16号,12:00-12:55,0,1,可预约,￥0.0,晴,17,12,5,0.0,86,29
2026-05-21 07:59:26,2026-05-21,2,乒乓球厅-16号,12:00-12:55,0,1,可预约,￥0.0,晴,17,12,5,0.0,86,29
2026-05-21 00:30:49,2026-05-21,2,乒乓球厅-16号,12:55-13:50,0,1,可预约,￥0.0,多云,15,13,3,0.0,100,26
2026-05-21 01:00:55,2026-05-21,2,乒乓球厅-16号,12:55-13:50,0,1,可预约,￥0.0,多云,15,12,4,0.0,100,26
2026-05-21 01:30:47,2026-05-21,2,乒乓球厅-16号,12:55-13:50,0,1,可预约,￥0.0,多云,15,13,4,0.0,100,28
2026-05-21 02:00:53,2026-05-21,2,乒乓球厅-16号,12:55-13:50,0,1,可预约,￥0.0,多云,15,12,4,0.0,100,28
2026-05-21 02:30:49,2026-05-21,2,乒乓球厅-16号,12:55-13:50,0,1,可预约,￥0.0,多云,15,14,3,0.0,100,29
2026-05-21 03:00:55,2026-05-21,2,乒乓球厅-16号,12:55-13:50,0,1,可预约,￥0.0,多云,15,12,4,0.0,100,29
2026-05-21 03:30:49,2026-05-21,2,乒乓球厅-16号,12:55-13:50,0,1,可预约,￥0.0,多云,15,14,3,0.0,100,30
2026-05-21 04:30:45,2026-05-21,2,乒乓球厅-16号,12:55-13:50,0,1,可预约,￥0.0,多云,15,12,4,0.0,100,29
2026-05-21 05:00:52,2026-05-21,2,乒乓球厅-16号,12:55-13:50,0,1,可预约,￥0.0,多云,15,12,4,0.0,100,29
2026-05-21 05:30:49,2026-05-21,2,乒乓球厅-16号,12:55-13:50,0,1,可预约,￥0.0,多云,15,13,3,0.0,100,28
2026-05-21 06:00:50,2026-05-21,2,乒乓球厅-16号,12:55-13:50,0,1,可预约,￥0.0,多云,15,13,4,0.0,99,28
2026-05-21 06:30:38,2026-05-21,2,乒乓球厅-16号,12:55-13:50,0,1,可预约,￥0.0,多云,15,13,3,0.0,97,28
2026-05-21 07:00:43,2026-05-21,2,乒乓球厅-16号,12:55-13:50,0,1,可预约,￥0.0,晴,15,11,5,0.0,93,28
2026-05-21 07:30:39,2026-05-21,2,乒乓球厅-16号,12:55-13:50,0,1,可预约,￥0.0,晴,17,13,4,0.0,89,29
2026-05-21 07:50:40,2026-05-21,2,乒乓球厅-16号,12:55-13:50,0,1,可预约,￥0.0,晴,17,13,4,0.0,88,29
2026-05-21 07:53:31,2026-05-21,2,乒乓球厅-16号,12:55-13:50,0,1,可预约,￥0.0,晴,17,12,5,0.0,86,29
2026-05-21 07:56:31,2026-05-21,2,乒乓球厅-16号,12:55-13:50,0,1,可预约,￥0.0,晴,17,12,5,0.0,86,29
2026-05-21 07:59:26,2026-05-21,2,乒乓球厅-16号,12:55-13:50,0,1,可预约,￥0.0,晴,17,12,5,0.0,86,29
2026-05-21 00:30:49,2026-05-21,2,乒乓球厅-16号,14:00-15:00,0,1,可预约,￥5.0,多云,15,13,3,0.0,100,26
2026-05-21 01:00:55,2026-05-21,2,乒乓球厅-16号,14:00-15:00,0,1,可预约,￥5.0,多云,15,12,4,0.0,100,26
2026-05-21 01:30:47,2026-05-21,2,乒乓球厅-16号,14:00-15:00,0,1,可预约,￥5.0,多云,15,13,4,0.0,100,28
2026-05-21 02:00:53,2026-05-21,2,乒乓球厅-16号,14:00-15:00,0,1,可预约,￥5.0,多云,15,12,4,0.0,100,28
2026-05-21 02:30:49,2026-05-21,2,乒乓球厅-16号,14:00-15:00,0,1,可预约,￥5.0,多云,15,14,3,0.0,100,29
2026-05-21 03:00:55,2026-05-21,2,乒乓球厅-16号,14:00-15:00,0,1,可预约,￥5.0,多云,15,12,4,0.0,100,29
2026-05-21 03:30:49,2026-05-21,2,乒乓球厅-16号,14:00-15:00,0,1,可预约,￥5.0,多云,15,14,3,0.0,100,30
2026-05-21 04:30:45,2026-05-21,2,乒乓球厅-16号,14:00-15:00,0,1,可预约,￥5.0,多云,15,12,4,0.0,100,29
2026-05-21 05:00:52,2026-05-21,2,乒乓球厅-16号,14:00-15:00,0,1,可预约,￥5.0,多云,15,12,4,0.0,100,29
2026-05-21 05:30:49,2026-05-21,2,乒乓球厅-16号,14:00-15:00,0,1,可预约,￥5.0,多云,15,13,3,0.0,100,28
2026-05-21 06:00:50,2026-05-21,2,乒乓球厅-16号,14:00-15:00,0,1,可预约,￥5.0,多云,15,13,4,0.0,99,28
2026-05-21 06:30:38,2026-05-21,2,乒乓球厅-16号,14:00-15:00,0,1,可预约,￥5.0,多云,15,13,3,0.0,97,28
2026-05-21 07:00:43,2026-05-21,2,乒乓球厅-16号,14:00-15:00,0,1,可预约,￥5.0,晴,15,11,5,0.0,93,28
2026-05-21 07:30:39,2026-05-21,2,乒乓球厅-16号,14:00-15:00,0,1,可预约,￥5.0,晴,17,13,4,0.0,89,29
2026-05-21 07:50:40,2026-05-21,2,乒乓球厅-16号,14:00-15:00,0,1,可预约,￥5.0,晴,17,13,4,0.0,88,29
2026-05-21 07:53:31,2026-05-21,2,乒乓球厅-16号,14:00-15:00,0,1,可预约,￥5.0,晴,17,12,5,0.0,86,29
2026-05-21 07:56:31,2026-05-21,2,乒乓球厅-16号,14:00-15:00,0,1,可预约,￥5.0,晴,17,12,5,0.0,86,29
2026-05-21 07:59:26,2026-05-21,2,乒乓球厅-16号,14:00-15:00,0,1,可预约,￥5.0,晴,17,12,5,0.0,86,29
2026-05-21 00:30:49,2026-05-21,2,乒乓球厅-16号,15:00-16:00,0,1,可预约,￥5.0,多云,15,13,3,0.0,100,26
2026-05-21 01:00:55,2026-05-21,2,乒乓球厅-16号,15:00-16:00,0,1,可预约,￥5.0,多云,15,12,4,0.0,100,26
2026-05-21 01:30:47,2026-05-21,2,乒乓球厅-16号,15:00-16:00,0,1,可预约,￥5.0,多云,15,13,4,0.0,100,28
2026-05-21 02:00:53,2026-05-21,2,乒乓球厅-16号,15:00-16:00,0,1,可预约,￥5.0,多云,15,12,4,0.0,100,28
2026-05-21 02:30:49,2026-05-21,2,乒乓球厅-16号,15:00-16:00,0,1,可预约,￥5.0,多云,15,14,3,0.0,100,29
2026-05-21 03:00:55,2026-05-21,2,乒乓球厅-16号,15:00-16:00,0,1,可预约,￥5.0,多云,15,12,4,0.0,100,29
2026-05-21 03:30:49,2026-05-21,2,乒乓球厅-16号,15:00-16:00,0,1,可预约,￥5.0,多云,15,14,3,0.0,100,30
2026-05-21 04:30:45,2026-05-21,2,乒乓球厅-16号,15:00-16:00,0,1,可预约,￥5.0,多云,15,12,4,0.0,100,29
2026-05-21 05:00:52,2026-05-21,2,乒乓球厅-16号,15:00-16:00,0,1,可预约,￥5.0,多云,15,12,4,0.0,100,29
2026-05-21 05:30:49,2026-05-21,2,乒乓球厅-16号,15:00-16:00,0,1,可预约,￥5.0,多云,15,13,3,0.0,100,28
2026-05-21 06:00:50,2026-05-21,2,乒乓球厅-16号,15:00-16:00,0,1,可预约,￥5.0,多云,15,13,4,0.0,99,28
2026-05-21 06:30:38,2026-05-21,2,乒乓球厅-16号,15:00-16:00,0,1,可预约,￥5.0,多云,15,13,3,0.0,97,28
2026-05-21 07:00:43,2026-05-21,2,乒乓球厅-16号,15:00-16:00,0,1,可预约,￥5.0,晴,15,11,5,0.0,93,28
2026-05-21 07:30:39,2026-05-21,2,乒乓球厅-16号,15:00-16:00,0,1,可预约,￥5.0,晴,17,13,4,0.0,89,29
2026-05-21 07:50:40,2026-05-21,2,乒乓球厅-16号,15:00-16:00,0,1,可预约,￥5.0,晴,17,13,4,0.0,88,29
2026-05-21 07:53:31,2026-05-21,2,乒乓球厅-16号,15:00-16:00,0,1,可预约,￥5.0,晴,17,12,5,0.0,86,29
2026-05-21 07:56:31,2026-05-21,2,乒乓球厅-16号,15:00-16:00,0,1,可预约,￥5.0,晴,17,12,5,0.0,86,29
2026-05-21 07:59:26,2026-05-21,2,乒乓球厅-16号,15:00-16:00,0,1,可预约,￥5.0,晴,17,12,5,0.0,86,29
2026-05-21 00:30:49,2026-05-21,2,乒乓球厅-16号,16:00-17:00,0,1,可预约,￥5.0,多云,15,13,3,0.0,100,26
2026-05-21 01:00:55,2026-05-21,2,乒乓球厅-16号,16:00-17:00,0,1,可预约,￥5.0,多云,15,12,4,0.0,100,26
2026-05-21 01:30:47,2026-05-21,2,乒乓球厅-16号,16:00-17:00,0,1,可预约,￥5.0,多云,15,13,4,0.0,100,28
2026-05-21 02:00:53,2026-05-21,2,乒乓球厅-16号,16:00-17:00,0,1,可预约,￥5.0,多云,15,12,4,0.0,100,28
2026-05-21 02:30:49,2026-05-21,2,乒乓球厅-16号,16:00-17:00,0,1,可预约,￥5.0,多云,15,14,3,0.0,100,29
2026-05-21 03:00:55,2026-05-21,2,乒乓球厅-16号,16:00-17:00,0,1,可预约,￥5.0,多云,15,12,4,0.0,100,29
2026-05-21 03:30:49,2026-05-21,2,乒乓球厅-16号,16:00-17:00,0,1,可预约,￥5.0,多云,15,14,3,0.0,100,30
2026-05-21 04:30:45,2026-05-21,2,乒乓球厅-16号,16:00-17:00,0,1,可预约,￥5.0,多云,15,12,4,0.0,100,29
2026-05-21 05:00:52,2026-05-21,2,乒乓球厅-16号,16:00-17:00,0,1,可预约,￥5.0,多云,15,12,4,0.0,100,29
2026-05-21 05:30:49,2026-05-21,2,乒乓球厅-16号,16:00-17:00,0,1,可预约,￥5.0,多云,15,13,3,0.0,100,28
2026-05-21 06:00:50,2026-05-21,2,乒乓球厅-16号,16:00-17:00,0,1,可预约,￥5.0,多云,15,13,4,0.0,99,28
2026-05-21 06:30:38,2026-05-21,2,乒乓球厅-16号,16:00-17:00,0,1,可预约,￥5.0,多云,15,13,3,0.0,97,28
2026-05-21 07:00:43,2026-05-21,2,乒乓球厅-16号,16:00-17:00,0,1,可预约,￥5.0,晴,15,11,5,0.0,93,28
2026-05-21 07:30:39,2026-05-21,2,乒乓球厅-16号,16:00-17:00,0,1,可预约,￥5.0,晴,17,13,4,0.0,89,29
2026-05-21 07:50:40,2026-05-21,2,乒乓球厅-16号,16:00-17:00,0,1,可预约,￥5.0,晴,17,13,4,0.0,88,29
2026-05-21 07:53:31,2026-05-21,2,乒乓球厅-16号,16:00-17:00,0,1,可预约,￥5.0,晴,17,12,5,0.0,86,29
2026-05-21 07:56:31,2026-05-21,2,乒乓球厅-16号,16:00-17:00,0,1,可预约,￥5.0,晴,17,12,5,0.0,86,29
2026-05-21 07:59:26,2026-05-21,2,乒乓球厅-16号,16:00-17:00,0,1,可预约,￥5.0,晴,17,12,5,0.0,86,29
2026-05-21 00:30:49,2026-05-21,2,乒乓球厅-16号,17:00-18:00,0,1,可预约,￥5.0,多云,15,13,3,0.0,100,26
2026-05-21 01:00:55,2026-05-21,2,乒乓球厅-16号,17:00-18:00,0,1,可预约,￥5.0,多云,15,12,4,0.0,100,26
2026-05-21 01:30:47,2026-05-21,2,乒乓球厅-16号,17:00-18:00,0,1,可预约,￥5.0,多云,15,13,4,0.0,100,28
2026-05-21 02:00:53,2026-05-21,2,乒乓球厅-16号,17:00-18:00,0,1,可预约,￥5.0,多云,15,12,4,0.0,100,28
2026-05-21 02:30:49,2026-05-21,2,乒乓球厅-16号,17:00-18:00,0,1,可预约,￥5.0,多云,15,14,3,0.0,100,29
2026-05-21 03:00:55,2026-05-21,2,乒乓球厅-16号,17:00-18:00,0,1,可预约,￥5.0,多云,15,12,4,0.0,100,29
2026-05-21 03:30:49,2026-05-21,2,乒乓球厅-16号,17:00-18:00,0,1,可预约,￥5.0,多云,15,14,3,0.0,100,30
2026-05-21 04:30:45,2026-05-21,2,乒乓球厅-16号,17:00-18:00,0,1,可预约,￥5.0,多云,15,12,4,0.0,100,29
2026-05-21 05:00:52,2026-05-21,2,乒乓球厅-16号,17:00-18:00,0,1,可预约,￥5.0,多云,15,12,4,0.0,100,29
2026-05-21 05:30:49,2026-05-21,2,乒乓球厅-16号,17:00-18:00,0,1,可预约,￥5.0,多云,15,13,3,0.0,100,28
2026-05-21 06:00:50,2026-05-21,2,乒乓球厅-16号,17:00-18:00,0,1,可预约,￥5.0,多云,15,13,4,0.0,99,28
2026-05-21 06:30:38,2026-05-21,2,乒乓球厅-16号,17:00-18:00,0,1,可预约,￥5.0,多云,15,13,3,0.0,97,28
2026-05-21 07:00:43,2026-05-21,2,乒乓球厅-16号,17:00-18:00,0,1,可预约,￥5.0,晴,15,11,5,0.0,93,28
2026-05-21 07:30:39,2026-05-21,2,乒乓球厅-16号,17:00-18:00,0,1,可预约,￥5.0,晴,17,13,4,0.0,89,29
2026-05-21 07:50:40,2026-05-21,2,乒乓球厅-16号,17:00-18:00,0,1,可预约,￥5.0,晴,17,13,4,0.0,88,29
2026-05-21 07:53:31,2026-05-21,2,乒乓球厅-16号,17:00-18:00,0,1,可预约,￥5.0,晴,17,12,5,0.0,86,29
2026-05-21 07:56:31,2026-05-21,2,乒乓球厅-16号,17:00-18:00,0,1,可预约,￥5.0,晴,17,12,5,0.0,86,29
2026-05-21 07:59:26,2026-05-21,2,乒乓球厅-16号,17:00-18:00,0,1,可预约,￥5.0,晴,17,12,5,0.0,86,29
2026-05-21 00:30:49,2026-05-21,2,乒乓球厅-16号,18:30-19:30,0,1,可预约,￥5.0,多云,15,13,3,0.0,100,26
2026-05-21 01:00:55,2026-05-21,2,乒乓球厅-16号,18:30-19:30,0,1,可预约,￥5.0,多云,15,12,4,0.0,100,26
2026-05-21 01:30:47,2026-05-21,2,乒乓球厅-16号,18:30-19:30,0,1,可预约,￥5.0,多云,15,13,4,0.0,100,28
2026-05-21 02:00:53,2026-05-21,2,乒乓球厅-16号,18:30-19:30,0,1,可预约,￥5.0,多云,15,12,4,0.0,100,28
2026-05-21 02:30:49,2026-05-21,2,乒乓球厅-16号,18:30-19:30,0,1,可预约,￥5.0,多云,15,14,3,0.0,100,29
2026-05-21 03:00:55,2026-05-21,2,乒乓球厅-16号,18:30-19:30,0,1,可预约,￥5.0,多云,15,12,4,0.0,100,29
2026-05-21 03:30:49,2026-05-21,2,乒乓球厅-16号,18:30-19:30,0,1,可预约,￥5.0,多云,15,14,3,0.0,100,30
2026-05-21 04:30:45,2026-05-21,2,乒乓球厅-16号,18:30-19:30,0,1,可预约,￥5.0,多云,15,12,4,0.0,100,29
2026-05-21 05:00:52,2026-05-21,2,乒乓球厅-16号,18:30-19:30,0,1,可预约,￥5.0,多云,15,12,4,0.0,100,29
2026-05-21 05:30:49,2026-05-21,2,乒乓球厅-16号,18:30-19:30,0,1,可预约,￥5.0,多云,15,13,3,0.0,100,28
2026-05-21 06:00:50,2026-05-21,2,乒乓球厅-16号,18:30-19:30,0,1,可预约,￥5.0,多云,15,13,4,0.0,99,28
2026-05-21 06:30:38,2026-05-21,2,乒乓球厅-16号,18:30-19:30,0,1,可预约,￥5.0,多云,15,13,3,0.0,97,28
2026-05-21 07:00:43,2026-05-21,2,乒乓球厅-16号,18:30-19:30,0,1,可预约,￥5.0,晴,15,11,5,0.0,93,28
2026-05-21 07:30:39,2026-05-21,2,乒乓球厅-16号,18:30-19:30,0,1,可预约,￥5.0,晴,17,13,4,0.0,89,29
2026-05-21 07:50:40,2026-05-21,2,乒乓球厅-16号,18:30-19:30,0,1,可预约,￥5.0,晴,17,13,4,0.0,88,29
2026-05-21 07:53:31,2026-05-21,2,乒乓球厅-16号,18:30-19:30,0,1,可预约,￥5.0,晴,17,12,5,0.0,86,29
2026-05-21 07:56:31,2026-05-21,2,乒乓球厅-16号,18:30-19:30,0,1,可预约,￥5.0,晴,17,12,5,0.0,86,29
2026-05-21 07:59:26,2026-05-21,2,乒乓球厅-16号,18:30-19:30,0,1,可预约,￥5.0,晴,17,12,5,0.0,86,29
2026-05-21 00:30:49,2026-05-21,2,乒乓球厅-16号,19:30-20:30,0,1,可预约,￥5.0,多云,15,13,3,0.0,100,26
2026-05-21 01:00:55,2026-05-21,2,乒乓球厅-16号,19:30-20:30,0,1,可预约,￥5.0,多云,15,12,4,0.0,100,26
2026-05-21 01:30:47,2026-05-21,2,乒乓球厅-16号,19:30-20:30,0,1,可预约,￥5.0,多云,15,13,4,0.0,100,28
2026-05-21 02:00:53,2026-05-21,2,乒乓球厅-16号,19:30-20:30,0,1,可预约,￥5.0,多云,15,12,4,0.0,100,28
2026-05-21 02:30:49,2026-05-21,2,乒乓球厅-16号,19:30-20:30,0,1,可预约,￥5.0,多云,15,14,3,0.0,100,29
2026-05-21 03:00:55,2026-05-21,2,乒乓球厅-16号,19:30-20:30,0,1,可预约,￥5.0,多云,15,12,4,0.0,100,29
2026-05-21 03:30:49,2026-05-21,2,乒乓球厅-16号,19:30-20:30,0,1,可预约,￥5.0,多云,15,14,3,0.0,100,30
2026-05-21 04:30:45,2026-05-21,2,乒乓球厅-16号,19:30-20:30,0,1,可预约,￥5.0,多云,15,12,4,0.0,100,29
2026-05-21 05:00:52,2026-05-21,2,乒乓球厅-16号,19:30-20:30,0,1,可预约,￥5.0,多云,15,12,4,0.0,100,29
2026-05-21 05:30:49,2026-05-21,2,乒乓球厅-16号,19:30-20:30,0,1,可预约,￥5.0,多云,15,13,3,0.0,100,28
2026-05-21 06:00:50,2026-05-21,2,乒乓球厅-16号,19:30-20:30,0,1,可预约,￥5.0,多云,15,13,4,0.0,99,28
2026-05-21 06:30:38,2026-05-21,2,乒乓球厅-16号,19:30-20:30,0,1,可预约,￥5.0,多云,15,13,3,0.0,97,28
2026-05-21 07:00:43,2026-05-21,2,乒乓球厅-16号,19:30-20:30,0,1,可预约,￥5.0,晴,15,11,5,0.0,93,28
2026-05-21 07:30:39,2026-05-21,2,乒乓球厅-16号,19:30-20:30,0,1,可预约,￥5.0,晴,17,13,4,0.0,89,29
2026-05-21 07:50:40,2026-05-21,2,乒乓球厅-16号,19:30-20:30,0,1,可预约,￥5.0,晴,17,13,4,0.0,88,29
2026-05-21 07:53:31,2026-05-21,2,乒乓球厅-16号,19:30-20:30,0,1,可预约,￥5.0,晴,17,12,5,0.0,86,29
2026-05-21 07:56:31,2026-05-21,2,乒乓球厅-16号,19:30-20:30,0,1,可预约,￥5.0,晴,17,12,5,0.0,86,29
2026-05-21 07:59:26,2026-05-21,2,乒乓球厅-16号,19:30-20:30,0,1,可预约,￥5.0,晴,17,12,5,0.0,86,29
2026-05-21 00:30:49,2026-05-21,2,乒乓球厅-16号,20:30-21:30,0,1,可预约,￥5.0,多云,15,13,3,0.0,100,26
2026-05-21 01:00:55,2026-05-21,2,乒乓球厅-16号,20:30-21:30,0,1,可预约,￥5.0,多云,15,12,4,0.0,100,26
2026-05-21 01:30:47,2026-05-21,2,乒乓球厅-16号,20:30-21:30,0,1,可预约,￥5.0,多云,15,13,4,0.0,100,28
2026-05-21 02:00:53,2026-05-21,2,乒乓球厅-16号,20:30-21:30,0,1,可预约,￥5.0,多云,15,12,4,0.0,100,28
2026-05-21 02:30:49,2026-05-21,2,乒乓球厅-16号,20:30-21:30,0,1,可预约,￥5.0,多云,15,14,3,0.0,100,29
2026-05-21 03:00:55,2026-05-21,2,乒乓球厅-16号,20:30-21:30,0,1,可预约,￥5.0,多云,15,12,4,0.0,100,29
2026-05-21 03:30:49,2026-05-21,2,乒乓球厅-16号,20:30-21:30,0,1,可预约,￥5.0,多云,15,14,3,0.0,100,30
2026-05-21 04:30:45,2026-05-21,2,乒乓球厅-16号,20:30-21:30,0,1,可预约,￥5.0,多云,15,12,4,0.0,100,29
2026-05-21 05:00:52,2026-05-21,2,乒乓球厅-16号,20:30-21:30,0,1,可预约,￥5.0,多云,15,12,4,0.0,100,29
2026-05-21 05:30:49,2026-05-21,2,乒乓球厅-16号,20:30-21:30,0,1,可预约,￥5.0,多云,15,13,3,0.0,100,28
2026-05-21 06:00:50,2026-05-21,2,乒乓球厅-16号,20:30-21:30,0,1,可预约,￥5.0,多云,15,13,4,0.0,99,28
2026-05-21 06:30:38,2026-05-21,2,乒乓球厅-16号,20:30-21:30,0,1,可预约,￥5.0,多云,15,13,3,0.0,97,28
2026-05-21 07:00:43,2026-05-21,2,乒乓球厅-16号,20:30-21:30,0,1,可预约,￥5.0,晴,15,11,5,0.0,93,28
2026-05-21 07:30:39,2026-05-21,2,乒乓球厅-16号,20:30-21:30,0,1,可预约,￥5.0,晴,17,13,4,0.0,89,29
2026-05-21 07:50:40,2026-05-21,2,乒乓球厅-16号,20:30-21:30,0,1,可预约,￥5.0,晴,17,13,4,0.0,88,29
2026-05-21 07:53:31,2026-05-21,2,乒乓球厅-16号,20:30-21:30,0,1,可预约,￥5.0,晴,17,12,5,0.0,86,29
2026-05-21 07:56:31,2026-05-21,2,乒乓球厅-16号,20:30-21:30,0,1,可预约,￥5.0,晴,17,12,5,0.0,86,29
2026-05-21 07:59:26,2026-05-21,2,乒乓球厅-16号,20:30-21:30,0,1,可预约,￥5.0,晴,17,12,5,0.0,86,29
2026-05-21 00:30:49,2026-05-21,2,乒乓球厅-1号,07:00-08:00,0,1,可预约,￥0.0,多云,15,13,3,0.0,100,26
2026-05-21 01:00:55,2026-05-21,2,乒乓球厅-1号,07:00-08:00,0,1,可预约,￥0.0,多云,15,12,4,0.0,100,26
2026-05-21 01:30:47,2026-05-21,2,乒乓球厅-1号,07:00-08:00,0,1,可预约,￥0.0,多云,15,13,4,0.0,100,28
2026-05-21 02:00:53,2026-05-21,2,乒乓球厅-1号,07:00-08:00,0,1,可预约,￥0.0,多云,15,12,4,0.0,100,28
2026-05-21 02:30:49,2026-05-21,2,乒乓球厅-1号,07:00-08:00,0,1,可预约,￥0.0,多云,15,14,3,0.0,100,29
2026-05-21 03:00:55,2026-05-21,2,乒乓球厅-1号,07:00-08:00,0,1,可预约,￥0.0,多云,15,12,4,0.0,100,29
2026-05-21 03:30:49,2026-05-21,2,乒乓球厅-1号,07:00-08:00,0,1,可预约,￥0.0,多云,15,14,3,0.0,100,30
2026-05-21 04:30:45,2026-05-21,2,乒乓球厅-1号,07:00-08:00,0,1,可预约,￥0.0,多云,15,12,4,0.0,100,29
2026-05-21 05:00:52,2026-05-21,2,乒乓球厅-1号,07:00-08:00,0,1,可预约,￥0.0,多云,15,12,4,0.0,100,29
2026-05-21 05:30:49,2026-05-21,2,乒乓球厅-1号,07:00-08:00,0,1,可预约,￥0.0,多云,15,13,3,0.0,100,28
2026-05-21 06:00:50,2026-05-21,2,乒乓球厅-1号,07:00-08:00,0,1,可预约,￥0.0,多云,15,13,4,0.0,99,28
2026-05-21 06:30:38,2026-05-21,2,乒乓球厅-1号,07:00-08:00,0,1,可预约,￥0.0,多云,15,13,3,0.0,97,28
2026-05-21 07:00:43,2026-05-21,2,乒乓球厅-1号,07:00-08:00,0,1,可预约,￥0.0,晴,15,11,5,0.0,93,28
2026-05-21 07:30:39,2026-05-21,2,乒乓球厅-1号,07:00-08:00,0,1,可预约,￥0.0,晴,17,13,4,0.0,89,29
2026-05-21 07:50:40,2026-05-21,2,乒乓球厅-1号,07:00-08:00,0,1,可预约,￥0.0,晴,17,13,4,0.0,88,29
2026-05-21 07:53:31,2026-05-21,2,乒乓球厅-1号,07:00-08:00,0,1,可预约,￥0.0,晴,17,12,5,0.0,86,29
2026-05-21 07:56:31,2026-05-21,2,乒乓球厅-1号,07:00-08:00,0,1,可预约,￥0.0,晴,17,12,5,0.0,86,29
2026-05-21 07:59:26,2026-05-21,2,乒乓球厅-1号,07:00-08:00,0,1,可预约,￥0.0,晴,17,12,5,0.0,86,29
2026-05-21 00:30:49,2026-05-21,2,乒乓球厅-1号,08:00-09:00,0,1,可预约,￥0.0,多云,15,13,3,0.0,100,26
2026-05-21 01:00:55,2026-05-21,2,乒乓球厅-1号,08:00-09:00,0,1,可预约,￥0.0,多云,15,12,4,0.0,100,26
2026-05-21 01:30:47,2026-05-21,2,乒乓球厅-1号,08:00-09:00,0,1,可预约,￥0.0,多云,15,13,4,0.0,100,28
2026-05-21 02:00:53,2026-05-21,2,乒乓球厅-1号,08:00-09:00,0,1,可预约,￥0.0,多云,15,12,4,0.0,100,28
2026-05-21 02:30:49,2026-05-21,2,乒乓球厅-1号,08:00-09:00,0,1,可预约,￥0.0,多云,15,14,3,0.0,100,29
2026-05-21 03:00:55,2026-05-21,2,乒乓球厅-1号,08:00-09:00,0,1,可预约,￥0.0,多云,15,12,4,0.0,100,29
2026-05-21 03:30:49,2026-05-21,2,乒乓球厅-1号,08:00-09:00,0,1,可预约,￥0.0,多云,15,14,3,0.0,100,30
2026-05-21 04:30:45,2026-05-21,2,乒乓球厅-1号,08:00-09:00,0,1,可预约,￥0.0,多云,15,12,4,0.0,100,29
2026-05-21 05:00:52,2026-05-21,2,乒乓球厅-1号,08:00-09:00,0,1,可预约,￥0.0,多云,15,12,4,0.0,100,29
2026-05-21 05:30:49,2026-05-21,2,乒乓球厅-1号,08:00-09:00,0,1,可预约,￥0.0,多云,15,13,3,0.0,100,28
2026-05-21 06:00:50,2026-05-21,2,乒乓球厅-1号,08:00-09:00,0,1,可预约,￥0.0,多云,15,13,4,0.0,99,28
2026-05-21 06:30:38,2026-05-21,2,乒乓球厅-1号,08:00-09:00,0,1,可预约,￥0.0,多云,15,13,3,0.0,97,28
2026-05-21 07:00:43,2026-05-21,2,乒乓球厅-1号,08:00-09:00,0,1,可预约,￥0.0,晴,15,11,5,0.0,93,28
2026-05-21 07:30:39,2026-05-21,2,乒乓球厅-1号,08:00-09:00,0,1,可预约,￥0.0,晴,17,13,4,0.0,89,29
2026-05-21 07:50:40,2026-05-21,2,乒乓球厅-1号,08:00-09:00,0,1,可预约,￥0.0,晴,17,13,4,0.0,88,29
2026-05-21 07:53:31,2026-05-21,2,乒乓球厅-1号,08:00-09:00,0,1,可预约,￥0.0,晴,17,12,5,0.0,86,29
2026-05-21 07:56:31,2026-05-21,2,乒乓球厅-1号,08:00-09:00,0,1,可预约,￥0.0,晴,17,12,5,0.0,86,29
2026-05-21 07:59:26,2026-05-21,2,乒乓球厅-1号,08:00-09:00,0,1,可预约,￥0.0,晴,17,12,5,0.0,86,29
2026-05-21 00:30:49,2026-05-21,2,乒乓球厅-1号,09:00-10:00,0,1,可预约,￥5.0,多云,15,13,3,0.0,100,26
2026-05-21 01:00:55,2026-05-21,2,乒乓球厅-1号,09:00-10:00,0,1,可预约,￥5.0,多云,15,12,4,0.0,100,26
2026-05-21 01:30:47,2026-05-21,2,乒乓球厅-1号,09:00-10:00,0,1,可预约,￥5.0,多云,15,13,4,0.0,100,28
2026-05-21 02:00:53,2026-05-21,2,乒乓球厅-1号,09:00-10:00,0,1,可预约,￥5.0,多云,15,12,4,0.0,100,28
2026-05-21 02:30:49,2026-05-21,2,乒乓球厅-1号,09:00-10:00,0,1,可预约,￥5.0,多云,15,14,3,0.0,100,29
2026-05-21 03:00:55,2026-05-21,2,乒乓球厅-1号,09:00-10:00,0,1,可预约,￥5.0,多云,15,12,4,0.0,100,29
2026-05-21 03:30:49,2026-05-21,2,乒乓球厅-1号,09:00-10:00,0,1,可预约,￥5.0,多云,15,14,3,0.0,100,30
2026-05-21 04:30:45,2026-05-21,2,乒乓球厅-1号,09:00-10:00,0,1,可预约,￥5.0,多云,15,12,4,0.0,100,29
2026-05-21 05:00:52,2026-05-21,2,乒乓球厅-1号,09:00-10:00,0,1,可预约,￥5.0,多云,15,12,4,0.0,100,29
2026-05-21 05:30:49,2026-05-21,2,乒乓球厅-1号,09:00-10:00,0,1,可预约,￥5.0,多云,15,13,3,0.0,100,28
2026-05-21 06:00:50,2026-05-21,2,乒乓球厅-1号,09:00-10:00,0,1,可预约,￥5.0,多云,15,13,4,0.0,99,28
2026-05-21 06:30:38,2026-05-21,2,乒乓球厅-1号,09:00-10:00,0,1,可预约,￥5.0,多云,15,13,3,0.0,97,28
2026-05-21 07:00:43,2026-05-21,2,乒乓球厅-1号,09:00-10:00,0,1,可预约,￥5.0,晴,15,11,5,0.0,93,28
2026-05-21 07:30:39,2026-05-21,2,乒乓球厅-1号,09:00-10:00,0,1,可预约,￥5.0,晴,17,13,4,0.0,89,29
2026-05-21 07:50:40,2026-05-21,2,乒乓球厅-1号,09:00-10:00,0,1,可预约,￥5.0,晴,17,13,4,0.0,88,29
2026-05-21 07:53:31,2026-05-21,2,乒乓球厅-1号,09:00-10:00,0,1,可预约,￥5.0,晴,17,12,5,0.0,86,29
2026-05-21 07:56:31,2026-05-21,2,乒乓球厅-1号,09:00-10:00,0,1,可预约,￥5.0,晴,17,12,5,0.0,86,29
2026-05-21 07:59:26,2026-05-21,2,乒乓球厅-1号,09:00-10:00,0,1,可预约,￥5.0,晴,17,12,5,0.0,86,29
2026-05-21 00:30:49,2026-05-21,2,乒乓球厅-1号,10:00-11:00,1,1,已售/已满,教学时间,多云,15,13,3,0.0,100,26
2026-05-21 01:00:55,2026-05-21,2,乒乓球厅-1号,10:00-11:00,1,1,已售/已满,教学时间,多云,15,12,4,0.0,100,26
2026-05-21 01:30:47,2026-05-21,2,乒乓球厅-1号,10:00-11:00,1,1,已售/已满,教学时间,多云,15,13,4,0.0,100,28
2026-05-21 02:00:53,2026-05-21,2,乒乓球厅-1号,10:00-11:00,1,1,已售/已满,教学时间,多云,15,12,4,0.0,100,28
2026-05-21 02:30:49,2026-05-21,2,乒乓球厅-1号,10:00-11:00,1,1,已售/已满,教学时间,多云,15,14,3,0.0,100,29
2026-05-21 03:00:55,2026-05-21,2,乒乓球厅-1号,10:00-11:00,1,1,已售/已满,教学时间,多云,15,12,4,0.0,100,29
2026-05-21 03:30:49,2026-05-21,2,乒乓球厅-1号,10:00-11:00,1,1,已售/已满,教学时间,多云,15,14,3,0.0,100,30
2026-05-21 04:30:45,2026-05-21,2,乒乓球厅-1号,10:00-11:00,1,1,已售/已满,教学时间,多云,15,12,4,0.0,100,29
2026-05-21 05:00:52,2026-05-21,2,乒乓球厅-1号,10:00-11:00,1,1,已售/已满,教学时间,多云,15,12,4,0.0,100,29
2026-05-21 05:30:49,2026-05-21,2,乒乓球厅-1号,10:00-11:00,1,1,已售/已满,教学时间,多云,15,13,3,0.0,100,28
2026-05-21 06:00:50,2026-05-21,2,乒乓球厅-1号,10:00-11:00,1,1,已售/已满,教学时间,多云,15,13,4,0.0,99,28
2026-05-21 06:30:38,2026-05-21,2,乒乓球厅-1号,10:00-11:00,1,1,已售/已满,教学时间,多云,15,13,3,0.0,97,28
2026-05-21 07:00:43,2026-05-21,2,乒乓球厅-1号,10:00-11:00,1,1,已售/已满,教学时间,晴,15,11,5,0.0,93,28
2026-05-21 07:30:39,2026-05-21,2,乒乓球厅-1号,10:00-11:00,1,1,已售/已满,教学时间,晴,17,13,4,0.0,89,29
2026-05-21 07:50:40,2026-05-21,2,乒乓球厅-1号,10:00-11:00,1,1,已售/已满,教学时间,晴,17,13,4,0.0,88,29
2026-05-21 07:53:31,2026-05-21,2,乒乓球厅-1号,10:00-11:00,1,1,已售/已满,教学时间,晴,17,12,5,0.0,86,29
2026-05-21 07:56:31,2026-05-21,2,乒乓球厅-1号,10:00-11:00,1,1,已售/已满,教学时间,晴,17,12,5,0.0,86,29
2026-05-21 07:59:26,2026-05-21,2,乒乓球厅-1号,10:00-11:00,1,1,已售/已满,教学时间,晴,17,12,5,0.0,86,29
2026-05-21 00:30:49,2026-05-21,2,乒乓球厅-1号,11:00-12:00,1,1,已售/已满,教学时间,多云,15,13,3,0.0,100,26
2026-05-21 01:00:55,2026-05-21,2,乒乓球厅-1号,11:00-12:00,1,1,已售/已满,教学时间,多云,15,12,4,0.0,100,26
2026-05-21 01:30:47,2026-05-21,2,乒乓球厅-1号,11:00-12:00,1,1,已售/已满,教学时间,多云,15,13,4,0.0,100,28
2026-05-21 02:00:53,2026-05-21,2,乒乓球厅-1号,11:00-12:00,1,1,已售/已满,教学时间,多云,15,12,4,0.0,100,28
2026-05-21 02:30:49,2026-05-21,2,乒乓球厅-1号,11:00-12:00,1,1,已售/已满,教学时间,多云,15,14,3,0.0,100,29
2026-05-21 03:00:55,2026-05-21,2,乒乓球厅-1号,11:00-12:00,1,1,已售/已满,教学时间,多云,15,12,4,0.0,100,29
2026-05-21 03:30:49,2026-05-21,2,乒乓球厅-1号,11:00-12:00,1,1,已售/已满,教学时间,多云,15,14,3,0.0,100,30
2026-05-21 04:30:45,2026-05-21,2,乒乓球厅-1号,11:00-12:00,1,1,已售/已满,教学时间,多云,15,12,4,0.0,100,29
2026-05-21 05:00:52,2026-05-21,2,乒乓球厅-1号,11:00-12:00,1,1,已售/已满,教学时间,多云,15,12,4,0.0,100,29
2026-05-21 05:30:49,2026-05-21,2,乒乓球厅-1号,11:00-12:00,1,1,已售/已满,教学时间,多云,15,13,3,0.0,100,28
2026-05-21 06:00:50,2026-05-21,2,乒乓球厅-1号,11:00-12:00,1,1,已售/已满,教学时间,多云,15,13,4,0.0,99,28
2026-05-21 06:30:38,2026-05-21,2,乒乓球厅-1号,11:00-12:00,1,1,已售/已满,教学时间,多云,15,13,3,0.0,97,28
2026-05-21 07:00:43,2026-05-21,2,乒乓球厅-1号,11:00-12:00,1,1,已售/已满,教学时间,晴,15,11,5,0.0,93,28
2026-05-21 07:30:39,2026-05-21,2,乒乓球厅-1号,11:00-12:00,1,1,已售/已满,教学时间,晴,17,13,4,0.0,89,29
2026-05-21 07:50:40,2026-05-21,2,乒乓球厅-1号,11:00-12:00,1,1,已售/已满,教学时间,晴,17,13,4,0.0,88,29
2026-05-21 07:53:31,2026-05-21,2,乒乓球厅-1号,11:00-12:00,1,1,已售/已满,教学时间,晴,17,12,5,0.0,86,29
2026-05-21 07:56:31,2026-05-21,2,乒乓球厅-1号,11:00-12:00,1,1,已售/已满,教学时间,晴,17,12,5,0.0,86,29
2026-05-21 07:59:26,2026-05-21,2,乒乓球厅-1号,11:00-12:00,1,1,已售/已满,教学时间,晴,17,12,5,0.0,86,29
2026-05-21 00:30:49,2026-05-21,2,乒乓球厅-1号,12:00-12:55,0,1,可预约,￥0.0,多云,15,13,3,0.0,100,26
2026-05-21 01:00:55,2026-05-21,2,乒乓球厅-1号,12:00-12:55,0,1,可预约,￥0.0,多云,15,12,4,0.0,100,26
2026-05-21 01:30:47,2026-05-21,2,乒乓球厅-1号,12:00-12:55,0,1,可预约,￥0.0,多云,15,13,4,0.0,100,28
2026-05-21 02:00:53,2026-05-21,2,乒乓球厅-1号,12:00-12:55,0,1,可预约,￥0.0,多云,15,12,4,0.0,100,28
2026-05-21 02:30:49,2026-05-21,2,乒乓球厅-1号,12:00-12:55,0,1,可预约,￥0.0,多云,15,14,3,0.0,100,29
2026-05-21 03:00:55,2026-05-21,2,乒乓球厅-1号,12:00-12:55,0,1,可预约,￥0.0,多云,15,12,4,0.0,100,29
2026-05-21 03:30:49,2026-05-21,2,乒乓球厅-1号,12:00-12:55,0,1,可预约,￥0.0,多云,15,14,3,0.0,100,30
2026-05-21 04:30:45,2026-05-21,2,乒乓球厅-1号,12:00-12:55,0,1,可预约,￥0.0,多云,15,12,4,0.0,100,29
2026-05-21 05:00:52,2026-05-21,2,乒乓球厅-1号,12:00-12:55,0,1,可预约,￥0.0,多云,15,12,4,0.0,100,29
2026-05-21 05:30:49,2026-05-21,2,乒乓球厅-1号,12:00-12:55,0,1,可预约,￥0.0,多云,15,13,3,0.0,100,28
2026-05-21 06:00:50,2026-05-21,2,乒乓球厅-1号,12:00-12:55,0,1,可预约,￥0.0,多云,15,13,4,0.0,99,28
2026-05-21 06:30:38,2026-05-21,2,乒乓球厅-1号,12:00-12:55,0,1,可预约,￥0.0,多云,15,13,3,0.0,97,28
2026-05-21 07:00:43,2026-05-21,2,乒乓球厅-1号,12:00-12:55,0,1,可预约,￥0.0,晴,15,11,5,0.0,93,28
2026-05-21 07:30:39,2026-05-21,2,乒乓球厅-1号,12:00-12:55,0,1,可预约,￥0.0,晴,17,13,4,0.0,89,29
2026-05-21 07:50:40,2026-05-21,2,乒乓球厅-1号,12:00-12:55,0,1,可预约,￥0.0,晴,17,13,4,0.0,88,29
2026-05-21 07:53:31,2026-05-21,2,乒乓球厅-1号,12:00-12:55,0,1,可预约,￥0.0,晴,17,12,5,0.0,86,29
2026-05-21 07:56:31,2026-05-21,2,乒乓球厅-1号,12:00-12:55,0,1,可预约,￥0.0,晴,17,12,5,0.0,86,29
2026-05-21 07:59:26,2026-05-21,2,乒乓球厅-1号,12:00-12:55,0,1,可预约,￥0.0,晴,17,12,5,0.0,86,29
2026-05-21 00:30:49,2026-05-21,2,乒乓球厅-1号,12:55-13:50,0,1,可预约,￥0.0,多云,15,13,3,0.0,100,26
2026-05-21 01:00:55,2026-05-21,2,乒乓球厅-1号,12:55-13:50,0,1,可预约,￥0.0,多云,15,12,4,0.0,100,26
2026-05-21 01:30:47,2026-05-21,2,乒乓球厅-1号,12:55-13:50,0,1,可预约,￥0.0,多云,15,13,4,0.0,100,28
2026-05-21 02:00:53,2026-05-21,2,乒乓球厅-1号,12:55-13:50,0,1,可预约,￥0.0,多云,15,12,4,0.0,100,28
2026-05-21 02:30:49,2026-05-21,2,乒乓球厅-1号,12:55-13:50,0,1,可预约,￥0.0,多云,15,14,3,0.0,100,29
2026-05-21 03:00:55,2026-05-21,2,乒乓球厅-1号,12:55-13:50,0,1,可预约,￥0.0,多云,15,12,4,0.0,100,29
2026-05-21 03:30:49,2026-05-21,2,乒乓球厅-1号,12:55-13:50,0,1,可预约,￥0.0,多云,15,14,3,0.0,100,30
2026-05-21 04:30:45,2026-05-21,2,乒乓球厅-1号,12:55-13:50,0,1,可预约,￥0.0,多云,15,12,4,0.0,100,29
2026-05-21 05:00:52,2026-05-21,2,乒乓球厅-1号,12:55-13:50,0,1,可预约,￥0.0,多云,15,12,4,0.0,100,29
2026-05-21 05:30:49,2026-05-21,2,乒乓球厅-1号,12:55-13:50,0,1,可预约,￥0.0,多云,15,13,3,0.0,100,28
2026-05-21 06:00:50,2026-05-21,2,乒乓球厅-1号,12:55-13:50,0,1,可预约,￥0.0,多云,15,13,4,0.0,99,28
2026-05-21 06:30:38,2026-05-21,2,乒乓球厅-1号,12:55-13:50,0,1,可预约,￥0.0,多云,15,13,3,0.0,97,28
2026-05-21 07:00:43,2026-05-21,2,乒乓球厅-1号,12:55-13:50,0,1,可预约,￥0.0,晴,15,11,5,0.0,93,28
2026-05-21 07:30:39,2026-05-21,2,乒乓球厅-1号,12:55-13:50,0,1,可预约,￥0.0,晴,17,13,4,0.0,89,29
2026-05-21 07:50:40,2026-05-21,2,乒乓球厅-1号,12:55-13:50,0,1,可预约,￥0.0,晴,17,13,4,0.0,88,29
2026-05-21 07:53:31,2026-05-21,2,乒乓球厅-1号,12:55-13:50,0,1,可预约,￥0.0,晴,17,12,5,0.0,86,29
2026-05-21 07:56:31,2026-05-21,2,乒乓球厅-1号,12:55-13:50,0,1,可预约,￥0.0,晴,17,12,5,0.0,86,29
2026-05-21 07:59:26,2026-05-21,2,乒乓球厅-1号,12:55-13:50,0,1,可预约,￥0.0,晴,17,12,5,0.0,86,29
2026-05-21 00:30:49,2026-05-21,2,乒乓球厅-1号,14:00-15:00,0,1,可预约,￥5.0,多云,15,13,3,0.0,100,26
2026-05-21 01:00:55,2026-05-21,2,乒乓球厅-1号,14:00-15:00,0,1,可预约,￥5.0,多云,15,12,4,0.0,100,26
2026-05-21 01:30:47,2026-05-21,2,乒乓球厅-1号,14:00-15:00,0,1,可预约,￥5.0,多云,15,13,4,0.0,100,28
2026-05-21 02:00:53,2026-05-21,2,乒乓球厅-1号,14:00-15:00,0,1,可预约,￥5.0,多云,15,12,4,0.0,100,28
2026-05-21 02:30:49,2026-05-21,2,乒乓球厅-1号,14:00-15:00,0,1,可预约,￥5.0,多云,15,14,3,0.0,100,29
2026-05-21 03:00:55,2026-05-21,2,乒乓球厅-1号,14:00-15:00,0,1,可预约,￥5.0,多云,15,12,4,0.0,100,29
2026-05-21 03:30:49,2026-05-21,2,乒乓球厅-1号,14:00-15:00,0,1,可预约,￥5.0,多云,15,14,3,0.0,100,30
2026-05-21 04:30:45,2026-05-21,2,乒乓球厅-1号,14:00-15:00,0,1,可预约,￥5.0,多云,15,12,4,0.0,100,29
2026-05-21 05:00:52,2026-05-21,2,乒乓球厅-1号,14:00-15:00,0,1,可预约,￥5.0,多云,15,12,4,0.0,100,29
2026-05-21 05:30:49,2026-05-21,2,乒乓球厅-1号,14:00-15:00,0,1,可预约,￥5.0,多云,15,13,3,0.0,100,28
2026-05-21 06:00:50,2026-05-21,2,乒乓球厅-1号,14:00-15:00,0,1,可预约,￥5.0,多云,15,13,4,0.0,99,28
2026-05-21 06:30:38,2026-05-21,2,乒乓球厅-1号,14:00-15:00,0,1,可预约,￥5.0,多云,15,13,3,0.0,97,28
2026-05-21 07:00:43,2026-05-21,2,乒乓球厅-1号,14:00-15:00,0,1,可预约,￥5.0,晴,15,11,5,0.0,93,28
2026-05-21 07:30:39,2026-05-21,2,乒乓球厅-1号,14:00-15:00,0,1,可预约,￥5.0,晴,17,13,4,0.0,89,29
2026-05-21 07:50:40,2026-05-21,2,乒乓球厅-1号,14:00-15:00,0,1,可预约,￥5.0,晴,17,13,4,0.0,88,29
2026-05-21 07:53:31,2026-05-21,2,乒乓球厅-1号,14:00-15:00,0,1,可预约,￥5.0,晴,17,12,5,0.0,86,29
2026-05-21 07:56:31,2026-05-21,2,乒乓球厅-1号,14:00-15:00,0,1,可预约,￥5.0,晴,17,12,5,0.0,86,29
2026-05-21 07:59:26,2026-05-21,2,乒乓球厅-1号,14:00-15:00,0,1,可预约,￥5.0,晴,17,12,5,0.0,86,29
2026-05-21 00:30:49,2026-05-21,2,乒乓球厅-1号,15:00-16:00,0,1,可预约,￥5.0,多云,15,13,3,0.0,100,26
2026-05-21 01:00:55,2026-05-21,2,乒乓球厅-1号,15:00-16:00,0,1,可预约,￥5.0,多云,15,12,4,0.0,100,26
2026-05-21 01:30:47,2026-05-21,2,乒乓球厅-1号,15:00-16:00,0,1,可预约,￥5.0,多云,15,13,4,0.0,100,28
2026-05-21 02:00:53,2026-05-21,2,乒乓球厅-1号,15:00-16:00,0,1,可预约,￥5.0,多云,15,12,4,0.0,100,28
2026-05-21 02:30:49,2026-05-21,2,乒乓球厅-1号,15:00-16:00,0,1,可预约,￥5.0,多云,15,14,3,0.0,100,29
2026-05-21 03:00:55,2026-05-21,2,乒乓球厅-1号,15:00-16:00,0,1,可预约,￥5.0,多云,15,12,4,0.0,100,29
2026-05-21 03:30:49,2026-05-21,2,乒乓球厅-1号,15:00-16:00,0,1,可预约,￥5.0,多云,15,14,3,0.0,100,30
2026-05-21 04:30:45,2026-05-21,2,乒乓球厅-1号,15:00-16:00,0,1,可预约,￥5.0,多云,15,12,4,0.0,100,29
2026-05-21 05:00:52,2026-05-21,2,乒乓球厅-1号,15:00-16:00,0,1,可预约,￥5.0,多云,15,12,4,0.0,100,29
2026-05-21 05:30:49,2026-05-21,2,乒乓球厅-1号,15:00-16:00,0,1,可预约,￥5.0,多云,15,13,3,0.0,100,28
2026-05-21 06:00:50,2026-05-21,2,乒乓球厅-1号,15:00-16:00,0,1,可预约,￥5.0,多云,15,13,4,0.0,99,28
2026-05-21 06:30:38,2026-05-21,2,乒乓球厅-1号,15:00-16:00,0,1,可预约,￥5.0,多云,15,13,3,0.0,97,28
2026-05-21 07:00:43,2026-05-21,2,乒乓球厅-1号,15:00-16:00,0,1,可预约,￥5.0,晴,15,11,5,0.0,93,28
2026-05-21 07:30:39,2026-05-21,2,乒乓球厅-1号,15:00-16:00,0,1,可预约,￥5.0,晴,17,13,4,0.0,89,29
2026-05-21 07:50:40,2026-05-21,2,乒乓球厅-1号,15:00-16:00,0,1,可预约,￥5.0,晴,17,13,4,0.0,88,29
2026-05-21 07:53:31,2026-05-21,2,乒乓球厅-1号,15:00-16:00,0,1,可预约,￥5.0,晴,17,12,5,0.0,86,29
2026-05-21 07:56:31,2026-05-21,2,乒乓球厅-1号,15:00-16:00,0,1,可预约,￥5.0,晴,17,12,5,0.0,86,29
2026-05-21 07:59:26,2026-05-21,2,乒乓球厅-1号,15:00-16:00,0,1,可预约,￥5.0,晴,17,12,5,0.0,86,29
2026-05-21 00:30:49,2026-05-21,2,乒乓球厅-1号,16:00-17:00,0,1,可预约,￥5.0,多云,15,13,3,0.0,100,26
2026-05-21 01:00:55,2026-05-21,2,乒乓球厅-1号,16:00-17:00,0,1,可预约,￥5.0,多云,15,12,4,0.0,100,26
2026-05-21 01:30:47,2026-05-21,2,乒乓球厅-1号,16:00-17:00,0,1,可预约,￥5.0,多云,15,13,4,0.0,100,28
2026-05-21 02:00:53,2026-05-21,2,乒乓球厅-1号,16:00-17:00,0,1,可预约,￥5.0,多云,15,12,4,0.0,100,28
2026-05-21 02:30:49,2026-05-21,2,乒乓球厅-1号,16:00-17:00,0,1,可预约,￥5.0,多云,15,14,3,0.0,100,29
2026-05-21 03:00:55,2026-05-21,2,乒乓球厅-1号,16:00-17:00,0,1,可预约,￥5.0,多云,15,12,4,0.0,100,29
2026-05-21 03:30:49,2026-05-21,2,乒乓球厅-1号,16:00-17:00,0,1,可预约,￥5.0,多云,15,14,3,0.0,100,30
2026-05-21 04:30:45,2026-05-21,2,乒乓球厅-1号,16:00-17:00,0,1,可预约,￥5.0,多云,15,12,4,0.0,100,29
2026-05-21 05:00:52,2026-05-21,2,乒乓球厅-1号,16:00-17:00,0,1,可预约,￥5.0,多云,15,12,4,0.0,100,29
2026-05-21 05:30:49,2026-05-21,2,乒乓球厅-1号,16:00-17:00,0,1,可预约,￥5.0,多云,15,13,3,0.0,100,28
2026-05-21 06:00:50,2026-05-21,2,乒乓球厅-1号,16:00-17:00,0,1,可预约,￥5.0,多云,15,13,4,0.0,99,28
2026-05-21 06:30:38,2026-05-21,2,乒乓球厅-1号,16:00-17:00,0,1,可预约,￥5.0,多云,15,13,3,0.0,97,28
2026-05-21 07:00:43,2026-05-21,2,乒乓球厅-1号,16:00-17:00,0,1,可预约,￥5.0,晴,15,11,5,0.0,93,28
2026-05-21 07:30:39,2026-05-21,2,乒乓球厅-1号,16:00-17:00,0,1,可预约,￥5.0,晴,17,13,4,0.0,89,29
2026-05-21 07:50:40,2026-05-21,2,乒乓球厅-1号,16:00-17:00,0,1,可预约,￥5.0,晴,17,13,4,0.0,88,29
2026-05-21 07:53:31,2026-05-21,2,乒乓球厅-1号,16:00-17:00,0,1,可预约,￥5.0,晴,17,12,5,0.0,86,29
2026-05-21 07:56:31,2026-05-21,2,乒乓球厅-1号,16:00-17:00,0,1,可预约,￥5.0,晴,17,12,5,0.0,86,29
2026-05-21 07:59:26,2026-05-21,2,乒乓球厅-1号,16:00-17:00,0,1,可预约,￥5.0,晴,17,12,5,0.0,86,29
2026-05-21 00:30:49,2026-05-21,2,乒乓球厅-1号,17:00-18:00,0,1,可预约,￥5.0,多云,15,13,3,0.0,100,26
2026-05-21 01:00:55,2026-05-21,2,乒乓球厅-1号,17:00-18:00,0,1,可预约,￥5.0,多云,15,12,4,0.0,100,26
2026-05-21 01:30:47,2026-05-21,2,乒乓球厅-1号,17:00-18:00,0,1,可预约,￥5.0,多云,15,13,4,0.0,100,28
2026-05-21 02:00:53,2026-05-21,2,乒乓球厅-1号,17:00-18:00,0,1,可预约,￥5.0,多云,15,12,4,0.0,100,28
2026-05-21 02:30:49,2026-05-21,2,乒乓球厅-1号,17:00-18:00,0,1,可预约,￥5.0,多云,15,14,3,0.0,100,29
2026-05-21 03:00:55,2026-05-21,2,乒乓球厅-1号,17:00-18:00,0,1,可预约,￥5.0,多云,15,12,4,0.0,100,29
2026-05-21 03:30:49,2026-05-21,2,乒乓球厅-1号,17:00-18:00,0,1,可预约,￥5.0,多云,15,14,3,0.0,100,30
2026-05-21 04:30:45,2026-05-21,2,乒乓球厅-1号,17:00-18:00,0,1,可预约,￥5.0,多云,15,12,4,0.0,100,29
2026-05-21 05:00:52,2026-05-21,2,乒乓球厅-1号,17:00-18:00,0,1,可预约,￥5.0,多云,15,12,4,0.0,100,29
2026-05-21 05:30:49,2026-05-21,2,乒乓球厅-1号,17:00-18:00,0,1,可预约,￥5.0,多云,15,13,3,0.0,100,28
2026-05-21 06:00:50,2026-05-21,2,乒乓球厅-1号,17:00-18:00,0,1,可预约,￥5.0,多云,15,13,4,0.0,99,28
2026-05-21 06:30:38,2026-05-21,2,乒乓球厅-1号,17:00-18:00,0,1,可预约,￥5.0,多云,15,13,3,0.0,97,28
2026-05-21 07:00:43,2026-05-21,2,乒乓球厅-1号,17:00-18:00,0,1,可预约,￥5.0,晴,15,11,5,0.0,93,28
2026-05-21 07:30:39,2026-05-21,2,乒乓球厅-1号,17:00-18:00,0,1,可预约,￥5.0,晴,17,13,4,0.0,89,29
2026-05-21 07:50:40,2026-05-21,2,乒乓球厅-1号,17:00-18:00,0,1,可预约,￥5.0,晴,17,13,4,0.0,88,29
2026-05-21 07:53:31,2026-05-21,2,乒乓球厅-1号,17:00-18:00,0,1,可预约,￥5.0,晴,17,12,5,0.0,86,29
2026-05-21 07:56:31,2026-05-21,2,乒乓球厅-1号,17:00-18:00,0,1,可预约,￥5.0,晴,17,12,5,0.0,86,29
2026-05-21 07:59:26,2026-05-21,2,乒乓球厅-1号,17:00-18:00,0,1,可预约,￥5.0,晴,17,12,5,0.0,86,29
2026-05-21 00:30:49,2026-05-21,2,乒乓球厅-1号,18:30-19:30,0,1,可预约,￥5.0,多云,15,13,3,0.0,100,26
2026-05-21 01:00:55,2026-05-21,2,乒乓球厅-1号,18:30-19:30,0,1,可预约,￥5.0,多云,15,12,4,0.0,100,26
2026-05-21 01:30:47,2026-05-21,2,乒乓球厅-1号,18:30-19:30,0,1,可预约,￥5.0,多云,15,13,4,0.0,100,28
2026-05-21 02:00:53,2026-05-21,2,乒乓球厅-1号,18:30-19:30,0,1,可预约,￥5.0,多云,15,12,4,0.0,100,28
2026-05-21 02:30:49,2026-05-21,2,乒乓球厅-1号,18:30-19:30,0,1,可预约,￥5.0,多云,15,14,3,0.0,100,29
2026-05-21 03:00:55,2026-05-21,2,乒乓球厅-1号,18:30-19:30,0,1,可预约,￥5.0,多云,15,12,4,0.0,100,29
2026-05-21 03:30:49,2026-05-21,2,乒乓球厅-1号,18:30-19:30,0,1,可预约,￥5.0,多云,15,14,3,0.0,100,30
2026-05-21 04:30:45,2026-05-21,2,乒乓球厅-1号,18:30-19:30,0,1,可预约,￥5.0,多云,15,12,4,0.0,100,29
2026-05-21 05:00:52,2026-05-21,2,乒乓球厅-1号,18:30-19:30,0,1,可预约,￥5.0,多云,15,12,4,0.0,100,29
2026-05-21 05:30:49,2026-05-21,2,乒乓球厅-1号,18:30-19:30,0,1,可预约,￥5.0,多云,15,13,3,0.0,100,28
2026-05-21 06:00:50,2026-05-21,2,乒乓球厅-1号,18:30-19:30,0,1,可预约,￥5.0,多云,15,13,4,0.0,99,28
2026-05-21 06:30:38,2026-05-21,2,乒乓球厅-1号,18:30-19:30,0,1,可预约,￥5.0,多云,15,13,3,0.0,97,28
2026-05-21 07:00:43,2026-05-21,2,乒乓球厅-1号,18:30-19:30,0,1,可预约,￥5.0,晴,15,11,5,0.0,93,28
2026-05-21 07:30:39,2026-05-21,2,乒乓球厅-1号,18:30-19:30,0,1,可预约,￥5.0,晴,17,13,4,0.0,89,29
2026-05-21 07:50:40,2026-05-21,2,乒乓球厅-1号,18:30-19:30,0,1,可预约,￥5.0,晴,17,13,4,0.0,88,29
2026-05-21 07:53:31,2026-05-21,2,乒乓球厅-1号,18:30-19:30,0,1,可预约,￥5.0,晴,17,12,5,0.0,86,29
2026-05-21 07:56:31,2026-05-21,2,乒乓球厅-1号,18:30-19:30,0,1,可预约,￥5.0,晴,17,12,5,0.0,86,29
2026-05-21 07:59:26,2026-05-21,2,乒乓球厅-1号,18:30-19:30,0,1,可预约,￥5.0,晴,17,12,5,0.0,86,29
2026-05-21 00:30:49,2026-05-21,2,乒乓球厅-1号,19:30-20:30,0,1,可预约,￥5.0,多云,15,13,3,0.0,100,26
2026-05-21 01:00:55,2026-05-21,2,乒乓球厅-1号,19:30-20:30,0,1,可预约,￥5.0,多云,15,12,4,0.0,100,26
2026-05-21 01:30:47,2026-05-21,2,乒乓球厅-1号,19:30-20:30,0,1,可预约,￥5.0,多云,15,13,4,0.0,100,28
2026-05-21 02:00:53,2026-05-21,2,乒乓球厅-1号,19:30-20:30,0,1,可预约,￥5.0,多云,15,12,4,0.0,100,28
2026-05-21 02:30:49,2026-05-21,2,乒乓球厅-1号,19:30-20:30,0,1,可预约,￥5.0,多云,15,14,3,0.0,100,29
2026-05-21 03:00:55,2026-05-21,2,乒乓球厅-1号,19:30-20:30,0,1,可预约,￥5.0,多云,15,12,4,0.0,100,29
2026-05-21 03:30:49,2026-05-21,2,乒乓球厅-1号,19:30-20:30,0,1,可预约,￥5.0,多云,15,14,3,0.0,100,30
2026-05-21 04:30:45,2026-05-21,2,乒乓球厅-1号,19:30-20:30,0,1,可预约,￥5.0,多云,15,12,4,0.0,100,29
2026-05-21 05:00:52,2026-05-21,2,乒乓球厅-1号,19:30-20:30,0,1,可预约,￥5.0,多云,15,12,4,0.0,100,29
2026-05-21 05:30:49,2026-05-21,2,乒乓球厅-1号,19:30-20:30,0,1,可预约,￥5.0,多云,15,13,3,0.0,100,28
2026-05-21 06:00:50,2026-05-21,2,乒乓球厅-1号,19:30-20:30,0,1,可预约,￥5.0,多云,15,13,4,0.0,99,28
2026-05-21 06:30:38,2026-05-21,2,乒乓球厅-1号,19:30-20:30,0,1,可预约,￥5.0,多云,15,13,3,0.0,97,28
2026-05-21 07:00:43,2026-05-21,2,乒乓球厅-1号,19:30-20:30,0,1,可预约,￥5.0,晴,15,11,5,0.0,93,28
2026-05-21 07:30:39,2026-05-21,2,乒乓球厅-1号,19:30-20:30,0,1,可预约,￥5.0,晴,17,13,4,0.0,89,29
2026-05-21 07:50:40,2026-05-21,2,乒乓球厅-1号,19:30-20:30,0,1,可预约,￥5.0,晴,17,13,4,0.0,88,29
2026-05-21 07:53:31,2026-05-21,2,乒乓球厅-1号,19:30-20:30,0,1,可预约,￥5.0,晴,17,12,5,0.0,86,29
2026-05-21 07:56:31,2026-05-21,2,乒乓球厅-1号,19:30-20:30,0,1,可预约,￥5.0,晴,17,12,5,0.0,86,29
2026-05-21 07:59:26,2026-05-21,2,乒乓球厅-1号,19:30-20:30,0,1,可预约,￥5.0,晴,17,12,5,0.0,86,29
2026-05-21 00:30:49,2026-05-21,2,乒乓球厅-1号,20:30-21:30,0,1,可预约,￥5.0,多云,15,13,3,0.0,100,26
2026-05-21 01:00:55,2026-05-21,2,乒乓球厅-1号,20:30-21:30,0,1,可预约,￥5.0,多云,15,12,4,0.0,100,26
2026-05-21 01:30:47,2026-05-21,2,乒乓球厅-1号,20:30-21:30,0,1,可预约,￥5.0,多云,15,13,4,0.0,100,28
2026-05-21 02:00:53,2026-05-21,2,乒乓球厅-1号,20:30-21:30,0,1,可预约,￥5.0,多云,15,12,4,0.0,100,28
2026-05-21 02:30:49,2026-05-21,2,乒乓球厅-1号,20:30-21:30,0,1,可预约,￥5.0,多云,15,14,3,0.0,100,29
2026-05-21 03:00:55,2026-05-21,2,乒乓球厅-1号,20:30-21:30,0,1,可预约,￥5.0,多云,15,12,4,0.0,100,29
2026-05-21 03:30:49,2026-05-21,2,乒乓球厅-1号,20:30-21:30,0,1,可预约,￥5.0,多云,15,14,3,0.0,100,30
2026-05-21 04:30:45,2026-05-21,2,乒乓球厅-1号,20:30-21:30,0,1,可预约,￥5.0,多云,15,12,4,0.0,100,29
2026-05-21 05:00:52,2026-05-21,2,乒乓球厅-1号,20:30-21:30,0,1,可预约,￥5.0,多云,15,12,4,0.0,100,29
2026-05-21 05:30:49,2026-05-21,2,乒乓球厅-1号,20:30-21:30,0,1,可预约,￥5.0,多云,15,13,3,0.0,100,28
2026-05-21 06:00:50,2026-05-21,2,乒乓球厅-1号,20:30-21:30,0,1,可预约,￥5.0,多云,15,13,4,0.0,99,28
2026-05-21 06:30:38,2026-05-21,2,乒乓球厅-1号,20:30-21:30,0,1,可预约,￥5.0,多云,15,13,3,0.0,97,28
2026-05-21 07:00:43,2026-05-21,2,乒乓球厅-1号,20:30-21:30,0,1,可预约,￥5.0,晴,15,11,5,0.0,93,28
2026-05-21 07:30:39,2026-05-21,2,乒乓球厅-1号,20:30-21:30,0,1,可预约,￥5.0,晴,17,13,4,0.0,89,29
2026-05-21 07:50:40,2026-05-21,2,乒乓球厅-1号,20:30-21:30,0,1,可预约,￥5.0,晴,17,13,4,0.0,88,29
2026-05-21 07:53:31,2026-05-21,2,乒乓球厅-1号,20:30-21:30,0,1,可预约,￥5.0,晴,17,12,5,0.0,86,29
2026-05-21 07:56:31,2026-05-21,2,乒乓球厅-1号,20:30-21:30,0,1,可预约,￥5.0,晴,17,12,5,0.0,86,29
2026-05-21 07:59:26,2026-05-21,2,乒乓球厅-1号,20:30-21:30,0,1,可预约,￥5.0,晴,17,12,5,0.0,86,29
2026-05-21 00:30:49,2026-05-21,2,乒乓球厅-2号,07:00-08:00,0,1,可预约,￥0.0,多云,15,13,3,0.0,100,26
2026-05-21 01:00:55,2026-05-21,2,乒乓球厅-2号,07:00-08:00,0,1,可预约,￥0.0,多云,15,12,4,0.0,100,26
2026-05-21 01:30:47,2026-05-21,2,乒乓球厅-2号,07:00-08:00,0,1,可预约,￥0.0,多云,15,13,4,0.0,100,28
2026-05-21 02:00:53,2026-05-21,2,乒乓球厅-2号,07:00-08:00,0,1,可预约,￥0.0,多云,15,12,4,0.0,100,28
2026-05-21 02:30:49,2026-05-21,2,乒乓球厅-2号,07:00-08:00,0,1,可预约,￥0.0,多云,15,14,3,0.0,100,29
2026-05-21 03:00:55,2026-05-21,2,乒乓球厅-2号,07:00-08:00,0,1,可预约,￥0.0,多云,15,12,4,0.0,100,29
2026-05-21 03:30:49,2026-05-21,2,乒乓球厅-2号,07:00-08:00,0,1,可预约,￥0.0,多云,15,14,3,0.0,100,30
2026-05-21 04:30:45,2026-05-21,2,乒乓球厅-2号,07:00-08:00,0,1,可预约,￥0.0,多云,15,12,4,0.0,100,29
2026-05-21 05:00:52,2026-05-21,2,乒乓球厅-2号,07:00-08:00,0,1,可预约,￥0.0,多云,15,12,4,0.0,100,29
2026-05-21 05:30:49,2026-05-21,2,乒乓球厅-2号,07:00-08:00,0,1,可预约,￥0.0,多云,15,13,3,0.0,100,28
2026-05-21 06:00:50,2026-05-21,2,乒乓球厅-2号,07:00-08:00,0,1,可预约,￥0.0,多云,15,13,4,0.0,99,28
2026-05-21 06:30:38,2026-05-21,2,乒乓球厅-2号,07:00-08:00,0,1,可预约,￥0.0,多云,15,13,3,0.0,97,28
2026-05-21 07:00:43,2026-05-21,2,乒乓球厅-2号,07:00-08:00,0,1,可预约,￥0.0,晴,15,11,5,0.0,93,28
2026-05-21 07:30:39,2026-05-21,2,乒乓球厅-2号,07:00-08:00,0,1,可预约,￥0.0,晴,17,13,4,0.0,89,29
2026-05-21 07:50:40,2026-05-21,2,乒乓球厅-2号,07:00-08:00,0,1,可预约,￥0.0,晴,17,13,4,0.0,88,29
2026-05-21 07:53:31,2026-05-21,2,乒乓球厅-2号,07:00-08:00,0,1,可预约,￥0.0,晴,17,12,5,0.0,86,29
2026-05-21 07:56:31,2026-05-21,2,乒乓球厅-2号,07:00-08:00,0,1,可预约,￥0.0,晴,17,12,5,0.0,86,29
2026-05-21 07:59:26,2026-05-21,2,乒乓球厅-2号,07:00-08:00,0,1,可预约,￥0.0,晴,17,12,5,0.0,86,29
2026-05-21 00:30:49,2026-05-21,2,乒乓球厅-2号,08:00-09:00,0,1,可预约,￥0.0,多云,15,13,3,0.0,100,26
2026-05-21 01:00:55,2026-05-21,2,乒乓球厅-2号,08:00-09:00,0,1,可预约,￥0.0,多云,15,12,4,0.0,100,26
2026-05-21 01:30:47,2026-05-21,2,乒乓球厅-2号,08:00-09:00,0,1,可预约,￥0.0,多云,15,13,4,0.0,100,28
2026-05-21 02:00:53,2026-05-21,2,乒乓球厅-2号,08:00-09:00,0,1,可预约,￥0.0,多云,15,12,4,0.0,100,28
2026-05-21 02:30:49,2026-05-21,2,乒乓球厅-2号,08:00-09:00,0,1,可预约,￥0.0,多云,15,14,3,0.0,100,29
2026-05-21 03:00:55,2026-05-21,2,乒乓球厅-2号,08:00-09:00,0,1,可预约,￥0.0,多云,15,12,4,0.0,100,29
2026-05-21 03:30:49,2026-05-21,2,乒乓球厅-2号,08:00-09:00,0,1,可预约,￥0.0,多云,15,14,3,0.0,100,30
2026-05-21 04:30:45,2026-05-21,2,乒乓球厅-2号,08:00-09:00,0,1,可预约,￥0.0,多云,15,12,4,0.0,100,29
2026-05-21 05:00:52,2026-05-21,2,乒乓球厅-2号,08:00-09:00,0,1,可预约,￥0.0,多云,15,12,4,0.0,100,29
2026-05-21 05:30:49,2026-05-21,2,乒乓球厅-2号,08:00-09:00,0,1,可预约,￥0.0,多云,15,13,3,0.0,100,28
2026-05-21 06:00:50,2026-05-21,2,乒乓球厅-2号,08:00-09:00,0,1,可预约,￥0.0,多云,15,13,4,0.0,99,28
2026-05-21 06:30:38,2026-05-21,2,乒乓球厅-2号,08:00-09:00,0,1,可预约,￥0.0,多云,15,13,3,0.0,97,28
2026-05-21 07:00:43,2026-05-21,2,乒乓球厅-2号,08:00-09:00,0,1,可预约,￥0.0,晴,15,11,5,0.0,93,28
2026-05-21 07:30:39,2026-05-21,2,乒乓球厅-2号,08:00-09:00,0,1,可预约,￥0.0,晴,17,13,4,0.0,89,29
2026-05-21 07:50:40,2026-05-21,2,乒乓球厅-2号,08:00-09:00,0,1,可预约,￥0.0,晴,17,13,4,0.0,88,29
2026-05-21 07:53:31,2026-05-21,2,乒乓球厅-2号,08:00-09:00,0,1,可预约,￥0.0,晴,17,12,5,0.0,86,29
2026-05-21 07:56:31,2026-05-21,2,乒乓球厅-2号,08:00-09:00,0,1,可预约,￥0.0,晴,17,12,5,0.0,86,29
2026-05-21 07:59:26,2026-05-21,2,乒乓球厅-2号,08:00-09:00,0,1,可预约,￥0.0,晴,17,12,5,0.0,86,29
2026-05-21 00:30:49,2026-05-21,2,乒乓球厅-2号,09:00-10:00,0,1,可预约,￥5.0,多云,15,13,3,0.0,100,26
2026-05-21 01:00:55,2026-05-21,2,乒乓球厅-2号,09:00-10:00,0,1,可预约,￥5.0,多云,15,12,4,0.0,100,26
2026-05-21 01:30:47,2026-05-21,2,乒乓球厅-2号,09:00-10:00,0,1,可预约,￥5.0,多云,15,13,4,0.0,100,28
2026-05-21 02:00:53,2026-05-21,2,乒乓球厅-2号,09:00-10:00,0,1,可预约,￥5.0,多云,15,12,4,0.0,100,28
2026-05-21 02:30:49,2026-05-21,2,乒乓球厅-2号,09:00-10:00,0,1,可预约,￥5.0,多云,15,14,3,0.0,100,29
2026-05-21 03:00:55,2026-05-21,2,乒乓球厅-2号,09:00-10:00,0,1,可预约,￥5.0,多云,15,12,4,0.0,100,29
2026-05-21 03:30:49,2026-05-21,2,乒乓球厅-2号,09:00-10:00,0,1,可预约,￥5.0,多云,15,14,3,0.0,100,30
2026-05-21 04:30:45,2026-05-21,2,乒乓球厅-2号,09:00-10:00,0,1,可预约,￥5.0,多云,15,12,4,0.0,100,29
2026-05-21 05:00:52,2026-05-21,2,乒乓球厅-2号,09:00-10:00,0,1,可预约,￥5.0,多云,15,12,4,0.0,100,29
2026-05-21 05:30:49,2026-05-21,2,乒乓球厅-2号,09:00-10:00,0,1,可预约,￥5.0,多云,15,13,3,0.0,100,28
2026-05-21 06:00:50,2026-05-21,2,乒乓球厅-2号,09:00-10:00,0,1,可预约,￥5.0,多云,15,13,4,0.0,99,28
2026-05-21 06:30:38,2026-05-21,2,乒乓球厅-2号,09:00-10:00,0,1,可预约,￥5.0,多云,15,13,3,0.0,97,28
2026-05-21 07:00:43,2026-05-21,2,乒乓球厅-2号,09:00-10:00,0,1,可预约,￥5.0,晴,15,11,5,0.0,93,28
2026-05-21 07:30:39,2026-05-21,2,乒乓球厅-2号,09:00-10:00,0,1,可预约,￥5.0,晴,17,13,4,0.0,89,29
2026-05-21 07:50:40,2026-05-21,2,乒乓球厅-2号,09:00-10:00,0,1,可预约,￥5.0,晴,17,13,4,0.0,88,29
2026-05-21 07:53:31,2026-05-21,2,乒乓球厅-2号,09:00-10:00,0,1,可预约,￥5.0,晴,17,12,5,0.0,86,29
2026-05-21 07:56:31,2026-05-21,2,乒乓球厅-2号,09:00-10:00,0,1,可预约,￥5.0,晴,17,12,5,0.0,86,29
2026-05-21 07:59:26,2026-05-21,2,乒乓球厅-2号,09:00-10:00,0,1,可预约,￥5.0,晴,17,12,5,0.0,86,29
2026-05-21 00:30:49,2026-05-21,2,乒乓球厅-2号,10:00-11:00,1,1,已售/已满,教学时间,多云,15,13,3,0.0,100,26
2026-05-21 01:00:55,2026-05-21,2,乒乓球厅-2号,10:00-11:00,1,1,已售/已满,教学时间,多云,15,12,4,0.0,100,26
2026-05-21 01:30:47,2026-05-21,2,乒乓球厅-2号,10:00-11:00,1,1,已售/已满,教学时间,多云,15,13,4,0.0,100,28
2026-05-21 02:00:53,2026-05-21,2,乒乓球厅-2号,10:00-11:00,1,1,已售/已满,教学时间,多云,15,12,4,0.0,100,28
2026-05-21 02:30:49,2026-05-21,2,乒乓球厅-2号,10:00-11:00,1,1,已售/已满,教学时间,多云,15,14,3,0.0,100,29
2026-05-21 03:00:55,2026-05-21,2,乒乓球厅-2号,10:00-11:00,1,1,已售/已满,教学时间,多云,15,12,4,0.0,100,29
2026-05-21 03:30:49,2026-05-21,2,乒乓球厅-2号,10:00-11:00,1,1,已售/已满,教学时间,多云,15,14,3,0.0,100,30
2026-05-21 04:30:45,2026-05-21,2,乒乓球厅-2号,10:00-11:00,1,1,已售/已满,教学时间,多云,15,12,4,0.0,100,29
2026-05-21 05:00:52,2026-05-21,2,乒乓球厅-2号,10:00-11:00,1,1,已售/已满,教学时间,多云,15,12,4,0.0,100,29
2026-05-21 05:30:49,2026-05-21,2,乒乓球厅-2号,10:00-11:00,1,1,已售/已满,教学时间,多云,15,13,3,0.0,100,28
2026-05-21 06:00:50,2026-05-21,2,乒乓球厅-2号,10:00-11:00,1,1,已售/已满,教学时间,多云,15,13,4,0.0,99,28
2026-05-21 06:30:38,2026-05-21,2,乒乓球厅-2号,10:00-11:00,1,1,已售/已满,教学时间,多云,15,13,3,0.0,97,28
2026-05-21 07:00:43,2026-05-21,2,乒乓球厅-2号,10:00-11:00,1,1,已售/已满,教学时间,晴,15,11,5,0.0,93,28
2026-05-21 07:30:39,2026-05-21,2,乒乓球厅-2号,10:00-11:00,1,1,已售/已满,教学时间,晴,17,13,4,0.0,89,29
2026-05-21 07:50:40,2026-05-21,2,乒乓球厅-2号,10:00-11:00,1,1,已售/已满,教学时间,晴,17,13,4,0.0,88,29
2026-05-21 07:53:31,2026-05-21,2,乒乓球厅-2号,10:00-11:00,1,1,已售/已满,教学时间,晴,17,12,5,0.0,86,29
2026-05-21 07:56:31,2026-05-21,2,乒乓球厅-2号,10:00-11:00,1,1,已售/已满,教学时间,晴,17,12,5,0.0,86,29
2026-05-21 07:59:26,2026-05-21,2,乒乓球厅-2号,10:00-11:00,1,1,已售/已满,教学时间,晴,17,12,5,0.0,86,29
2026-05-21 00:30:49,2026-05-21,2,乒乓球厅-2号,11:00-12:00,1,1,已售/已满,教学时间,多云,15,13,3,0.0,100,26
2026-05-21 01:00:55,2026-05-21,2,乒乓球厅-2号,11:00-12:00,1,1,已售/已满,教学时间,多云,15,12,4,0.0,100,26
2026-05-21 01:30:47,2026-05-21,2,乒乓球厅-2号,11:00-12:00,1,1,已售/已满,教学时间,多云,15,13,4,0.0,100,28
2026-05-21 02:00:53,2026-05-21,2,乒乓球厅-2号,11:00-12:00,1,1,已售/已满,教学时间,多云,15,12,4,0.0,100,28
2026-05-21 02:30:49,2026-05-21,2,乒乓球厅-2号,11:00-12:00,1,1,已售/已满,教学时间,多云,15,14,3,0.0,100,29
2026-05-21 03:00:55,2026-05-21,2,乒乓球厅-2号,11:00-12:00,1,1,已售/已满,教学时间,多云,15,12,4,0.0,100,29
2026-05-21 03:30:49,2026-05-21,2,乒乓球厅-2号,11:00-12:00,1,1,已售/已满,教学时间,多云,15,14,3,0.0,100,30
2026-05-21 04:30:45,2026-05-21,2,乒乓球厅-2号,11:00-12:00,1,1,已售/已满,教学时间,多云,15,12,4,0.0,100,29
2026-05-21 05:00:52,2026-05-21,2,乒乓球厅-2号,11:00-12:00,1,1,已售/已满,教学时间,多云,15,12,4,0.0,100,29
2026-05-21 05:30:49,2026-05-21,2,乒乓球厅-2号,11:00-12:00,1,1,已售/已满,教学时间,多云,15,13,3,0.0,100,28
2026-05-21 06:00:50,2026-05-21,2,乒乓球厅-2号,11:00-12:00,1,1,已售/已满,教学时间,多云,15,13,4,0.0,99,28
2026-05-21 06:30:38,2026-05-21,2,乒乓球厅-2号,11:00-12:00,1,1,已售/已满,教学时间,多云,15,13,3,0.0,97,28
2026-05-21 07:00:43,2026-05-21,2,乒乓球厅-2号,11:00-12:00,1,1,已售/已满,教学时间,晴,15,11,5,0.0,93,28
2026-05-21 07:30:39,2026-05-21,2,乒乓球厅-2号,11:00-12:00,1,1,已售/已满,教学时间,晴,17,13,4,0.0,89,29
2026-05-21 07:50:40,2026-05-21,2,乒乓球厅-2号,11:00-12:00,1,1,已售/已满,教学时间,晴,17,13,4,0.0,88,29
2026-05-21 07:53:31,2026-05-21,2,乒乓球厅-2号,11:00-12:00,1,1,已售/已满,教学时间,晴,17,12,5,0.0,86,29
2026-05-21 07:56:31,2026-05-21,2,乒乓球厅-2号,11:00-12:00,1,1,已售/已满,教学时间,晴,17,12,5,0.0,86,29
2026-05-21 07:59:26,2026-05-21,2,乒乓球厅-2号,11:00-12:00,1,1,已售/已满,教学时间,晴,17,12,5,0.0,86,29
2026-05-21 00:30:49,2026-05-21,2,乒乓球厅-2号,12:00-12:55,0,1,可预约,￥0.0,多云,15,13,3,0.0,100,26
2026-05-21 01:00:55,2026-05-21,2,乒乓球厅-2号,12:00-12:55,0,1,可预约,￥0.0,多云,15,12,4,0.0,100,26
2026-05-21 01:30:47,2026-05-21,2,乒乓球厅-2号,12:00-12:55,0,1,可预约,￥0.0,多云,15,13,4,0.0,100,28
2026-05-21 02:00:53,2026-05-21,2,乒乓球厅-2号,12:00-12:55,0,1,可预约,￥0.0,多云,15,12,4,0.0,100,28
2026-05-21 02:30:49,2026-05-21,2,乒乓球厅-2号,12:00-12:55,0,1,可预约,￥0.0,多云,15,14,3,0.0,100,29
2026-05-21 03:00:55,2026-05-21,2,乒乓球厅-2号,12:00-12:55,0,1,可预约,￥0.0,多云,15,12,4,0.0,100,29
2026-05-21 03:30:49,2026-05-21,2,乒乓球厅-2号,12:00-12:55,0,1,可预约,￥0.0,多云,15,14,3,0.0,100,30
2026-05-21 04:30:45,2026-05-21,2,乒乓球厅-2号,12:00-12:55,0,1,可预约,￥0.0,多云,15,12,4,0.0,100,29
2026-05-21 05:00:52,2026-05-21,2,乒乓球厅-2号,12:00-12:55,0,1,可预约,￥0.0,多云,15,12,4,0.0,100,29
2026-05-21 05:30:49,2026-05-21,2,乒乓球厅-2号,12:00-12:55,0,1,可预约,￥0.0,多云,15,13,3,0.0,100,28
2026-05-21 06:00:50,2026-05-21,2,乒乓球厅-2号,12:00-12:55,0,1,可预约,￥0.0,多云,15,13,4,0.0,99,28
2026-05-21 06:30:38,2026-05-21,2,乒乓球厅-2号,12:00-12:55,0,1,可预约,￥0.0,多云,15,13,3,0.0,97,28
2026-05-21 07:00:43,2026-05-21,2,乒乓球厅-2号,12:00-12:55,0,1,可预约,￥0.0,晴,15,11,5,0.0,93,28
2026-05-21 07:30:39,2026-05-21,2,乒乓球厅-2号,12:00-12:55,0,1,可预约,￥0.0,晴,17,13,4,0.0,89,29
2026-05-21 07:50:40,2026-05-21,2,乒乓球厅-2号,12:00-12:55,0,1,可预约,￥0.0,晴,17,13,4,0.0,88,29
2026-05-21 07:53:31,2026-05-21,2,乒乓球厅-2号,12:00-12:55,0,1,可预约,￥0.0,晴,17,12,5,0.0,86,29
2026-05-21 07:56:31,2026-05-21,2,乒乓球厅-2号,12:00-12:55,0,1,可预约,￥0.0,晴,17,12,5,0.0,86,29
2026-05-21 07:59:26,2026-05-21,2,乒乓球厅-2号,12:00-12:55,0,1,可预约,￥0.0,晴,17,12,5,0.0,86,29
2026-05-21 00:30:49,2026-05-21,2,乒乓球厅-2号,12:55-13:50,0,1,可预约,￥0.0,多云,15,13,3,0.0,100,26
2026-05-21 01:00:55,2026-05-21,2,乒乓球厅-2号,12:55-13:50,0,1,可预约,￥0.0,多云,15,12,4,0.0,100,26
2026-05-21 01:30:47,2026-05-21,2,乒乓球厅-2号,12:55-13:50,0,1,可预约,￥0.0,多云,15,13,4,0.0,100,28
2026-05-21 02:00:53,2026-05-21,2,乒乓球厅-2号,12:55-13:50,0,1,可预约,￥0.0,多云,15,12,4,0.0,100,28
2026-05-21 02:30:49,2026-05-21,2,乒乓球厅-2号,12:55-13:50,0,1,可预约,￥0.0,多云,15,14,3,0.0,100,29
2026-05-21 03:00:55,2026-05-21,2,乒乓球厅-2号,12:55-13:50,0,1,可预约,￥0.0,多云,15,12,4,0.0,100,29
2026-05-21 03:30:49,2026-05-21,2,乒乓球厅-2号,12:55-13:50,0,1,可预约,￥0.0,多云,15,14,3,0.0,100,30
2026-05-21 04:30:45,2026-05-21,2,乒乓球厅-2号,12:55-13:50,0,1,可预约,￥0.0,多云,15,12,4,0.0,100,29
2026-05-21 05:00:52,2026-05-21,2,乒乓球厅-2号,12:55-13:50,0,1,可预约,￥0.0,多云,15,12,4,0.0,100,29
2026-05-21 05:30:49,2026-05-21,2,乒乓球厅-2号,12:55-13:50,0,1,可预约,￥0.0,多云,15,13,3,0.0,100,28
2026-05-21 06:00:50,2026-05-21,2,乒乓球厅-2号,12:55-13:50,0,1,可预约,￥0.0,多云,15,13,4,0.0,99,28
2026-05-21 06:30:38,2026-05-21,2,乒乓球厅-2号,12:55-13:50,0,1,可预约,￥0.0,多云,15,13,3,0.0,97,28
2026-05-21 07:00:43,2026-05-21,2,乒乓球厅-2号,12:55-13:50,0,1,可预约,￥0.0,晴,15,11,5,0.0,93,28
2026-05-21 07:30:39,2026-05-21,2,乒乓球厅-2号,12:55-13:50,0,1,可预约,￥0.0,晴,17,13,4,0.0,89,29
2026-05-21 07:50:40,2026-05-21,2,乒乓球厅-2号,12:55-13:50,0,1,可预约,￥0.0,晴,17,13,4,0.0,88,29
2026-05-21 07:53:31,2026-05-21,2,乒乓球厅-2号,12:55-13:50,0,1,可预约,￥0.0,晴,17,12,5,0.0,86,29
2026-05-21 07:56:31,2026-05-21,2,乒乓球厅-2号,12:55-13:50,0,1,可预约,￥0.0,晴,17,12,5,0.0,86,29
2026-05-21 07:59:26,2026-05-21,2,乒乓球厅-2号,12:55-13:50,0,1,可预约,￥0.0,晴,17,12,5,0.0,86,29
2026-05-21 00:30:49,2026-05-21,2,乒乓球厅-2号,14:00-15:00,0,1,可预约,￥5.0,多云,15,13,3,0.0,100,26
2026-05-21 01:00:55,2026-05-21,2,乒乓球厅-2号,14:00-15:00,0,1,可预约,￥5.0,多云,15,12,4,0.0,100,26
2026-05-21 01:30:47,2026-05-21,2,乒乓球厅-2号,14:00-15:00,0,1,可预约,￥5.0,多云,15,13,4,0.0,100,28
2026-05-21 02:00:53,2026-05-21,2,乒乓球厅-2号,14:00-15:00,0,1,可预约,￥5.0,多云,15,12,4,0.0,100,28
2026-05-21 02:30:49,2026-05-21,2,乒乓球厅-2号,14:00-15:00,0,1,可预约,￥5.0,多云,15,14,3,0.0,100,29
2026-05-21 03:00:55,2026-05-21,2,乒乓球厅-2号,14:00-15:00,0,1,可预约,￥5.0,多云,15,12,4,0.0,100,29
2026-05-21 03:30:49,2026-05-21,2,乒乓球厅-2号,14:00-15:00,0,1,可预约,￥5.0,多云,15,14,3,0.0,100,30
2026-05-21 04:30:45,2026-05-21,2,乒乓球厅-2号,14:00-15:00,0,1,可预约,￥5.0,多云,15,12,4,0.0,100,29
2026-05-21 05:00:52,2026-05-21,2,乒乓球厅-2号,14:00-15:00,0,1,可预约,￥5.0,多云,15,12,4,0.0,100,29
2026-05-21 05:30:49,2026-05-21,2,乒乓球厅-2号,14:00-15:00,0,1,可预约,￥5.0,多云,15,13,3,0.0,100,28
2026-05-21 06:00:50,2026-05-21,2,乒乓球厅-2号,14:00-15:00,0,1,可预约,￥5.0,多云,15,13,4,0.0,99,28
2026-05-21 06:30:38,2026-05-21,2,乒乓球厅-2号,14:00-15:00,0,1,可预约,￥5.0,多云,15,13,3,0.0,97,28
2026-05-21 07:00:43,2026-05-21,2,乒乓球厅-2号,14:00-15:00,0,1,可预约,￥5.0,晴,15,11,5,0.0,93,28
2026-05-21 07:30:39,2026-05-21,2,乒乓球厅-2号,14:00-15:00,0,1,可预约,￥5.0,晴,17,13,4,0.0,89,29
2026-05-21 07:50:40,2026-05-21,2,乒乓球厅-2号,14:00-15:00,0,1,可预约,￥5.0,晴,17,13,4,0.0,88,29
2026-05-21 07:53:31,2026-05-21,2,乒乓球厅-2号,14:00-15:00,0,1,可预约,￥5.0,晴,17,12,5,0.0,86,29
2026-05-21 07:56:31,2026-05-21,2,乒乓球厅-2号,14:00-15:00,0,1,可预约,￥5.0,晴,17,12,5,0.0,86,29
2026-05-21 07:59:26,2026-05-21,2,乒乓球厅-2号,14:00-15:00,0,1,可预约,￥5.0,晴,17,12,5,0.0,86,29
2026-05-21 00:30:49,2026-05-21,2,乒乓球厅-2号,15:00-16:00,0,1,可预约,￥5.0,多云,15,13,3,0.0,100,26
2026-05-21 01:00:55,2026-05-21,2,乒乓球厅-2号,15:00-16:00,0,1,可预约,￥5.0,多云,15,12,4,0.0,100,26
2026-05-21 01:30:47,2026-05-21,2,乒乓球厅-2号,15:00-16:00,0,1,可预约,￥5.0,多云,15,13,4,0.0,100,28
2026-05-21 02:00:53,2026-05-21,2,乒乓球厅-2号,15:00-16:00,0,1,可预约,￥5.0,多云,15,12,4,0.0,100,28
2026-05-21 02:30:49,2026-05-21,2,乒乓球厅-2号,15:00-16:00,0,1,可预约,￥5.0,多云,15,14,3,0.0,100,29
2026-05-21 03:00:55,2026-05-21,2,乒乓球厅-2号,15:00-16:00,0,1,可预约,￥5.0,多云,15,12,4,0.0,100,29
2026-05-21 03:30:49,2026-05-21,2,乒乓球厅-2号,15:00-16:00,0,1,可预约,￥5.0,多云,15,14,3,0.0,100,30
2026-05-21 04:30:45,2026-05-21,2,乒乓球厅-2号,15:00-16:00,0,1,可预约,￥5.0,多云,15,12,4,0.0,100,29
2026-05-21 05:00:52,2026-05-21,2,乒乓球厅-2号,15:00-16:00,0,1,可预约,￥5.0,多云,15,12,4,0.0,100,29
2026-05-21 05:30:49,2026-05-21,2,乒乓球厅-2号,15:00-16:00,0,1,可预约,￥5.0,多云,15,13,3,0.0,100,28
2026-05-21 06:00:50,2026-05-21,2,乒乓球厅-2号,15:00-16:00,0,1,可预约,￥5.0,多云,15,13,4,0.0,99,28
2026-05-21 06:30:38,2026-05-21,2,乒乓球厅-2号,15:00-16:00,0,1,可预约,￥5.0,多云,15,13,3,0.0,97,28
2026-05-21 07:00:43,2026-05-21,2,乒乓球厅-2号,15:00-16:00,0,1,可预约,￥5.0,晴,15,11,5,0.0,93,28
2026-05-21 07:30:39,2026-05-21,2,乒乓球厅-2号,15:00-16:00,0,1,可预约,￥5.0,晴,17,13,4,0.0,89,29
2026-05-21 07:50:40,2026-05-21,2,乒乓球厅-2号,15:00-16:00,0,1,可预约,￥5.0,晴,17,13,4,0.0,88,29
2026-05-21 07:53:31,2026-05-21,2,乒乓球厅-2号,15:00-16:00,0,1,可预约,￥5.0,晴,17,12,5,0.0,86,29
2026-05-21 07:56:31,2026-05-21,2,乒乓球厅-2号,15:00-16:00,0,1,可预约,￥5.0,晴,17,12,5,0.0,86,29
2026-05-21 07:59:26,2026-05-21,2,乒乓球厅-2号,15:00-16:00,0,1,可预约,￥5.0,晴,17,12,5,0.0,86,29
2026-05-21 00:30:49,2026-05-21,2,乒乓球厅-2号,16:00-17:00,0,1,可预约,￥5.0,多云,15,13,3,0.0,100,26
2026-05-21 01:00:55,2026-05-21,2,乒乓球厅-2号,16:00-17:00,0,1,可预约,￥5.0,多云,15,12,4,0.0,100,26
2026-05-21 01:30:47,2026-05-21,2,乒乓球厅-2号,16:00-17:00,0,1,可预约,￥5.0,多云,15,13,4,0.0,100,28
2026-05-21 02:00:53,2026-05-21,2,乒乓球厅-2号,16:00-17:00,0,1,可预约,￥5.0,多云,15,12,4,0.0,100,28
2026-05-21 02:30:49,2026-05-21,2,乒乓球厅-2号,16:00-17:00,0,1,可预约,￥5.0,多云,15,14,3,0.0,100,29
2026-05-21 03:00:55,2026-05-21,2,乒乓球厅-2号,16:00-17:00,0,1,可预约,￥5.0,多云,15,12,4,0.0,100,29
2026-05-21 03:30:49,2026-05-21,2,乒乓球厅-2号,16:00-17:00,0,1,可预约,￥5.0,多云,15,14,3,0.0,100,30
2026-05-21 04:30:45,2026-05-21,2,乒乓球厅-2号,16:00-17:00,0,1,可预约,￥5.0,多云,15,12,4,0.0,100,29
2026-05-21 05:00:52,2026-05-21,2,乒乓球厅-2号,16:00-17:00,0,1,可预约,￥5.0,多云,15,12,4,0.0,100,29
2026-05-21 05:30:49,2026-05-21,2,乒乓球厅-2号,16:00-17:00,0,1,可预约,￥5.0,多云,15,13,3,0.0,100,28
2026-05-21 06:00:50,2026-05-21,2,乒乓球厅-2号,16:00-17:00,0,1,可预约,￥5.0,多云,15,13,4,0.0,99,28
2026-05-21 06:30:38,2026-05-21,2,乒乓球厅-2号,16:00-17:00,0,1,可预约,￥5.0,多云,15,13,3,0.0,97,28
2026-05-21 07:00:43,2026-05-21,2,乒乓球厅-2号,16:00-17:00,0,1,可预约,￥5.0,晴,15,11,5,0.0,93,28
2026-05-21 07:30:39,2026-05-21,2,乒乓球厅-2号,16:00-17:00,0,1,可预约,￥5.0,晴,17,13,4,0.0,89,29
2026-05-21 07:50:40,2026-05-21,2,乒乓球厅-2号,16:00-17:00,0,1,可预约,￥5.0,晴,17,13,4,0.0,88,29
2026-05-21 07:53:31,2026-05-21,2,乒乓球厅-2号,16:00-17:00,0,1,可预约,￥5.0,晴,17,12,5,0.0,86,29
2026-05-21 07:56:31,2026-05-21,2,乒乓球厅-2号,16:00-17:00,0,1,可预约,￥5.0,晴,17,12,5,0.0,86,29
2026-05-21 07:59:26,2026-05-21,2,乒乓球厅-2号,16:00-17:00,0,1,可预约,￥5.0,晴,17,12,5,0.0,86,29
2026-05-21 00:30:49,2026-05-21,2,乒乓球厅-2号,17:00-18:00,0,1,可预约,￥5.0,多云,15,13,3,0.0,100,26
2026-05-21 01:00:55,2026-05-21,2,乒乓球厅-2号,17:00-18:00,0,1,可预约,￥5.0,多云,15,12,4,0.0,100,26
2026-05-21 01:30:47,2026-05-21,2,乒乓球厅-2号,17:00-18:00,0,1,可预约,￥5.0,多云,15,13,4,0.0,100,28
2026-05-21 02:00:53,2026-05-21,2,乒乓球厅-2号,17:00-18:00,0,1,可预约,￥5.0,多云,15,12,4,0.0,100,28
2026-05-21 02:30:49,2026-05-21,2,乒乓球厅-2号,17:00-18:00,0,1,可预约,￥5.0,多云,15,14,3,0.0,100,29
2026-05-21 03:00:55,2026-05-21,2,乒乓球厅-2号,17:00-18:00,0,1,可预约,￥5.0,多云,15,12,4,0.0,100,29
2026-05-21 03:30:49,2026-05-21,2,乒乓球厅-2号,17:00-18:00,0,1,可预约,￥5.0,多云,15,14,3,0.0,100,30
2026-05-21 04:30:45,2026-05-21,2,乒乓球厅-2号,17:00-18:00,0,1,可预约,￥5.0,多云,15,12,4,0.0,100,29
2026-05-21 05:00:52,2026-05-21,2,乒乓球厅-2号,17:00-18:00,0,1,可预约,￥5.0,多云,15,12,4,0.0,100,29
2026-05-21 05:30:49,2026-05-21,2,乒乓球厅-2号,17:00-18:00,0,1,可预约,￥5.0,多云,15,13,3,0.0,100,28
2026-05-21 06:00:50,2026-05-21,2,乒乓球厅-2号,17:00-18:00,0,1,可预约,￥5.0,多云,15,13,4,0.0,99,28
2026-05-21 06:30:38,2026-05-21,2,乒乓球厅-2号,17:00-18:00,0,1,可预约,￥5.0,多云,15,13,3,0.0,97,28
2026-05-21 07:00:43,2026-05-21,2,乒乓球厅-2号,17:00-18:00,0,1,可预约,￥5.0,晴,15,11,5,0.0,93,28
2026-05-21 07:30:39,2026-05-21,2,乒乓球厅-2号,17:00-18:00,0,1,可预约,￥5.0,晴,17,13,4,0.0,89,29
2026-05-21 07:50:40,2026-05-21,2,乒乓球厅-2号,17:00-18:00,0,1,可预约,￥5.0,晴,17,13,4,0.0,88,29
2026-05-21 07:53:31,2026-05-21,2,乒乓球厅-2号,17:00-18:00,0,1,可预约,￥5.0,晴,17,12,5,0.0,86,29
2026-05-21 07:56:31,2026-05-21,2,乒乓球厅-2号,17:00-18:00,0,1,可预约,￥5.0,晴,17,12,5,0.0,86,29
2026-05-21 07:59:26,2026-05-21,2,乒乓球厅-2号,17:00-18:00,0,1,可预约,￥5.0,晴,17,12,5,0.0,86,29
2026-05-21 00:30:49,2026-05-21,2,乒乓球厅-2号,18:30-19:30,0,1,可预约,￥5.0,多云,15,13,3,0.0,100,26
2026-05-21 01:00:55,2026-05-21,2,乒乓球厅-2号,18:30-19:30,0,1,可预约,￥5.0,多云,15,12,4,0.0,100,26
2026-05-21 01:30:47,2026-05-21,2,乒乓球厅-2号,18:30-19:30,0,1,可预约,￥5.0,多云,15,13,4,0.0,100,28
2026-05-21 02:00:53,2026-05-21,2,乒乓球厅-2号,18:30-19:30,0,1,可预约,￥5.0,多云,15,12,4,0.0,100,28
2026-05-21 02:30:49,2026-05-21,2,乒乓球厅-2号,18:30-19:30,0,1,可预约,￥5.0,多云,15,14,3,0.0,100,29
2026-05-21 03:00:55,2026-05-21,2,乒乓球厅-2号,18:30-19:30,0,1,可预约,￥5.0,多云,15,12,4,0.0,100,29
2026-05-21 03:30:49,2026-05-21,2,乒乓球厅-2号,18:30-19:30,0,1,可预约,￥5.0,多云,15,14,3,0.0,100,30
2026-05-21 04:30:45,2026-05-21,2,乒乓球厅-2号,18:30-19:30,0,1,可预约,￥5.0,多云,15,12,4,0.0,100,29
2026-05-21 05:00:52,2026-05-21,2,乒乓球厅-2号,18:30-19:30,0,1,可预约,￥5.0,多云,15,12,4,0.0,100,29
2026-05-21 05:30:49,2026-05-21,2,乒乓球厅-2号,18:30-19:30,0,1,可预约,￥5.0,多云,15,13,3,0.0,100,28
2026-05-21 06:00:50,2026-05-21,2,乒乓球厅-2号,18:30-19:30,0,1,可预约,￥5.0,多云,15,13,4,0.0,99,28
2026-05-21 06:30:38,2026-05-21,2,乒乓球厅-2号,18:30-19:30,0,1,可预约,￥5.0,多云,15,13,3,0.0,97,28
2026-05-21 07:00:43,2026-05-21,2,乒乓球厅-2号,18:30-19:30,0,1,可预约,￥5.0,晴,15,11,5,0.0,93,28
2026-05-21 07:30:39,2026-05-21,2,乒乓球厅-2号,18:30-19:30,0,1,可预约,￥5.0,晴,17,13,4,0.0,89,29
2026-05-21 07:50:40,2026-05-21,2,乒乓球厅-2号,18:30-19:30,0,1,可预约,￥5.0,晴,17,13,4,0.0,88,29
2026-05-21 07:53:31,2026-05-21,2,乒乓球厅-2号,18:30-19:30,0,1,可预约,￥5.0,晴,17,12,5,0.0,86,29
2026-05-21 07:56:31,2026-05-21,2,乒乓球厅-2号,18:30-19:30,0,1,可预约,￥5.0,晴,17,12,5,0.0,86,29
2026-05-21 07:59:26,2026-05-21,2,乒乓球厅-2号,18:30-19:30,0,1,可预约,￥5.0,晴,17,12,5,0.0,86,29
2026-05-21 00:30:49,2026-05-21,2,乒乓球厅-2号,19:30-20:30,0,1,可预约,￥5.0,多云,15,13,3,0.0,100,26
2026-05-21 01:00:55,2026-05-21,2,乒乓球厅-2号,19:30-20:30,0,1,可预约,￥5.0,多云,15,12,4,0.0,100,26
2026-05-21 01:30:47,2026-05-21,2,乒乓球厅-2号,19:30-20:30,0,1,可预约,￥5.0,多云,15,13,4,0.0,100,28
2026-05-21 02:00:53,2026-05-21,2,乒乓球厅-2号,19:30-20:30,0,1,可预约,￥5.0,多云,15,12,4,0.0,100,28
2026-05-21 02:30:49,2026-05-21,2,乒乓球厅-2号,19:30-20:30,0,1,可预约,￥5.0,多云,15,14,3,0.0,100,29
2026-05-21 03:00:55,2026-05-21,2,乒乓球厅-2号,19:30-20:30,0,1,可预约,￥5.0,多云,15,12,4,0.0,100,29
2026-05-21 03:30:49,2026-05-21,2,乒乓球厅-2号,19:30-20:30,0,1,可预约,￥5.0,多云,15,14,3,0.0,100,30
2026-05-21 04:30:45,2026-05-21,2,乒乓球厅-2号,19:30-20:30,0,1,可预约,￥5.0,多云,15,12,4,0.0,100,29
2026-05-21 05:00:52,2026-05-21,2,乒乓球厅-2号,19:30-20:30,0,1,可预约,￥5.0,多云,15,12,4,0.0,100,29
2026-05-21 05:30:49,2026-05-21,2,乒乓球厅-2号,19:30-20:30,0,1,可预约,￥5.0,多云,15,13,3,0.0,100,28
2026-05-21 06:00:50,2026-05-21,2,乒乓球厅-2号,19:30-20:30,0,1,可预约,￥5.0,多云,15,13,4,0.0,99,28
2026-05-21 06:30:38,2026-05-21,2,乒乓球厅-2号,19:30-20:30,0,1,可预约,￥5.0,多云,15,13,3,0.0,97,28
2026-05-21 07:00:43,2026-05-21,2,乒乓球厅-2号,19:30-20:30,0,1,可预约,￥5.0,晴,15,11,5,0.0,93,28
2026-05-21 07:30:39,2026-05-21,2,乒乓球厅-2号,19:30-20:30,0,1,可预约,￥5.0,晴,17,13,4,0.0,89,29
2026-05-21 07:50:40,2026-05-21,2,乒乓球厅-2号,19:30-20:30,0,1,可预约,￥5.0,晴,17,13,4,0.0,88,29
2026-05-21 07:53:31,2026-05-21,2,乒乓球厅-2号,19:30-20:30,0,1,可预约,￥5.0,晴,17,12,5,0.0,86,29
2026-05-21 07:56:31,2026-05-21,2,乒乓球厅-2号,19:30-20:30,0,1,可预约,￥5.0,晴,17,12,5,0.0,86,29
2026-05-21 07:59:26,2026-05-21,2,乒乓球厅-2号,19:30-20:30,0,1,可预约,￥5.0,晴,17,12,5,0.0,86,29
2026-05-21 00:30:49,2026-05-21,2,乒乓球厅-2号,20:30-21:30,0,1,可预约,￥5.0,多云,15,13,3,0.0,100,26
2026-05-21 01:00:55,2026-05-21,2,乒乓球厅-2号,20:30-21:30,0,1,可预约,￥5.0,多云,15,12,4,0.0,100,26
2026-05-21 01:30:47,2026-05-21,2,乒乓球厅-2号,20:30-21:30,0,1,可预约,￥5.0,多云,15,13,4,0.0,100,28
2026-05-21 02:00:53,2026-05-21,2,乒乓球厅-2号,20:30-21:30,0,1,可预约,￥5.0,多云,15,12,4,0.0,100,28
2026-05-21 02:30:49,2026-05-21,2,乒乓球厅-2号,20:30-21:30,0,1,可预约,￥5.0,多云,15,14,3,0.0,100,29
2026-05-21 03:00:55,2026-05-21,2,乒乓球厅-2号,20:30-21:30,0,1,可预约,￥5.0,多云,15,12,4,0.0,100,29
2026-05-21 03:30:49,2026-05-21,2,乒乓球厅-2号,20:30-21:30,0,1,可预约,￥5.0,多云,15,14,3,0.0,100,30
2026-05-21 04:30:45,2026-05-21,2,乒乓球厅-2号,20:30-21:30,0,1,可预约,￥5.0,多云,15,12,4,0.0,100,29
2026-05-21 05:00:52,2026-05-21,2,乒乓球厅-2号,20:30-21:30,0,1,可预约,￥5.0,多云,15,12,4,0.0,100,29
2026-05-21 05:30:49,2026-05-21,2,乒乓球厅-2号,20:30-21:30,0,1,可预约,￥5.0,多云,15,13,3,0.0,100,28
2026-05-21 06:00:50,2026-05-21,2,乒乓球厅-2号,20:30-21:30,0,1,可预约,￥5.0,多云,15,13,4,0.0,99,28
2026-05-21 06:30:38,2026-05-21,2,乒乓球厅-2号,20:30-21:30,0,1,可预约,￥5.0,多云,15,13,3,0.0,97,28
2026-05-21 07:00:43,2026-05-21,2,乒乓球厅-2号,20:30-21:30,0,1,可预约,￥5.0,晴,15,11,5,0.0,93,28
2026-05-21 07:30:39,2026-05-21,2,乒乓球厅-2号,20:30-21:30,0,1,可预约,￥5.0,晴,17,13,4,0.0,89,29
2026-05-21 07:50:40,2026-05-21,2,乒乓球厅-2号,20:30-21:30,0,1,可预约,￥5.0,晴,17,13,4,0.0,88,29
2026-05-21 07:53:31,2026-05-21,2,乒乓球厅-2号,20:30-21:30,0,1,可预约,￥5.0,晴,17,12,5,0.0,86,29
2026-05-21 07:56:31,2026-05-21,2,乒乓球厅-2号,20:30-21:30,0,1,可预约,￥5.0,晴,17,12,5,0.0,86,29
2026-05-21 07:59:26,2026-05-21,2,乒乓球厅-2号,20:30-21:30,0,1,可预约,￥5.0,晴,17,12,5,0.0,86,29
2026-05-21 00:30:49,2026-05-21,2,乒乓球厅-3号,07:00-08:00,0,1,可预约,￥0.0,多云,15,13,3,0.0,100,26
2026-05-21 01:00:55,2026-05-21,2,乒乓球厅-3号,07:00-08:00,0,1,可预约,￥0.0,多云,15,12,4,0.0,100,26
2026-05-21 01:30:47,2026-05-21,2,乒乓球厅-3号,07:00-08:00,0,1,可预约,￥0.0,多云,15,13,4,0.0,100,28
2026-05-21 02:00:53,2026-05-21,2,乒乓球厅-3号,07:00-08:00,0,1,可预约,￥0.0,多云,15,12,4,0.0,100,28
2026-05-21 02:30:49,2026-05-21,2,乒乓球厅-3号,07:00-08:00,0,1,可预约,￥0.0,多云,15,14,3,0.0,100,29
2026-05-21 03:00:55,2026-05-21,2,乒乓球厅-3号,07:00-08:00,0,1,可预约,￥0.0,多云,15,12,4,0.0,100,29
2026-05-21 03:30:49,2026-05-21,2,乒乓球厅-3号,07:00-08:00,0,1,可预约,￥0.0,多云,15,14,3,0.0,100,30
2026-05-21 04:30:45,2026-05-21,2,乒乓球厅-3号,07:00-08:00,0,1,可预约,￥0.0,多云,15,12,4,0.0,100,29
2026-05-21 05:00:52,2026-05-21,2,乒乓球厅-3号,07:00-08:00,0,1,可预约,￥0.0,多云,15,12,4,0.0,100,29
2026-05-21 05:30:49,2026-05-21,2,乒乓球厅-3号,07:00-08:00,0,1,可预约,￥0.0,多云,15,13,3,0.0,100,28
2026-05-21 06:00:50,2026-05-21,2,乒乓球厅-3号,07:00-08:00,0,1,可预约,￥0.0,多云,15,13,4,0.0,99,28
2026-05-21 06:30:38,2026-05-21,2,乒乓球厅-3号,07:00-08:00,0,1,可预约,￥0.0,多云,15,13,3,0.0,97,28
2026-05-21 07:00:43,2026-05-21,2,乒乓球厅-3号,07:00-08:00,0,1,可预约,￥0.0,晴,15,11,5,0.0,93,28
2026-05-21 07:30:39,2026-05-21,2,乒乓球厅-3号,07:00-08:00,0,1,可预约,￥0.0,晴,17,13,4,0.0,89,29
2026-05-21 07:50:40,2026-05-21,2,乒乓球厅-3号,07:00-08:00,0,1,可预约,￥0.0,晴,17,13,4,0.0,88,29
2026-05-21 07:53:31,2026-05-21,2,乒乓球厅-3号,07:00-08:00,0,1,可预约,￥0.0,晴,17,12,5,0.0,86,29
2026-05-21 07:56:31,2026-05-21,2,乒乓球厅-3号,07:00-08:00,0,1,可预约,￥0.0,晴,17,12,5,0.0,86,29
2026-05-21 07:59:26,2026-05-21,2,乒乓球厅-3号,07:00-08:00,0,1,可预约,￥0.0,晴,17,12,5,0.0,86,29
2026-05-21 00:30:49,2026-05-21,2,乒乓球厅-3号,08:00-09:00,0,1,可预约,￥0.0,多云,15,13,3,0.0,100,26
2026-05-21 01:00:55,2026-05-21,2,乒乓球厅-3号,08:00-09:00,0,1,可预约,￥0.0,多云,15,12,4,0.0,100,26
2026-05-21 01:30:47,2026-05-21,2,乒乓球厅-3号,08:00-09:00,0,1,可预约,￥0.0,多云,15,13,4,0.0,100,28
2026-05-21 02:00:53,2026-05-21,2,乒乓球厅-3号,08:00-09:00,0,1,可预约,￥0.0,多云,15,12,4,0.0,100,28
2026-05-21 02:30:49,2026-05-21,2,乒乓球厅-3号,08:00-09:00,0,1,可预约,￥0.0,多云,15,14,3,0.0,100,29
2026-05-21 03:00:55,2026-05-21,2,乒乓球厅-3号,08:00-09:00,0,1,可预约,￥0.0,多云,15,12,4,0.0,100,29
2026-05-21 03:30:49,2026-05-21,2,乒乓球厅-3号,08:00-09:00,0,1,可预约,￥0.0,多云,15,14,3,0.0,100,30
2026-05-21 04:30:45,2026-05-21,2,乒乓球厅-3号,08:00-09:00,0,1,可预约,￥0.0,多云,15,12,4,0.0,100,29
2026-05-21 05:00:52,2026-05-21,2,乒乓球厅-3号,08:00-09:00,0,1,可预约,￥0.0,多云,15,12,4,0.0,100,29
2026-05-21 05:30:49,2026-05-21,2,乒乓球厅-3号,08:00-09:00,0,1,可预约,￥0.0,多云,15,13,3,0.0,100,28
2026-05-21 06:00:50,2026-05-21,2,乒乓球厅-3号,08:00-09:00,0,1,可预约,￥0.0,多云,15,13,4,0.0,99,28
2026-05-21 06:30:38,2026-05-21,2,乒乓球厅-3号,08:00-09:00,0,1,可预约,￥0.0,多云,15,13,3,0.0,97,28
2026-05-21 07:00:43,2026-05-21,2,乒乓球厅-3号,08:00-09:00,0,1,可预约,￥0.0,晴,15,11,5,0.0,93,28
2026-05-21 07:30:39,2026-05-21,2,乒乓球厅-3号,08:00-09:00,0,1,可预约,￥0.0,晴,17,13,4,0.0,89,29
2026-05-21 07:50:40,2026-05-21,2,乒乓球厅-3号,08:00-09:00,0,1,可预约,￥0.0,晴,17,13,4,0.0,88,29
2026-05-21 07:53:31,2026-05-21,2,乒乓球厅-3号,08:00-09:00,0,1,可预约,￥0.0,晴,17,12,5,0.0,86,29
2026-05-21 07:56:31,2026-05-21,2,乒乓球厅-3号,08:00-09:00,0,1,可预约,￥0.0,晴,17,12,5,0.0,86,29
2026-05-21 07:59:26,2026-05-21,2,乒乓球厅-3号,08:00-09:00,0,1,可预约,￥0.0,晴,17,12,5,0.0,86,29
2026-05-21 00:30:49,2026-05-21,2,乒乓球厅-3号,09:00-10:00,0,1,可预约,￥5.0,多云,15,13,3,0.0,100,26
2026-05-21 01:00:55,2026-05-21,2,乒乓球厅-3号,09:00-10:00,0,1,可预约,￥5.0,多云,15,12,4,0.0,100,26
2026-05-21 01:30:47,2026-05-21,2,乒乓球厅-3号,09:00-10:00,0,1,可预约,￥5.0,多云,15,13,4,0.0,100,28
2026-05-21 02:00:53,2026-05-21,2,乒乓球厅-3号,09:00-10:00,0,1,可预约,￥5.0,多云,15,12,4,0.0,100,28
2026-05-21 02:30:49,2026-05-21,2,乒乓球厅-3号,09:00-10:00,0,1,可预约,￥5.0,多云,15,14,3,0.0,100,29
2026-05-21 03:00:55,2026-05-21,2,乒乓球厅-3号,09:00-10:00,0,1,可预约,￥5.0,多云,15,12,4,0.0,100,29
2026-05-21 03:30:49,2026-05-21,2,乒乓球厅-3号,09:00-10:00,0,1,可预约,￥5.0,多云,15,14,3,0.0,100,30
2026-05-21 04:30:45,2026-05-21,2,乒乓球厅-3号,09:00-10:00,0,1,可预约,￥5.0,多云,15,12,4,0.0,100,29
2026-05-21 05:00:52,2026-05-21,2,乒乓球厅-3号,09:00-10:00,0,1,可预约,￥5.0,多云,15,12,4,0.0,100,29
2026-05-21 05:30:49,2026-05-21,2,乒乓球厅-3号,09:00-10:00,0,1,可预约,￥5.0,多云,15,13,3,0.0,100,28
2026-05-21 06:00:50,2026-05-21,2,乒乓球厅-3号,09:00-10:00,0,1,可预约,￥5.0,多云,15,13,4,0.0,99,28
2026-05-21 06:30:38,2026-05-21,2,乒乓球厅-3号,09:00-10:00,0,1,可预约,￥5.0,多云,15,13,3,0.0,97,28
2026-05-21 07:00:43,2026-05-21,2,乒乓球厅-3号,09:00-10:00,0,1,可预约,￥5.0,晴,15,11,5,0.0,93,28
2026-05-21 07:30:39,2026-05-21,2,乒乓球厅-3号,09:00-10:00,0,1,可预约,￥5.0,晴,17,13,4,0.0,89,29
2026-05-21 07:50:40,2026-05-21,2,乒乓球厅-3号,09:00-10:00,0,1,可预约,￥5.0,晴,17,13,4,0.0,88,29
2026-05-21 07:53:31,2026-05-21,2,乒乓球厅-3号,09:00-10:00,0,1,可预约,￥5.0,晴,17,12,5,0.0,86,29
2026-05-21 07:56:31,2026-05-21,2,乒乓球厅-3号,09:00-10:00,0,1,可预约,￥5.0,晴,17,12,5,0.0,86,29
2026-05-21 07:59:26,2026-05-21,2,乒乓球厅-3号,09:00-10:00,0,1,可预约,￥5.0,晴,17,12,5,0.0,86,29
2026-05-21 00:30:49,2026-05-21,2,乒乓球厅-3号,10:00-11:00,1,1,已售/已满,教学时间,多云,15,13,3,0.0,100,26
2026-05-21 01:00:55,2026-05-21,2,乒乓球厅-3号,10:00-11:00,1,1,已售/已满,教学时间,多云,15,12,4,0.0,100,26
2026-05-21 01:30:47,2026-05-21,2,乒乓球厅-3号,10:00-11:00,1,1,已售/已满,教学时间,多云,15,13,4,0.0,100,28
2026-05-21 02:00:53,2026-05-21,2,乒乓球厅-3号,10:00-11:00,1,1,已售/已满,教学时间,多云,15,12,4,0.0,100,28
2026-05-21 02:30:49,2026-05-21,2,乒乓球厅-3号,10:00-11:00,1,1,已售/已满,教学时间,多云,15,14,3,0.0,100,29
2026-05-21 03:00:55,2026-05-21,2,乒乓球厅-3号,10:00-11:00,1,1,已售/已满,教学时间,多云,15,12,4,0.0,100,29
2026-05-21 03:30:49,2026-05-21,2,乒乓球厅-3号,10:00-11:00,1,1,已售/已满,教学时间,多云,15,14,3,0.0,100,30
2026-05-21 04:30:45,2026-05-21,2,乒乓球厅-3号,10:00-11:00,1,1,已售/已满,教学时间,多云,15,12,4,0.0,100,29
2026-05-21 05:00:52,2026-05-21,2,乒乓球厅-3号,10:00-11:00,1,1,已售/已满,教学时间,多云,15,12,4,0.0,100,29
2026-05-21 05:30:49,2026-05-21,2,乒乓球厅-3号,10:00-11:00,1,1,已售/已满,教学时间,多云,15,13,3,0.0,100,28
2026-05-21 06:00:50,2026-05-21,2,乒乓球厅-3号,10:00-11:00,1,1,已售/已满,教学时间,多云,15,13,4,0.0,99,28
2026-05-21 06:30:38,2026-05-21,2,乒乓球厅-3号,10:00-11:00,1,1,已售/已满,教学时间,多云,15,13,3,0.0,97,28
2026-05-21 07:00:43,2026-05-21,2,乒乓球厅-3号,10:00-11:00,1,1,已售/已满,教学时间,晴,15,11,5,0.0,93,28
2026-05-21 07:30:39,2026-05-21,2,乒乓球厅-3号,10:00-11:00,1,1,已售/已满,教学时间,晴,17,13,4,0.0,89,29
2026-05-21 07:50:40,2026-05-21,2,乒乓球厅-3号,10:00-11:00,1,1,已售/已满,教学时间,晴,17,13,4,0.0,88,29
2026-05-21 07:53:31,2026-05-21,2,乒乓球厅-3号,10:00-11:00,1,1,已售/已满,教学时间,晴,17,12,5,0.0,86,29
2026-05-21 07:56:31,2026-05-21,2,乒乓球厅-3号,10:00-11:00,1,1,已售/已满,教学时间,晴,17,12,5,0.0,86,29
2026-05-21 07:59:26,2026-05-21,2,乒乓球厅-3号,10:00-11:00,1,1,已售/已满,教学时间,晴,17,12,5,0.0,86,29
2026-05-21 00:30:49,2026-05-21,2,乒乓球厅-3号,11:00-12:00,1,1,已售/已满,教学时间,多云,15,13,3,0.0,100,26
2026-05-21 01:00:55,2026-05-21,2,乒乓球厅-3号,11:00-12:00,1,1,已售/已满,教学时间,多云,15,12,4,0.0,100,26
2026-05-21 01:30:47,2026-05-21,2,乒乓球厅-3号,11:00-12:00,1,1,已售/已满,教学时间,多云,15,13,4,0.0,100,28
2026-05-21 02:00:53,2026-05-21,2,乒乓球厅-3号,11:00-12:00,1,1,已售/已满,教学时间,多云,15,12,4,0.0,100,28
2026-05-21 02:30:49,2026-05-21,2,乒乓球厅-3号,11:00-12:00,1,1,已售/已满,教学时间,多云,15,14,3,0.0,100,29
2026-05-21 03:00:55,2026-05-21,2,乒乓球厅-3号,11:00-12:00,1,1,已售/已满,教学时间,多云,15,12,4,0.0,100,29
2026-05-21 03:30:49,2026-05-21,2,乒乓球厅-3号,11:00-12:00,1,1,已售/已满,教学时间,多云,15,14,3,0.0,100,30
2026-05-21 04:30:45,2026-05-21,2,乒乓球厅-3号,11:00-12:00,1,1,已售/已满,教学时间,多云,15,12,4,0.0,100,29
2026-05-21 05:00:52,2026-05-21,2,乒乓球厅-3号,11:00-12:00,1,1,已售/已满,教学时间,多云,15,12,4,0.0,100,29
2026-05-21 05:30:49,2026-05-21,2,乒乓球厅-3号,11:00-12:00,1,1,已售/已满,教学时间,多云,15,13,3,0.0,100,28
2026-05-21 06:00:50,2026-05-21,2,乒乓球厅-3号,11:00-12:00,1,1,已售/已满,教学时间,多云,15,13,4,0.0,99,28
2026-05-21 06:30:38,2026-05-21,2,乒乓球厅-3号,11:00-12:00,1,1,已售/已满,教学时间,多云,15,13,3,0.0,97,28
2026-05-21 07:00:43,2026-05-21,2,乒乓球厅-3号,11:00-12:00,1,1,已售/已满,教学时间,晴,15,11,5,0.0,93,28
2026-05-21 07:30:39,2026-05-21,2,乒乓球厅-3号,11:00-12:00,1,1,已售/已满,教学时间,晴,17,13,4,0.0,89,29
2026-05-21 07:50:40,2026-05-21,2,乒乓球厅-3号,11:00-12:00,1,1,已售/已满,教学时间,晴,17,13,4,0.0,88,29
2026-05-21 07:53:31,2026-05-21,2,乒乓球厅-3号,11:00-12:00,1,1,已售/已满,教学时间,晴,17,12,5,0.0,86,29
2026-05-21 07:56:31,2026-05-21,2,乒乓球厅-3号,11:00-12:00,1,1,已售/已满,教学时间,晴,17,12,5,0.0,86,29
2026-05-21 07:59:26,2026-05-21,2,乒乓球厅-3号,11:00-12:00,1,1,已售/已满,教学时间,晴,17,12,5,0.0,86,29
2026-05-21 00:30:49,2026-05-21,2,乒乓球厅-3号,12:00-12:55,0,1,可预约,￥0.0,多云,15,13,3,0.0,100,26
2026-05-21 01:00:55,2026-05-21,2,乒乓球厅-3号,12:00-12:55,0,1,可预约,￥0.0,多云,15,12,4,0.0,100,26
2026-05-21 01:30:47,2026-05-21,2,乒乓球厅-3号,12:00-12:55,0,1,可预约,￥0.0,多云,15,13,4,0.0,100,28
2026-05-21 02:00:53,2026-05-21,2,乒乓球厅-3号,12:00-12:55,0,1,可预约,￥0.0,多云,15,12,4,0.0,100,28
2026-05-21 02:30:49,2026-05-21,2,乒乓球厅-3号,12:00-12:55,0,1,可预约,￥0.0,多云,15,14,3,0.0,100,29
2026-05-21 03:00:55,2026-05-21,2,乒乓球厅-3号,12:00-12:55,0,1,可预约,￥0.0,多云,15,12,4,0.0,100,29
2026-05-21 03:30:49,2026-05-21,2,乒乓球厅-3号,12:00-12:55,0,1,可预约,￥0.0,多云,15,14,3,0.0,100,30
2026-05-21 04:30:45,2026-05-21,2,乒乓球厅-3号,12:00-12:55,0,1,可预约,￥0.0,多云,15,12,4,0.0,100,29
2026-05-21 05:00:52,2026-05-21,2,乒乓球厅-3号,12:00-12:55,0,1,可预约,￥0.0,多云,15,12,4,0.0,100,29
2026-05-21 05:30:49,2026-05-21,2,乒乓球厅-3号,12:00-12:55,0,1,可预约,￥0.0,多云,15,13,3,0.0,100,28
2026-05-21 06:00:50,2026-05-21,2,乒乓球厅-3号,12:00-12:55,0,1,可预约,￥0.0,多云,15,13,4,0.0,99,28
2026-05-21 06:30:38,2026-05-21,2,乒乓球厅-3号,12:00-12:55,0,1,可预约,￥0.0,多云,15,13,3,0.0,97,28
2026-05-21 07:00:43,2026-05-21,2,乒乓球厅-3号,12:00-12:55,0,1,可预约,￥0.0,晴,15,11,5,0.0,93,28
2026-05-21 07:30:39,2026-05-21,2,乒乓球厅-3号,12:00-12:55,0,1,可预约,￥0.0,晴,17,13,4,0.0,89,29
2026-05-21 07:50:40,2026-05-21,2,乒乓球厅-3号,12:00-12:55,0,1,可预约,￥0.0,晴,17,13,4,0.0,88,29
2026-05-21 07:53:31,2026-05-21,2,乒乓球厅-3号,12:00-12:55,0,1,可预约,￥0.0,晴,17,12,5,0.0,86,29
2026-05-21 07:56:31,2026-05-21,2,乒乓球厅-3号,12:00-12:55,0,1,可预约,￥0.0,晴,17,12,5,0.0,86,29
2026-05-21 07:59:26,2026-05-21,2,乒乓球厅-3号,12:00-12:55,0,1,可预约,￥0.0,晴,17,12,5,0.0,86,29
2026-05-21 00:30:49,2026-05-21,2,乒乓球厅-3号,12:55-13:50,0,1,可预约,￥0.0,多云,15,13,3,0.0,100,26
2026-05-21 01:00:55,2026-05-21,2,乒乓球厅-3号,12:55-13:50,0,1,可预约,￥0.0,多云,15,12,4,0.0,100,26
2026-05-21 01:30:47,2026-05-21,2,乒乓球厅-3号,12:55-13:50,0,1,可预约,￥0.0,多云,15,13,4,0.0,100,28
2026-05-21 02:00:53,2026-05-21,2,乒乓球厅-3号,12:55-13:50,0,1,可预约,￥0.0,多云,15,12,4,0.0,100,28
2026-05-21 02:30:49,2026-05-21,2,乒乓球厅-3号,12:55-13:50,0,1,可预约,￥0.0,多云,15,14,3,0.0,100,29
2026-05-21 03:00:55,2026-05-21,2,乒乓球厅-3号,12:55-13:50,0,1,可预约,￥0.0,多云,15,12,4,0.0,100,29
2026-05-21 03:30:49,2026-05-21,2,乒乓球厅-3号,12:55-13:50,0,1,可预约,￥0.0,多云,15,14,3,0.0,100,30
2026-05-21 04:30:45,2026-05-21,2,乒乓球厅-3号,12:55-13:50,0,1,可预约,￥0.0,多云,15,12,4,0.0,100,29
2026-05-21 05:00:52,2026-05-21,2,乒乓球厅-3号,12:55-13:50,0,1,可预约,￥0.0,多云,15,12,4,0.0,100,29
2026-05-21 05:30:49,2026-05-21,2,乒乓球厅-3号,12:55-13:50,0,1,可预约,￥0.0,多云,15,13,3,0.0,100,28
2026-05-21 06:00:50,2026-05-21,2,乒乓球厅-3号,12:55-13:50,0,1,可预约,￥0.0,多云,15,13,4,0.0,99,28
2026-05-21 06:30:38,2026-05-21,2,乒乓球厅-3号,12:55-13:50,0,1,可预约,￥0.0,多云,15,13,3,0.0,97,28
2026-05-21 07:00:43,2026-05-21,2,乒乓球厅-3号,12:55-13:50,0,1,可预约,￥0.0,晴,15,11,5,0.0,93,28
2026-05-21 07:30:39,2026-05-21,2,乒乓球厅-3号,12:55-13:50,0,1,可预约,￥0.0,晴,17,13,4,0.0,89,29
2026-05-21 07:50:40,2026-05-21,2,乒乓球厅-3号,12:55-13:50,0,1,可预约,￥0.0,晴,17,13,4,0.0,88,29
2026-05-21 07:53:31,2026-05-21,2,乒乓球厅-3号,12:55-13:50,0,1,可预约,￥0.0,晴,17,12,5,0.0,86,29
2026-05-21 07:56:31,2026-05-21,2,乒乓球厅-3号,12:55-13:50,0,1,可预约,￥0.0,晴,17,12,5,0.0,86,29
2026-05-21 07:59:26,2026-05-21,2,乒乓球厅-3号,12:55-13:50,0,1,可预约,￥0.0,晴,17,12,5,0.0,86,29
2026-05-21 00:30:49,2026-05-21,2,乒乓球厅-3号,14:00-15:00,0,1,可预约,￥5.0,多云,15,13,3,0.0,100,26
2026-05-21 01:00:55,2026-05-21,2,乒乓球厅-3号,14:00-15:00,0,1,可预约,￥5.0,多云,15,12,4,0.0,100,26
2026-05-21 01:30:47,2026-05-21,2,乒乓球厅-3号,14:00-15:00,0,1,可预约,￥5.0,多云,15,13,4,0.0,100,28
2026-05-21 02:00:53,2026-05-21,2,乒乓球厅-3号,14:00-15:00,0,1,可预约,￥5.0,多云,15,12,4,0.0,100,28
2026-05-21 02:30:49,2026-05-21,2,乒乓球厅-3号,14:00-15:00,0,1,可预约,￥5.0,多云,15,14,3,0.0,100,29
2026-05-21 03:00:55,2026-05-21,2,乒乓球厅-3号,14:00-15:00,0,1,可预约,￥5.0,多云,15,12,4,0.0,100,29
2026-05-21 03:30:49,2026-05-21,2,乒乓球厅-3号,14:00-15:00,0,1,可预约,￥5.0,多云,15,14,3,0.0,100,30
2026-05-21 04:30:45,2026-05-21,2,乒乓球厅-3号,14:00-15:00,0,1,可预约,￥5.0,多云,15,12,4,0.0,100,29
2026-05-21 05:00:52,2026-05-21,2,乒乓球厅-3号,14:00-15:00,0,1,可预约,￥5.0,多云,15,12,4,0.0,100,29
2026-05-21 05:30:49,2026-05-21,2,乒乓球厅-3号,14:00-15:00,0,1,可预约,￥5.0,多云,15,13,3,0.0,100,28
2026-05-21 06:00:50,2026-05-21,2,乒乓球厅-3号,14:00-15:00,0,1,可预约,￥5.0,多云,15,13,4,0.0,99,28
2026-05-21 06:30:38,2026-05-21,2,乒乓球厅-3号,14:00-15:00,0,1,可预约,￥5.0,多云,15,13,3,0.0,97,28
2026-05-21 07:00:43,2026-05-21,2,乒乓球厅-3号,14:00-15:00,0,1,可预约,￥5.0,晴,15,11,5,0.0,93,28
2026-05-21 07:30:39,2026-05-21,2,乒乓球厅-3号,14:00-15:00,0,1,可预约,￥5.0,晴,17,13,4,0.0,89,29
2026-05-21 07:50:40,2026-05-21,2,乒乓球厅-3号,14:00-15:00,0,1,可预约,￥5.0,晴,17,13,4,0.0,88,29
2026-05-21 07:53:31,2026-05-21,2,乒乓球厅-3号,14:00-15:00,0,1,可预约,￥5.0,晴,17,12,5,0.0,86,29
2026-05-21 07:56:31,2026-05-21,2,乒乓球厅-3号,14:00-15:00,0,1,可预约,￥5.0,晴,17,12,5,0.0,86,29
2026-05-21 07:59:26,2026-05-21,2,乒乓球厅-3号,14:00-15:00,0,1,可预约,￥5.0,晴,17,12,5,0.0,86,29
2026-05-21 00:30:49,2026-05-21,2,乒乓球厅-3号,15:00-16:00,0,1,可预约,￥5.0,多云,15,13,3,0.0,100,26
2026-05-21 01:00:55,2026-05-21,2,乒乓球厅-3号,15:00-16:00,0,1,可预约,￥5.0,多云,15,12,4,0.0,100,26
2026-05-21 01:30:47,2026-05-21,2,乒乓球厅-3号,15:00-16:00,0,1,可预约,￥5.0,多云,15,13,4,0.0,100,28
2026-05-21 02:00:53,2026-05-21,2,乒乓球厅-3号,15:00-16:00,0,1,可预约,￥5.0,多云,15,12,4,0.0,100,28
2026-05-21 02:30:49,2026-05-21,2,乒乓球厅-3号,15:00-16:00,0,1,可预约,￥5.0,多云,15,14,3,0.0,100,29
2026-05-21 03:00:55,2026-05-21,2,乒乓球厅-3号,15:00-16:00,0,1,可预约,￥5.0,多云,15,12,4,0.0,100,29
2026-05-21 03:30:49,2026-05-21,2,乒乓球厅-3号,15:00-16:00,0,1,可预约,￥5.0,多云,15,14,3,0.0,100,30
2026-05-21 04:30:45,2026-05-21,2,乒乓球厅-3号,15:00-16:00,0,1,可预约,￥5.0,多云,15,12,4,0.0,100,29
2026-05-21 05:00:52,2026-05-21,2,乒乓球厅-3号,15:00-16:00,0,1,可预约,￥5.0,多云,15,12,4,0.0,100,29
2026-05-21 05:30:49,2026-05-21,2,乒乓球厅-3号,15:00-16:00,0,1,可预约,￥5.0,多云,15,13,3,0.0,100,28
2026-05-21 06:00:50,2026-05-21,2,乒乓球厅-3号,15:00-16:00,0,1,可预约,￥5.0,多云,15,13,4,0.0,99,28
2026-05-21 06:30:38,2026-05-21,2,乒乓球厅-3号,15:00-16:00,0,1,可预约,￥5.0,多云,15,13,3,0.0,97,28
2026-05-21 07:00:43,2026-05-21,2,乒乓球厅-3号,15:00-16:00,0,1,可预约,￥5.0,晴,15,11,5,0.0,93,28
2026-05-21 07:30:39,2026-05-21,2,乒乓球厅-3号,15:00-16:00,0,1,可预约,￥5.0,晴,17,13,4,0.0,89,29
2026-05-21 07:50:40,2026-05-21,2,乒乓球厅-3号,15:00-16:00,0,1,可预约,￥5.0,晴,17,13,4,0.0,88,29
2026-05-21 07:53:31,2026-05-21,2,乒乓球厅-3号,15:00-16:00,0,1,可预约,￥5.0,晴,17,12,5,0.0,86,29
2026-05-21 07:56:31,2026-05-21,2,乒乓球厅-3号,15:00-16:00,0,1,可预约,￥5.0,晴,17,12,5,0.0,86,29
2026-05-21 07:59:26,2026-05-21,2,乒乓球厅-3号,15:00-16:00,0,1,可预约,￥5.0,晴,17,12,5,0.0,86,29
2026-05-21 00:30:49,2026-05-21,2,乒乓球厅-3号,16:00-17:00,0,1,可预约,￥5.0,多云,15,13,3,0.0,100,26
2026-05-21 01:00:55,2026-05-21,2,乒乓球厅-3号,16:00-17:00,0,1,可预约,￥5.0,多云,15,12,4,0.0,100,26
2026-05-21 01:30:47,2026-05-21,2,乒乓球厅-3号,16:00-17:00,0,1,可预约,￥5.0,多云,15,13,4,0.0,100,28
2026-05-21 02:00:53,2026-05-21,2,乒乓球厅-3号,16:00-17:00,0,1,可预约,￥5.0,多云,15,12,4,0.0,100,28
2026-05-21 02:30:49,2026-05-21,2,乒乓球厅-3号,16:00-17:00,0,1,可预约,￥5.0,多云,15,14,3,0.0,100,29
2026-05-21 03:00:55,2026-05-21,2,乒乓球厅-3号,16:00-17:00,0,1,可预约,￥5.0,多云,15,12,4,0.0,100,29
2026-05-21 03:30:49,2026-05-21,2,乒乓球厅-3号,16:00-17:00,0,1,可预约,￥5.0,多云,15,14,3,0.0,100,30
2026-05-21 04:30:45,2026-05-21,2,乒乓球厅-3号,16:00-17:00,0,1,可预约,￥5.0,多云,15,12,4,0.0,100,29
2026-05-21 05:00:52,2026-05-21,2,乒乓球厅-3号,16:00-17:00,0,1,可预约,￥5.0,多云,15,12,4,0.0,100,29
2026-05-21 05:30:49,2026-05-21,2,乒乓球厅-3号,16:00-17:00,0,1,可预约,￥5.0,多云,15,13,3,0.0,100,28
2026-05-21 06:00:50,2026-05-21,2,乒乓球厅-3号,16:00-17:00,0,1,可预约,￥5.0,多云,15,13,4,0.0,99,28
2026-05-21 06:30:38,2026-05-21,2,乒乓球厅-3号,16:00-17:00,0,1,可预约,￥5.0,多云,15,13,3,0.0,97,28
2026-05-21 07:00:43,2026-05-21,2,乒乓球厅-3号,16:00-17:00,0,1,可预约,￥5.0,晴,15,11,5,0.0,93,28
2026-05-21 07:30:39,2026-05-21,2,乒乓球厅-3号,16:00-17:00,0,1,可预约,￥5.0,晴,17,13,4,0.0,89,29
2026-05-21 07:50:40,2026-05-21,2,乒乓球厅-3号,16:00-17:00,0,1,可预约,￥5.0,晴,17,13,4,0.0,88,29
2026-05-21 07:53:31,2026-05-21,2,乒乓球厅-3号,16:00-17:00,0,1,可预约,￥5.0,晴,17,12,5,0.0,86,29
2026-05-21 07:56:31,2026-05-21,2,乒乓球厅-3号,16:00-17:00,0,1,可预约,￥5.0,晴,17,12,5,0.0,86,29
2026-05-21 07:59:26,2026-05-21,2,乒乓球厅-3号,16:00-17:00,0,1,可预约,￥5.0,晴,17,12,5,0.0,86,29
2026-05-21 00:30:49,2026-05-21,2,乒乓球厅-3号,17:00-18:00,0,1,可预约,￥5.0,多云,15,13,3,0.0,100,26
2026-05-21 01:00:55,2026-05-21,2,乒乓球厅-3号,17:00-18:00,0,1,可预约,￥5.0,多云,15,12,4,0.0,100,26
2026-05-21 01:30:47,2026-05-21,2,乒乓球厅-3号,17:00-18:00,0,1,可预约,￥5.0,多云,15,13,4,0.0,100,28
2026-05-21 02:00:53,2026-05-21,2,乒乓球厅-3号,17:00-18:00,0,1,可预约,￥5.0,多云,15,12,4,0.0,100,28
2026-05-21 02:30:49,2026-05-21,2,乒乓球厅-3号,17:00-18:00,0,1,可预约,￥5.0,多云,15,14,3,0.0,100,29
2026-05-21 03:00:55,2026-05-21,2,乒乓球厅-3号,17:00-18:00,0,1,可预约,￥5.0,多云,15,12,4,0.0,100,29
2026-05-21 03:30:49,2026-05-21,2,乒乓球厅-3号,17:00-18:00,0,1,可预约,￥5.0,多云,15,14,3,0.0,100,30
2026-05-21 04:30:45,2026-05-21,2,乒乓球厅-3号,17:00-18:00,0,1,可预约,￥5.0,多云,15,12,4,0.0,100,29
2026-05-21 05:00:52,2026-05-21,2,乒乓球厅-3号,17:00-18:00,0,1,可预约,￥5.0,多云,15,12,4,0.0,100,29
2026-05-21 05:30:49,2026-05-21,2,乒乓球厅-3号,17:00-18:00,0,1,可预约,￥5.0,多云,15,13,3,0.0,100,28
2026-05-21 06:00:50,2026-05-21,2,乒乓球厅-3号,17:00-18:00,0,1,可预约,￥5.0,多云,15,13,4,0.0,99,28
2026-05-21 06:30:38,2026-05-21,2,乒乓球厅-3号,17:00-18:00,0,1,可预约,￥5.0,多云,15,13,3,0.0,97,28
2026-05-21 07:00:43,2026-05-21,2,乒乓球厅-3号,17:00-18:00,0,1,可预约,￥5.0,晴,15,11,5,0.0,93,28
2026-05-21 07:30:39,2026-05-21,2,乒乓球厅-3号,17:00-18:00,0,1,可预约,￥5.0,晴,17,13,4,0.0,89,29
2026-05-21 07:50:40,2026-05-21,2,乒乓球厅-3号,17:00-18:00,0,1,可预约,￥5.0,晴,17,13,4,0.0,88,29
2026-05-21 07:53:31,2026-05-21,2,乒乓球厅-3号,17:00-18:00,0,1,可预约,￥5.0,晴,17,12,5,0.0,86,29
2026-05-21 07:56:31,2026-05-21,2,乒乓球厅-3号,17:00-18:00,0,1,可预约,￥5.0,晴,17,12,5,0.0,86,29
2026-05-21 07:59:26,2026-05-21,2,乒乓球厅-3号,17:00-18:00,0,1,可预约,￥5.0,晴,17,12,5,0.0,86,29
2026-05-21 00:30:49,2026-05-21,2,乒乓球厅-3号,18:30-19:30,0,1,可预约,￥5.0,多云,15,13,3,0.0,100,26
2026-05-21 01:00:55,2026-05-21,2,乒乓球厅-3号,18:30-19:30,0,1,可预约,￥5.0,多云,15,12,4,0.0,100,26
2026-05-21 01:30:47,2026-05-21,2,乒乓球厅-3号,18:30-19:30,0,1,可预约,￥5.0,多云,15,13,4,0.0,100,28
2026-05-21 02:00:53,2026-05-21,2,乒乓球厅-3号,18:30-19:30,0,1,可预约,￥5.0,多云,15,12,4,0.0,100,28
2026-05-21 02:30:49,2026-05-21,2,乒乓球厅-3号,18:30-19:30,0,1,可预约,￥5.0,多云,15,14,3,0.0,100,29
2026-05-21 03:00:55,2026-05-21,2,乒乓球厅-3号,18:30-19:30,0,1,可预约,￥5.0,多云,15,12,4,0.0,100,29
2026-05-21 03:30:49,2026-05-21,2,乒乓球厅-3号,18:30-19:30,0,1,可预约,￥5.0,多云,15,14,3,0.0,100,30
2026-05-21 04:30:45,2026-05-21,2,乒乓球厅-3号,18:30-19:30,0,1,可预约,￥5.0,多云,15,12,4,0.0,100,29
2026-05-21 05:00:52,2026-05-21,2,乒乓球厅-3号,18:30-19:30,0,1,可预约,￥5.0,多云,15,12,4,0.0,100,29
2026-05-21 05:30:49,2026-05-21,2,乒乓球厅-3号,18:30-19:30,0,1,可预约,￥5.0,多云,15,13,3,0.0,100,28
2026-05-21 06:00:50,2026-05-21,2,乒乓球厅-3号,18:30-19:30,0,1,可预约,￥5.0,多云,15,13,4,0.0,99,28
2026-05-21 06:30:38,2026-05-21,2,乒乓球厅-3号,18:30-19:30,0,1,可预约,￥5.0,多云,15,13,3,0.0,97,28
2026-05-21 07:00:43,2026-05-21,2,乒乓球厅-3号,18:30-19:30,0,1,可预约,￥5.0,晴,15,11,5,0.0,93,28
2026-05-21 07:30:39,2026-05-21,2,乒乓球厅-3号,18:30-19:30,0,1,可预约,￥5.0,晴,17,13,4,0.0,89,29
2026-05-21 07:50:40,2026-05-21,2,乒乓球厅-3号,18:30-19:30,0,1,可预约,￥5.0,晴,17,13,4,0.0,88,29
2026-05-21 07:53:31,2026-05-21,2,乒乓球厅-3号,18:30-19:30,0,1,可预约,￥5.0,晴,17,12,5,0.0,86,29
2026-05-21 07:56:31,2026-05-21,2,乒乓球厅-3号,18:30-19:30,0,1,可预约,￥5.0,晴,17,12,5,0.0,86,29
2026-05-21 07:59:26,2026-05-21,2,乒乓球厅-3号,18:30-19:30,0,1,可预约,￥5.0,晴,17,12,5,0.0,86,29
2026-05-21 00:30:49,2026-05-21,2,乒乓球厅-3号,19:30-20:30,0,1,可预约,￥5.0,多云,15,13,3,0.0,100,26
2026-05-21 01:00:55,2026-05-21,2,乒乓球厅-3号,19:30-20:30,0,1,可预约,￥5.0,多云,15,12,4,0.0,100,26
2026-05-21 01:30:47,2026-05-21,2,乒乓球厅-3号,19:30-20:30,0,1,可预约,￥5.0,多云,15,13,4,0.0,100,28
2026-05-21 02:00:53,2026-05-21,2,乒乓球厅-3号,19:30-20:30,0,1,可预约,￥5.0,多云,15,12,4,0.0,100,28
2026-05-21 02:30:49,2026-05-21,2,乒乓球厅-3号,19:30-20:30,0,1,可预约,￥5.0,多云,15,14,3,0.0,100,29
2026-05-21 03:00:55,2026-05-21,2,乒乓球厅-3号,19:30-20:30,0,1,可预约,￥5.0,多云,15,12,4,0.0,100,29
2026-05-21 03:30:49,2026-05-21,2,乒乓球厅-3号,19:30-20:30,0,1,可预约,￥5.0,多云,15,14,3,0.0,100,30
2026-05-21 04:30:45,2026-05-21,2,乒乓球厅-3号,19:30-20:30,0,1,可预约,￥5.0,多云,15,12,4,0.0,100,29
2026-05-21 05:00:52,2026-05-21,2,乒乓球厅-3号,19:30-20:30,0,1,可预约,￥5.0,多云,15,12,4,0.0,100,29
2026-05-21 05:30:49,2026-05-21,2,乒乓球厅-3号,19:30-20:30,0,1,可预约,￥5.0,多云,15,13,3,0.0,100,28
2026-05-21 06:00:50,2026-05-21,2,乒乓球厅-3号,19:30-20:30,0,1,可预约,￥5.0,多云,15,13,4,0.0,99,28
2026-05-21 06:30:38,2026-05-21,2,乒乓球厅-3号,19:30-20:30,0,1,可预约,￥5.0,多云,15,13,3,0.0,97,28
2026-05-21 07:00:43,2026-05-21,2,乒乓球厅-3号,19:30-20:30,0,1,可预约,￥5.0,晴,15,11,5,0.0,93,28
2026-05-21 07:30:39,2026-05-21,2,乒乓球厅-3号,19:30-20:30,0,1,可预约,￥5.0,晴,17,13,4,0.0,89,29
2026-05-21 07:50:40,2026-05-21,2,乒乓球厅-3号,19:30-20:30,0,1,可预约,￥5.0,晴,17,13,4,0.0,88,29
2026-05-21 07:53:31,2026-05-21,2,乒乓球厅-3号,19:30-20:30,0,1,可预约,￥5.0,晴,17,12,5,0.0,86,29
2026-05-21 07:56:31,2026-05-21,2,乒乓球厅-3号,19:30-20:30,0,1,可预约,￥5.0,晴,17,12,5,0.0,86,29
2026-05-21 07:59:26,2026-05-21,2,乒乓球厅-3号,19:30-20:30,0,1,可预约,￥5.0,晴,17,12,5,0.0,86,29
2026-05-21 00:30:49,2026-05-21,2,乒乓球厅-3号,20:30-21:30,0,1,可预约,￥5.0,多云,15,13,3,0.0,100,26
2026-05-21 01:00:55,2026-05-21,2,乒乓球厅-3号,20:30-21:30,0,1,可预约,￥5.0,多云,15,12,4,0.0,100,26
2026-05-21 01:30:47,2026-05-21,2,乒乓球厅-3号,20:30-21:30,0,1,可预约,￥5.0,多云,15,13,4,0.0,100,28
2026-05-21 02:00:53,2026-05-21,2,乒乓球厅-3号,20:30-21:30,0,1,可预约,￥5.0,多云,15,12,4,0.0,100,28
2026-05-21 02:30:49,2026-05-21,2,乒乓球厅-3号,20:30-21:30,0,1,可预约,￥5.0,多云,15,14,3,0.0,100,29
2026-05-21 03:00:55,2026-05-21,2,乒乓球厅-3号,20:30-21:30,0,1,可预约,￥5.0,多云,15,12,4,0.0,100,29
2026-05-21 03:30:49,2026-05-21,2,乒乓球厅-3号,20:30-21:30,0,1,可预约,￥5.0,多云,15,14,3,0.0,100,30
2026-05-21 04:30:45,2026-05-21,2,乒乓球厅-3号,20:30-21:30,0,1,可预约,￥5.0,多云,15,12,4,0.0,100,29
2026-05-21 05:00:52,2026-05-21,2,乒乓球厅-3号,20:30-21:30,0,1,可预约,￥5.0,多云,15,12,4,0.0,100,29
2026-05-21 05:30:49,2026-05-21,2,乒乓球厅-3号,20:30-21:30,0,1,可预约,￥5.0,多云,15,13,3,0.0,100,28
2026-05-21 06:00:50,2026-05-21,2,乒乓球厅-3号,20:30-21:30,0,1,可预约,￥5.0,多云,15,13,4,0.0,99,28
2026-05-21 06:30:38,2026-05-21,2,乒乓球厅-3号,20:30-21:30,0,1,可预约,￥5.0,多云,15,13,3,0.0,97,28
2026-05-21 07:00:43,2026-05-21,2,乒乓球厅-3号,20:30-21:30,0,1,可预约,￥5.0,晴,15,11,5,0.0,93,28
2026-05-21 07:30:39,2026-05-21,2,乒乓球厅-3号,20:30-21:30,0,1,可预约,￥5.0,晴,17,13,4,0.0,89,29
2026-05-21 07:50:40,2026-05-21,2,乒乓球厅-3号,20:30-21:30,0,1,可预约,￥5.0,晴,17,13,4,0.0,88,29
2026-05-21 07:53:31,2026-05-21,2,乒乓球厅-3号,20:30-21:30,0,1,可预约,￥5.0,晴,17,12,5,0.0,86,29
2026-05-21 07:56:31,2026-05-21,2,乒乓球厅-3号,20:30-21:30,0,1,可预约,￥5.0,晴,17,12,5,0.0,86,29
2026-05-21 07:59:26,2026-05-21,2,乒乓球厅-3号,20:30-21:30,0,1,可预约,￥5.0,晴,17,12,5,0.0,86,29
2026-05-21 00:30:49,2026-05-21,2,乒乓球厅-4号,07:00-08:00,0,1,可预约,￥0.0,多云,15,13,3,0.0,100,26
2026-05-21 01:00:55,2026-05-21,2,乒乓球厅-4号,07:00-08:00,0,1,可预约,￥0.0,多云,15,12,4,0.0,100,26
2026-05-21 01:30:47,2026-05-21,2,乒乓球厅-4号,07:00-08:00,0,1,可预约,￥0.0,多云,15,13,4,0.0,100,28
2026-05-21 02:00:53,2026-05-21,2,乒乓球厅-4号,07:00-08:00,0,1,可预约,￥0.0,多云,15,12,4,0.0,100,28
2026-05-21 02:30:49,2026-05-21,2,乒乓球厅-4号,07:00-08:00,0,1,可预约,￥0.0,多云,15,14,3,0.0,100,29
2026-05-21 03:00:55,2026-05-21,2,乒乓球厅-4号,07:00-08:00,0,1,可预约,￥0.0,多云,15,12,4,0.0,100,29
2026-05-21 03:30:49,2026-05-21,2,乒乓球厅-4号,07:00-08:00,0,1,可预约,￥0.0,多云,15,14,3,0.0,100,30
2026-05-21 04:30:45,2026-05-21,2,乒乓球厅-4号,07:00-08:00,0,1,可预约,￥0.0,多云,15,12,4,0.0,100,29
2026-05-21 05:00:52,2026-05-21,2,乒乓球厅-4号,07:00-08:00,0,1,可预约,￥0.0,多云,15,12,4,0.0,100,29
2026-05-21 05:30:49,2026-05-21,2,乒乓球厅-4号,07:00-08:00,0,1,可预约,￥0.0,多云,15,13,3,0.0,100,28
2026-05-21 06:00:50,2026-05-21,2,乒乓球厅-4号,07:00-08:00,0,1,可预约,￥0.0,多云,15,13,4,0.0,99,28
2026-05-21 06:30:38,2026-05-21,2,乒乓球厅-4号,07:00-08:00,0,1,可预约,￥0.0,多云,15,13,3,0.0,97,28
2026-05-21 07:00:43,2026-05-21,2,乒乓球厅-4号,07:00-08:00,0,1,可预约,￥0.0,晴,15,11,5,0.0,93,28
2026-05-21 07:30:39,2026-05-21,2,乒乓球厅-4号,07:00-08:00,0,1,可预约,￥0.0,晴,17,13,4,0.0,89,29
2026-05-21 07:50:40,2026-05-21,2,乒乓球厅-4号,07:00-08:00,0,1,可预约,￥0.0,晴,17,13,4,0.0,88,29
2026-05-21 07:53:31,2026-05-21,2,乒乓球厅-4号,07:00-08:00,0,1,可预约,￥0.0,晴,17,12,5,0.0,86,29
2026-05-21 07:56:31,2026-05-21,2,乒乓球厅-4号,07:00-08:00,0,1,可预约,￥0.0,晴,17,12,5,0.0,86,29
2026-05-21 07:59:26,2026-05-21,2,乒乓球厅-4号,07:00-08:00,0,1,可预约,￥0.0,晴,17,12,5,0.0,86,29
2026-05-21 00:30:49,2026-05-21,2,乒乓球厅-4号,08:00-09:00,0,1,可预约,￥0.0,多云,15,13,3,0.0,100,26
2026-05-21 01:00:55,2026-05-21,2,乒乓球厅-4号,08:00-09:00,0,1,可预约,￥0.0,多云,15,12,4,0.0,100,26
2026-05-21 01:30:47,2026-05-21,2,乒乓球厅-4号,08:00-09:00,0,1,可预约,￥0.0,多云,15,13,4,0.0,100,28
2026-05-21 02:00:53,2026-05-21,2,乒乓球厅-4号,08:00-09:00,0,1,可预约,￥0.0,多云,15,12,4,0.0,100,28
2026-05-21 02:30:49,2026-05-21,2,乒乓球厅-4号,08:00-09:00,0,1,可预约,￥0.0,多云,15,14,3,0.0,100,29
2026-05-21 03:00:55,2026-05-21,2,乒乓球厅-4号,08:00-09:00,0,1,可预约,￥0.0,多云,15,12,4,0.0,100,29
2026-05-21 03:30:49,2026-05-21,2,乒乓球厅-4号,08:00-09:00,0,1,可预约,￥0.0,多云,15,14,3,0.0,100,30
2026-05-21 04:30:45,2026-05-21,2,乒乓球厅-4号,08:00-09:00,0,1,可预约,￥0.0,多云,15,12,4,0.0,100,29
2026-05-21 05:00:52,2026-05-21,2,乒乓球厅-4号,08:00-09:00,0,1,可预约,￥0.0,多云,15,12,4,0.0,100,29
2026-05-21 05:30:49,2026-05-21,2,乒乓球厅-4号,08:00-09:00,0,1,可预约,￥0.0,多云,15,13,3,0.0,100,28
2026-05-21 06:00:50,2026-05-21,2,乒乓球厅-4号,08:00-09:00,0,1,可预约,￥0.0,多云,15,13,4,0.0,99,28
2026-05-21 06:30:38,2026-05-21,2,乒乓球厅-4号,08:00-09:00,0,1,可预约,￥0.0,多云,15,13,3,0.0,97,28
2026-05-21 07:00:43,2026-05-21,2,乒乓球厅-4号,08:00-09:00,0,1,可预约,￥0.0,晴,15,11,5,0.0,93,28
2026-05-21 07:30:39,2026-05-21,2,乒乓球厅-4号,08:00-09:00,0,1,可预约,￥0.0,晴,17,13,4,0.0,89,29
2026-05-21 07:50:40,2026-05-21,2,乒乓球厅-4号,08:00-09:00,0,1,可预约,￥0.0,晴,17,13,4,0.0,88,29
2026-05-21 07:53:31,2026-05-21,2,乒乓球厅-4号,08:00-09:00,0,1,可预约,￥0.0,晴,17,12,5,0.0,86,29
2026-05-21 07:56:31,2026-05-21,2,乒乓球厅-4号,08:00-09:00,0,1,可预约,￥0.0,晴,17,12,5,0.0,86,29
2026-05-21 07:59:26,2026-05-21,2,乒乓球厅-4号,08:00-09:00,0,1,可预约,￥0.0,晴,17,12,5,0.0,86,29
2026-05-21 00:30:49,2026-05-21,2,乒乓球厅-4号,09:00-10:00,0,1,可预约,￥5.0,多云,15,13,3,0.0,100,26
2026-05-21 01:00:55,2026-05-21,2,乒乓球厅-4号,09:00-10:00,0,1,可预约,￥5.0,多云,15,12,4,0.0,100,26
2026-05-21 01:30:47,2026-05-21,2,乒乓球厅-4号,09:00-10:00,0,1,可预约,￥5.0,多云,15,13,4,0.0,100,28
2026-05-21 02:00:53,2026-05-21,2,乒乓球厅-4号,09:00-10:00,0,1,可预约,￥5.0,多云,15,12,4,0.0,100,28
2026-05-21 02:30:49,2026-05-21,2,乒乓球厅-4号,09:00-10:00,0,1,可预约,￥5.0,多云,15,14,3,0.0,100,29
2026-05-21 03:00:55,2026-05-21,2,乒乓球厅-4号,09:00-10:00,0,1,可预约,￥5.0,多云,15,12,4,0.0,100,29
2026-05-21 03:30:49,2026-05-21,2,乒乓球厅-4号,09:00-10:00,0,1,可预约,￥5.0,多云,15,14,3,0.0,100,30
2026-05-21 04:30:45,2026-05-21,2,乒乓球厅-4号,09:00-10:00,0,1,可预约,￥5.0,多云,15,12,4,0.0,100,29
2026-05-21 05:00:52,2026-05-21,2,乒乓球厅-4号,09:00-10:00,0,1,可预约,￥5.0,多云,15,12,4,0.0,100,29
2026-05-21 05:30:49,2026-05-21,2,乒乓球厅-4号,09:00-10:00,0,1,可预约,￥5.0,多云,15,13,3,0.0,100,28
2026-05-21 06:00:50,2026-05-21,2,乒乓球厅-4号,09:00-10:00,0,1,可预约,￥5.0,多云,15,13,4,0.0,99,28
2026-05-21 06:30:38,2026-05-21,2,乒乓球厅-4号,09:00-10:00,0,1,可预约,￥5.0,多云,15,13,3,0.0,97,28
2026-05-21 07:00:43,2026-05-21,2,乒乓球厅-4号,09:00-10:00,0,1,可预约,￥5.0,晴,15,11,5,0.0,93,28
2026-05-21 07:30:39,2026-05-21,2,乒乓球厅-4号,09:00-10:00,0,1,可预约,￥5.0,晴,17,13,4,0.0,89,29
2026-05-21 07:50:40,2026-05-21,2,乒乓球厅-4号,09:00-10:00,0,1,可预约,￥5.0,晴,17,13,4,0.0,88,29
2026-05-21 07:53:31,2026-05-21,2,乒乓球厅-4号,09:00-10:00,0,1,可预约,￥5.0,晴,17,12,5,0.0,86,29
2026-05-21 07:56:31,2026-05-21,2,乒乓球厅-4号,09:00-10:00,0,1,可预约,￥5.0,晴,17,12,5,0.0,86,29
2026-05-21 07:59:26,2026-05-21,2,乒乓球厅-4号,09:00-10:00,0,1,可预约,￥5.0,晴,17,12,5,0.0,86,29
2026-05-21 00:30:49,2026-05-21,2,乒乓球厅-4号,10:00-11:00,1,1,已售/已满,教学时间,多云,15,13,3,0.0,100,26
2026-05-21 01:00:55,2026-05-21,2,乒乓球厅-4号,10:00-11:00,1,1,已售/已满,教学时间,多云,15,12,4,0.0,100,26
2026-05-21 01:30:47,2026-05-21,2,乒乓球厅-4号,10:00-11:00,1,1,已售/已满,教学时间,多云,15,13,4,0.0,100,28
2026-05-21 02:00:53,2026-05-21,2,乒乓球厅-4号,10:00-11:00,1,1,已售/已满,教学时间,多云,15,12,4,0.0,100,28
2026-05-21 02:30:49,2026-05-21,2,乒乓球厅-4号,10:00-11:00,1,1,已售/已满,教学时间,多云,15,14,3,0.0,100,29
2026-05-21 03:00:55,2026-05-21,2,乒乓球厅-4号,10:00-11:00,1,1,已售/已满,教学时间,多云,15,12,4,0.0,100,29
2026-05-21 03:30:49,2026-05-21,2,乒乓球厅-4号,10:00-11:00,1,1,已售/已满,教学时间,多云,15,14,3,0.0,100,30
2026-05-21 04:30:45,2026-05-21,2,乒乓球厅-4号,10:00-11:00,1,1,已售/已满,教学时间,多云,15,12,4,0.0,100,29
2026-05-21 05:00:52,2026-05-21,2,乒乓球厅-4号,10:00-11:00,1,1,已售/已满,教学时间,多云,15,12,4,0.0,100,29
2026-05-21 05:30:49,2026-05-21,2,乒乓球厅-4号,10:00-11:00,1,1,已售/已满,教学时间,多云,15,13,3,0.0,100,28
2026-05-21 06:00:50,2026-05-21,2,乒乓球厅-4号,10:00-11:00,1,1,已售/已满,教学时间,多云,15,13,4,0.0,99,28
2026-05-21 06:30:38,2026-05-21,2,乒乓球厅-4号,10:00-11:00,1,1,已售/已满,教学时间,多云,15,13,3,0.0,97,28
2026-05-21 07:00:43,2026-05-21,2,乒乓球厅-4号,10:00-11:00,1,1,已售/已满,教学时间,晴,15,11,5,0.0,93,28
2026-05-21 07:30:39,2026-05-21,2,乒乓球厅-4号,10:00-11:00,1,1,已售/已满,教学时间,晴,17,13,4,0.0,89,29
2026-05-21 07:50:40,2026-05-21,2,乒乓球厅-4号,10:00-11:00,1,1,已售/已满,教学时间,晴,17,13,4,0.0,88,29
2026-05-21 07:53:31,2026-05-21,2,乒乓球厅-4号,10:00-11:00,1,1,已售/已满,教学时间,晴,17,12,5,0.0,86,29
2026-05-21 07:56:31,2026-05-21,2,乒乓球厅-4号,10:00-11:00,1,1,已售/已满,教学时间,晴,17,12,5,0.0,86,29
2026-05-21 07:59:26,2026-05-21,2,乒乓球厅-4号,10:00-11:00,1,1,已售/已满,教学时间,晴,17,12,5,0.0,86,29
2026-05-21 00:30:49,2026-05-21,2,乒乓球厅-4号,11:00-12:00,1,1,已售/已满,教学时间,多云,15,13,3,0.0,100,26
2026-05-21 01:00:55,2026-05-21,2,乒乓球厅-4号,11:00-12:00,1,1,已售/已满,教学时间,多云,15,12,4,0.0,100,26
2026-05-21 01:30:47,2026-05-21,2,乒乓球厅-4号,11:00-12:00,1,1,已售/已满,教学时间,多云,15,13,4,0.0,100,28
2026-05-21 02:00:53,2026-05-21,2,乒乓球厅-4号,11:00-12:00,1,1,已售/已满,教学时间,多云,15,12,4,0.0,100,28
2026-05-21 02:30:49,2026-05-21,2,乒乓球厅-4号,11:00-12:00,1,1,已售/已满,教学时间,多云,15,14,3,0.0,100,29
2026-05-21 03:00:55,2026-05-21,2,乒乓球厅-4号,11:00-12:00,1,1,已售/已满,教学时间,多云,15,12,4,0.0,100,29
2026-05-21 03:30:49,2026-05-21,2,乒乓球厅-4号,11:00-12:00,1,1,已售/已满,教学时间,多云,15,14,3,0.0,100,30
2026-05-21 04:30:45,2026-05-21,2,乒乓球厅-4号,11:00-12:00,1,1,已售/已满,教学时间,多云,15,12,4,0.0,100,29
2026-05-21 05:00:52,2026-05-21,2,乒乓球厅-4号,11:00-12:00,1,1,已售/已满,教学时间,多云,15,12,4,0.0,100,29
2026-05-21 05:30:49,2026-05-21,2,乒乓球厅-4号,11:00-12:00,1,1,已售/已满,教学时间,多云,15,13,3,0.0,100,28
2026-05-21 06:00:50,2026-05-21,2,乒乓球厅-4号,11:00-12:00,1,1,已售/已满,教学时间,多云,15,13,4,0.0,99,28
2026-05-21 06:30:38,2026-05-21,2,乒乓球厅-4号,11:00-12:00,1,1,已售/已满,教学时间,多云,15,13,3,0.0,97,28
2026-05-21 07:00:43,2026-05-21,2,乒乓球厅-4号,11:00-12:00,1,1,已售/已满,教学时间,晴,15,11,5,0.0,93,28
2026-05-21 07:30:39,2026-05-21,2,乒乓球厅-4号,11:00-12:00,1,1,已售/已满,教学时间,晴,17,13,4,0.0,89,29
2026-05-21 07:50:40,2026-05-21,2,乒乓球厅-4号,11:00-12:00,1,1,已售/已满,教学时间,晴,17,13,4,0.0,88,29
2026-05-21 07:53:31,2026-05-21,2,乒乓球厅-4号,11:00-12:00,1,1,已售/已满,教学时间,晴,17,12,5,0.0,86,29
2026-05-21 07:56:31,2026-05-21,2,乒乓球厅-4号,11:00-12:00,1,1,已售/已满,教学时间,晴,17,12,5,0.0,86,29
2026-05-21 07:59:26,2026-05-21,2,乒乓球厅-4号,11:00-12:00,1,1,已售/已满,教学时间,晴,17,12,5,0.0,86,29
2026-05-21 00:30:49,2026-05-21,2,乒乓球厅-4号,12:00-12:55,0,1,可预约,￥0.0,多云,15,13,3,0.0,100,26
2026-05-21 01:00:55,2026-05-21,2,乒乓球厅-4号,12:00-12:55,0,1,可预约,￥0.0,多云,15,12,4,0.0,100,26
2026-05-21 01:30:47,2026-05-21,2,乒乓球厅-4号,12:00-12:55,0,1,可预约,￥0.0,多云,15,13,4,0.0,100,28
2026-05-21 02:00:53,2026-05-21,2,乒乓球厅-4号,12:00-12:55,0,1,可预约,￥0.0,多云,15,12,4,0.0,100,28
2026-05-21 02:30:49,2026-05-21,2,乒乓球厅-4号,12:00-12:55,0,1,可预约,￥0.0,多云,15,14,3,0.0,100,29
2026-05-21 03:00:55,2026-05-21,2,乒乓球厅-4号,12:00-12:55,0,1,可预约,￥0.0,多云,15,12,4,0.0,100,29
2026-05-21 03:30:49,2026-05-21,2,乒乓球厅-4号,12:00-12:55,0,1,可预约,￥0.0,多云,15,14,3,0.0,100,30
2026-05-21 04:30:45,2026-05-21,2,乒乓球厅-4号,12:00-12:55,0,1,可预约,￥0.0,多云,15,12,4,0.0,100,29
2026-05-21 05:00:52,2026-05-21,2,乒乓球厅-4号,12:00-12:55,0,1,可预约,￥0.0,多云,15,12,4,0.0,100,29
2026-05-21 05:30:49,2026-05-21,2,乒乓球厅-4号,12:00-12:55,0,1,可预约,￥0.0,多云,15,13,3,0.0,100,28
2026-05-21 06:00:50,2026-05-21,2,乒乓球厅-4号,12:00-12:55,0,1,可预约,￥0.0,多云,15,13,4,0.0,99,28
2026-05-21 06:30:38,2026-05-21,2,乒乓球厅-4号,12:00-12:55,0,1,可预约,￥0.0,多云,15,13,3,0.0,97,28
2026-05-21 07:00:43,2026-05-21,2,乒乓球厅-4号,12:00-12:55,0,1,可预约,￥0.0,晴,15,11,5,0.0,93,28
2026-05-21 07:30:39,2026-05-21,2,乒乓球厅-4号,12:00-12:55,0,1,可预约,￥0.0,晴,17,13,4,0.0,89,29
2026-05-21 07:50:40,2026-05-21,2,乒乓球厅-4号,12:00-12:55,0,1,可预约,￥0.0,晴,17,13,4,0.0,88,29
2026-05-21 07:53:31,2026-05-21,2,乒乓球厅-4号,12:00-12:55,0,1,可预约,￥0.0,晴,17,12,5,0.0,86,29
2026-05-21 07:56:31,2026-05-21,2,乒乓球厅-4号,12:00-12:55,0,1,可预约,￥0.0,晴,17,12,5,0.0,86,29
2026-05-21 07:59:26,2026-05-21,2,乒乓球厅-4号,12:00-12:55,0,1,可预约,￥0.0,晴,17,12,5,0.0,86,29
2026-05-21 00:30:49,2026-05-21,2,乒乓球厅-4号,12:55-13:50,0,1,可预约,￥0.0,多云,15,13,3,0.0,100,26
2026-05-21 01:00:55,2026-05-21,2,乒乓球厅-4号,12:55-13:50,0,1,可预约,￥0.0,多云,15,12,4,0.0,100,26
2026-05-21 01:30:47,2026-05-21,2,乒乓球厅-4号,12:55-13:50,0,1,可预约,￥0.0,多云,15,13,4,0.0,100,28
2026-05-21 02:00:53,2026-05-21,2,乒乓球厅-4号,12:55-13:50,0,1,可预约,￥0.0,多云,15,12,4,0.0,100,28
2026-05-21 02:30:49,2026-05-21,2,乒乓球厅-4号,12:55-13:50,0,1,可预约,￥0.0,多云,15,14,3,0.0,100,29
2026-05-21 03:00:55,2026-05-21,2,乒乓球厅-4号,12:55-13:50,0,1,可预约,￥0.0,多云,15,12,4,0.0,100,29
2026-05-21 03:30:49,2026-05-21,2,乒乓球厅-4号,12:55-13:50,0,1,可预约,￥0.0,多云,15,14,3,0.0,100,30
2026-05-21 04:30:45,2026-05-21,2,乒乓球厅-4号,12:55-13:50,0,1,可预约,￥0.0,多云,15,12,4,0.0,100,29
2026-05-21 05:00:52,2026-05-21,2,乒乓球厅-4号,12:55-13:50,0,1,可预约,￥0.0,多云,15,12,4,0.0,100,29
2026-05-21 05:30:49,2026-05-21,2,乒乓球厅-4号,12:55-13:50,0,1,可预约,￥0.0,多云,15,13,3,0.0,100,28
2026-05-21 06:00:50,2026-05-21,2,乒乓球厅-4号,12:55-13:50,0,1,可预约,￥0.0,多云,15,13,4,0.0,99,28
2026-05-21 06:30:38,2026-05-21,2,乒乓球厅-4号,12:55-13:50,0,1,可预约,￥0.0,多云,15,13,3,0.0,97,28
2026-05-21 07:00:43,2026-05-21,2,乒乓球厅-4号,12:55-13:50,0,1,可预约,￥0.0,晴,15,11,5,0.0,93,28
2026-05-21 07:30:39,2026-05-21,2,乒乓球厅-4号,12:55-13:50,0,1,可预约,￥0.0,晴,17,13,4,0.0,89,29
2026-05-21 07:50:40,2026-05-21,2,乒乓球厅-4号,12:55-13:50,0,1,可预约,￥0.0,晴,17,13,4,0.0,88,29
2026-05-21 07:53:31,2026-05-21,2,乒乓球厅-4号,12:55-13:50,0,1,可预约,￥0.0,晴,17,12,5,0.0,86,29
2026-05-21 07:56:31,2026-05-21,2,乒乓球厅-4号,12:55-13:50,0,1,可预约,￥0.0,晴,17,12,5,0.0,86,29
2026-05-21 07:59:26,2026-05-21,2,乒乓球厅-4号,12:55-13:50,0,1,可预约,￥0.0,晴,17,12,5,0.0,86,29
2026-05-21 00:30:49,2026-05-21,2,乒乓球厅-4号,14:00-15:00,0,1,可预约,￥5.0,多云,15,13,3,0.0,100,26
2026-05-21 01:00:55,2026-05-21,2,乒乓球厅-4号,14:00-15:00,0,1,可预约,￥5.0,多云,15,12,4,0.0,100,26
2026-05-21 01:30:47,2026-05-21,2,乒乓球厅-4号,14:00-15:00,0,1,可预约,￥5.0,多云,15,13,4,0.0,100,28
2026-05-21 02:00:53,2026-05-21,2,乒乓球厅-4号,14:00-15:00,0,1,可预约,￥5.0,多云,15,12,4,0.0,100,28
2026-05-21 02:30:49,2026-05-21,2,乒乓球厅-4号,14:00-15:00,0,1,可预约,￥5.0,多云,15,14,3,0.0,100,29
2026-05-21 03:00:55,2026-05-21,2,乒乓球厅-4号,14:00-15:00,0,1,可预约,￥5.0,多云,15,12,4,0.0,100,29
2026-05-21 03:30:49,2026-05-21,2,乒乓球厅-4号,14:00-15:00,0,1,可预约,￥5.0,多云,15,14,3,0.0,100,30
2026-05-21 04:30:45,2026-05-21,2,乒乓球厅-4号,14:00-15:00,0,1,可预约,￥5.0,多云,15,12,4,0.0,100,29
2026-05-21 05:00:52,2026-05-21,2,乒乓球厅-4号,14:00-15:00,0,1,可预约,￥5.0,多云,15,12,4,0.0,100,29
2026-05-21 05:30:49,2026-05-21,2,乒乓球厅-4号,14:00-15:00,0,1,可预约,￥5.0,多云,15,13,3,0.0,100,28
2026-05-21 06:00:50,2026-05-21,2,乒乓球厅-4号,14:00-15:00,0,1,可预约,￥5.0,多云,15,13,4,0.0,99,28
2026-05-21 06:30:38,2026-05-21,2,乒乓球厅-4号,14:00-15:00,0,1,可预约,￥5.0,多云,15,13,3,0.0,97,28
2026-05-21 07:00:43,2026-05-21,2,乒乓球厅-4号,14:00-15:00,0,1,可预约,￥5.0,晴,15,11,5,0.0,93,28
2026-05-21 07:30:39,2026-05-21,2,乒乓球厅-4号,14:00-15:00,0,1,可预约,￥5.0,晴,17,13,4,0.0,89,29
2026-05-21 07:50:40,2026-05-21,2,乒乓球厅-4号,14:00-15:00,0,1,可预约,￥5.0,晴,17,13,4,0.0,88,29
2026-05-21 07:53:31,2026-05-21,2,乒乓球厅-4号,14:00-15:00,0,1,可预约,￥5.0,晴,17,12,5,0.0,86,29
2026-05-21 07:56:31,2026-05-21,2,乒乓球厅-4号,14:00-15:00,0,1,可预约,￥5.0,晴,17,12,5,0.0,86,29
2026-05-21 07:59:26,2026-05-21,2,乒乓球厅-4号,14:00-15:00,0,1,可预约,￥5.0,晴,17,12,5,0.0,86,29
2026-05-21 00:30:49,2026-05-21,2,乒乓球厅-4号,15:00-16:00,0,1,可预约,￥5.0,多云,15,13,3,0.0,100,26
2026-05-21 01:00:55,2026-05-21,2,乒乓球厅-4号,15:00-16:00,0,1,可预约,￥5.0,多云,15,12,4,0.0,100,26
2026-05-21 01:30:47,2026-05-21,2,乒乓球厅-4号,15:00-16:00,0,1,可预约,￥5.0,多云,15,13,4,0.0,100,28
2026-05-21 02:00:53,2026-05-21,2,乒乓球厅-4号,15:00-16:00,0,1,可预约,￥5.0,多云,15,12,4,0.0,100,28
2026-05-21 02:30:49,2026-05-21,2,乒乓球厅-4号,15:00-16:00,0,1,可预约,￥5.0,多云,15,14,3,0.0,100,29
2026-05-21 03:00:55,2026-05-21,2,乒乓球厅-4号,15:00-16:00,0,1,可预约,￥5.0,多云,15,12,4,0.0,100,29
2026-05-21 03:30:49,2026-05-21,2,乒乓球厅-4号,15:00-16:00,0,1,可预约,￥5.0,多云,15,14,3,0.0,100,30
2026-05-21 04:30:45,2026-05-21,2,乒乓球厅-4号,15:00-16:00,0,1,可预约,￥5.0,多云,15,12,4,0.0,100,29
2026-05-21 05:00:52,2026-05-21,2,乒乓球厅-4号,15:00-16:00,0,1,可预约,￥5.0,多云,15,12,4,0.0,100,29
2026-05-21 05:30:49,2026-05-21,2,乒乓球厅-4号,15:00-16:00,0,1,可预约,￥5.0,多云,15,13,3,0.0,100,28
2026-05-21 06:00:50,2026-05-21,2,乒乓球厅-4号,15:00-16:00,0,1,可预约,￥5.0,多云,15,13,4,0.0,99,28
2026-05-21 06:30:38,2026-05-21,2,乒乓球厅-4号,15:00-16:00,0,1,可预约,￥5.0,多云,15,13,3,0.0,97,28
2026-05-21 07:00:43,2026-05-21,2,乒乓球厅-4号,15:00-16:00,0,1,可预约,￥5.0,晴,15,11,5,0.0,93,28
2026-05-21 07:30:39,2026-05-21,2,乒乓球厅-4号,15:00-16:00,0,1,可预约,￥5.0,晴,17,13,4,0.0,89,29
2026-05-21 07:50:40,2026-05-21,2,乒乓球厅-4号,15:00-16:00,0,1,可预约,￥5.0,晴,17,13,4,0.0,88,29
2026-05-21 07:53:31,2026-05-21,2,乒乓球厅-4号,15:00-16:00,0,1,可预约,￥5.0,晴,17,12,5,0.0,86,29
2026-05-21 07:56:31,2026-05-21,2,乒乓球厅-4号,15:00-16:00,0,1,可预约,￥5.0,晴,17,12,5,0.0,86,29
2026-05-21 07:59:26,2026-05-21,2,乒乓球厅-4号,15:00-16:00,0,1,可预约,￥5.0,晴,17,12,5,0.0,86,29
2026-05-21 00:30:49,2026-05-21,2,乒乓球厅-4号,16:00-17:00,0,1,可预约,￥5.0,多云,15,13,3,0.0,100,26
2026-05-21 01:00:55,2026-05-21,2,乒乓球厅-4号,16:00-17:00,0,1,可预约,￥5.0,多云,15,12,4,0.0,100,26
2026-05-21 01:30:47,2026-05-21,2,乒乓球厅-4号,16:00-17:00,0,1,可预约,￥5.0,多云,15,13,4,0.0,100,28
2026-05-21 02:00:53,2026-05-21,2,乒乓球厅-4号,16:00-17:00,0,1,可预约,￥5.0,多云,15,12,4,0.0,100,28
2026-05-21 02:30:49,2026-05-21,2,乒乓球厅-4号,16:00-17:00,0,1,可预约,￥5.0,多云,15,14,3,0.0,100,29
2026-05-21 03:00:55,2026-05-21,2,乒乓球厅-4号,16:00-17:00,0,1,可预约,￥5.0,多云,15,12,4,0.0,100,29
2026-05-21 03:30:49,2026-05-21,2,乒乓球厅-4号,16:00-17:00,0,1,可预约,￥5.0,多云,15,14,3,0.0,100,30
2026-05-21 04:30:45,2026-05-21,2,乒乓球厅-4号,16:00-17:00,0,1,可预约,￥5.0,多云,15,12,4,0.0,100,29
2026-05-21 05:00:52,2026-05-21,2,乒乓球厅-4号,16:00-17:00,0,1,可预约,￥5.0,多云,15,12,4,0.0,100,29
2026-05-21 05:30:49,2026-05-21,2,乒乓球厅-4号,16:00-17:00,0,1,可预约,￥5.0,多云,15,13,3,0.0,100,28
2026-05-21 06:00:50,2026-05-21,2,乒乓球厅-4号,16:00-17:00,0,1,可预约,￥5.0,多云,15,13,4,0.0,99,28
2026-05-21 06:30:38,2026-05-21,2,乒乓球厅-4号,16:00-17:00,0,1,可预约,￥5.0,多云,15,13,3,0.0,97,28
2026-05-21 07:00:43,2026-05-21,2,乒乓球厅-4号,16:00-17:00,0,1,可预约,￥5.0,晴,15,11,5,0.0,93,28
2026-05-21 07:30:39,2026-05-21,2,乒乓球厅-4号,16:00-17:00,0,1,可预约,￥5.0,晴,17,13,4,0.0,89,29
2026-05-21 07:50:40,2026-05-21,2,乒乓球厅-4号,16:00-17:00,0,1,可预约,￥5.0,晴,17,13,4,0.0,88,29
2026-05-21 07:53:31,2026-05-21,2,乒乓球厅-4号,16:00-17:00,0,1,可预约,￥5.0,晴,17,12,5,0.0,86,29
2026-05-21 07:56:31,2026-05-21,2,乒乓球厅-4号,16:00-17:00,0,1,可预约,￥5.0,晴,17,12,5,0.0,86,29
2026-05-21 07:59:26,2026-05-21,2,乒乓球厅-4号,16:00-17:00,0,1,可预约,￥5.0,晴,17,12,5,0.0,86,29
2026-05-21 00:30:49,2026-05-21,2,乒乓球厅-4号,17:00-18:00,0,1,可预约,￥5.0,多云,15,13,3,0.0,100,26
2026-05-21 01:00:55,2026-05-21,2,乒乓球厅-4号,17:00-18:00,0,1,可预约,￥5.0,多云,15,12,4,0.0,100,26
2026-05-21 01:30:47,2026-05-21,2,乒乓球厅-4号,17:00-18:00,0,1,可预约,￥5.0,多云,15,13,4,0.0,100,28
2026-05-21 02:00:53,2026-05-21,2,乒乓球厅-4号,17:00-18:00,0,1,可预约,￥5.0,多云,15,12,4,0.0,100,28
2026-05-21 02:30:49,2026-05-21,2,乒乓球厅-4号,17:00-18:00,0,1,可预约,￥5.0,多云,15,14,3,0.0,100,29
2026-05-21 03:00:55,2026-05-21,2,乒乓球厅-4号,17:00-18:00,0,1,可预约,￥5.0,多云,15,12,4,0.0,100,29
2026-05-21 03:30:49,2026-05-21,2,乒乓球厅-4号,17:00-18:00,0,1,可预约,￥5.0,多云,15,14,3,0.0,100,30
2026-05-21 04:30:45,2026-05-21,2,乒乓球厅-4号,17:00-18:00,0,1,可预约,￥5.0,多云,15,12,4,0.0,100,29
2026-05-21 05:00:52,2026-05-21,2,乒乓球厅-4号,17:00-18:00,0,1,可预约,￥5.0,多云,15,12,4,0.0,100,29
2026-05-21 05:30:49,2026-05-21,2,乒乓球厅-4号,17:00-18:00,0,1,可预约,￥5.0,多云,15,13,3,0.0,100,28
2026-05-21 06:00:50,2026-05-21,2,乒乓球厅-4号,17:00-18:00,0,1,可预约,￥5.0,多云,15,13,4,0.0,99,28
2026-05-21 06:30:38,2026-05-21,2,乒乓球厅-4号,17:00-18:00,0,1,可预约,￥5.0,多云,15,13,3,0.0,97,28
2026-05-21 07:00:43,2026-05-21,2,乒乓球厅-4号,17:00-18:00,0,1,可预约,￥5.0,晴,15,11,5,0.0,93,28
2026-05-21 07:30:39,2026-05-21,2,乒乓球厅-4号,17:00-18:00,0,1,可预约,￥5.0,晴,17,13,4,0.0,89,29
2026-05-21 07:50:40,2026-05-21,2,乒乓球厅-4号,17:00-18:00,0,1,可预约,￥5.0,晴,17,13,4,0.0,88,29
2026-05-21 07:53:31,2026-05-21,2,乒乓球厅-4号,17:00-18:00,0,1,可预约,￥5.0,晴,17,12,5,0.0,86,29
2026-05-21 07:56:31,2026-05-21,2,乒乓球厅-4号,17:00-18:00,0,1,可预约,￥5.0,晴,17,12,5,0.0,86,29
2026-05-21 07:59:26,2026-05-21,2,乒乓球厅-4号,17:00-18:00,0,1,可预约,￥5.0,晴,17,12,5,0.0,86,29
2026-05-21 00:30:49,2026-05-21,2,乒乓球厅-4号,18:30-19:30,0,1,可预约,￥5.0,多云,15,13,3,0.0,100,26
2026-05-21 01:00:55,2026-05-21,2,乒乓球厅-4号,18:30-19:30,0,1,可预约,￥5.0,多云,15,12,4,0.0,100,26
2026-05-21 01:30:47,2026-05-21,2,乒乓球厅-4号,18:30-19:30,0,1,可预约,￥5.0,多云,15,13,4,0.0,100,28
2026-05-21 02:00:53,2026-05-21,2,乒乓球厅-4号,18:30-19:30,0,1,可预约,￥5.0,多云,15,12,4,0.0,100,28
2026-05-21 02:30:49,2026-05-21,2,乒乓球厅-4号,18:30-19:30,0,1,可预约,￥5.0,多云,15,14,3,0.0,100,29
2026-05-21 03:00:55,2026-05-21,2,乒乓球厅-4号,18:30-19:30,0,1,可预约,￥5.0,多云,15,12,4,0.0,100,29
2026-05-21 03:30:49,2026-05-21,2,乒乓球厅-4号,18:30-19:30,0,1,可预约,￥5.0,多云,15,14,3,0.0,100,30
2026-05-21 04:30:45,2026-05-21,2,乒乓球厅-4号,18:30-19:30,0,1,可预约,￥5.0,多云,15,12,4,0.0,100,29
2026-05-21 05:00:52,2026-05-21,2,乒乓球厅-4号,18:30-19:30,0,1,可预约,￥5.0,多云,15,12,4,0.0,100,29
2026-05-21 05:30:49,2026-05-21,2,乒乓球厅-4号,18:30-19:30,0,1,可预约,￥5.0,多云,15,13,3,0.0,100,28
2026-05-21 06:00:50,2026-05-21,2,乒乓球厅-4号,18:30-19:30,0,1,可预约,￥5.0,多云,15,13,4,0.0,99,28
2026-05-21 06:30:38,2026-05-21,2,乒乓球厅-4号,18:30-19:30,0,1,可预约,￥5.0,多云,15,13,3,0.0,97,28
2026-05-21 07:00:43,2026-05-21,2,乒乓球厅-4号,18:30-19:30,0,1,可预约,￥5.0,晴,15,11,5,0.0,93,28
2026-05-21 07:30:39,2026-05-21,2,乒乓球厅-4号,18:30-19:30,0,1,可预约,￥5.0,晴,17,13,4,0.0,89,29
2026-05-21 07:50:40,2026-05-21,2,乒乓球厅-4号,18:30-19:30,0,1,可预约,￥5.0,晴,17,13,4,0.0,88,29
2026-05-21 07:53:31,2026-05-21,2,乒乓球厅-4号,18:30-19:30,0,1,可预约,￥5.0,晴,17,12,5,0.0,86,29
2026-05-21 07:56:31,2026-05-21,2,乒乓球厅-4号,18:30-19:30,0,1,可预约,￥5.0,晴,17,12,5,0.0,86,29
2026-05-21 07:59:26,2026-05-21,2,乒乓球厅-4号,18:30-19:30,0,1,可预约,￥5.0,晴,17,12,5,0.0,86,29
2026-05-21 00:30:49,2026-05-21,2,乒乓球厅-4号,19:30-20:30,0,1,可预约,￥5.0,多云,15,13,3,0.0,100,26
2026-05-21 01:00:55,2026-05-21,2,乒乓球厅-4号,19:30-20:30,0,1,可预约,￥5.0,多云,15,12,4,0.0,100,26
2026-05-21 01:30:47,2026-05-21,2,乒乓球厅-4号,19:30-20:30,0,1,可预约,￥5.0,多云,15,13,4,0.0,100,28
2026-05-21 02:00:53,2026-05-21,2,乒乓球厅-4号,19:30-20:30,0,1,可预约,￥5.0,多云,15,12,4,0.0,100,28
2026-05-21 02:30:49,2026-05-21,2,乒乓球厅-4号,19:30-20:30,0,1,可预约,￥5.0,多云,15,14,3,0.0,100,29
2026-05-21 03:00:55,2026-05-21,2,乒乓球厅-4号,19:30-20:30,0,1,可预约,￥5.0,多云,15,12,4,0.0,100,29
2026-05-21 03:30:49,2026-05-21,2,乒乓球厅-4号,19:30-20:30,0,1,可预约,￥5.0,多云,15,14,3,0.0,100,30
2026-05-21 04:30:45,2026-05-21,2,乒乓球厅-4号,19:30-20:30,0,1,可预约,￥5.0,多云,15,12,4,0.0,100,29
2026-05-21 05:00:52,2026-05-21,2,乒乓球厅-4号,19:30-20:30,0,1,可预约,￥5.0,多云,15,12,4,0.0,100,29
2026-05-21 05:30:49,2026-05-21,2,乒乓球厅-4号,19:30-20:30,0,1,可预约,￥5.0,多云,15,13,3,0.0,100,28
2026-05-21 06:00:50,2026-05-21,2,乒乓球厅-4号,19:30-20:30,0,1,可预约,￥5.0,多云,15,13,4,0.0,99,28
2026-05-21 06:30:38,2026-05-21,2,乒乓球厅-4号,19:30-20:30,0,1,可预约,￥5.0,多云,15,13,3,0.0,97,28
2026-05-21 07:00:43,2026-05-21,2,乒乓球厅-4号,19:30-20:30,0,1,可预约,￥5.0,晴,15,11,5,0.0,93,28
2026-05-21 07:30:39,2026-05-21,2,乒乓球厅-4号,19:30-20:30,0,1,可预约,￥5.0,晴,17,13,4,0.0,89,29
2026-05-21 07:50:40,2026-05-21,2,乒乓球厅-4号,19:30-20:30,0,1,可预约,￥5.0,晴,17,13,4,0.0,88,29
2026-05-21 07:53:31,2026-05-21,2,乒乓球厅-4号,19:30-20:30,0,1,可预约,￥5.0,晴,17,12,5,0.0,86,29
2026-05-21 07:56:31,2026-05-21,2,乒乓球厅-4号,19:30-20:30,0,1,可预约,￥5.0,晴,17,12,5,0.0,86,29
2026-05-21 07:59:26,2026-05-21,2,乒乓球厅-4号,19:30-20:30,0,1,可预约,￥5.0,晴,17,12,5,0.0,86,29
2026-05-21 00:30:49,2026-05-21,2,乒乓球厅-4号,20:30-21:30,0,1,可预约,￥5.0,多云,15,13,3,0.0,100,26
2026-05-21 01:00:55,2026-05-21,2,乒乓球厅-4号,20:30-21:30,0,1,可预约,￥5.0,多云,15,12,4,0.0,100,26
2026-05-21 01:30:47,2026-05-21,2,乒乓球厅-4号,20:30-21:30,0,1,可预约,￥5.0,多云,15,13,4,0.0,100,28
2026-05-21 02:00:53,2026-05-21,2,乒乓球厅-4号,20:30-21:30,0,1,可预约,￥5.0,多云,15,12,4,0.0,100,28
2026-05-21 02:30:49,2026-05-21,2,乒乓球厅-4号,20:30-21:30,0,1,可预约,￥5.0,多云,15,14,3,0.0,100,29
2026-05-21 03:00:55,2026-05-21,2,乒乓球厅-4号,20:30-21:30,0,1,可预约,￥5.0,多云,15,12,4,0.0,100,29
2026-05-21 03:30:49,2026-05-21,2,乒乓球厅-4号,20:30-21:30,0,1,可预约,￥5.0,多云,15,14,3,0.0,100,30
2026-05-21 04:30:45,2026-05-21,2,乒乓球厅-4号,20:30-21:30,0,1,可预约,￥5.0,多云,15,12,4,0.0,100,29
2026-05-21 05:00:52,2026-05-21,2,乒乓球厅-4号,20:30-21:30,0,1,可预约,￥5.0,多云,15,12,4,0.0,100,29
2026-05-21 05:30:49,2026-05-21,2,乒乓球厅-4号,20:30-21:30,0,1,可预约,￥5.0,多云,15,13,3,0.0,100,28
2026-05-21 06:00:50,2026-05-21,2,乒乓球厅-4号,20:30-21:30,0,1,可预约,￥5.0,多云,15,13,4,0.0,99,28
2026-05-21 06:30:38,2026-05-21,2,乒乓球厅-4号,20:30-21:30,0,1,可预约,￥5.0,多云,15,13,3,0.0,97,28
2026-05-21 07:00:43,2026-05-21,2,乒乓球厅-4号,20:30-21:30,0,1,可预约,￥5.0,晴,15,11,5,0.0,93,28
2026-05-21 07:30:39,2026-05-21,2,乒乓球厅-4号,20:30-21:30,0,1,可预约,￥5.0,晴,17,13,4,0.0,89,29
2026-05-21 07:50:40,2026-05-21,2,乒乓球厅-4号,20:30-21:30,0,1,可预约,￥5.0,晴,17,13,4,0.0,88,29
2026-05-21 07:53:31,2026-05-21,2,乒乓球厅-4号,20:30-21:30,0,1,可预约,￥5.0,晴,17,12,5,0.0,86,29
2026-05-21 07:56:31,2026-05-21,2,乒乓球厅-4号,20:30-21:30,0,1,可预约,￥5.0,晴,17,12,5,0.0,86,29
2026-05-21 07:59:26,2026-05-21,2,乒乓球厅-4号,20:30-21:30,0,1,可预约,￥5.0,晴,17,12,5,0.0,86,29
2026-05-21 00:30:49,2026-05-21,2,乒乓球厅-5号,07:00-08:00,0,1,可预约,￥0.0,多云,15,13,3,0.0,100,26
2026-05-21 01:00:55,2026-05-21,2,乒乓球厅-5号,07:00-08:00,0,1,可预约,￥0.0,多云,15,12,4,0.0,100,26
2026-05-21 01:30:47,2026-05-21,2,乒乓球厅-5号,07:00-08:00,0,1,可预约,￥0.0,多云,15,13,4,0.0,100,28
2026-05-21 02:00:53,2026-05-21,2,乒乓球厅-5号,07:00-08:00,0,1,可预约,￥0.0,多云,15,12,4,0.0,100,28
2026-05-21 02:30:49,2026-05-21,2,乒乓球厅-5号,07:00-08:00,0,1,可预约,￥0.0,多云,15,14,3,0.0,100,29
2026-05-21 03:00:55,2026-05-21,2,乒乓球厅-5号,07:00-08:00,0,1,可预约,￥0.0,多云,15,12,4,0.0,100,29
2026-05-21 03:30:49,2026-05-21,2,乒乓球厅-5号,07:00-08:00,0,1,可预约,￥0.0,多云,15,14,3,0.0,100,30
2026-05-21 04:30:45,2026-05-21,2,乒乓球厅-5号,07:00-08:00,0,1,可预约,￥0.0,多云,15,12,4,0.0,100,29
2026-05-21 05:00:52,2026-05-21,2,乒乓球厅-5号,07:00-08:00,0,1,可预约,￥0.0,多云,15,12,4,0.0,100,29
2026-05-21 05:30:49,2026-05-21,2,乒乓球厅-5号,07:00-08:00,0,1,可预约,￥0.0,多云,15,13,3,0.0,100,28
2026-05-21 06:00:50,2026-05-21,2,乒乓球厅-5号,07:00-08:00,0,1,可预约,￥0.0,多云,15,13,4,0.0,99,28
2026-05-21 06:30:38,2026-05-21,2,乒乓球厅-5号,07:00-08:00,0,1,可预约,￥0.0,多云,15,13,3,0.0,97,28
2026-05-21 07:00:43,2026-05-21,2,乒乓球厅-5号,07:00-08:00,0,1,可预约,￥0.0,晴,15,11,5,0.0,93,28
2026-05-21 07:30:39,2026-05-21,2,乒乓球厅-5号,07:00-08:00,0,1,可预约,￥0.0,晴,17,13,4,0.0,89,29
2026-05-21 07:50:40,2026-05-21,2,乒乓球厅-5号,07:00-08:00,0,1,可预约,￥0.0,晴,17,13,4,0.0,88,29
2026-05-21 07:53:31,2026-05-21,2,乒乓球厅-5号,07:00-08:00,0,1,可预约,￥0.0,晴,17,12,5,0.0,86,29
2026-05-21 07:56:31,2026-05-21,2,乒乓球厅-5号,07:00-08:00,0,1,可预约,￥0.0,晴,17,12,5,0.0,86,29
2026-05-21 07:59:26,2026-05-21,2,乒乓球厅-5号,07:00-08:00,0,1,可预约,￥0.0,晴,17,12,5,0.0,86,29
2026-05-21 00:30:49,2026-05-21,2,乒乓球厅-5号,08:00-09:00,0,1,可预约,￥0.0,多云,15,13,3,0.0,100,26
2026-05-21 01:00:55,2026-05-21,2,乒乓球厅-5号,08:00-09:00,0,1,可预约,￥0.0,多云,15,12,4,0.0,100,26
2026-05-21 01:30:47,2026-05-21,2,乒乓球厅-5号,08:00-09:00,0,1,可预约,￥0.0,多云,15,13,4,0.0,100,28
2026-05-21 02:00:53,2026-05-21,2,乒乓球厅-5号,08:00-09:00,0,1,可预约,￥0.0,多云,15,12,4,0.0,100,28
2026-05-21 02:30:49,2026-05-21,2,乒乓球厅-5号,08:00-09:00,0,1,可预约,￥0.0,多云,15,14,3,0.0,100,29
2026-05-21 03:00:55,2026-05-21,2,乒乓球厅-5号,08:00-09:00,0,1,可预约,￥0.0,多云,15,12,4,0.0,100,29
2026-05-21 03:30:49,2026-05-21,2,乒乓球厅-5号,08:00-09:00,0,1,可预约,￥0.0,多云,15,14,3,0.0,100,30
2026-05-21 04:30:45,2026-05-21,2,乒乓球厅-5号,08:00-09:00,0,1,可预约,￥0.0,多云,15,12,4,0.0,100,29
2026-05-21 05:00:52,2026-05-21,2,乒乓球厅-5号,08:00-09:00,0,1,可预约,￥0.0,多云,15,12,4,0.0,100,29
2026-05-21 05:30:49,2026-05-21,2,乒乓球厅-5号,08:00-09:00,0,1,可预约,￥0.0,多云,15,13,3,0.0,100,28
2026-05-21 06:00:50,2026-05-21,2,乒乓球厅-5号,08:00-09:00,0,1,可预约,￥0.0,多云,15,13,4,0.0,99,28
2026-05-21 06:30:38,2026-05-21,2,乒乓球厅-5号,08:00-09:00,0,1,可预约,￥0.0,多云,15,13,3,0.0,97,28
2026-05-21 07:00:43,2026-05-21,2,乒乓球厅-5号,08:00-09:00,0,1,可预约,￥0.0,晴,15,11,5,0.0,93,28
2026-05-21 07:30:39,2026-05-21,2,乒乓球厅-5号,08:00-09:00,0,1,可预约,￥0.0,晴,17,13,4,0.0,89,29
2026-05-21 07:50:40,2026-05-21,2,乒乓球厅-5号,08:00-09:00,0,1,可预约,￥0.0,晴,17,13,4,0.0,88,29
2026-05-21 07:53:31,2026-05-21,2,乒乓球厅-5号,08:00-09:00,0,1,可预约,￥0.0,晴,17,12,5,0.0,86,29
2026-05-21 07:56:31,2026-05-21,2,乒乓球厅-5号,08:00-09:00,0,1,可预约,￥0.0,晴,17,12,5,0.0,86,29
2026-05-21 07:59:26,2026-05-21,2,乒乓球厅-5号,08:00-09:00,0,1,可预约,￥0.0,晴,17,12,5,0.0,86,29
2026-05-21 00:30:49,2026-05-21,2,乒乓球厅-5号,09:00-10:00,0,1,可预约,￥5.0,多云,15,13,3,0.0,100,26
2026-05-21 01:00:55,2026-05-21,2,乒乓球厅-5号,09:00-10:00,0,1,可预约,￥5.0,多云,15,12,4,0.0,100,26
2026-05-21 01:30:47,2026-05-21,2,乒乓球厅-5号,09:00-10:00,0,1,可预约,￥5.0,多云,15,13,4,0.0,100,28
2026-05-21 02:00:53,2026-05-21,2,乒乓球厅-5号,09:00-10:00,0,1,可预约,￥5.0,多云,15,12,4,0.0,100,28
2026-05-21 02:30:49,2026-05-21,2,乒乓球厅-5号,09:00-10:00,0,1,可预约,￥5.0,多云,15,14,3,0.0,100,29
2026-05-21 03:00:55,2026-05-21,2,乒乓球厅-5号,09:00-10:00,0,1,可预约,￥5.0,多云,15,12,4,0.0,100,29
2026-05-21 03:30:49,2026-05-21,2,乒乓球厅-5号,09:00-10:00,0,1,可预约,￥5.0,多云,15,14,3,0.0,100,30
2026-05-21 04:30:45,2026-05-21,2,乒乓球厅-5号,09:00-10:00,0,1,可预约,￥5.0,多云,15,12,4,0.0,100,29
2026-05-21 05:00:52,2026-05-21,2,乒乓球厅-5号,09:00-10:00,0,1,可预约,￥5.0,多云,15,12,4,0.0,100,29
2026-05-21 05:30:49,2026-05-21,2,乒乓球厅-5号,09:00-10:00,0,1,可预约,￥5.0,多云,15,13,3,0.0,100,28
2026-05-21 06:00:50,2026-05-21,2,乒乓球厅-5号,09:00-10:00,0,1,可预约,￥5.0,多云,15,13,4,0.0,99,28
2026-05-21 06:30:38,2026-05-21,2,乒乓球厅-5号,09:00-10:00,0,1,可预约,￥5.0,多云,15,13,3,0.0,97,28
2026-05-21 07:00:43,2026-05-21,2,乒乓球厅-5号,09:00-10:00,0,1,可预约,￥5.0,晴,15,11,5,0.0,93,28
2026-05-21 07:30:39,2026-05-21,2,乒乓球厅-5号,09:00-10:00,0,1,可预约,￥5.0,晴,17,13,4,0.0,89,29
2026-05-21 07:50:40,2026-05-21,2,乒乓球厅-5号,09:00-10:00,0,1,可预约,￥5.0,晴,17,13,4,0.0,88,29
2026-05-21 07:53:31,2026-05-21,2,乒乓球厅-5号,09:00-10:00,0,1,可预约,￥5.0,晴,17,12,5,0.0,86,29
2026-05-21 07:56:31,2026-05-21,2,乒乓球厅-5号,09:00-10:00,0,1,可预约,￥5.0,晴,17,12,5,0.0,86,29
2026-05-21 07:59:26,2026-05-21,2,乒乓球厅-5号,09:00-10:00,0,1,可预约,￥5.0,晴,17,12,5,0.0,86,29
2026-05-21 00:30:49,2026-05-21,2,乒乓球厅-5号,10:00-11:00,1,1,已售/已满,教学时间,多云,15,13,3,0.0,100,26
2026-05-21 01:00:55,2026-05-21,2,乒乓球厅-5号,10:00-11:00,1,1,已售/已满,教学时间,多云,15,12,4,0.0,100,26
2026-05-21 01:30:47,2026-05-21,2,乒乓球厅-5号,10:00-11:00,1,1,已售/已满,教学时间,多云,15,13,4,0.0,100,28
2026-05-21 02:00:53,2026-05-21,2,乒乓球厅-5号,10:00-11:00,1,1,已售/已满,教学时间,多云,15,12,4,0.0,100,28
2026-05-21 02:30:49,2026-05-21,2,乒乓球厅-5号,10:00-11:00,1,1,已售/已满,教学时间,多云,15,14,3,0.0,100,29
2026-05-21 03:00:55,2026-05-21,2,乒乓球厅-5号,10:00-11:00,1,1,已售/已满,教学时间,多云,15,12,4,0.0,100,29
2026-05-21 03:30:49,2026-05-21,2,乒乓球厅-5号,10:00-11:00,1,1,已售/已满,教学时间,多云,15,14,3,0.0,100,30
2026-05-21 04:30:45,2026-05-21,2,乒乓球厅-5号,10:00-11:00,1,1,已售/已满,教学时间,多云,15,12,4,0.0,100,29
2026-05-21 05:00:52,2026-05-21,2,乒乓球厅-5号,10:00-11:00,1,1,已售/已满,教学时间,多云,15,12,4,0.0,100,29
2026-05-21 05:30:49,2026-05-21,2,乒乓球厅-5号,10:00-11:00,1,1,已售/已满,教学时间,多云,15,13,3,0.0,100,28
2026-05-21 06:00:50,2026-05-21,2,乒乓球厅-5号,10:00-11:00,1,1,已售/已满,教学时间,多云,15,13,4,0.0,99,28
2026-05-21 06:30:38,2026-05-21,2,乒乓球厅-5号,10:00-11:00,1,1,已售/已满,教学时间,多云,15,13,3,0.0,97,28
2026-05-21 07:00:43,2026-05-21,2,乒乓球厅-5号,10:00-11:00,1,1,已售/已满,教学时间,晴,15,11,5,0.0,93,28
2026-05-21 07:30:39,2026-05-21,2,乒乓球厅-5号,10:00-11:00,1,1,已售/已满,教学时间,晴,17,13,4,0.0,89,29
2026-05-21 07:50:40,2026-05-21,2,乒乓球厅-5号,10:00-11:00,1,1,已售/已满,教学时间,晴,17,13,4,0.0,88,29
2026-05-21 07:53:31,2026-05-21,2,乒乓球厅-5号,10:00-11:00,1,1,已售/已满,教学时间,晴,17,12,5,0.0,86,29
2026-05-21 07:56:31,2026-05-21,2,乒乓球厅-5号,10:00-11:00,1,1,已售/已满,教学时间,晴,17,12,5,0.0,86,29
2026-05-21 07:59:26,2026-05-21,2,乒乓球厅-5号,10:00-11:00,1,1,已售/已满,教学时间,晴,17,12,5,0.0,86,29
2026-05-21 00:30:49,2026-05-21,2,乒乓球厅-5号,11:00-12:00,1,1,已售/已满,教学时间,多云,15,13,3,0.0,100,26
2026-05-21 01:00:55,2026-05-21,2,乒乓球厅-5号,11:00-12:00,1,1,已售/已满,教学时间,多云,15,12,4,0.0,100,26
2026-05-21 01:30:47,2026-05-21,2,乒乓球厅-5号,11:00-12:00,1,1,已售/已满,教学时间,多云,15,13,4,0.0,100,28
2026-05-21 02:00:53,2026-05-21,2,乒乓球厅-5号,11:00-12:00,1,1,已售/已满,教学时间,多云,15,12,4,0.0,100,28
2026-05-21 02:30:49,2026-05-21,2,乒乓球厅-5号,11:00-12:00,1,1,已售/已满,教学时间,多云,15,14,3,0.0,100,29
2026-05-21 03:00:55,2026-05-21,2,乒乓球厅-5号,11:00-12:00,1,1,已售/已满,教学时间,多云,15,12,4,0.0,100,29
2026-05-21 03:30:49,2026-05-21,2,乒乓球厅-5号,11:00-12:00,1,1,已售/已满,教学时间,多云,15,14,3,0.0,100,30
2026-05-21 04:30:45,2026-05-21,2,乒乓球厅-5号,11:00-12:00,1,1,已售/已满,教学时间,多云,15,12,4,0.0,100,29
2026-05-21 05:00:52,2026-05-21,2,乒乓球厅-5号,11:00-12:00,1,1,已售/已满,教学时间,多云,15,12,4,0.0,100,29
2026-05-21 05:30:49,2026-05-21,2,乒乓球厅-5号,11:00-12:00,1,1,已售/已满,教学时间,多云,15,13,3,0.0,100,28
2026-05-21 06:00:50,2026-05-21,2,乒乓球厅-5号,11:00-12:00,1,1,已售/已满,教学时间,多云,15,13,4,0.0,99,28
2026-05-21 06:30:38,2026-05-21,2,乒乓球厅-5号,11:00-12:00,1,1,已售/已满,教学时间,多云,15,13,3,0.0,97,28
2026-05-21 07:00:43,2026-05-21,2,乒乓球厅-5号,11:00-12:00,1,1,已售/已满,教学时间,晴,15,11,5,0.0,93,28
2026-05-21 07:30:39,2026-05-21,2,乒乓球厅-5号,11:00-12:00,1,1,已售/已满,教学时间,晴,17,13,4,0.0,89,29
2026-05-21 07:50:40,2026-05-21,2,乒乓球厅-5号,11:00-12:00,1,1,已售/已满,教学时间,晴,17,13,4,0.0,88,29
2026-05-21 07:53:31,2026-05-21,2,乒乓球厅-5号,11:00-12:00,1,1,已售/已满,教学时间,晴,17,12,5,0.0,86,29
2026-05-21 07:56:31,2026-05-21,2,乒乓球厅-5号,11:00-12:00,1,1,已售/已满,教学时间,晴,17,12,5,0.0,86,29
2026-05-21 07:59:26,2026-05-21,2,乒乓球厅-5号,11:00-12:00,1,1,已售/已满,教学时间,晴,17,12,5,0.0,86,29
2026-05-21 00:30:49,2026-05-21,2,乒乓球厅-5号,12:00-12:55,1,1,已售/已满,已售,多云,15,13,3,0.0,100,26
2026-05-21 01:00:55,2026-05-21,2,乒乓球厅-5号,12:00-12:55,1,1,已售/已满,已售,多云,15,12,4,0.0,100,26
2026-05-21 01:30:47,2026-05-21,2,乒乓球厅-5号,12:00-12:55,1,1,已售/已满,已售,多云,15,13,4,0.0,100,28
2026-05-21 02:00:53,2026-05-21,2,乒乓球厅-5号,12:00-12:55,1,1,已售/已满,已售,多云,15,12,4,0.0,100,28
2026-05-21 02:30:49,2026-05-21,2,乒乓球厅-5号,12:00-12:55,1,1,已售/已满,已售,多云,15,14,3,0.0,100,29
2026-05-21 03:00:55,2026-05-21,2,乒乓球厅-5号,12:00-12:55,1,1,已售/已满,已售,多云,15,12,4,0.0,100,29
2026-05-21 03:30:49,2026-05-21,2,乒乓球厅-5号,12:00-12:55,1,1,已售/已满,已售,多云,15,14,3,0.0,100,30
2026-05-21 04:30:45,2026-05-21,2,乒乓球厅-5号,12:00-12:55,1,1,已售/已满,已售,多云,15,12,4,0.0,100,29
2026-05-21 05:00:52,2026-05-21,2,乒乓球厅-5号,12:00-12:55,1,1,已售/已满,已售,多云,15,12,4,0.0,100,29
2026-05-21 05:30:49,2026-05-21,2,乒乓球厅-5号,12:00-12:55,1,1,已售/已满,已售,多云,15,13,3,0.0,100,28
2026-05-21 06:00:50,2026-05-21,2,乒乓球厅-5号,12:00-12:55,1,1,已售/已满,已售,多云,15,13,4,0.0,99,28
2026-05-21 06:30:38,2026-05-21,2,乒乓球厅-5号,12:00-12:55,1,1,已售/已满,已售,多云,15,13,3,0.0,97,28
2026-05-21 07:00:43,2026-05-21,2,乒乓球厅-5号,12:00-12:55,1,1,已售/已满,已售,晴,15,11,5,0.0,93,28
2026-05-21 07:30:39,2026-05-21,2,乒乓球厅-5号,12:00-12:55,1,1,已售/已满,已售,晴,17,13,4,0.0,89,29
2026-05-21 07:50:40,2026-05-21,2,乒乓球厅-5号,12:00-12:55,1,1,已售/已满,已售,晴,17,13,4,0.0,88,29
2026-05-21 07:53:31,2026-05-21,2,乒乓球厅-5号,12:00-12:55,1,1,已售/已满,已售,晴,17,12,5,0.0,86,29
2026-05-21 07:56:31,2026-05-21,2,乒乓球厅-5号,12:00-12:55,1,1,已售/已满,已售,晴,17,12,5,0.0,86,29
2026-05-21 07:59:26,2026-05-21,2,乒乓球厅-5号,12:00-12:55,1,1,已售/已满,已售,晴,17,12,5,0.0,86,29
2026-05-21 00:30:49,2026-05-21,2,乒乓球厅-5号,12:55-13:50,1,1,已售/已满,已售,多云,15,13,3,0.0,100,26
2026-05-21 01:00:55,2026-05-21,2,乒乓球厅-5号,12:55-13:50,1,1,已售/已满,已售,多云,15,12,4,0.0,100,26
2026-05-21 01:30:47,2026-05-21,2,乒乓球厅-5号,12:55-13:50,1,1,已售/已满,已售,多云,15,13,4,0.0,100,28
2026-05-21 02:00:53,2026-05-21,2,乒乓球厅-5号,12:55-13:50,1,1,已售/已满,已售,多云,15,12,4,0.0,100,28
2026-05-21 02:30:49,2026-05-21,2,乒乓球厅-5号,12:55-13:50,1,1,已售/已满,已售,多云,15,14,3,0.0,100,29
2026-05-21 03:00:55,2026-05-21,2,乒乓球厅-5号,12:55-13:50,1,1,已售/已满,已售,多云,15,12,4,0.0,100,29
2026-05-21 03:30:49,2026-05-21,2,乒乓球厅-5号,12:55-13:50,1,1,已售/已满,已售,多云,15,14,3,0.0,100,30
2026-05-21 04:30:45,2026-05-21,2,乒乓球厅-5号,12:55-13:50,1,1,已售/已满,已售,多云,15,12,4,0.0,100,29
2026-05-21 05:00:52,2026-05-21,2,乒乓球厅-5号,12:55-13:50,1,1,已售/已满,已售,多云,15,12,4,0.0,100,29
2026-05-21 05:30:49,2026-05-21,2,乒乓球厅-5号,12:55-13:50,1,1,已售/已满,已售,多云,15,13,3,0.0,100,28
2026-05-21 06:00:50,2026-05-21,2,乒乓球厅-5号,12:55-13:50,1,1,已售/已满,已售,多云,15,13,4,0.0,99,28
2026-05-21 06:30:38,2026-05-21,2,乒乓球厅-5号,12:55-13:50,1,1,已售/已满,已售,多云,15,13,3,0.0,97,28
2026-05-21 07:00:43,2026-05-21,2,乒乓球厅-5号,12:55-13:50,1,1,已售/已满,已售,晴,15,11,5,0.0,93,28
2026-05-21 07:30:39,2026-05-21,2,乒乓球厅-5号,12:55-13:50,1,1,已售/已满,已售,晴,17,13,4,0.0,89,29
2026-05-21 07:50:40,2026-05-21,2,乒乓球厅-5号,12:55-13:50,1,1,已售/已满,已售,晴,17,13,4,0.0,88,29
2026-05-21 07:53:31,2026-05-21,2,乒乓球厅-5号,12:55-13:50,1,1,已售/已满,已售,晴,17,12,5,0.0,86,29
2026-05-21 07:56:31,2026-05-21,2,乒乓球厅-5号,12:55-13:50,1,1,已售/已满,已售,晴,17,12,5,0.0,86,29
2026-05-21 07:59:26,2026-05-21,2,乒乓球厅-5号,12:55-13:50,1,1,已售/已满,已售,晴,17,12,5,0.0,86,29
2026-05-21 00:30:49,2026-05-21,2,乒乓球厅-5号,14:00-15:00,0,1,可预约,￥5.0,多云,15,13,3,0.0,100,26
2026-05-21 01:00:55,2026-05-21,2,乒乓球厅-5号,14:00-15:00,0,1,可预约,￥5.0,多云,15,12,4,0.0,100,26
2026-05-21 01:30:47,2026-05-21,2,乒乓球厅-5号,14:00-15:00,0,1,可预约,￥5.0,多云,15,13,4,0.0,100,28
2026-05-21 02:00:53,2026-05-21,2,乒乓球厅-5号,14:00-15:00,0,1,可预约,￥5.0,多云,15,12,4,0.0,100,28
2026-05-21 02:30:49,2026-05-21,2,乒乓球厅-5号,14:00-15:00,0,1,可预约,￥5.0,多云,15,14,3,0.0,100,29
2026-05-21 03:00:55,2026-05-21,2,乒乓球厅-5号,14:00-15:00,0,1,可预约,￥5.0,多云,15,12,4,0.0,100,29
2026-05-21 03:30:49,2026-05-21,2,乒乓球厅-5号,14:00-15:00,0,1,可预约,￥5.0,多云,15,14,3,0.0,100,30
2026-05-21 04:30:45,2026-05-21,2,乒乓球厅-5号,14:00-15:00,0,1,可预约,￥5.0,多云,15,12,4,0.0,100,29
2026-05-21 05:00:52,2026-05-21,2,乒乓球厅-5号,14:00-15:00,0,1,可预约,￥5.0,多云,15,12,4,0.0,100,29
2026-05-21 05:30:49,2026-05-21,2,乒乓球厅-5号,14:00-15:00,0,1,可预约,￥5.0,多云,15,13,3,0.0,100,28
2026-05-21 06:00:50,2026-05-21,2,乒乓球厅-5号,14:00-15:00,0,1,可预约,￥5.0,多云,15,13,4,0.0,99,28
2026-05-21 06:30:38,2026-05-21,2,乒乓球厅-5号,14:00-15:00,0,1,可预约,￥5.0,多云,15,13,3,0.0,97,28
2026-05-21 07:00:43,2026-05-21,2,乒乓球厅-5号,14:00-15:00,0,1,可预约,￥5.0,晴,15,11,5,0.0,93,28
2026-05-21 07:30:39,2026-05-21,2,乒乓球厅-5号,14:00-15:00,0,1,可预约,￥5.0,晴,17,13,4,0.0,89,29
2026-05-21 07:50:40,2026-05-21,2,乒乓球厅-5号,14:00-15:00,0,1,可预约,￥5.0,晴,17,13,4,0.0,88,29
2026-05-21 07:53:31,2026-05-21,2,乒乓球厅-5号,14:00-15:00,0,1,可预约,￥5.0,晴,17,12,5,0.0,86,29
2026-05-21 07:56:31,2026-05-21,2,乒乓球厅-5号,14:00-15:00,0,1,可预约,￥5.0,晴,17,12,5,0.0,86,29
2026-05-21 07:59:26,2026-05-21,2,乒乓球厅-5号,14:00-15:00,0,1,可预约,￥5.0,晴,17,12,5,0.0,86,29
2026-05-21 00:30:49,2026-05-21,2,乒乓球厅-5号,15:00-16:00,0,1,可预约,￥5.0,多云,15,13,3,0.0,100,26
2026-05-21 01:00:55,2026-05-21,2,乒乓球厅-5号,15:00-16:00,0,1,可预约,￥5.0,多云,15,12,4,0.0,100,26
2026-05-21 01:30:47,2026-05-21,2,乒乓球厅-5号,15:00-16:00,0,1,可预约,￥5.0,多云,15,13,4,0.0,100,28
2026-05-21 02:00:53,2026-05-21,2,乒乓球厅-5号,15:00-16:00,0,1,可预约,￥5.0,多云,15,12,4,0.0,100,28
2026-05-21 02:30:49,2026-05-21,2,乒乓球厅-5号,15:00-16:00,0,1,可预约,￥5.0,多云,15,14,3,0.0,100,29
2026-05-21 03:00:55,2026-05-21,2,乒乓球厅-5号,15:00-16:00,0,1,可预约,￥5.0,多云,15,12,4,0.0,100,29
2026-05-21 03:30:49,2026-05-21,2,乒乓球厅-5号,15:00-16:00,0,1,可预约,￥5.0,多云,15,14,3,0.0,100,30
2026-05-21 04:30:45,2026-05-21,2,乒乓球厅-5号,15:00-16:00,0,1,可预约,￥5.0,多云,15,12,4,0.0,100,29
2026-05-21 05:00:52,2026-05-21,2,乒乓球厅-5号,15:00-16:00,0,1,可预约,￥5.0,多云,15,12,4,0.0,100,29
2026-05-21 05:30:49,2026-05-21,2,乒乓球厅-5号,15:00-16:00,0,1,可预约,￥5.0,多云,15,13,3,0.0,100,28
2026-05-21 06:00:50,2026-05-21,2,乒乓球厅-5号,15:00-16:00,0,1,可预约,￥5.0,多云,15,13,4,0.0,99,28
2026-05-21 06:30:38,2026-05-21,2,乒乓球厅-5号,15:00-16:00,0,1,可预约,￥5.0,多云,15,13,3,0.0,97,28
2026-05-21 07:00:43,2026-05-21,2,乒乓球厅-5号,15:00-16:00,0,1,可预约,￥5.0,晴,15,11,5,0.0,93,28
2026-05-21 07:30:39,2026-05-21,2,乒乓球厅-5号,15:00-16:00,0,1,可预约,￥5.0,晴,17,13,4,0.0,89,29
2026-05-21 07:50:40,2026-05-21,2,乒乓球厅-5号,15:00-16:00,0,1,可预约,￥5.0,晴,17,13,4,0.0,88,29
2026-05-21 07:53:31,2026-05-21,2,乒乓球厅-5号,15:00-16:00,0,1,可预约,￥5.0,晴,17,12,5,0.0,86,29
2026-05-21 07:56:31,2026-05-21,2,乒乓球厅-5号,15:00-16:00,0,1,可预约,￥5.0,晴,17,12,5,0.0,86,29
2026-05-21 07:59:26,2026-05-21,2,乒乓球厅-5号,15:00-16:00,0,1,可预约,￥5.0,晴,17,12,5,0.0,86,29
2026-05-21 00:30:49,2026-05-21,2,乒乓球厅-5号,16:00-17:00,0,1,可预约,￥5.0,多云,15,13,3,0.0,100,26
2026-05-21 01:00:55,2026-05-21,2,乒乓球厅-5号,16:00-17:00,0,1,可预约,￥5.0,多云,15,12,4,0.0,100,26
2026-05-21 01:30:47,2026-05-21,2,乒乓球厅-5号,16:00-17:00,0,1,可预约,￥5.0,多云,15,13,4,0.0,100,28
2026-05-21 02:00:53,2026-05-21,2,乒乓球厅-5号,16:00-17:00,0,1,可预约,￥5.0,多云,15,12,4,0.0,100,28
2026-05-21 02:30:49,2026-05-21,2,乒乓球厅-5号,16:00-17:00,0,1,可预约,￥5.0,多云,15,14,3,0.0,100,29
2026-05-21 03:00:55,2026-05-21,2,乒乓球厅-5号,16:00-17:00,0,1,可预约,￥5.0,多云,15,12,4,0.0,100,29
2026-05-21 03:30:49,2026-05-21,2,乒乓球厅-5号,16:00-17:00,0,1,可预约,￥5.0,多云,15,14,3,0.0,100,30
2026-05-21 04:30:45,2026-05-21,2,乒乓球厅-5号,16:00-17:00,0,1,可预约,￥5.0,多云,15,12,4,0.0,100,29
2026-05-21 05:00:52,2026-05-21,2,乒乓球厅-5号,16:00-17:00,0,1,可预约,￥5.0,多云,15,12,4,0.0,100,29
2026-05-21 05:30:49,2026-05-21,2,乒乓球厅-5号,16:00-17:00,0,1,可预约,￥5.0,多云,15,13,3,0.0,100,28
2026-05-21 06:00:50,2026-05-21,2,乒乓球厅-5号,16:00-17:00,0,1,可预约,￥5.0,多云,15,13,4,0.0,99,28
2026-05-21 06:30:38,2026-05-21,2,乒乓球厅-5号,16:00-17:00,0,1,可预约,￥5.0,多云,15,13,3,0.0,97,28
2026-05-21 07:00:43,2026-05-21,2,乒乓球厅-5号,16:00-17:00,0,1,可预约,￥5.0,晴,15,11,5,0.0,93,28
2026-05-21 07:30:39,2026-05-21,2,乒乓球厅-5号,16:00-17:00,0,1,可预约,￥5.0,晴,17,13,4,0.0,89,29
2026-05-21 07:50:40,2026-05-21,2,乒乓球厅-5号,16:00-17:00,0,1,可预约,￥5.0,晴,17,13,4,0.0,88,29
2026-05-21 07:53:31,2026-05-21,2,乒乓球厅-5号,16:00-17:00,0,1,可预约,￥5.0,晴,17,12,5,0.0,86,29
2026-05-21 07:56:31,2026-05-21,2,乒乓球厅-5号,16:00-17:00,0,1,可预约,￥5.0,晴,17,12,5,0.0,86,29
2026-05-21 07:59:26,2026-05-21,2,乒乓球厅-5号,16:00-17:00,0,1,可预约,￥5.0,晴,17,12,5,0.0,86,29
2026-05-21 00:30:49,2026-05-21,2,乒乓球厅-5号,17:00-18:00,0,1,可预约,￥5.0,多云,15,13,3,0.0,100,26
2026-05-21 01:00:55,2026-05-21,2,乒乓球厅-5号,17:00-18:00,0,1,可预约,￥5.0,多云,15,12,4,0.0,100,26
2026-05-21 01:30:47,2026-05-21,2,乒乓球厅-5号,17:00-18:00,0,1,可预约,￥5.0,多云,15,13,4,0.0,100,28
2026-05-21 02:00:53,2026-05-21,2,乒乓球厅-5号,17:00-18:00,0,1,可预约,￥5.0,多云,15,12,4,0.0,100,28
2026-05-21 02:30:49,2026-05-21,2,乒乓球厅-5号,17:00-18:00,0,1,可预约,￥5.0,多云,15,14,3,0.0,100,29
2026-05-21 03:00:55,2026-05-21,2,乒乓球厅-5号,17:00-18:00,0,1,可预约,￥5.0,多云,15,12,4,0.0,100,29
2026-05-21 03:30:49,2026-05-21,2,乒乓球厅-5号,17:00-18:00,0,1,可预约,￥5.0,多云,15,14,3,0.0,100,30
2026-05-21 04:30:45,2026-05-21,2,乒乓球厅-5号,17:00-18:00,0,1,可预约,￥5.0,多云,15,12,4,0.0,100,29
2026-05-21 05:00:52,2026-05-21,2,乒乓球厅-5号,17:00-18:00,0,1,可预约,￥5.0,多云,15,12,4,0.0,100,29
2026-05-21 05:30:49,2026-05-21,2,乒乓球厅-5号,17:00-18:00,0,1,可预约,￥5.0,多云,15,13,3,0.0,100,28
2026-05-21 06:00:50,2026-05-21,2,乒乓球厅-5号,17:00-18:00,0,1,可预约,￥5.0,多云,15,13,4,0.0,99,28
2026-05-21 06:30:38,2026-05-21,2,乒乓球厅-5号,17:00-18:00,0,1,可预约,￥5.0,多云,15,13,3,0.0,97,28
2026-05-21 07:00:43,2026-05-21,2,乒乓球厅-5号,17:00-18:00,0,1,可预约,￥5.0,晴,15,11,5,0.0,93,28
2026-05-21 07:30:39,2026-05-21,2,乒乓球厅-5号,17:00-18:00,0,1,可预约,￥5.0,晴,17,13,4,0.0,89,29
2026-05-21 07:50:40,2026-05-21,2,乒乓球厅-5号,17:00-18:00,0,1,可预约,￥5.0,晴,17,13,4,0.0,88,29
2026-05-21 07:53:31,2026-05-21,2,乒乓球厅-5号,17:00-18:00,0,1,可预约,￥5.0,晴,17,12,5,0.0,86,29
2026-05-21 07:56:31,2026-05-21,2,乒乓球厅-5号,17:00-18:00,0,1,可预约,￥5.0,晴,17,12,5,0.0,86,29
2026-05-21 07:59:26,2026-05-21,2,乒乓球厅-5号,17:00-18:00,0,1,可预约,￥5.0,晴,17,12,5,0.0,86,29
2026-05-21 00:30:49,2026-05-21,2,乒乓球厅-5号,18:30-19:30,0,1,可预约,￥5.0,多云,15,13,3,0.0,100,26
2026-05-21 01:00:55,2026-05-21,2,乒乓球厅-5号,18:30-19:30,0,1,可预约,￥5.0,多云,15,12,4,0.0,100,26
2026-05-21 01:30:47,2026-05-21,2,乒乓球厅-5号,18:30-19:30,0,1,可预约,￥5.0,多云,15,13,4,0.0,100,28
2026-05-21 02:00:53,2026-05-21,2,乒乓球厅-5号,18:30-19:30,0,1,可预约,￥5.0,多云,15,12,4,0.0,100,28
2026-05-21 02:30:49,2026-05-21,2,乒乓球厅-5号,18:30-19:30,0,1,可预约,￥5.0,多云,15,14,3,0.0,100,29
2026-05-21 03:00:55,2026-05-21,2,乒乓球厅-5号,18:30-19:30,0,1,可预约,￥5.0,多云,15,12,4,0.0,100,29
2026-05-21 03:30:49,2026-05-21,2,乒乓球厅-5号,18:30-19:30,0,1,可预约,￥5.0,多云,15,14,3,0.0,100,30
2026-05-21 04:30:45,2026-05-21,2,乒乓球厅-5号,18:30-19:30,0,1,可预约,￥5.0,多云,15,12,4,0.0,100,29
2026-05-21 05:00:52,2026-05-21,2,乒乓球厅-5号,18:30-19:30,0,1,可预约,￥5.0,多云,15,12,4,0.0,100,29
2026-05-21 05:30:49,2026-05-21,2,乒乓球厅-5号,18:30-19:30,0,1,可预约,￥5.0,多云,15,13,3,0.0,100,28
2026-05-21 06:00:50,2026-05-21,2,乒乓球厅-5号,18:30-19:30,0,1,可预约,￥5.0,多云,15,13,4,0.0,99,28
2026-05-21 06:30:38,2026-05-21,2,乒乓球厅-5号,18:30-19:30,0,1,可预约,￥5.0,多云,15,13,3,0.0,97,28
2026-05-21 07:00:43,2026-05-21,2,乒乓球厅-5号,18:30-19:30,0,1,可预约,￥5.0,晴,15,11,5,0.0,93,28
2026-05-21 07:30:39,2026-05-21,2,乒乓球厅-5号,18:30-19:30,0,1,可预约,￥5.0,晴,17,13,4,0.0,89,29
2026-05-21 07:50:40,2026-05-21,2,乒乓球厅-5号,18:30-19:30,0,1,可预约,￥5.0,晴,17,13,4,0.0,88,29
2026-05-21 07:53:31,2026-05-21,2,乒乓球厅-5号,18:30-19:30,0,1,可预约,￥5.0,晴,17,12,5,0.0,86,29
2026-05-21 07:56:31,2026-05-21,2,乒乓球厅-5号,18:30-19:30,0,1,可预约,￥5.0,晴,17,12,5,0.0,86,29
2026-05-21 07:59:26,2026-05-21,2,乒乓球厅-5号,18:30-19:30,0,1,可预约,￥5.0,晴,17,12,5,0.0,86,29
2026-05-21 00:30:49,2026-05-21,2,乒乓球厅-5号,19:30-20:30,0,1,可预约,￥5.0,多云,15,13,3,0.0,100,26
2026-05-21 01:00:55,2026-05-21,2,乒乓球厅-5号,19:30-20:30,0,1,可预约,￥5.0,多云,15,12,4,0.0,100,26
2026-05-21 01:30:47,2026-05-21,2,乒乓球厅-5号,19:30-20:30,0,1,可预约,￥5.0,多云,15,13,4,0.0,100,28
2026-05-21 02:00:53,2026-05-21,2,乒乓球厅-5号,19:30-20:30,0,1,可预约,￥5.0,多云,15,12,4,0.0,100,28
2026-05-21 02:30:49,2026-05-21,2,乒乓球厅-5号,19:30-20:30,0,1,可预约,￥5.0,多云,15,14,3,0.0,100,29
2026-05-21 03:00:55,2026-05-21,2,乒乓球厅-5号,19:30-20:30,0,1,可预约,￥5.0,多云,15,12,4,0.0,100,29
2026-05-21 03:30:49,2026-05-21,2,乒乓球厅-5号,19:30-20:30,0,1,可预约,￥5.0,多云,15,14,3,0.0,100,30
2026-05-21 04:30:45,2026-05-21,2,乒乓球厅-5号,19:30-20:30,0,1,可预约,￥5.0,多云,15,12,4,0.0,100,29
2026-05-21 05:00:52,2026-05-21,2,乒乓球厅-5号,19:30-20:30,0,1,可预约,￥5.0,多云,15,12,4,0.0,100,29
2026-05-21 05:30:49,2026-05-21,2,乒乓球厅-5号,19:30-20:30,0,1,可预约,￥5.0,多云,15,13,3,0.0,100,28
2026-05-21 06:00:50,2026-05-21,2,乒乓球厅-5号,19:30-20:30,0,1,可预约,￥5.0,多云,15,13,4,0.0,99,28
2026-05-21 06:30:38,2026-05-21,2,乒乓球厅-5号,19:30-20:30,0,1,可预约,￥5.0,多云,15,13,3,0.0,97,28
2026-05-21 07:00:43,2026-05-21,2,乒乓球厅-5号,19:30-20:30,0,1,可预约,￥5.0,晴,15,11,5,0.0,93,28
2026-05-21 07:30:39,2026-05-21,2,乒乓球厅-5号,19:30-20:30,0,1,可预约,￥5.0,晴,17,13,4,0.0,89,29
2026-05-21 07:50:40,2026-05-21,2,乒乓球厅-5号,19:30-20:30,0,1,可预约,￥5.0,晴,17,13,4,0.0,88,29
2026-05-21 07:53:31,2026-05-21,2,乒乓球厅-5号,19:30-20:30,0,1,可预约,￥5.0,晴,17,12,5,0.0,86,29
2026-05-21 07:56:31,2026-05-21,2,乒乓球厅-5号,19:30-20:30,0,1,可预约,￥5.0,晴,17,12,5,0.0,86,29
2026-05-21 07:59:26,2026-05-21,2,乒乓球厅-5号,19:30-20:30,0,1,可预约,￥5.0,晴,17,12,5,0.0,86,29
2026-05-21 00:30:49,2026-05-21,2,乒乓球厅-5号,20:30-21:30,0,1,可预约,￥5.0,多云,15,13,3,0.0,100,26
2026-05-21 01:00:55,2026-05-21,2,乒乓球厅-5号,20:30-21:30,0,1,可预约,￥5.0,多云,15,12,4,0.0,100,26
2026-05-21 01:30:47,2026-05-21,2,乒乓球厅-5号,20:30-21:30,0,1,可预约,￥5.0,多云,15,13,4,0.0,100,28
2026-05-21 02:00:53,2026-05-21,2,乒乓球厅-5号,20:30-21:30,0,1,可预约,￥5.0,多云,15,12,4,0.0,100,28
2026-05-21 02:30:49,2026-05-21,2,乒乓球厅-5号,20:30-21:30,0,1,可预约,￥5.0,多云,15,14,3,0.0,100,29
2026-05-21 03:00:55,2026-05-21,2,乒乓球厅-5号,20:30-21:30,0,1,可预约,￥5.0,多云,15,12,4,0.0,100,29
2026-05-21 03:30:49,2026-05-21,2,乒乓球厅-5号,20:30-21:30,0,1,可预约,￥5.0,多云,15,14,3,0.0,100,30
2026-05-21 04:30:45,2026-05-21,2,乒乓球厅-5号,20:30-21:30,0,1,可预约,￥5.0,多云,15,12,4,0.0,100,29
2026-05-21 05:00:52,2026-05-21,2,乒乓球厅-5号,20:30-21:30,0,1,可预约,￥5.0,多云,15,12,4,0.0,100,29
2026-05-21 05:30:49,2026-05-21,2,乒乓球厅-5号,20:30-21:30,0,1,可预约,￥5.0,多云,15,13,3,0.0,100,28
2026-05-21 06:00:50,2026-05-21,2,乒乓球厅-5号,20:30-21:30,0,1,可预约,￥5.0,多云,15,13,4,0.0,99,28
2026-05-21 06:30:38,2026-05-21,2,乒乓球厅-5号,20:30-21:30,0,1,可预约,￥5.0,多云,15,13,3,0.0,97,28
2026-05-21 07:00:43,2026-05-21,2,乒乓球厅-5号,20:30-21:30,0,1,可预约,￥5.0,晴,15,11,5,0.0,93,28
2026-05-21 07:30:39,2026-05-21,2,乒乓球厅-5号,20:30-21:30,0,1,可预约,￥5.0,晴,17,13,4,0.0,89,29
2026-05-21 07:50:40,2026-05-21,2,乒乓球厅-5号,20:30-21:30,0,1,可预约,￥5.0,晴,17,13,4,0.0,88,29
2026-05-21 07:53:31,2026-05-21,2,乒乓球厅-5号,20:30-21:30,0,1,可预约,￥5.0,晴,17,12,5,0.0,86,29
2026-05-21 07:56:31,2026-05-21,2,乒乓球厅-5号,20:30-21:30,0,1,可预约,￥5.0,晴,17,12,5,0.0,86,29
2026-05-21 07:59:26,2026-05-21,2,乒乓球厅-5号,20:30-21:30,0,1,可预约,￥5.0,晴,17,12,5,0.0,86,29
2026-05-21 00:30:49,2026-05-21,2,乒乓球厅-6号,07:00-08:00,0,1,可预约,￥0.0,多云,15,13,3,0.0,100,26
2026-05-21 01:00:55,2026-05-21,2,乒乓球厅-6号,07:00-08:00,0,1,可预约,￥0.0,多云,15,12,4,0.0,100,26
2026-05-21 01:30:47,2026-05-21,2,乒乓球厅-6号,07:00-08:00,0,1,可预约,￥0.0,多云,15,13,4,0.0,100,28
2026-05-21 02:00:53,2026-05-21,2,乒乓球厅-6号,07:00-08:00,0,1,可预约,￥0.0,多云,15,12,4,0.0,100,28
2026-05-21 02:30:49,2026-05-21,2,乒乓球厅-6号,07:00-08:00,0,1,可预约,￥0.0,多云,15,14,3,0.0,100,29
2026-05-21 03:00:55,2026-05-21,2,乒乓球厅-6号,07:00-08:00,0,1,可预约,￥0.0,多云,15,12,4,0.0,100,29
2026-05-21 03:30:49,2026-05-21,2,乒乓球厅-6号,07:00-08:00,0,1,可预约,￥0.0,多云,15,14,3,0.0,100,30
2026-05-21 04:30:45,2026-05-21,2,乒乓球厅-6号,07:00-08:00,0,1,可预约,￥0.0,多云,15,12,4,0.0,100,29
2026-05-21 05:00:52,2026-05-21,2,乒乓球厅-6号,07:00-08:00,0,1,可预约,￥0.0,多云,15,12,4,0.0,100,29
2026-05-21 05:30:49,2026-05-21,2,乒乓球厅-6号,07:00-08:00,0,1,可预约,￥0.0,多云,15,13,3,0.0,100,28
2026-05-21 06:00:50,2026-05-21,2,乒乓球厅-6号,07:00-08:00,0,1,可预约,￥0.0,多云,15,13,4,0.0,99,28
2026-05-21 06:30:38,2026-05-21,2,乒乓球厅-6号,07:00-08:00,0,1,可预约,￥0.0,多云,15,13,3,0.0,97,28
2026-05-21 07:00:43,2026-05-21,2,乒乓球厅-6号,07:00-08:00,0,1,可预约,￥0.0,晴,15,11,5,0.0,93,28
2026-05-21 07:30:39,2026-05-21,2,乒乓球厅-6号,07:00-08:00,0,1,可预约,￥0.0,晴,17,13,4,0.0,89,29
2026-05-21 07:50:40,2026-05-21,2,乒乓球厅-6号,07:00-08:00,0,1,可预约,￥0.0,晴,17,13,4,0.0,88,29
2026-05-21 07:53:31,2026-05-21,2,乒乓球厅-6号,07:00-08:00,0,1,可预约,￥0.0,晴,17,12,5,0.0,86,29
2026-05-21 07:56:31,2026-05-21,2,乒乓球厅-6号,07:00-08:00,0,1,可预约,￥0.0,晴,17,12,5,0.0,86,29
2026-05-21 07:59:26,2026-05-21,2,乒乓球厅-6号,07:00-08:00,0,1,可预约,￥0.0,晴,17,12,5,0.0,86,29
2026-05-21 00:30:49,2026-05-21,2,乒乓球厅-6号,08:00-09:00,0,1,可预约,￥0.0,多云,15,13,3,0.0,100,26
2026-05-21 01:00:55,2026-05-21,2,乒乓球厅-6号,08:00-09:00,0,1,可预约,￥0.0,多云,15,12,4,0.0,100,26
2026-05-21 01:30:47,2026-05-21,2,乒乓球厅-6号,08:00-09:00,0,1,可预约,￥0.0,多云,15,13,4,0.0,100,28
2026-05-21 02:00:53,2026-05-21,2,乒乓球厅-6号,08:00-09:00,0,1,可预约,￥0.0,多云,15,12,4,0.0,100,28
2026-05-21 02:30:49,2026-05-21,2,乒乓球厅-6号,08:00-09:00,0,1,可预约,￥0.0,多云,15,14,3,0.0,100,29
2026-05-21 03:00:55,2026-05-21,2,乒乓球厅-6号,08:00-09:00,0,1,可预约,￥0.0,多云,15,12,4,0.0,100,29
2026-05-21 03:30:49,2026-05-21,2,乒乓球厅-6号,08:00-09:00,0,1,可预约,￥0.0,多云,15,14,3,0.0,100,30
2026-05-21 04:30:45,2026-05-21,2,乒乓球厅-6号,08:00-09:00,0,1,可预约,￥0.0,多云,15,12,4,0.0,100,29
2026-05-21 05:00:52,2026-05-21,2,乒乓球厅-6号,08:00-09:00,0,1,可预约,￥0.0,多云,15,12,4,0.0,100,29
2026-05-21 05:30:49,2026-05-21,2,乒乓球厅-6号,08:00-09:00,0,1,可预约,￥0.0,多云,15,13,3,0.0,100,28
2026-05-21 06:00:50,2026-05-21,2,乒乓球厅-6号,08:00-09:00,0,1,可预约,￥0.0,多云,15,13,4,0.0,99,28
2026-05-21 06:30:38,2026-05-21,2,乒乓球厅-6号,08:00-09:00,0,1,可预约,￥0.0,多云,15,13,3,0.0,97,28
2026-05-21 07:00:43,2026-05-21,2,乒乓球厅-6号,08:00-09:00,0,1,可预约,￥0.0,晴,15,11,5,0.0,93,28
2026-05-21 07:30:39,2026-05-21,2,乒乓球厅-6号,08:00-09:00,0,1,可预约,￥0.0,晴,17,13,4,0.0,89,29
2026-05-21 07:50:40,2026-05-21,2,乒乓球厅-6号,08:00-09:00,0,1,可预约,￥0.0,晴,17,13,4,0.0,88,29
2026-05-21 07:53:31,2026-05-21,2,乒乓球厅-6号,08:00-09:00,0,1,可预约,￥0.0,晴,17,12,5,0.0,86,29
2026-05-21 07:56:31,2026-05-21,2,乒乓球厅-6号,08:00-09:00,0,1,可预约,￥0.0,晴,17,12,5,0.0,86,29
2026-05-21 07:59:26,2026-05-21,2,乒乓球厅-6号,08:00-09:00,0,1,可预约,￥0.0,晴,17,12,5,0.0,86,29
2026-05-21 00:30:49,2026-05-21,2,乒乓球厅-6号,09:00-10:00,0,1,可预约,￥5.0,多云,15,13,3,0.0,100,26
2026-05-21 01:00:55,2026-05-21,2,乒乓球厅-6号,09:00-10:00,0,1,可预约,￥5.0,多云,15,12,4,0.0,100,26
2026-05-21 01:30:47,2026-05-21,2,乒乓球厅-6号,09:00-10:00,0,1,可预约,￥5.0,多云,15,13,4,0.0,100,28
2026-05-21 02:00:53,2026-05-21,2,乒乓球厅-6号,09:00-10:00,0,1,可预约,￥5.0,多云,15,12,4,0.0,100,28
2026-05-21 02:30:49,2026-05-21,2,乒乓球厅-6号,09:00-10:00,0,1,可预约,￥5.0,多云,15,14,3,0.0,100,29
2026-05-21 03:00:55,2026-05-21,2,乒乓球厅-6号,09:00-10:00,0,1,可预约,￥5.0,多云,15,12,4,0.0,100,29
2026-05-21 03:30:49,2026-05-21,2,乒乓球厅-6号,09:00-10:00,0,1,可预约,￥5.0,多云,15,14,3,0.0,100,30
2026-05-21 04:30:45,2026-05-21,2,乒乓球厅-6号,09:00-10:00,0,1,可预约,￥5.0,多云,15,12,4,0.0,100,29
2026-05-21 05:00:52,2026-05-21,2,乒乓球厅-6号,09:00-10:00,0,1,可预约,￥5.0,多云,15,12,4,0.0,100,29
2026-05-21 05:30:49,2026-05-21,2,乒乓球厅-6号,09:00-10:00,0,1,可预约,￥5.0,多云,15,13,3,0.0,100,28
2026-05-21 06:00:50,2026-05-21,2,乒乓球厅-6号,09:00-10:00,0,1,可预约,￥5.0,多云,15,13,4,0.0,99,28
2026-05-21 06:30:38,2026-05-21,2,乒乓球厅-6号,09:00-10:00,0,1,可预约,￥5.0,多云,15,13,3,0.0,97,28
2026-05-21 07:00:43,2026-05-21,2,乒乓球厅-6号,09:00-10:00,0,1,可预约,￥5.0,晴,15,11,5,0.0,93,28
2026-05-21 07:30:39,2026-05-21,2,乒乓球厅-6号,09:00-10:00,0,1,可预约,￥5.0,晴,17,13,4,0.0,89,29
2026-05-21 07:50:40,2026-05-21,2,乒乓球厅-6号,09:00-10:00,0,1,可预约,￥5.0,晴,17,13,4,0.0,88,29
2026-05-21 07:53:31,2026-05-21,2,乒乓球厅-6号,09:00-10:00,0,1,可预约,￥5.0,晴,17,12,5,0.0,86,29
2026-05-21 07:56:31,2026-05-21,2,乒乓球厅-6号,09:00-10:00,0,1,可预约,￥5.0,晴,17,12,5,0.0,86,29
2026-05-21 07:59:26,2026-05-21,2,乒乓球厅-6号,09:00-10:00,0,1,可预约,￥5.0,晴,17,12,5,0.0,86,29
2026-05-21 00:30:49,2026-05-21,2,乒乓球厅-6号,10:00-11:00,1,1,已售/已满,教学时间,多云,15,13,3,0.0,100,26
2026-05-21 01:00:55,2026-05-21,2,乒乓球厅-6号,10:00-11:00,1,1,已售/已满,教学时间,多云,15,12,4,0.0,100,26
2026-05-21 01:30:47,2026-05-21,2,乒乓球厅-6号,10:00-11:00,1,1,已售/已满,教学时间,多云,15,13,4,0.0,100,28
2026-05-21 02:00:53,2026-05-21,2,乒乓球厅-6号,10:00-11:00,1,1,已售/已满,教学时间,多云,15,12,4,0.0,100,28
2026-05-21 02:30:49,2026-05-21,2,乒乓球厅-6号,10:00-11:00,1,1,已售/已满,教学时间,多云,15,14,3,0.0,100,29
2026-05-21 03:00:55,2026-05-21,2,乒乓球厅-6号,10:00-11:00,1,1,已售/已满,教学时间,多云,15,12,4,0.0,100,29
2026-05-21 03:30:49,2026-05-21,2,乒乓球厅-6号,10:00-11:00,1,1,已售/已满,教学时间,多云,15,14,3,0.0,100,30
2026-05-21 04:30:45,2026-05-21,2,乒乓球厅-6号,10:00-11:00,1,1,已售/已满,教学时间,多云,15,12,4,0.0,100,29
2026-05-21 05:00:52,2026-05-21,2,乒乓球厅-6号,10:00-11:00,1,1,已售/已满,教学时间,多云,15,12,4,0.0,100,29
2026-05-21 05:30:49,2026-05-21,2,乒乓球厅-6号,10:00-11:00,1,1,已售/已满,教学时间,多云,15,13,3,0.0,100,28
2026-05-21 06:00:50,2026-05-21,2,乒乓球厅-6号,10:00-11:00,1,1,已售/已满,教学时间,多云,15,13,4,0.0,99,28
2026-05-21 06:30:38,2026-05-21,2,乒乓球厅-6号,10:00-11:00,1,1,已售/已满,教学时间,多云,15,13,3,0.0,97,28
2026-05-21 07:00:43,2026-05-21,2,乒乓球厅-6号,10:00-11:00,1,1,已售/已满,教学时间,晴,15,11,5,0.0,93,28
2026-05-21 07:30:39,2026-05-21,2,乒乓球厅-6号,10:00-11:00,1,1,已售/已满,教学时间,晴,17,13,4,0.0,89,29
2026-05-21 07:50:40,2026-05-21,2,乒乓球厅-6号,10:00-11:00,1,1,已售/已满,教学时间,晴,17,13,4,0.0,88,29
2026-05-21 07:53:31,2026-05-21,2,乒乓球厅-6号,10:00-11:00,1,1,已售/已满,教学时间,晴,17,12,5,0.0,86,29
2026-05-21 07:56:31,2026-05-21,2,乒乓球厅-6号,10:00-11:00,1,1,已售/已满,教学时间,晴,17,12,5,0.0,86,29
2026-05-21 07:59:26,2026-05-21,2,乒乓球厅-6号,10:00-11:00,1,1,已售/已满,教学时间,晴,17,12,5,0.0,86,29
2026-05-21 00:30:49,2026-05-21,2,乒乓球厅-6号,11:00-12:00,1,1,已售/已满,教学时间,多云,15,13,3,0.0,100,26
2026-05-21 01:00:55,2026-05-21,2,乒乓球厅-6号,11:00-12:00,1,1,已售/已满,教学时间,多云,15,12,4,0.0,100,26
2026-05-21 01:30:47,2026-05-21,2,乒乓球厅-6号,11:00-12:00,1,1,已售/已满,教学时间,多云,15,13,4,0.0,100,28
2026-05-21 02:00:53,2026-05-21,2,乒乓球厅-6号,11:00-12:00,1,1,已售/已满,教学时间,多云,15,12,4,0.0,100,28
2026-05-21 02:30:49,2026-05-21,2,乒乓球厅-6号,11:00-12:00,1,1,已售/已满,教学时间,多云,15,14,3,0.0,100,29
2026-05-21 03:00:55,2026-05-21,2,乒乓球厅-6号,11:00-12:00,1,1,已售/已满,教学时间,多云,15,12,4,0.0,100,29
2026-05-21 03:30:49,2026-05-21,2,乒乓球厅-6号,11:00-12:00,1,1,已售/已满,教学时间,多云,15,14,3,0.0,100,30
2026-05-21 04:30:45,2026-05-21,2,乒乓球厅-6号,11:00-12:00,1,1,已售/已满,教学时间,多云,15,12,4,0.0,100,29
2026-05-21 05:00:52,2026-05-21,2,乒乓球厅-6号,11:00-12:00,1,1,已售/已满,教学时间,多云,15,12,4,0.0,100,29
2026-05-21 05:30:49,2026-05-21,2,乒乓球厅-6号,11:00-12:00,1,1,已售/已满,教学时间,多云,15,13,3,0.0,100,28
2026-05-21 06:00:50,2026-05-21,2,乒乓球厅-6号,11:00-12:00,1,1,已售/已满,教学时间,多云,15,13,4,0.0,99,28
2026-05-21 06:30:38,2026-05-21,2,乒乓球厅-6号,11:00-12:00,1,1,已售/已满,教学时间,多云,15,13,3,0.0,97,28
2026-05-21 07:00:43,2026-05-21,2,乒乓球厅-6号,11:00-12:00,1,1,已售/已满,教学时间,晴,15,11,5,0.0,93,28
2026-05-21 07:30:39,2026-05-21,2,乒乓球厅-6号,11:00-12:00,1,1,已售/已满,教学时间,晴,17,13,4,0.0,89,29
2026-05-21 07:50:40,2026-05-21,2,乒乓球厅-6号,11:00-12:00,1,1,已售/已满,教学时间,晴,17,13,4,0.0,88,29
2026-05-21 07:53:31,2026-05-21,2,乒乓球厅-6号,11:00-12:00,1,1,已售/已满,教学时间,晴,17,12,5,0.0,86,29
2026-05-21 07:56:31,2026-05-21,2,乒乓球厅-6号,11:00-12:00,1,1,已售/已满,教学时间,晴,17,12,5,0.0,86,29
2026-05-21 07:59:26,2026-05-21,2,乒乓球厅-6号,11:00-12:00,1,1,已售/已满,教学时间,晴,17,12,5,0.0,86,29
2026-05-21 00:30:49,2026-05-21,2,乒乓球厅-6号,12:00-12:55,0,1,可预约,￥0.0,多云,15,13,3,0.0,100,26
2026-05-21 01:00:55,2026-05-21,2,乒乓球厅-6号,12:00-12:55,0,1,可预约,￥0.0,多云,15,12,4,0.0,100,26
2026-05-21 01:30:47,2026-05-21,2,乒乓球厅-6号,12:00-12:55,0,1,可预约,￥0.0,多云,15,13,4,0.0,100,28
2026-05-21 02:00:53,2026-05-21,2,乒乓球厅-6号,12:00-12:55,0,1,可预约,￥0.0,多云,15,12,4,0.0,100,28
2026-05-21 02:30:49,2026-05-21,2,乒乓球厅-6号,12:00-12:55,0,1,可预约,￥0.0,多云,15,14,3,0.0,100,29
2026-05-21 03:00:55,2026-05-21,2,乒乓球厅-6号,12:00-12:55,0,1,可预约,￥0.0,多云,15,12,4,0.0,100,29
2026-05-21 03:30:49,2026-05-21,2,乒乓球厅-6号,12:00-12:55,0,1,可预约,￥0.0,多云,15,14,3,0.0,100,30
2026-05-21 04:30:45,2026-05-21,2,乒乓球厅-6号,12:00-12:55,0,1,可预约,￥0.0,多云,15,12,4,0.0,100,29
2026-05-21 05:00:52,2026-05-21,2,乒乓球厅-6号,12:00-12:55,0,1,可预约,￥0.0,多云,15,12,4,0.0,100,29
2026-05-21 05:30:49,2026-05-21,2,乒乓球厅-6号,12:00-12:55,0,1,可预约,￥0.0,多云,15,13,3,0.0,100,28
2026-05-21 06:00:50,2026-05-21,2,乒乓球厅-6号,12:00-12:55,0,1,可预约,￥0.0,多云,15,13,4,0.0,99,28
2026-05-21 06:30:38,2026-05-21,2,乒乓球厅-6号,12:00-12:55,0,1,可预约,￥0.0,多云,15,13,3,0.0,97,28
2026-05-21 07:00:43,2026-05-21,2,乒乓球厅-6号,12:00-12:55,0,1,可预约,￥0.0,晴,15,11,5,0.0,93,28
2026-05-21 07:30:39,2026-05-21,2,乒乓球厅-6号,12:00-12:55,0,1,可预约,￥0.0,晴,17,13,4,0.0,89,29
2026-05-21 07:50:40,2026-05-21,2,乒乓球厅-6号,12:00-12:55,0,1,可预约,￥0.0,晴,17,13,4,0.0,88,29
2026-05-21 07:53:31,2026-05-21,2,乒乓球厅-6号,12:00-12:55,0,1,可预约,￥0.0,晴,17,12,5,0.0,86,29
2026-05-21 07:56:31,2026-05-21,2,乒乓球厅-6号,12:00-12:55,0,1,可预约,￥0.0,晴,17,12,5,0.0,86,29
2026-05-21 07:59:26,2026-05-21,2,乒乓球厅-6号,12:00-12:55,0,1,可预约,￥0.0,晴,17,12,5,0.0,86,29
2026-05-21 00:30:49,2026-05-21,2,乒乓球厅-6号,12:55-13:50,0,1,可预约,￥0.0,多云,15,13,3,0.0,100,26
2026-05-21 01:00:55,2026-05-21,2,乒乓球厅-6号,12:55-13:50,0,1,可预约,￥0.0,多云,15,12,4,0.0,100,26
2026-05-21 01:30:47,2026-05-21,2,乒乓球厅-6号,12:55-13:50,0,1,可预约,￥0.0,多云,15,13,4,0.0,100,28
2026-05-21 02:00:53,2026-05-21,2,乒乓球厅-6号,12:55-13:50,0,1,可预约,￥0.0,多云,15,12,4,0.0,100,28
2026-05-21 02:30:49,2026-05-21,2,乒乓球厅-6号,12:55-13:50,0,1,可预约,￥0.0,多云,15,14,3,0.0,100,29
2026-05-21 03:00:55,2026-05-21,2,乒乓球厅-6号,12:55-13:50,0,1,可预约,￥0.0,多云,15,12,4,0.0,100,29
2026-05-21 03:30:49,2026-05-21,2,乒乓球厅-6号,12:55-13:50,0,1,可预约,￥0.0,多云,15,14,3,0.0,100,30
2026-05-21 04:30:45,2026-05-21,2,乒乓球厅-6号,12:55-13:50,0,1,可预约,￥0.0,多云,15,12,4,0.0,100,29
2026-05-21 05:00:52,2026-05-21,2,乒乓球厅-6号,12:55-13:50,0,1,可预约,￥0.0,多云,15,12,4,0.0,100,29
2026-05-21 05:30:49,2026-05-21,2,乒乓球厅-6号,12:55-13:50,0,1,可预约,￥0.0,多云,15,13,3,0.0,100,28
2026-05-21 06:00:50,2026-05-21,2,乒乓球厅-6号,12:55-13:50,0,1,可预约,￥0.0,多云,15,13,4,0.0,99,28
2026-05-21 06:30:38,2026-05-21,2,乒乓球厅-6号,12:55-13:50,0,1,可预约,￥0.0,多云,15,13,3,0.0,97,28
2026-05-21 07:00:43,2026-05-21,2,乒乓球厅-6号,12:55-13:50,0,1,可预约,￥0.0,晴,15,11,5,0.0,93,28
2026-05-21 07:30:39,2026-05-21,2,乒乓球厅-6号,12:55-13:50,0,1,可预约,￥0.0,晴,17,13,4,0.0,89,29
2026-05-21 07:50:40,2026-05-21,2,乒乓球厅-6号,12:55-13:50,0,1,可预约,￥0.0,晴,17,13,4,0.0,88,29
2026-05-21 07:53:31,2026-05-21,2,乒乓球厅-6号,12:55-13:50,0,1,可预约,￥0.0,晴,17,12,5,0.0,86,29
2026-05-21 07:56:31,2026-05-21,2,乒乓球厅-6号,12:55-13:50,0,1,可预约,￥0.0,晴,17,12,5,0.0,86,29
2026-05-21 07:59:26,2026-05-21,2,乒乓球厅-6号,12:55-13:50,0,1,可预约,￥0.0,晴,17,12,5,0.0,86,29
2026-05-21 00:30:49,2026-05-21,2,乒乓球厅-6号,14:00-15:00,0,1,可预约,￥5.0,多云,15,13,3,0.0,100,26
2026-05-21 01:00:55,2026-05-21,2,乒乓球厅-6号,14:00-15:00,0,1,可预约,￥5.0,多云,15,12,4,0.0,100,26
2026-05-21 01:30:47,2026-05-21,2,乒乓球厅-6号,14:00-15:00,0,1,可预约,￥5.0,多云,15,13,4,0.0,100,28
2026-05-21 02:00:53,2026-05-21,2,乒乓球厅-6号,14:00-15:00,0,1,可预约,￥5.0,多云,15,12,4,0.0,100,28
2026-05-21 02:30:49,2026-05-21,2,乒乓球厅-6号,14:00-15:00,0,1,可预约,￥5.0,多云,15,14,3,0.0,100,29
2026-05-21 03:00:55,2026-05-21,2,乒乓球厅-6号,14:00-15:00,0,1,可预约,￥5.0,多云,15,12,4,0.0,100,29
2026-05-21 03:30:49,2026-05-21,2,乒乓球厅-6号,14:00-15:00,0,1,可预约,￥5.0,多云,15,14,3,0.0,100,30
2026-05-21 04:30:45,2026-05-21,2,乒乓球厅-6号,14:00-15:00,0,1,可预约,￥5.0,多云,15,12,4,0.0,100,29
2026-05-21 05:00:52,2026-05-21,2,乒乓球厅-6号,14:00-15:00,0,1,可预约,￥5.0,多云,15,12,4,0.0,100,29
2026-05-21 05:30:49,2026-05-21,2,乒乓球厅-6号,14:00-15:00,0,1,可预约,￥5.0,多云,15,13,3,0.0,100,28
2026-05-21 06:00:50,2026-05-21,2,乒乓球厅-6号,14:00-15:00,0,1,可预约,￥5.0,多云,15,13,4,0.0,99,28
2026-05-21 06:30:38,2026-05-21,2,乒乓球厅-6号,14:00-15:00,0,1,可预约,￥5.0,多云,15,13,3,0.0,97,28
2026-05-21 07:00:43,2026-05-21,2,乒乓球厅-6号,14:00-15:00,0,1,可预约,￥5.0,晴,15,11,5,0.0,93,28
2026-05-21 07:30:39,2026-05-21,2,乒乓球厅-6号,14:00-15:00,0,1,可预约,￥5.0,晴,17,13,4,0.0,89,29
2026-05-21 07:50:40,2026-05-21,2,乒乓球厅-6号,14:00-15:00,0,1,可预约,￥5.0,晴,17,13,4,0.0,88,29
2026-05-21 07:53:31,2026-05-21,2,乒乓球厅-6号,14:00-15:00,0,1,可预约,￥5.0,晴,17,12,5,0.0,86,29
2026-05-21 07:56:31,2026-05-21,2,乒乓球厅-6号,14:00-15:00,0,1,可预约,￥5.0,晴,17,12,5,0.0,86,29
2026-05-21 07:59:26,2026-05-21,2,乒乓球厅-6号,14:00-15:00,0,1,可预约,￥5.0,晴,17,12,5,0.0,86,29
2026-05-21 00:30:49,2026-05-21,2,乒乓球厅-6号,15:00-16:00,0,1,可预约,￥5.0,多云,15,13,3,0.0,100,26
2026-05-21 01:00:55,2026-05-21,2,乒乓球厅-6号,15:00-16:00,0,1,可预约,￥5.0,多云,15,12,4,0.0,100,26
2026-05-21 01:30:47,2026-05-21,2,乒乓球厅-6号,15:00-16:00,0,1,可预约,￥5.0,多云,15,13,4,0.0,100,28
2026-05-21 02:00:53,2026-05-21,2,乒乓球厅-6号,15:00-16:00,0,1,可预约,￥5.0,多云,15,12,4,0.0,100,28
2026-05-21 02:30:49,2026-05-21,2,乒乓球厅-6号,15:00-16:00,0,1,可预约,￥5.0,多云,15,14,3,0.0,100,29
2026-05-21 03:00:55,2026-05-21,2,乒乓球厅-6号,15:00-16:00,0,1,可预约,￥5.0,多云,15,12,4,0.0,100,29
2026-05-21 03:30:49,2026-05-21,2,乒乓球厅-6号,15:00-16:00,0,1,可预约,￥5.0,多云,15,14,3,0.0,100,30
2026-05-21 04:30:45,2026-05-21,2,乒乓球厅-6号,15:00-16:00,0,1,可预约,￥5.0,多云,15,12,4,0.0,100,29
2026-05-21 05:00:52,2026-05-21,2,乒乓球厅-6号,15:00-16:00,0,1,可预约,￥5.0,多云,15,12,4,0.0,100,29
2026-05-21 05:30:49,2026-05-21,2,乒乓球厅-6号,15:00-16:00,0,1,可预约,￥5.0,多云,15,13,3,0.0,100,28
2026-05-21 06:00:50,2026-05-21,2,乒乓球厅-6号,15:00-16:00,0,1,可预约,￥5.0,多云,15,13,4,0.0,99,28
2026-05-21 06:30:38,2026-05-21,2,乒乓球厅-6号,15:00-16:00,0,1,可预约,￥5.0,多云,15,13,3,0.0,97,28
2026-05-21 07:00:43,2026-05-21,2,乒乓球厅-6号,15:00-16:00,0,1,可预约,￥5.0,晴,15,11,5,0.0,93,28
2026-05-21 07:30:39,2026-05-21,2,乒乓球厅-6号,15:00-16:00,0,1,可预约,￥5.0,晴,17,13,4,0.0,89,29
2026-05-21 07:50:40,2026-05-21,2,乒乓球厅-6号,15:00-16:00,0,1,可预约,￥5.0,晴,17,13,4,0.0,88,29
2026-05-21 07:53:31,2026-05-21,2,乒乓球厅-6号,15:00-16:00,0,1,可预约,￥5.0,晴,17,12,5,0.0,86,29
2026-05-21 07:56:31,2026-05-21,2,乒乓球厅-6号,15:00-16:00,0,1,可预约,￥5.0,晴,17,12,5,0.0,86,29
2026-05-21 07:59:26,2026-05-21,2,乒乓球厅-6号,15:00-16:00,0,1,可预约,￥5.0,晴,17,12,5,0.0,86,29
2026-05-21 00:30:49,2026-05-21,2,乒乓球厅-6号,16:00-17:00,0,1,可预约,￥5.0,多云,15,13,3,0.0,100,26
2026-05-21 01:00:55,2026-05-21,2,乒乓球厅-6号,16:00-17:00,0,1,可预约,￥5.0,多云,15,12,4,0.0,100,26
2026-05-21 01:30:47,2026-05-21,2,乒乓球厅-6号,16:00-17:00,0,1,可预约,￥5.0,多云,15,13,4,0.0,100,28
2026-05-21 02:00:53,2026-05-21,2,乒乓球厅-6号,16:00-17:00,0,1,可预约,￥5.0,多云,15,12,4,0.0,100,28
2026-05-21 02:30:49,2026-05-21,2,乒乓球厅-6号,16:00-17:00,0,1,可预约,￥5.0,多云,15,14,3,0.0,100,29
2026-05-21 03:00:55,2026-05-21,2,乒乓球厅-6号,16:00-17:00,0,1,可预约,￥5.0,多云,15,12,4,0.0,100,29
2026-05-21 03:30:49,2026-05-21,2,乒乓球厅-6号,16:00-17:00,0,1,可预约,￥5.0,多云,15,14,3,0.0,100,30
2026-05-21 04:30:45,2026-05-21,2,乒乓球厅-6号,16:00-17:00,0,1,可预约,￥5.0,多云,15,12,4,0.0,100,29
2026-05-21 05:00:52,2026-05-21,2,乒乓球厅-6号,16:00-17:00,0,1,可预约,￥5.0,多云,15,12,4,0.0,100,29
2026-05-21 05:30:49,2026-05-21,2,乒乓球厅-6号,16:00-17:00,0,1,可预约,￥5.0,多云,15,13,3,0.0,100,28
2026-05-21 06:00:50,2026-05-21,2,乒乓球厅-6号,16:00-17:00,0,1,可预约,￥5.0,多云,15,13,4,0.0,99,28
2026-05-21 06:30:38,2026-05-21,2,乒乓球厅-6号,16:00-17:00,0,1,可预约,￥5.0,多云,15,13,3,0.0,97,28
2026-05-21 07:00:43,2026-05-21,2,乒乓球厅-6号,16:00-17:00,0,1,可预约,￥5.0,晴,15,11,5,0.0,93,28
2026-05-21 07:30:39,2026-05-21,2,乒乓球厅-6号,16:00-17:00,0,1,可预约,￥5.0,晴,17,13,4,0.0,89,29
2026-05-21 07:50:40,2026-05-21,2,乒乓球厅-6号,16:00-17:00,0,1,可预约,￥5.0,晴,17,13,4,0.0,88,29
2026-05-21 07:53:31,2026-05-21,2,乒乓球厅-6号,16:00-17:00,0,1,可预约,￥5.0,晴,17,12,5,0.0,86,29
2026-05-21 07:56:31,2026-05-21,2,乒乓球厅-6号,16:00-17:00,0,1,可预约,￥5.0,晴,17,12,5,0.0,86,29
2026-05-21 07:59:26,2026-05-21,2,乒乓球厅-6号,16:00-17:00,0,1,可预约,￥5.0,晴,17,12,5,0.0,86,29
2026-05-21 00:30:49,2026-05-21,2,乒乓球厅-6号,17:00-18:00,0,1,可预约,￥5.0,多云,15,13,3,0.0,100,26
2026-05-21 01:00:55,2026-05-21,2,乒乓球厅-6号,17:00-18:00,0,1,可预约,￥5.0,多云,15,12,4,0.0,100,26
2026-05-21 01:30:47,2026-05-21,2,乒乓球厅-6号,17:00-18:00,0,1,可预约,￥5.0,多云,15,13,4,0.0,100,28
2026-05-21 02:00:53,2026-05-21,2,乒乓球厅-6号,17:00-18:00,0,1,可预约,￥5.0,多云,15,12,4,0.0,100,28
2026-05-21 02:30:49,2026-05-21,2,乒乓球厅-6号,17:00-18:00,0,1,可预约,￥5.0,多云,15,14,3,0.0,100,29
2026-05-21 03:00:55,2026-05-21,2,乒乓球厅-6号,17:00-18:00,0,1,可预约,￥5.0,多云,15,12,4,0.0,100,29
2026-05-21 03:30:49,2026-05-21,2,乒乓球厅-6号,17:00-18:00,0,1,可预约,￥5.0,多云,15,14,3,0.0,100,30
2026-05-21 04:30:45,2026-05-21,2,乒乓球厅-6号,17:00-18:00,0,1,可预约,￥5.0,多云,15,12,4,0.0,100,29
2026-05-21 05:00:52,2026-05-21,2,乒乓球厅-6号,17:00-18:00,0,1,可预约,￥5.0,多云,15,12,4,0.0,100,29
2026-05-21 05:30:49,2026-05-21,2,乒乓球厅-6号,17:00-18:00,0,1,可预约,￥5.0,多云,15,13,3,0.0,100,28
2026-05-21 06:00:50,2026-05-21,2,乒乓球厅-6号,17:00-18:00,0,1,可预约,￥5.0,多云,15,13,4,0.0,99,28
2026-05-21 06:30:38,2026-05-21,2,乒乓球厅-6号,17:00-18:00,0,1,可预约,￥5.0,多云,15,13,3,0.0,97,28
2026-05-21 07:00:43,2026-05-21,2,乒乓球厅-6号,17:00-18:00,0,1,可预约,￥5.0,晴,15,11,5,0.0,93,28
2026-05-21 07:30:39,2026-05-21,2,乒乓球厅-6号,17:00-18:00,0,1,可预约,￥5.0,晴,17,13,4,0.0,89,29
2026-05-21 07:50:40,2026-05-21,2,乒乓球厅-6号,17:00-18:00,0,1,可预约,￥5.0,晴,17,13,4,0.0,88,29
2026-05-21 07:53:31,2026-05-21,2,乒乓球厅-6号,17:00-18:00,0,1,可预约,￥5.0,晴,17,12,5,0.0,86,29
2026-05-21 07:56:31,2026-05-21,2,乒乓球厅-6号,17:00-18:00,0,1,可预约,￥5.0,晴,17,12,5,0.0,86,29
2026-05-21 07:59:26,2026-05-21,2,乒乓球厅-6号,17:00-18:00,0,1,可预约,￥5.0,晴,17,12,5,0.0,86,29
2026-05-21 00:30:49,2026-05-21,2,乒乓球厅-6号,18:30-19:30,0,1,可预约,￥5.0,多云,15,13,3,0.0,100,26
2026-05-21 01:00:55,2026-05-21,2,乒乓球厅-6号,18:30-19:30,0,1,可预约,￥5.0,多云,15,12,4,0.0,100,26
2026-05-21 01:30:47,2026-05-21,2,乒乓球厅-6号,18:30-19:30,0,1,可预约,￥5.0,多云,15,13,4,0.0,100,28
2026-05-21 02:00:53,2026-05-21,2,乒乓球厅-6号,18:30-19:30,0,1,可预约,￥5.0,多云,15,12,4,0.0,100,28
2026-05-21 02:30:49,2026-05-21,2,乒乓球厅-6号,18:30-19:30,0,1,可预约,￥5.0,多云,15,14,3,0.0,100,29
2026-05-21 03:00:55,2026-05-21,2,乒乓球厅-6号,18:30-19:30,0,1,可预约,￥5.0,多云,15,12,4,0.0,100,29
2026-05-21 03:30:49,2026-05-21,2,乒乓球厅-6号,18:30-19:30,0,1,可预约,￥5.0,多云,15,14,3,0.0,100,30
2026-05-21 04:30:45,2026-05-21,2,乒乓球厅-6号,18:30-19:30,0,1,可预约,￥5.0,多云,15,12,4,0.0,100,29
2026-05-21 05:00:52,2026-05-21,2,乒乓球厅-6号,18:30-19:30,0,1,可预约,￥5.0,多云,15,12,4,0.0,100,29
2026-05-21 05:30:49,2026-05-21,2,乒乓球厅-6号,18:30-19:30,0,1,可预约,￥5.0,多云,15,13,3,0.0,100,28
2026-05-21 06:00:50,2026-05-21,2,乒乓球厅-6号,18:30-19:30,0,1,可预约,￥5.0,多云,15,13,4,0.0,99,28
2026-05-21 06:30:38,2026-05-21,2,乒乓球厅-6号,18:30-19:30,0,1,可预约,￥5.0,多云,15,13,3,0.0,97,28
2026-05-21 07:00:43,2026-05-21,2,乒乓球厅-6号,18:30-19:30,0,1,可预约,￥5.0,晴,15,11,5,0.0,93,28
2026-05-21 07:30:39,2026-05-21,2,乒乓球厅-6号,18:30-19:30,0,1,可预约,￥5.0,晴,17,13,4,0.0,89,29
2026-05-21 07:50:40,2026-05-21,2,乒乓球厅-6号,18:30-19:30,0,1,可预约,￥5.0,晴,17,13,4,0.0,88,29
2026-05-21 07:53:31,2026-05-21,2,乒乓球厅-6号,18:30-19:30,0,1,可预约,￥5.0,晴,17,12,5,0.0,86,29
2026-05-21 07:56:31,2026-05-21,2,乒乓球厅-6号,18:30-19:30,0,1,可预约,￥5.0,晴,17,12,5,0.0,86,29
2026-05-21 07:59:26,2026-05-21,2,乒乓球厅-6号,18:30-19:30,0,1,可预约,￥5.0,晴,17,12,5,0.0,86,29
2026-05-21 00:30:49,2026-05-21,2,乒乓球厅-6号,19:30-20:30,0,1,可预约,￥5.0,多云,15,13,3,0.0,100,26
2026-05-21 01:00:55,2026-05-21,2,乒乓球厅-6号,19:30-20:30,0,1,可预约,￥5.0,多云,15,12,4,0.0,100,26
2026-05-21 01:30:47,2026-05-21,2,乒乓球厅-6号,19:30-20:30,0,1,可预约,￥5.0,多云,15,13,4,0.0,100,28
2026-05-21 02:00:53,2026-05-21,2,乒乓球厅-6号,19:30-20:30,0,1,可预约,￥5.0,多云,15,12,4,0.0,100,28
2026-05-21 02:30:49,2026-05-21,2,乒乓球厅-6号,19:30-20:30,0,1,可预约,￥5.0,多云,15,14,3,0.0,100,29
2026-05-21 03:00:55,2026-05-21,2,乒乓球厅-6号,19:30-20:30,0,1,可预约,￥5.0,多云,15,12,4,0.0,100,29
2026-05-21 03:30:49,2026-05-21,2,乒乓球厅-6号,19:30-20:30,0,1,可预约,￥5.0,多云,15,14,3,0.0,100,30
2026-05-21 04:30:45,2026-05-21,2,乒乓球厅-6号,19:30-20:30,0,1,可预约,￥5.0,多云,15,12,4,0.0,100,29
2026-05-21 05:00:52,2026-05-21,2,乒乓球厅-6号,19:30-20:30,0,1,可预约,￥5.0,多云,15,12,4,0.0,100,29
2026-05-21 05:30:49,2026-05-21,2,乒乓球厅-6号,19:30-20:30,0,1,可预约,￥5.0,多云,15,13,3,0.0,100,28
2026-05-21 06:00:50,2026-05-21,2,乒乓球厅-6号,19:30-20:30,0,1,可预约,￥5.0,多云,15,13,4,0.0,99,28
2026-05-21 06:30:38,2026-05-21,2,乒乓球厅-6号,19:30-20:30,0,1,可预约,￥5.0,多云,15,13,3,0.0,97,28
2026-05-21 07:00:43,2026-05-21,2,乒乓球厅-6号,19:30-20:30,0,1,可预约,￥5.0,晴,15,11,5,0.0,93,28
2026-05-21 07:30:39,2026-05-21,2,乒乓球厅-6号,19:30-20:30,0,1,可预约,￥5.0,晴,17,13,4,0.0,89,29
2026-05-21 07:50:40,2026-05-21,2,乒乓球厅-6号,19:30-20:30,0,1,可预约,￥5.0,晴,17,13,4,0.0,88,29
2026-05-21 07:53:31,2026-05-21,2,乒乓球厅-6号,19:30-20:30,0,1,可预约,￥5.0,晴,17,12,5,0.0,86,29
2026-05-21 07:56:31,2026-05-21,2,乒乓球厅-6号,19:30-20:30,0,1,可预约,￥5.0,晴,17,12,5,0.0,86,29
2026-05-21 07:59:26,2026-05-21,2,乒乓球厅-6号,19:30-20:30,0,1,可预约,￥5.0,晴,17,12,5,0.0,86,29
2026-05-21 00:30:49,2026-05-21,2,乒乓球厅-6号,20:30-21:30,0,1,可预约,￥5.0,多云,15,13,3,0.0,100,26
2026-05-21 01:00:55,2026-05-21,2,乒乓球厅-6号,20:30-21:30,0,1,可预约,￥5.0,多云,15,12,4,0.0,100,26
2026-05-21 01:30:47,2026-05-21,2,乒乓球厅-6号,20:30-21:30,0,1,可预约,￥5.0,多云,15,13,4,0.0,100,28
2026-05-21 02:00:53,2026-05-21,2,乒乓球厅-6号,20:30-21:30,0,1,可预约,￥5.0,多云,15,12,4,0.0,100,28
2026-05-21 02:30:49,2026-05-21,2,乒乓球厅-6号,20:30-21:30,0,1,可预约,￥5.0,多云,15,14,3,0.0,100,29
2026-05-21 03:00:55,2026-05-21,2,乒乓球厅-6号,20:30-21:30,0,1,可预约,￥5.0,多云,15,12,4,0.0,100,29
2026-05-21 03:30:49,2026-05-21,2,乒乓球厅-6号,20:30-21:30,0,1,可预约,￥5.0,多云,15,14,3,0.0,100,30
2026-05-21 04:30:45,2026-05-21,2,乒乓球厅-6号,20:30-21:30,0,1,可预约,￥5.0,多云,15,12,4,0.0,100,29
2026-05-21 05:00:52,2026-05-21,2,乒乓球厅-6号,20:30-21:30,0,1,可预约,￥5.0,多云,15,12,4,0.0,100,29
2026-05-21 05:30:49,2026-05-21,2,乒乓球厅-6号,20:30-21:30,0,1,可预约,￥5.0,多云,15,13,3,0.0,100,28
2026-05-21 06:00:50,2026-05-21,2,乒乓球厅-6号,20:30-21:30,0,1,可预约,￥5.0,多云,15,13,4,0.0,99,28
2026-05-21 06:30:38,2026-05-21,2,乒乓球厅-6号,20:30-21:30,0,1,可预约,￥5.0,多云,15,13,3,0.0,97,28
2026-05-21 07:00:43,2026-05-21,2,乒乓球厅-6号,20:30-21:30,0,1,可预约,￥5.0,晴,15,11,5,0.0,93,28
2026-05-21 07:30:39,2026-05-21,2,乒乓球厅-6号,20:30-21:30,0,1,可预约,￥5.0,晴,17,13,4,0.0,89,29
2026-05-21 07:50:40,2026-05-21,2,乒乓球厅-6号,20:30-21:30,0,1,可预约,￥5.0,晴,17,13,4,0.0,88,29
2026-05-21 07:53:31,2026-05-21,2,乒乓球厅-6号,20:30-21:30,0,1,可预约,￥5.0,晴,17,12,5,0.0,86,29
2026-05-21 07:56:31,2026-05-21,2,乒乓球厅-6号,20:30-21:30,0,1,可预约,￥5.0,晴,17,12,5,0.0,86,29
2026-05-21 07:59:26,2026-05-21,2,乒乓球厅-6号,20:30-21:30,0,1,可预约,￥5.0,晴,17,12,5,0.0,86,29
2026-05-21 00:30:49,2026-05-21,2,乒乓球厅-7号,07:00-08:00,0,1,可预约,￥0.0,多云,15,13,3,0.0,100,26
2026-05-21 01:00:55,2026-05-21,2,乒乓球厅-7号,07:00-08:00,0,1,可预约,￥0.0,多云,15,12,4,0.0,100,26
2026-05-21 01:30:47,2026-05-21,2,乒乓球厅-7号,07:00-08:00,0,1,可预约,￥0.0,多云,15,13,4,0.0,100,28
2026-05-21 02:00:53,2026-05-21,2,乒乓球厅-7号,07:00-08:00,0,1,可预约,￥0.0,多云,15,12,4,0.0,100,28
2026-05-21 02:30:49,2026-05-21,2,乒乓球厅-7号,07:00-08:00,0,1,可预约,￥0.0,多云,15,14,3,0.0,100,29
2026-05-21 03:00:55,2026-05-21,2,乒乓球厅-7号,07:00-08:00,0,1,可预约,￥0.0,多云,15,12,4,0.0,100,29
2026-05-21 03:30:49,2026-05-21,2,乒乓球厅-7号,07:00-08:00,0,1,可预约,￥0.0,多云,15,14,3,0.0,100,30
2026-05-21 04:30:45,2026-05-21,2,乒乓球厅-7号,07:00-08:00,0,1,可预约,￥0.0,多云,15,12,4,0.0,100,29
2026-05-21 05:00:52,2026-05-21,2,乒乓球厅-7号,07:00-08:00,0,1,可预约,￥0.0,多云,15,12,4,0.0,100,29
2026-05-21 05:30:49,2026-05-21,2,乒乓球厅-7号,07:00-08:00,0,1,可预约,￥0.0,多云,15,13,3,0.0,100,28
2026-05-21 06:00:50,2026-05-21,2,乒乓球厅-7号,07:00-08:00,0,1,可预约,￥0.0,多云,15,13,4,0.0,99,28
2026-05-21 06:30:38,2026-05-21,2,乒乓球厅-7号,07:00-08:00,0,1,可预约,￥0.0,多云,15,13,3,0.0,97,28
2026-05-21 07:00:43,2026-05-21,2,乒乓球厅-7号,07:00-08:00,0,1,可预约,￥0.0,晴,15,11,5,0.0,93,28
2026-05-21 07:30:39,2026-05-21,2,乒乓球厅-7号,07:00-08:00,0,1,可预约,￥0.0,晴,17,13,4,0.0,89,29
2026-05-21 07:50:40,2026-05-21,2,乒乓球厅-7号,07:00-08:00,0,1,可预约,￥0.0,晴,17,13,4,0.0,88,29
2026-05-21 07:53:31,2026-05-21,2,乒乓球厅-7号,07:00-08:00,0,1,可预约,￥0.0,晴,17,12,5,0.0,86,29
2026-05-21 07:56:31,2026-05-21,2,乒乓球厅-7号,07:00-08:00,0,1,可预约,￥0.0,晴,17,12,5,0.0,86,29
2026-05-21 07:59:26,2026-05-21,2,乒乓球厅-7号,07:00-08:00,0,1,可预约,￥0.0,晴,17,12,5,0.0,86,29
2026-05-21 00:30:49,2026-05-21,2,乒乓球厅-7号,08:00-09:00,0,1,可预约,￥0.0,多云,15,13,3,0.0,100,26
2026-05-21 01:00:55,2026-05-21,2,乒乓球厅-7号,08:00-09:00,0,1,可预约,￥0.0,多云,15,12,4,0.0,100,26
2026-05-21 01:30:47,2026-05-21,2,乒乓球厅-7号,08:00-09:00,0,1,可预约,￥0.0,多云,15,13,4,0.0,100,28
2026-05-21 02:00:53,2026-05-21,2,乒乓球厅-7号,08:00-09:00,0,1,可预约,￥0.0,多云,15,12,4,0.0,100,28
2026-05-21 02:30:49,2026-05-21,2,乒乓球厅-7号,08:00-09:00,0,1,可预约,￥0.0,多云,15,14,3,0.0,100,29
2026-05-21 03:00:55,2026-05-21,2,乒乓球厅-7号,08:00-09:00,0,1,可预约,￥0.0,多云,15,12,4,0.0,100,29
2026-05-21 03:30:49,2026-05-21,2,乒乓球厅-7号,08:00-09:00,0,1,可预约,￥0.0,多云,15,14,3,0.0,100,30
2026-05-21 04:30:45,2026-05-21,2,乒乓球厅-7号,08:00-09:00,0,1,可预约,￥0.0,多云,15,12,4,0.0,100,29
2026-05-21 05:00:52,2026-05-21,2,乒乓球厅-7号,08:00-09:00,0,1,可预约,￥0.0,多云,15,12,4,0.0,100,29
2026-05-21 05:30:49,2026-05-21,2,乒乓球厅-7号,08:00-09:00,0,1,可预约,￥0.0,多云,15,13,3,0.0,100,28
2026-05-21 06:00:50,2026-05-21,2,乒乓球厅-7号,08:00-09:00,0,1,可预约,￥0.0,多云,15,13,4,0.0,99,28
2026-05-21 06:30:38,2026-05-21,2,乒乓球厅-7号,08:00-09:00,0,1,可预约,￥0.0,多云,15,13,3,0.0,97,28
2026-05-21 07:00:43,2026-05-21,2,乒乓球厅-7号,08:00-09:00,0,1,可预约,￥0.0,晴,15,11,5,0.0,93,28
2026-05-21 07:30:39,2026-05-21,2,乒乓球厅-7号,08:00-09:00,0,1,可预约,￥0.0,晴,17,13,4,0.0,89,29
2026-05-21 07:50:40,2026-05-21,2,乒乓球厅-7号,08:00-09:00,0,1,可预约,￥0.0,晴,17,13,4,0.0,88,29
2026-05-21 07:53:31,2026-05-21,2,乒乓球厅-7号,08:00-09:00,0,1,可预约,￥0.0,晴,17,12,5,0.0,86,29
2026-05-21 07:56:31,2026-05-21,2,乒乓球厅-7号,08:00-09:00,0,1,可预约,￥0.0,晴,17,12,5,0.0,86,29
2026-05-21 07:59:26,2026-05-21,2,乒乓球厅-7号,08:00-09:00,0,1,可预约,￥0.0,晴,17,12,5,0.0,86,29
2026-05-21 00:30:49,2026-05-21,2,乒乓球厅-7号,09:00-10:00,0,1,可预约,￥5.0,多云,15,13,3,0.0,100,26
2026-05-21 01:00:55,2026-05-21,2,乒乓球厅-7号,09:00-10:00,0,1,可预约,￥5.0,多云,15,12,4,0.0,100,26
2026-05-21 01:30:47,2026-05-21,2,乒乓球厅-7号,09:00-10:00,0,1,可预约,￥5.0,多云,15,13,4,0.0,100,28
2026-05-21 02:00:53,2026-05-21,2,乒乓球厅-7号,09:00-10:00,0,1,可预约,￥5.0,多云,15,12,4,0.0,100,28
2026-05-21 02:30:49,2026-05-21,2,乒乓球厅-7号,09:00-10:00,0,1,可预约,￥5.0,多云,15,14,3,0.0,100,29
2026-05-21 03:00:55,2026-05-21,2,乒乓球厅-7号,09:00-10:00,0,1,可预约,￥5.0,多云,15,12,4,0.0,100,29
2026-05-21 03:30:49,2026-05-21,2,乒乓球厅-7号,09:00-10:00,0,1,可预约,￥5.0,多云,15,14,3,0.0,100,30
2026-05-21 04:30:45,2026-05-21,2,乒乓球厅-7号,09:00-10:00,0,1,可预约,￥5.0,多云,15,12,4,0.0,100,29
2026-05-21 05:00:52,2026-05-21,2,乒乓球厅-7号,09:00-10:00,0,1,可预约,￥5.0,多云,15,12,4,0.0,100,29
2026-05-21 05:30:49,2026-05-21,2,乒乓球厅-7号,09:00-10:00,0,1,可预约,￥5.0,多云,15,13,3,0.0,100,28
2026-05-21 06:00:50,2026-05-21,2,乒乓球厅-7号,09:00-10:00,0,1,可预约,￥5.0,多云,15,13,4,0.0,99,28
2026-05-21 06:30:38,2026-05-21,2,乒乓球厅-7号,09:00-10:00,0,1,可预约,￥5.0,多云,15,13,3,0.0,97,28
2026-05-21 07:00:43,2026-05-21,2,乒乓球厅-7号,09:00-10:00,0,1,可预约,￥5.0,晴,15,11,5,0.0,93,28
2026-05-21 07:30:39,2026-05-21,2,乒乓球厅-7号,09:00-10:00,0,1,可预约,￥5.0,晴,17,13,4,0.0,89,29
2026-05-21 07:50:40,2026-05-21,2,乒乓球厅-7号,09:00-10:00,0,1,可预约,￥5.0,晴,17,13,4,0.0,88,29
2026-05-21 07:53:31,2026-05-21,2,乒乓球厅-7号,09:00-10:00,0,1,可预约,￥5.0,晴,17,12,5,0.0,86,29
2026-05-21 07:56:31,2026-05-21,2,乒乓球厅-7号,09:00-10:00,0,1,可预约,￥5.0,晴,17,12,5,0.0,86,29
2026-05-21 07:59:26,2026-05-21,2,乒乓球厅-7号,09:00-10:00,0,1,可预约,￥5.0,晴,17,12,5,0.0,86,29
2026-05-21 00:30:49,2026-05-21,2,乒乓球厅-7号,10:00-11:00,1,1,已售/已满,教学时间,多云,15,13,3,0.0,100,26
2026-05-21 01:00:55,2026-05-21,2,乒乓球厅-7号,10:00-11:00,1,1,已售/已满,教学时间,多云,15,12,4,0.0,100,26
2026-05-21 01:30:47,2026-05-21,2,乒乓球厅-7号,10:00-11:00,1,1,已售/已满,教学时间,多云,15,13,4,0.0,100,28
2026-05-21 02:00:53,2026-05-21,2,乒乓球厅-7号,10:00-11:00,1,1,已售/已满,教学时间,多云,15,12,4,0.0,100,28
2026-05-21 02:30:49,2026-05-21,2,乒乓球厅-7号,10:00-11:00,1,1,已售/已满,教学时间,多云,15,14,3,0.0,100,29
2026-05-21 03:00:55,2026-05-21,2,乒乓球厅-7号,10:00-11:00,1,1,已售/已满,教学时间,多云,15,12,4,0.0,100,29
2026-05-21 03:30:49,2026-05-21,2,乒乓球厅-7号,10:00-11:00,1,1,已售/已满,教学时间,多云,15,14,3,0.0,100,30
2026-05-21 04:30:45,2026-05-21,2,乒乓球厅-7号,10:00-11:00,1,1,已售/已满,教学时间,多云,15,12,4,0.0,100,29
2026-05-21 05:00:52,2026-05-21,2,乒乓球厅-7号,10:00-11:00,1,1,已售/已满,教学时间,多云,15,12,4,0.0,100,29
2026-05-21 05:30:49,2026-05-21,2,乒乓球厅-7号,10:00-11:00,1,1,已售/已满,教学时间,多云,15,13,3,0.0,100,28
2026-05-21 06:00:50,2026-05-21,2,乒乓球厅-7号,10:00-11:00,1,1,已售/已满,教学时间,多云,15,13,4,0.0,99,28
2026-05-21 06:30:38,2026-05-21,2,乒乓球厅-7号,10:00-11:00,1,1,已售/已满,教学时间,多云,15,13,3,0.0,97,28
2026-05-21 07:00:43,2026-05-21,2,乒乓球厅-7号,10:00-11:00,1,1,已售/已满,教学时间,晴,15,11,5,0.0,93,28
2026-05-21 07:30:39,2026-05-21,2,乒乓球厅-7号,10:00-11:00,1,1,已售/已满,教学时间,晴,17,13,4,0.0,89,29
2026-05-21 07:50:40,2026-05-21,2,乒乓球厅-7号,10:00-11:00,1,1,已售/已满,教学时间,晴,17,13,4,0.0,88,29
2026-05-21 07:53:31,2026-05-21,2,乒乓球厅-7号,10:00-11:00,1,1,已售/已满,教学时间,晴,17,12,5,0.0,86,29
2026-05-21 07:56:31,2026-05-21,2,乒乓球厅-7号,10:00-11:00,1,1,已售/已满,教学时间,晴,17,12,5,0.0,86,29
2026-05-21 07:59:26,2026-05-21,2,乒乓球厅-7号,10:00-11:00,1,1,已售/已满,教学时间,晴,17,12,5,0.0,86,29
2026-05-21 00:30:49,2026-05-21,2,乒乓球厅-7号,11:00-12:00,1,1,已售/已满,教学时间,多云,15,13,3,0.0,100,26
2026-05-21 01:00:55,2026-05-21,2,乒乓球厅-7号,11:00-12:00,1,1,已售/已满,教学时间,多云,15,12,4,0.0,100,26
2026-05-21 01:30:47,2026-05-21,2,乒乓球厅-7号,11:00-12:00,1,1,已售/已满,教学时间,多云,15,13,4,0.0,100,28
2026-05-21 02:00:53,2026-05-21,2,乒乓球厅-7号,11:00-12:00,1,1,已售/已满,教学时间,多云,15,12,4,0.0,100,28
2026-05-21 02:30:49,2026-05-21,2,乒乓球厅-7号,11:00-12:00,1,1,已售/已满,教学时间,多云,15,14,3,0.0,100,29
2026-05-21 03:00:55,2026-05-21,2,乒乓球厅-7号,11:00-12:00,1,1,已售/已满,教学时间,多云,15,12,4,0.0,100,29
2026-05-21 03:30:49,2026-05-21,2,乒乓球厅-7号,11:00-12:00,1,1,已售/已满,教学时间,多云,15,14,3,0.0,100,30
2026-05-21 04:30:45,2026-05-21,2,乒乓球厅-7号,11:00-12:00,1,1,已售/已满,教学时间,多云,15,12,4,0.0,100,29
2026-05-21 05:00:52,2026-05-21,2,乒乓球厅-7号,11:00-12:00,1,1,已售/已满,教学时间,多云,15,12,4,0.0,100,29
2026-05-21 05:30:49,2026-05-21,2,乒乓球厅-7号,11:00-12:00,1,1,已售/已满,教学时间,多云,15,13,3,0.0,100,28
2026-05-21 06:00:50,2026-05-21,2,乒乓球厅-7号,11:00-12:00,1,1,已售/已满,教学时间,多云,15,13,4,0.0,99,28
2026-05-21 06:30:38,2026-05-21,2,乒乓球厅-7号,11:00-12:00,1,1,已售/已满,教学时间,多云,15,13,3,0.0,97,28
2026-05-21 07:00:43,2026-05-21,2,乒乓球厅-7号,11:00-12:00,1,1,已售/已满,教学时间,晴,15,11,5,0.0,93,28
2026-05-21 07:30:39,2026-05-21,2,乒乓球厅-7号,11:00-12:00,1,1,已售/已满,教学时间,晴,17,13,4,0.0,89,29
2026-05-21 07:50:40,2026-05-21,2,乒乓球厅-7号,11:00-12:00,1,1,已售/已满,教学时间,晴,17,13,4,0.0,88,29
2026-05-21 07:53:31,2026-05-21,2,乒乓球厅-7号,11:00-12:00,1,1,已售/已满,教学时间,晴,17,12,5,0.0,86,29
2026-05-21 07:56:31,2026-05-21,2,乒乓球厅-7号,11:00-12:00,1,1,已售/已满,教学时间,晴,17,12,5,0.0,86,29
2026-05-21 07:59:26,2026-05-21,2,乒乓球厅-7号,11:00-12:00,1,1,已售/已满,教学时间,晴,17,12,5,0.0,86,29
2026-05-21 00:30:49,2026-05-21,2,乒乓球厅-7号,12:00-12:55,0,1,可预约,￥0.0,多云,15,13,3,0.0,100,26
2026-05-21 01:00:55,2026-05-21,2,乒乓球厅-7号,12:00-12:55,0,1,可预约,￥0.0,多云,15,12,4,0.0,100,26
2026-05-21 01:30:47,2026-05-21,2,乒乓球厅-7号,12:00-12:55,0,1,可预约,￥0.0,多云,15,13,4,0.0,100,28
2026-05-21 02:00:53,2026-05-21,2,乒乓球厅-7号,12:00-12:55,0,1,可预约,￥0.0,多云,15,12,4,0.0,100,28
2026-05-21 02:30:49,2026-05-21,2,乒乓球厅-7号,12:00-12:55,0,1,可预约,￥0.0,多云,15,14,3,0.0,100,29
2026-05-21 03:00:55,2026-05-21,2,乒乓球厅-7号,12:00-12:55,0,1,可预约,￥0.0,多云,15,12,4,0.0,100,29
2026-05-21 03:30:49,2026-05-21,2,乒乓球厅-7号,12:00-12:55,0,1,可预约,￥0.0,多云,15,14,3,0.0,100,30
2026-05-21 04:30:45,2026-05-21,2,乒乓球厅-7号,12:00-12:55,0,1,可预约,￥0.0,多云,15,12,4,0.0,100,29
2026-05-21 05:00:52,2026-05-21,2,乒乓球厅-7号,12:00-12:55,0,1,可预约,￥0.0,多云,15,12,4,0.0,100,29
2026-05-21 05:30:49,2026-05-21,2,乒乓球厅-7号,12:00-12:55,0,1,可预约,￥0.0,多云,15,13,3,0.0,100,28
2026-05-21 06:00:50,2026-05-21,2,乒乓球厅-7号,12:00-12:55,0,1,可预约,￥0.0,多云,15,13,4,0.0,99,28
2026-05-21 06:30:38,2026-05-21,2,乒乓球厅-7号,12:00-12:55,0,1,可预约,￥0.0,多云,15,13,3,0.0,97,28
2026-05-21 07:00:43,2026-05-21,2,乒乓球厅-7号,12:00-12:55,0,1,可预约,￥0.0,晴,15,11,5,0.0,93,28
2026-05-21 07:30:39,2026-05-21,2,乒乓球厅-7号,12:00-12:55,0,1,可预约,￥0.0,晴,17,13,4,0.0,89,29
2026-05-21 07:50:40,2026-05-21,2,乒乓球厅-7号,12:00-12:55,0,1,可预约,￥0.0,晴,17,13,4,0.0,88,29
2026-05-21 07:53:31,2026-05-21,2,乒乓球厅-7号,12:00-12:55,0,1,可预约,￥0.0,晴,17,12,5,0.0,86,29
2026-05-21 07:56:31,2026-05-21,2,乒乓球厅-7号,12:00-12:55,0,1,可预约,￥0.0,晴,17,12,5,0.0,86,29
2026-05-21 07:59:26,2026-05-21,2,乒乓球厅-7号,12:00-12:55,0,1,可预约,￥0.0,晴,17,12,5,0.0,86,29
2026-05-21 00:30:49,2026-05-21,2,乒乓球厅-7号,12:55-13:50,0,1,可预约,￥0.0,多云,15,13,3,0.0,100,26
2026-05-21 01:00:55,2026-05-21,2,乒乓球厅-7号,12:55-13:50,0,1,可预约,￥0.0,多云,15,12,4,0.0,100,26
2026-05-21 01:30:47,2026-05-21,2,乒乓球厅-7号,12:55-13:50,0,1,可预约,￥0.0,多云,15,13,4,0.0,100,28
2026-05-21 02:00:53,2026-05-21,2,乒乓球厅-7号,12:55-13:50,0,1,可预约,￥0.0,多云,15,12,4,0.0,100,28
2026-05-21 02:30:49,2026-05-21,2,乒乓球厅-7号,12:55-13:50,0,1,可预约,￥0.0,多云,15,14,3,0.0,100,29
2026-05-21 03:00:55,2026-05-21,2,乒乓球厅-7号,12:55-13:50,0,1,可预约,￥0.0,多云,15,12,4,0.0,100,29
2026-05-21 03:30:49,2026-05-21,2,乒乓球厅-7号,12:55-13:50,0,1,可预约,￥0.0,多云,15,14,3,0.0,100,30
2026-05-21 04:30:45,2026-05-21,2,乒乓球厅-7号,12:55-13:50,0,1,可预约,￥0.0,多云,15,12,4,0.0,100,29
2026-05-21 05:00:52,2026-05-21,2,乒乓球厅-7号,12:55-13:50,0,1,可预约,￥0.0,多云,15,12,4,0.0,100,29
2026-05-21 05:30:49,2026-05-21,2,乒乓球厅-7号,12:55-13:50,0,1,可预约,￥0.0,多云,15,13,3,0.0,100,28
2026-05-21 06:00:50,2026-05-21,2,乒乓球厅-7号,12:55-13:50,0,1,可预约,￥0.0,多云,15,13,4,0.0,99,28
2026-05-21 06:30:38,2026-05-21,2,乒乓球厅-7号,12:55-13:50,0,1,可预约,￥0.0,多云,15,13,3,0.0,97,28
2026-05-21 07:00:43,2026-05-21,2,乒乓球厅-7号,12:55-13:50,0,1,可预约,￥0.0,晴,15,11,5,0.0,93,28
2026-05-21 07:30:39,2026-05-21,2,乒乓球厅-7号,12:55-13:50,0,1,可预约,￥0.0,晴,17,13,4,0.0,89,29
2026-05-21 07:50:40,2026-05-21,2,乒乓球厅-7号,12:55-13:50,0,1,可预约,￥0.0,晴,17,13,4,0.0,88,29
2026-05-21 07:53:31,2026-05-21,2,乒乓球厅-7号,12:55-13:50,0,1,可预约,￥0.0,晴,17,12,5,0.0,86,29
2026-05-21 07:56:31,2026-05-21,2,乒乓球厅-7号,12:55-13:50,0,1,可预约,￥0.0,晴,17,12,5,0.0,86,29
2026-05-21 07:59:26,2026-05-21,2,乒乓球厅-7号,12:55-13:50,0,1,可预约,￥0.0,晴,17,12,5,0.0,86,29
2026-05-21 00:30:49,2026-05-21,2,乒乓球厅-7号,14:00-15:00,0,1,可预约,￥5.0,多云,15,13,3,0.0,100,26
2026-05-21 01:00:55,2026-05-21,2,乒乓球厅-7号,14:00-15:00,0,1,可预约,￥5.0,多云,15,12,4,0.0,100,26
2026-05-21 01:30:47,2026-05-21,2,乒乓球厅-7号,14:00-15:00,0,1,可预约,￥5.0,多云,15,13,4,0.0,100,28
2026-05-21 02:00:53,2026-05-21,2,乒乓球厅-7号,14:00-15:00,0,1,可预约,￥5.0,多云,15,12,4,0.0,100,28
2026-05-21 02:30:49,2026-05-21,2,乒乓球厅-7号,14:00-15:00,0,1,可预约,￥5.0,多云,15,14,3,0.0,100,29
2026-05-21 03:00:55,2026-05-21,2,乒乓球厅-7号,14:00-15:00,0,1,可预约,￥5.0,多云,15,12,4,0.0,100,29
2026-05-21 03:30:49,2026-05-21,2,乒乓球厅-7号,14:00-15:00,0,1,可预约,￥5.0,多云,15,14,3,0.0,100,30
2026-05-21 04:30:45,2026-05-21,2,乒乓球厅-7号,14:00-15:00,0,1,可预约,￥5.0,多云,15,12,4,0.0,100,29
2026-05-21 05:00:52,2026-05-21,2,乒乓球厅-7号,14:00-15:00,0,1,可预约,￥5.0,多云,15,12,4,0.0,100,29
2026-05-21 05:30:49,2026-05-21,2,乒乓球厅-7号,14:00-15:00,0,1,可预约,￥5.0,多云,15,13,3,0.0,100,28
2026-05-21 06:00:50,2026-05-21,2,乒乓球厅-7号,14:00-15:00,0,1,可预约,￥5.0,多云,15,13,4,0.0,99,28
2026-05-21 06:30:38,2026-05-21,2,乒乓球厅-7号,14:00-15:00,0,1,可预约,￥5.0,多云,15,13,3,0.0,97,28
2026-05-21 07:00:43,2026-05-21,2,乒乓球厅-7号,14:00-15:00,0,1,可预约,￥5.0,晴,15,11,5,0.0,93,28
2026-05-21 07:30:39,2026-05-21,2,乒乓球厅-7号,14:00-15:00,0,1,可预约,￥5.0,晴,17,13,4,0.0,89,29
2026-05-21 07:50:40,2026-05-21,2,乒乓球厅-7号,14:00-15:00,0,1,可预约,￥5.0,晴,17,13,4,0.0,88,29
2026-05-21 07:53:31,2026-05-21,2,乒乓球厅-7号,14:00-15:00,0,1,可预约,￥5.0,晴,17,12,5,0.0,86,29
2026-05-21 07:56:31,2026-05-21,2,乒乓球厅-7号,14:00-15:00,0,1,可预约,￥5.0,晴,17,12,5,0.0,86,29
2026-05-21 07:59:26,2026-05-21,2,乒乓球厅-7号,14:00-15:00,0,1,可预约,￥5.0,晴,17,12,5,0.0,86,29
2026-05-21 00:30:49,2026-05-21,2,乒乓球厅-7号,15:00-16:00,0,1,可预约,￥5.0,多云,15,13,3,0.0,100,26
2026-05-21 01:00:55,2026-05-21,2,乒乓球厅-7号,15:00-16:00,0,1,可预约,￥5.0,多云,15,12,4,0.0,100,26
2026-05-21 01:30:47,2026-05-21,2,乒乓球厅-7号,15:00-16:00,0,1,可预约,￥5.0,多云,15,13,4,0.0,100,28
2026-05-21 02:00:53,2026-05-21,2,乒乓球厅-7号,15:00-16:00,0,1,可预约,￥5.0,多云,15,12,4,0.0,100,28
2026-05-21 02:30:49,2026-05-21,2,乒乓球厅-7号,15:00-16:00,0,1,可预约,￥5.0,多云,15,14,3,0.0,100,29
2026-05-21 03:00:55,2026-05-21,2,乒乓球厅-7号,15:00-16:00,0,1,可预约,￥5.0,多云,15,12,4,0.0,100,29
2026-05-21 03:30:49,2026-05-21,2,乒乓球厅-7号,15:00-16:00,0,1,可预约,￥5.0,多云,15,14,3,0.0,100,30
2026-05-21 04:30:45,2026-05-21,2,乒乓球厅-7号,15:00-16:00,0,1,可预约,￥5.0,多云,15,12,4,0.0,100,29
2026-05-21 05:00:52,2026-05-21,2,乒乓球厅-7号,15:00-16:00,0,1,可预约,￥5.0,多云,15,12,4,0.0,100,29
2026-05-21 05:30:49,2026-05-21,2,乒乓球厅-7号,15:00-16:00,0,1,可预约,￥5.0,多云,15,13,3,0.0,100,28
2026-05-21 06:00:50,2026-05-21,2,乒乓球厅-7号,15:00-16:00,0,1,可预约,￥5.0,多云,15,13,4,0.0,99,28
2026-05-21 06:30:38,2026-05-21,2,乒乓球厅-7号,15:00-16:00,0,1,可预约,￥5.0,多云,15,13,3,0.0,97,28
2026-05-21 07:00:43,2026-05-21,2,乒乓球厅-7号,15:00-16:00,0,1,可预约,￥5.0,晴,15,11,5,0.0,93,28
2026-05-21 07:30:39,2026-05-21,2,乒乓球厅-7号,15:00-16:00,0,1,可预约,￥5.0,晴,17,13,4,0.0,89,29
2026-05-21 07:50:40,2026-05-21,2,乒乓球厅-7号,15:00-16:00,0,1,可预约,￥5.0,晴,17,13,4,0.0,88,29
2026-05-21 07:53:31,2026-05-21,2,乒乓球厅-7号,15:00-16:00,0,1,可预约,￥5.0,晴,17,12,5,0.0,86,29
2026-05-21 07:56:31,2026-05-21,2,乒乓球厅-7号,15:00-16:00,0,1,可预约,￥5.0,晴,17,12,5,0.0,86,29
2026-05-21 07:59:26,2026-05-21,2,乒乓球厅-7号,15:00-16:00,0,1,可预约,￥5.0,晴,17,12,5,0.0,86,29
2026-05-21 00:30:49,2026-05-21,2,乒乓球厅-7号,16:00-17:00,0,1,可预约,￥5.0,多云,15,13,3,0.0,100,26
2026-05-21 01:00:55,2026-05-21,2,乒乓球厅-7号,16:00-17:00,0,1,可预约,￥5.0,多云,15,12,4,0.0,100,26
2026-05-21 01:30:47,2026-05-21,2,乒乓球厅-7号,16:00-17:00,0,1,可预约,￥5.0,多云,15,13,4,0.0,100,28
2026-05-21 02:00:53,2026-05-21,2,乒乓球厅-7号,16:00-17:00,0,1,可预约,￥5.0,多云,15,12,4,0.0,100,28
2026-05-21 02:30:49,2026-05-21,2,乒乓球厅-7号,16:00-17:00,0,1,可预约,￥5.0,多云,15,14,3,0.0,100,29
2026-05-21 03:00:55,2026-05-21,2,乒乓球厅-7号,16:00-17:00,0,1,可预约,￥5.0,多云,15,12,4,0.0,100,29
2026-05-21 03:30:49,2026-05-21,2,乒乓球厅-7号,16:00-17:00,0,1,可预约,￥5.0,多云,15,14,3,0.0,100,30
2026-05-21 04:30:45,2026-05-21,2,乒乓球厅-7号,16:00-17:00,0,1,可预约,￥5.0,多云,15,12,4,0.0,100,29
2026-05-21 05:00:52,2026-05-21,2,乒乓球厅-7号,16:00-17:00,0,1,可预约,￥5.0,多云,15,12,4,0.0,100,29
2026-05-21 05:30:49,2026-05-21,2,乒乓球厅-7号,16:00-17:00,0,1,可预约,￥5.0,多云,15,13,3,0.0,100,28
2026-05-21 06:00:50,2026-05-21,2,乒乓球厅-7号,16:00-17:00,0,1,可预约,￥5.0,多云,15,13,4,0.0,99,28
2026-05-21 06:30:38,2026-05-21,2,乒乓球厅-7号,16:00-17:00,0,1,可预约,￥5.0,多云,15,13,3,0.0,97,28
2026-05-21 07:00:43,2026-05-21,2,乒乓球厅-7号,16:00-17:00,0,1,可预约,￥5.0,晴,15,11,5,0.0,93,28
2026-05-21 07:30:39,2026-05-21,2,乒乓球厅-7号,16:00-17:00,0,1,可预约,￥5.0,晴,17,13,4,0.0,89,29
2026-05-21 07:50:40,2026-05-21,2,乒乓球厅-7号,16:00-17:00,0,1,可预约,￥5.0,晴,17,13,4,0.0,88,29
2026-05-21 07:53:31,2026-05-21,2,乒乓球厅-7号,16:00-17:00,0,1,可预约,￥5.0,晴,17,12,5,0.0,86,29
2026-05-21 07:56:31,2026-05-21,2,乒乓球厅-7号,16:00-17:00,0,1,可预约,￥5.0,晴,17,12,5,0.0,86,29
2026-05-21 07:59:26,2026-05-21,2,乒乓球厅-7号,16:00-17:00,0,1,可预约,￥5.0,晴,17,12,5,0.0,86,29
2026-05-21 00:30:49,2026-05-21,2,乒乓球厅-7号,17:00-18:00,0,1,可预约,￥5.0,多云,15,13,3,0.0,100,26
2026-05-21 01:00:55,2026-05-21,2,乒乓球厅-7号,17:00-18:00,0,1,可预约,￥5.0,多云,15,12,4,0.0,100,26
2026-05-21 01:30:47,2026-05-21,2,乒乓球厅-7号,17:00-18:00,0,1,可预约,￥5.0,多云,15,13,4,0.0,100,28
2026-05-21 02:00:53,2026-05-21,2,乒乓球厅-7号,17:00-18:00,0,1,可预约,￥5.0,多云,15,12,4,0.0,100,28
2026-05-21 02:30:49,2026-05-21,2,乒乓球厅-7号,17:00-18:00,0,1,可预约,￥5.0,多云,15,14,3,0.0,100,29
2026-05-21 03:00:55,2026-05-21,2,乒乓球厅-7号,17:00-18:00,0,1,可预约,￥5.0,多云,15,12,4,0.0,100,29
2026-05-21 03:30:49,2026-05-21,2,乒乓球厅-7号,17:00-18:00,0,1,可预约,￥5.0,多云,15,14,3,0.0,100,30
2026-05-21 04:30:45,2026-05-21,2,乒乓球厅-7号,17:00-18:00,0,1,可预约,￥5.0,多云,15,12,4,0.0,100,29
2026-05-21 05:00:52,2026-05-21,2,乒乓球厅-7号,17:00-18:00,0,1,可预约,￥5.0,多云,15,12,4,0.0,100,29
2026-05-21 05:30:49,2026-05-21,2,乒乓球厅-7号,17:00-18:00,0,1,可预约,￥5.0,多云,15,13,3,0.0,100,28
2026-05-21 06:00:50,2026-05-21,2,乒乓球厅-7号,17:00-18:00,0,1,可预约,￥5.0,多云,15,13,4,0.0,99,28
2026-05-21 06:30:38,2026-05-21,2,乒乓球厅-7号,17:00-18:00,0,1,可预约,￥5.0,多云,15,13,3,0.0,97,28
2026-05-21 07:00:43,2026-05-21,2,乒乓球厅-7号,17:00-18:00,0,1,可预约,￥5.0,晴,15,11,5,0.0,93,28
2026-05-21 07:30:39,2026-05-21,2,乒乓球厅-7号,17:00-18:00,0,1,可预约,￥5.0,晴,17,13,4,0.0,89,29
2026-05-21 07:50:40,2026-05-21,2,乒乓球厅-7号,17:00-18:00,0,1,可预约,￥5.0,晴,17,13,4,0.0,88,29
2026-05-21 07:53:31,2026-05-21,2,乒乓球厅-7号,17:00-18:00,0,1,可预约,￥5.0,晴,17,12,5,0.0,86,29
2026-05-21 07:56:31,2026-05-21,2,乒乓球厅-7号,17:00-18:00,0,1,可预约,￥5.0,晴,17,12,5,0.0,86,29
2026-05-21 07:59:26,2026-05-21,2,乒乓球厅-7号,17:00-18:00,0,1,可预约,￥5.0,晴,17,12,5,0.0,86,29
2026-05-21 00:30:49,2026-05-21,2,乒乓球厅-7号,18:30-19:30,0,1,可预约,￥5.0,多云,15,13,3,0.0,100,26
2026-05-21 01:00:55,2026-05-21,2,乒乓球厅-7号,18:30-19:30,0,1,可预约,￥5.0,多云,15,12,4,0.0,100,26
2026-05-21 01:30:47,2026-05-21,2,乒乓球厅-7号,18:30-19:30,0,1,可预约,￥5.0,多云,15,13,4,0.0,100,28
2026-05-21 02:00:53,2026-05-21,2,乒乓球厅-7号,18:30-19:30,0,1,可预约,￥5.0,多云,15,12,4,0.0,100,28
2026-05-21 02:30:49,2026-05-21,2,乒乓球厅-7号,18:30-19:30,0,1,可预约,￥5.0,多云,15,14,3,0.0,100,29
2026-05-21 03:00:55,2026-05-21,2,乒乓球厅-7号,18:30-19:30,0,1,可预约,￥5.0,多云,15,12,4,0.0,100,29
2026-05-21 03:30:49,2026-05-21,2,乒乓球厅-7号,18:30-19:30,0,1,可预约,￥5.0,多云,15,14,3,0.0,100,30
2026-05-21 04:30:45,2026-05-21,2,乒乓球厅-7号,18:30-19:30,0,1,可预约,￥5.0,多云,15,12,4,0.0,100,29
2026-05-21 05:00:52,2026-05-21,2,乒乓球厅-7号,18:30-19:30,0,1,可预约,￥5.0,多云,15,12,4,0.0,100,29
2026-05-21 05:30:49,2026-05-21,2,乒乓球厅-7号,18:30-19:30,0,1,可预约,￥5.0,多云,15,13,3,0.0,100,28
2026-05-21 06:00:50,2026-05-21,2,乒乓球厅-7号,18:30-19:30,0,1,可预约,￥5.0,多云,15,13,4,0.0,99,28
2026-05-21 06:30:38,2026-05-21,2,乒乓球厅-7号,18:30-19:30,0,1,可预约,￥5.0,多云,15,13,3,0.0,97,28
2026-05-21 07:00:43,2026-05-21,2,乒乓球厅-7号,18:30-19:30,0,1,可预约,￥5.0,晴,15,11,5,0.0,93,28
2026-05-21 07:30:39,2026-05-21,2,乒乓球厅-7号,18:30-19:30,0,1,可预约,￥5.0,晴,17,13,4,0.0,89,29
2026-05-21 07:50:40,2026-05-21,2,乒乓球厅-7号,18:30-19:30,0,1,可预约,￥5.0,晴,17,13,4,0.0,88,29
2026-05-21 07:53:31,2026-05-21,2,乒乓球厅-7号,18:30-19:30,0,1,可预约,￥5.0,晴,17,12,5,0.0,86,29
2026-05-21 07:56:31,2026-05-21,2,乒乓球厅-7号,18:30-19:30,0,1,可预约,￥5.0,晴,17,12,5,0.0,86,29
2026-05-21 07:59:26,2026-05-21,2,乒乓球厅-7号,18:30-19:30,0,1,可预约,￥5.0,晴,17,12,5,0.0,86,29
2026-05-21 00:30:49,2026-05-21,2,乒乓球厅-7号,19:30-20:30,0,1,可预约,￥5.0,多云,15,13,3,0.0,100,26
2026-05-21 01:00:55,2026-05-21,2,乒乓球厅-7号,19:30-20:30,0,1,可预约,￥5.0,多云,15,12,4,0.0,100,26
2026-05-21 01:30:47,2026-05-21,2,乒乓球厅-7号,19:30-20:30,0,1,可预约,￥5.0,多云,15,13,4,0.0,100,28
2026-05-21 02:00:53,2026-05-21,2,乒乓球厅-7号,19:30-20:30,0,1,可预约,￥5.0,多云,15,12,4,0.0,100,28
2026-05-21 02:30:49,2026-05-21,2,乒乓球厅-7号,19:30-20:30,0,1,可预约,￥5.0,多云,15,14,3,0.0,100,29
2026-05-21 03:00:55,2026-05-21,2,乒乓球厅-7号,19:30-20:30,0,1,可预约,￥5.0,多云,15,12,4,0.0,100,29
2026-05-21 03:30:49,2026-05-21,2,乒乓球厅-7号,19:30-20:30,0,1,可预约,￥5.0,多云,15,14,3,0.0,100,30
2026-05-21 04:30:45,2026-05-21,2,乒乓球厅-7号,19:30-20:30,0,1,可预约,￥5.0,多云,15,12,4,0.0,100,29
2026-05-21 05:00:52,2026-05-21,2,乒乓球厅-7号,19:30-20:30,0,1,可预约,￥5.0,多云,15,12,4,0.0,100,29
2026-05-21 05:30:49,2026-05-21,2,乒乓球厅-7号,19:30-20:30,0,1,可预约,￥5.0,多云,15,13,3,0.0,100,28
2026-05-21 06:00:50,2026-05-21,2,乒乓球厅-7号,19:30-20:30,0,1,可预约,￥5.0,多云,15,13,4,0.0,99,28
2026-05-21 06:30:38,2026-05-21,2,乒乓球厅-7号,19:30-20:30,0,1,可预约,￥5.0,多云,15,13,3,0.0,97,28
2026-05-21 07:00:43,2026-05-21,2,乒乓球厅-7号,19:30-20:30,0,1,可预约,￥5.0,晴,15,11,5,0.0,93,28
2026-05-21 07:30:39,2026-05-21,2,乒乓球厅-7号,19:30-20:30,0,1,可预约,￥5.0,晴,17,13,4,0.0,89,29
2026-05-21 07:50:40,2026-05-21,2,乒乓球厅-7号,19:30-20:30,0,1,可预约,￥5.0,晴,17,13,4,0.0,88,29
2026-05-21 07:53:31,2026-05-21,2,乒乓球厅-7号,19:30-20:30,0,1,可预约,￥5.0,晴,17,12,5,0.0,86,29
2026-05-21 07:56:31,2026-05-21,2,乒乓球厅-7号,19:30-20:30,0,1,可预约,￥5.0,晴,17,12,5,0.0,86,29
2026-05-21 07:59:26,2026-05-21,2,乒乓球厅-7号,19:30-20:30,0,1,可预约,￥5.0,晴,17,12,5,0.0,86,29
2026-05-21 00:30:49,2026-05-21,2,乒乓球厅-7号,20:30-21:30,0,1,可预约,￥5.0,多云,15,13,3,0.0,100,26
2026-05-21 01:00:55,2026-05-21,2,乒乓球厅-7号,20:30-21:30,0,1,可预约,￥5.0,多云,15,12,4,0.0,100,26
2026-05-21 01:30:47,2026-05-21,2,乒乓球厅-7号,20:30-21:30,0,1,可预约,￥5.0,多云,15,13,4,0.0,100,28
2026-05-21 02:00:53,2026-05-21,2,乒乓球厅-7号,20:30-21:30,0,1,可预约,￥5.0,多云,15,12,4,0.0,100,28
2026-05-21 02:30:49,2026-05-21,2,乒乓球厅-7号,20:30-21:30,0,1,可预约,￥5.0,多云,15,14,3,0.0,100,29
2026-05-21 03:00:55,2026-05-21,2,乒乓球厅-7号,20:30-21:30,0,1,可预约,￥5.0,多云,15,12,4,0.0,100,29
2026-05-21 03:30:49,2026-05-21,2,乒乓球厅-7号,20:30-21:30,0,1,可预约,￥5.0,多云,15,14,3,0.0,100,30
2026-05-21 04:30:45,2026-05-21,2,乒乓球厅-7号,20:30-21:30,0,1,可预约,￥5.0,多云,15,12,4,0.0,100,29
2026-05-21 05:00:52,2026-05-21,2,乒乓球厅-7号,20:30-21:30,0,1,可预约,￥5.0,多云,15,12,4,0.0,100,29
2026-05-21 05:30:49,2026-05-21,2,乒乓球厅-7号,20:30-21:30,0,1,可预约,￥5.0,多云,15,13,3,0.0,100,28
2026-05-21 06:00:50,2026-05-21,2,乒乓球厅-7号,20:30-21:30,0,1,可预约,￥5.0,多云,15,13,4,0.0,99,28
2026-05-21 06:30:38,2026-05-21,2,乒乓球厅-7号,20:30-21:30,0,1,可预约,￥5.0,多云,15,13,3,0.0,97,28
2026-05-21 07:00:43,2026-05-21,2,乒乓球厅-7号,20:30-21:30,0,1,可预约,￥5.0,晴,15,11,5,0.0,93,28
2026-05-21 07:30:39,2026-05-21,2,乒乓球厅-7号,20:30-21:30,0,1,可预约,￥5.0,晴,17,13,4,0.0,89,29
2026-05-21 07:50:40,2026-05-21,2,乒乓球厅-7号,20:30-21:30,0,1,可预约,￥5.0,晴,17,13,4,0.0,88,29
2026-05-21 07:53:31,2026-05-21,2,乒乓球厅-7号,20:30-21:30,0,1,可预约,￥5.0,晴,17,12,5,0.0,86,29
2026-05-21 07:56:31,2026-05-21,2,乒乓球厅-7号,20:30-21:30,0,1,可预约,￥5.0,晴,17,12,5,0.0,86,29
2026-05-21 07:59:26,2026-05-21,2,乒乓球厅-7号,20:30-21:30,0,1,可预约,￥5.0,晴,17,12,5,0.0,86,29
2026-05-21 00:30:49,2026-05-21,2,乒乓球厅-8号,07:00-08:00,0,1,可预约,￥0.0,多云,15,13,3,0.0,100,26
2026-05-21 01:00:55,2026-05-21,2,乒乓球厅-8号,07:00-08:00,0,1,可预约,￥0.0,多云,15,12,4,0.0,100,26
2026-05-21 01:30:47,2026-05-21,2,乒乓球厅-8号,07:00-08:00,0,1,可预约,￥0.0,多云,15,13,4,0.0,100,28
2026-05-21 02:00:53,2026-05-21,2,乒乓球厅-8号,07:00-08:00,0,1,可预约,￥0.0,多云,15,12,4,0.0,100,28
2026-05-21 02:30:49,2026-05-21,2,乒乓球厅-8号,07:00-08:00,0,1,可预约,￥0.0,多云,15,14,3,0.0,100,29
2026-05-21 03:00:55,2026-05-21,2,乒乓球厅-8号,07:00-08:00,0,1,可预约,￥0.0,多云,15,12,4,0.0,100,29
2026-05-21 03:30:49,2026-05-21,2,乒乓球厅-8号,07:00-08:00,0,1,可预约,￥0.0,多云,15,14,3,0.0,100,30
2026-05-21 04:30:45,2026-05-21,2,乒乓球厅-8号,07:00-08:00,0,1,可预约,￥0.0,多云,15,12,4,0.0,100,29
2026-05-21 05:00:52,2026-05-21,2,乒乓球厅-8号,07:00-08:00,0,1,可预约,￥0.0,多云,15,12,4,0.0,100,29
2026-05-21 05:30:49,2026-05-21,2,乒乓球厅-8号,07:00-08:00,0,1,可预约,￥0.0,多云,15,13,3,0.0,100,28
2026-05-21 06:00:50,2026-05-21,2,乒乓球厅-8号,07:00-08:00,0,1,可预约,￥0.0,多云,15,13,4,0.0,99,28
2026-05-21 06:30:38,2026-05-21,2,乒乓球厅-8号,07:00-08:00,0,1,可预约,￥0.0,多云,15,13,3,0.0,97,28
2026-05-21 07:00:43,2026-05-21,2,乒乓球厅-8号,07:00-08:00,0,1,可预约,￥0.0,晴,15,11,5,0.0,93,28
2026-05-21 07:30:39,2026-05-21,2,乒乓球厅-8号,07:00-08:00,0,1,可预约,￥0.0,晴,17,13,4,0.0,89,29
2026-05-21 07:50:40,2026-05-21,2,乒乓球厅-8号,07:00-08:00,0,1,可预约,￥0.0,晴,17,13,4,0.0,88,29
2026-05-21 07:53:31,2026-05-21,2,乒乓球厅-8号,07:00-08:00,0,1,可预约,￥0.0,晴,17,12,5,0.0,86,29
2026-05-21 07:56:31,2026-05-21,2,乒乓球厅-8号,07:00-08:00,0,1,可预约,￥0.0,晴,17,12,5,0.0,86,29
2026-05-21 07:59:26,2026-05-21,2,乒乓球厅-8号,07:00-08:00,0,1,可预约,￥0.0,晴,17,12,5,0.0,86,29
2026-05-21 00:30:49,2026-05-21,2,乒乓球厅-8号,08:00-09:00,0,1,可预约,￥0.0,多云,15,13,3,0.0,100,26
2026-05-21 01:00:55,2026-05-21,2,乒乓球厅-8号,08:00-09:00,0,1,可预约,￥0.0,多云,15,12,4,0.0,100,26
2026-05-21 01:30:47,2026-05-21,2,乒乓球厅-8号,08:00-09:00,0,1,可预约,￥0.0,多云,15,13,4,0.0,100,28
2026-05-21 02:00:53,2026-05-21,2,乒乓球厅-8号,08:00-09:00,0,1,可预约,￥0.0,多云,15,12,4,0.0,100,28
2026-05-21 02:30:49,2026-05-21,2,乒乓球厅-8号,08:00-09:00,0,1,可预约,￥0.0,多云,15,14,3,0.0,100,29
2026-05-21 03:00:55,2026-05-21,2,乒乓球厅-8号,08:00-09:00,0,1,可预约,￥0.0,多云,15,12,4,0.0,100,29
2026-05-21 03:30:49,2026-05-21,2,乒乓球厅-8号,08:00-09:00,0,1,可预约,￥0.0,多云,15,14,3,0.0,100,30
2026-05-21 04:30:45,2026-05-21,2,乒乓球厅-8号,08:00-09:00,0,1,可预约,￥0.0,多云,15,12,4,0.0,100,29
2026-05-21 05:00:52,2026-05-21,2,乒乓球厅-8号,08:00-09:00,0,1,可预约,￥0.0,多云,15,12,4,0.0,100,29
2026-05-21 05:30:49,2026-05-21,2,乒乓球厅-8号,08:00-09:00,0,1,可预约,￥0.0,多云,15,13,3,0.0,100,28
2026-05-21 06:00:50,2026-05-21,2,乒乓球厅-8号,08:00-09:00,0,1,可预约,￥0.0,多云,15,13,4,0.0,99,28
2026-05-21 06:30:38,2026-05-21,2,乒乓球厅-8号,08:00-09:00,0,1,可预约,￥0.0,多云,15,13,3,0.0,97,28
2026-05-21 07:00:43,2026-05-21,2,乒乓球厅-8号,08:00-09:00,0,1,可预约,￥0.0,晴,15,11,5,0.0,93,28
2026-05-21 07:30:39,2026-05-21,2,乒乓球厅-8号,08:00-09:00,0,1,可预约,￥0.0,晴,17,13,4,0.0,89,29
2026-05-21 07:50:40,2026-05-21,2,乒乓球厅-8号,08:00-09:00,0,1,可预约,￥0.0,晴,17,13,4,0.0,88,29
2026-05-21 07:53:31,2026-05-21,2,乒乓球厅-8号,08:00-09:00,0,1,可预约,￥0.0,晴,17,12,5,0.0,86,29
2026-05-21 07:56:31,2026-05-21,2,乒乓球厅-8号,08:00-09:00,0,1,可预约,￥0.0,晴,17,12,5,0.0,86,29
2026-05-21 07:59:26,2026-05-21,2,乒乓球厅-8号,08:00-09:00,0,1,可预约,￥0.0,晴,17,12,5,0.0,86,29
2026-05-21 00:30:49,2026-05-21,2,乒乓球厅-8号,09:00-10:00,0,1,可预约,￥5.0,多云,15,13,3,0.0,100,26
2026-05-21 01:00:55,2026-05-21,2,乒乓球厅-8号,09:00-10:00,0,1,可预约,￥5.0,多云,15,12,4,0.0,100,26
2026-05-21 01:30:47,2026-05-21,2,乒乓球厅-8号,09:00-10:00,0,1,可预约,￥5.0,多云,15,13,4,0.0,100,28
2026-05-21 02:00:53,2026-05-21,2,乒乓球厅-8号,09:00-10:00,0,1,可预约,￥5.0,多云,15,12,4,0.0,100,28
2026-05-21 02:30:49,2026-05-21,2,乒乓球厅-8号,09:00-10:00,0,1,可预约,￥5.0,多云,15,14,3,0.0,100,29
2026-05-21 03:00:55,2026-05-21,2,乒乓球厅-8号,09:00-10:00,0,1,可预约,￥5.0,多云,15,12,4,0.0,100,29
2026-05-21 03:30:49,2026-05-21,2,乒乓球厅-8号,09:00-10:00,0,1,可预约,￥5.0,多云,15,14,3,0.0,100,30
2026-05-21 04:30:45,2026-05-21,2,乒乓球厅-8号,09:00-10:00,0,1,可预约,￥5.0,多云,15,12,4,0.0,100,29
2026-05-21 05:00:52,2026-05-21,2,乒乓球厅-8号,09:00-10:00,0,1,可预约,￥5.0,多云,15,12,4,0.0,100,29
2026-05-21 05:30:49,2026-05-21,2,乒乓球厅-8号,09:00-10:00,0,1,可预约,￥5.0,多云,15,13,3,0.0,100,28
2026-05-21 06:00:50,2026-05-21,2,乒乓球厅-8号,09:00-10:00,0,1,可预约,￥5.0,多云,15,13,4,0.0,99,28
2026-05-21 06:30:38,2026-05-21,2,乒乓球厅-8号,09:00-10:00,0,1,可预约,￥5.0,多云,15,13,3,0.0,97,28
2026-05-21 07:00:43,2026-05-21,2,乒乓球厅-8号,09:00-10:00,0,1,可预约,￥5.0,晴,15,11,5,0.0,93,28
2026-05-21 07:30:39,2026-05-21,2,乒乓球厅-8号,09:00-10:00,0,1,可预约,￥5.0,晴,17,13,4,0.0,89,29
2026-05-21 07:50:40,2026-05-21,2,乒乓球厅-8号,09:00-10:00,0,1,可预约,￥5.0,晴,17,13,4,0.0,88,29
2026-05-21 07:53:31,2026-05-21,2,乒乓球厅-8号,09:00-10:00,0,1,可预约,￥5.0,晴,17,12,5,0.0,86,29
2026-05-21 07:56:31,2026-05-21,2,乒乓球厅-8号,09:00-10:00,0,1,可预约,￥5.0,晴,17,12,5,0.0,86,29
2026-05-21 07:59:26,2026-05-21,2,乒乓球厅-8号,09:00-10:00,0,1,可预约,￥5.0,晴,17,12,5,0.0,86,29
2026-05-21 00:30:49,2026-05-21,2,乒乓球厅-8号,10:00-11:00,1,1,已售/已满,教学时间,多云,15,13,3,0.0,100,26
2026-05-21 01:00:55,2026-05-21,2,乒乓球厅-8号,10:00-11:00,1,1,已售/已满,教学时间,多云,15,12,4,0.0,100,26
2026-05-21 01:30:47,2026-05-21,2,乒乓球厅-8号,10:00-11:00,1,1,已售/已满,教学时间,多云,15,13,4,0.0,100,28
2026-05-21 02:00:53,2026-05-21,2,乒乓球厅-8号,10:00-11:00,1,1,已售/已满,教学时间,多云,15,12,4,0.0,100,28
2026-05-21 02:30:49,2026-05-21,2,乒乓球厅-8号,10:00-11:00,1,1,已售/已满,教学时间,多云,15,14,3,0.0,100,29
2026-05-21 03:00:55,2026-05-21,2,乒乓球厅-8号,10:00-11:00,1,1,已售/已满,教学时间,多云,15,12,4,0.0,100,29
2026-05-21 03:30:49,2026-05-21,2,乒乓球厅-8号,10:00-11:00,1,1,已售/已满,教学时间,多云,15,14,3,0.0,100,30
2026-05-21 04:30:45,2026-05-21,2,乒乓球厅-8号,10:00-11:00,1,1,已售/已满,教学时间,多云,15,12,4,0.0,100,29
2026-05-21 05:00:52,2026-05-21,2,乒乓球厅-8号,10:00-11:00,1,1,已售/已满,教学时间,多云,15,12,4,0.0,100,29
2026-05-21 05:30:49,2026-05-21,2,乒乓球厅-8号,10:00-11:00,1,1,已售/已满,教学时间,多云,15,13,3,0.0,100,28
2026-05-21 06:00:50,2026-05-21,2,乒乓球厅-8号,10:00-11:00,1,1,已售/已满,教学时间,多云,15,13,4,0.0,99,28
2026-05-21 06:30:38,2026-05-21,2,乒乓球厅-8号,10:00-11:00,1,1,已售/已满,教学时间,多云,15,13,3,0.0,97,28
2026-05-21 07:00:43,2026-05-21,2,乒乓球厅-8号,10:00-11:00,1,1,已售/已满,教学时间,晴,15,11,5,0.0,93,28
2026-05-21 07:30:39,2026-05-21,2,乒乓球厅-8号,10:00-11:00,1,1,已售/已满,教学时间,晴,17,13,4,0.0,89,29
2026-05-21 07:50:40,2026-05-21,2,乒乓球厅-8号,10:00-11:00,1,1,已售/已满,教学时间,晴,17,13,4,0.0,88,29
2026-05-21 07:53:31,2026-05-21,2,乒乓球厅-8号,10:00-11:00,1,1,已售/已满,教学时间,晴,17,12,5,0.0,86,29
2026-05-21 07:56:31,2026-05-21,2,乒乓球厅-8号,10:00-11:00,1,1,已售/已满,教学时间,晴,17,12,5,0.0,86,29
2026-05-21 07:59:26,2026-05-21,2,乒乓球厅-8号,10:00-11:00,1,1,已售/已满,教学时间,晴,17,12,5,0.0,86,29
2026-05-21 00:30:49,2026-05-21,2,乒乓球厅-8号,11:00-12:00,1,1,已售/已满,教学时间,多云,15,13,3,0.0,100,26
2026-05-21 01:00:55,2026-05-21,2,乒乓球厅-8号,11:00-12:00,1,1,已售/已满,教学时间,多云,15,12,4,0.0,100,26
2026-05-21 01:30:47,2026-05-21,2,乒乓球厅-8号,11:00-12:00,1,1,已售/已满,教学时间,多云,15,13,4,0.0,100,28
2026-05-21 02:00:53,2026-05-21,2,乒乓球厅-8号,11:00-12:00,1,1,已售/已满,教学时间,多云,15,12,4,0.0,100,28
2026-05-21 02:30:49,2026-05-21,2,乒乓球厅-8号,11:00-12:00,1,1,已售/已满,教学时间,多云,15,14,3,0.0,100,29
2026-05-21 03:00:55,2026-05-21,2,乒乓球厅-8号,11:00-12:00,1,1,已售/已满,教学时间,多云,15,12,4,0.0,100,29
2026-05-21 03:30:49,2026-05-21,2,乒乓球厅-8号,11:00-12:00,1,1,已售/已满,教学时间,多云,15,14,3,0.0,100,30
2026-05-21 04:30:45,2026-05-21,2,乒乓球厅-8号,11:00-12:00,1,1,已售/已满,教学时间,多云,15,12,4,0.0,100,29
2026-05-21 05:00:52,2026-05-21,2,乒乓球厅-8号,11:00-12:00,1,1,已售/已满,教学时间,多云,15,12,4,0.0,100,29
2026-05-21 05:30:49,2026-05-21,2,乒乓球厅-8号,11:00-12:00,1,1,已售/已满,教学时间,多云,15,13,3,0.0,100,28
2026-05-21 06:00:50,2026-05-21,2,乒乓球厅-8号,11:00-12:00,1,1,已售/已满,教学时间,多云,15,13,4,0.0,99,28
2026-05-21 06:30:38,2026-05-21,2,乒乓球厅-8号,11:00-12:00,1,1,已售/已满,教学时间,多云,15,13,3,0.0,97,28
2026-05-21 07:00:43,2026-05-21,2,乒乓球厅-8号,11:00-12:00,1,1,已售/已满,教学时间,晴,15,11,5,0.0,93,28
2026-05-21 07:30:39,2026-05-21,2,乒乓球厅-8号,11:00-12:00,1,1,已售/已满,教学时间,晴,17,13,4,0.0,89,29
2026-05-21 07:50:40,2026-05-21,2,乒乓球厅-8号,11:00-12:00,1,1,已售/已满,教学时间,晴,17,13,4,0.0,88,29
2026-05-21 07:53:31,2026-05-21,2,乒乓球厅-8号,11:00-12:00,1,1,已售/已满,教学时间,晴,17,12,5,0.0,86,29
2026-05-21 07:56:31,2026-05-21,2,乒乓球厅-8号,11:00-12:00,1,1,已售/已满,教学时间,晴,17,12,5,0.0,86,29
2026-05-21 07:59:26,2026-05-21,2,乒乓球厅-8号,11:00-12:00,1,1,已售/已满,教学时间,晴,17,12,5,0.0,86,29
2026-05-21 00:30:49,2026-05-21,2,乒乓球厅-8号,12:00-12:55,0,1,可预约,￥0.0,多云,15,13,3,0.0,100,26
2026-05-21 01:00:55,2026-05-21,2,乒乓球厅-8号,12:00-12:55,0,1,可预约,￥0.0,多云,15,12,4,0.0,100,26
2026-05-21 01:30:47,2026-05-21,2,乒乓球厅-8号,12:00-12:55,0,1,可预约,￥0.0,多云,15,13,4,0.0,100,28
2026-05-21 02:00:53,2026-05-21,2,乒乓球厅-8号,12:00-12:55,0,1,可预约,￥0.0,多云,15,12,4,0.0,100,28
2026-05-21 02:30:49,2026-05-21,2,乒乓球厅-8号,12:00-12:55,0,1,可预约,￥0.0,多云,15,14,3,0.0,100,29
2026-05-21 03:00:55,2026-05-21,2,乒乓球厅-8号,12:00-12:55,0,1,可预约,￥0.0,多云,15,12,4,0.0,100,29
2026-05-21 03:30:49,2026-05-21,2,乒乓球厅-8号,12:00-12:55,0,1,可预约,￥0.0,多云,15,14,3,0.0,100,30
2026-05-21 04:30:45,2026-05-21,2,乒乓球厅-8号,12:00-12:55,0,1,可预约,￥0.0,多云,15,12,4,0.0,100,29
2026-05-21 05:00:52,2026-05-21,2,乒乓球厅-8号,12:00-12:55,0,1,可预约,￥0.0,多云,15,12,4,0.0,100,29
2026-05-21 05:30:49,2026-05-21,2,乒乓球厅-8号,12:00-12:55,0,1,可预约,￥0.0,多云,15,13,3,0.0,100,28
2026-05-21 06:00:50,2026-05-21,2,乒乓球厅-8号,12:00-12:55,0,1,可预约,￥0.0,多云,15,13,4,0.0,99,28
2026-05-21 06:30:38,2026-05-21,2,乒乓球厅-8号,12:00-12:55,0,1,可预约,￥0.0,多云,15,13,3,0.0,97,28
2026-05-21 07:00:43,2026-05-21,2,乒乓球厅-8号,12:00-12:55,0,1,可预约,￥0.0,晴,15,11,5,0.0,93,28
2026-05-21 07:30:39,2026-05-21,2,乒乓球厅-8号,12:00-12:55,0,1,可预约,￥0.0,晴,17,13,4,0.0,89,29
2026-05-21 07:50:40,2026-05-21,2,乒乓球厅-8号,12:00-12:55,0,1,可预约,￥0.0,晴,17,13,4,0.0,88,29
2026-05-21 07:53:31,2026-05-21,2,乒乓球厅-8号,12:00-12:55,0,1,可预约,￥0.0,晴,17,12,5,0.0,86,29
2026-05-21 07:56:31,2026-05-21,2,乒乓球厅-8号,12:00-12:55,0,1,可预约,￥0.0,晴,17,12,5,0.0,86,29
2026-05-21 07:59:26,2026-05-21,2,乒乓球厅-8号,12:00-12:55,0,1,可预约,￥0.0,晴,17,12,5,0.0,86,29
2026-05-21 00:30:49,2026-05-21,2,乒乓球厅-8号,12:55-13:50,0,1,可预约,￥0.0,多云,15,13,3,0.0,100,26
2026-05-21 01:00:55,2026-05-21,2,乒乓球厅-8号,12:55-13:50,0,1,可预约,￥0.0,多云,15,12,4,0.0,100,26
2026-05-21 01:30:47,2026-05-21,2,乒乓球厅-8号,12:55-13:50,0,1,可预约,￥0.0,多云,15,13,4,0.0,100,28
2026-05-21 02:00:53,2026-05-21,2,乒乓球厅-8号,12:55-13:50,0,1,可预约,￥0.0,多云,15,12,4,0.0,100,28
2026-05-21 02:30:49,2026-05-21,2,乒乓球厅-8号,12:55-13:50,0,1,可预约,￥0.0,多云,15,14,3,0.0,100,29
2026-05-21 03:00:55,2026-05-21,2,乒乓球厅-8号,12:55-13:50,0,1,可预约,￥0.0,多云,15,12,4,0.0,100,29
2026-05-21 03:30:49,2026-05-21,2,乒乓球厅-8号,12:55-13:50,0,1,可预约,￥0.0,多云,15,14,3,0.0,100,30
2026-05-21 04:30:45,2026-05-21,2,乒乓球厅-8号,12:55-13:50,0,1,可预约,￥0.0,多云,15,12,4,0.0,100,29
2026-05-21 05:00:52,2026-05-21,2,乒乓球厅-8号,12:55-13:50,0,1,可预约,￥0.0,多云,15,12,4,0.0,100,29
2026-05-21 05:30:49,2026-05-21,2,乒乓球厅-8号,12:55-13:50,0,1,可预约,￥0.0,多云,15,13,3,0.0,100,28
2026-05-21 06:00:50,2026-05-21,2,乒乓球厅-8号,12:55-13:50,0,1,可预约,￥0.0,多云,15,13,4,0.0,99,28
2026-05-21 06:30:38,2026-05-21,2,乒乓球厅-8号,12:55-13:50,0,1,可预约,￥0.0,多云,15,13,3,0.0,97,28
2026-05-21 07:00:43,2026-05-21,2,乒乓球厅-8号,12:55-13:50,0,1,可预约,￥0.0,晴,15,11,5,0.0,93,28
2026-05-21 07:30:39,2026-05-21,2,乒乓球厅-8号,12:55-13:50,0,1,可预约,￥0.0,晴,17,13,4,0.0,89,29
2026-05-21 07:50:40,2026-05-21,2,乒乓球厅-8号,12:55-13:50,0,1,可预约,￥0.0,晴,17,13,4,0.0,88,29
2026-05-21 07:53:31,2026-05-21,2,乒乓球厅-8号,12:55-13:50,0,1,可预约,￥0.0,晴,17,12,5,0.0,86,29
2026-05-21 07:56:31,2026-05-21,2,乒乓球厅-8号,12:55-13:50,0,1,可预约,￥0.0,晴,17,12,5,0.0,86,29
2026-05-21 07:59:26,2026-05-21,2,乒乓球厅-8号,12:55-13:50,0,1,可预约,￥0.0,晴,17,12,5,0.0,86,29
2026-05-21 00:30:49,2026-05-21,2,乒乓球厅-8号,14:00-15:00,0,1,可预约,￥5.0,多云,15,13,3,0.0,100,26
2026-05-21 01:00:55,2026-05-21,2,乒乓球厅-8号,14:00-15:00,0,1,可预约,￥5.0,多云,15,12,4,0.0,100,26
2026-05-21 01:30:47,2026-05-21,2,乒乓球厅-8号,14:00-15:00,0,1,可预约,￥5.0,多云,15,13,4,0.0,100,28
2026-05-21 02:00:53,2026-05-21,2,乒乓球厅-8号,14:00-15:00,0,1,可预约,￥5.0,多云,15,12,4,0.0,100,28
2026-05-21 02:30:49,2026-05-21,2,乒乓球厅-8号,14:00-15:00,0,1,可预约,￥5.0,多云,15,14,3,0.0,100,29
2026-05-21 03:00:55,2026-05-21,2,乒乓球厅-8号,14:00-15:00,0,1,可预约,￥5.0,多云,15,12,4,0.0,100,29
2026-05-21 03:30:49,2026-05-21,2,乒乓球厅-8号,14:00-15:00,0,1,可预约,￥5.0,多云,15,14,3,0.0,100,30
2026-05-21 04:30:45,2026-05-21,2,乒乓球厅-8号,14:00-15:00,0,1,可预约,￥5.0,多云,15,12,4,0.0,100,29
2026-05-21 05:00:52,2026-05-21,2,乒乓球厅-8号,14:00-15:00,0,1,可预约,￥5.0,多云,15,12,4,0.0,100,29
2026-05-21 05:30:49,2026-05-21,2,乒乓球厅-8号,14:00-15:00,0,1,可预约,￥5.0,多云,15,13,3,0.0,100,28
2026-05-21 06:00:50,2026-05-21,2,乒乓球厅-8号,14:00-15:00,0,1,可预约,￥5.0,多云,15,13,4,0.0,99,28
2026-05-21 06:30:38,2026-05-21,2,乒乓球厅-8号,14:00-15:00,0,1,可预约,￥5.0,多云,15,13,3,0.0,97,28
2026-05-21 07:00:43,2026-05-21,2,乒乓球厅-8号,14:00-15:00,0,1,可预约,￥5.0,晴,15,11,5,0.0,93,28
2026-05-21 07:30:39,2026-05-21,2,乒乓球厅-8号,14:00-15:00,0,1,可预约,￥5.0,晴,17,13,4,0.0,89,29
2026-05-21 07:50:40,2026-05-21,2,乒乓球厅-8号,14:00-15:00,0,1,可预约,￥5.0,晴,17,13,4,0.0,88,29
2026-05-21 07:53:31,2026-05-21,2,乒乓球厅-8号,14:00-15:00,0,1,可预约,￥5.0,晴,17,12,5,0.0,86,29
2026-05-21 07:56:31,2026-05-21,2,乒乓球厅-8号,14:00-15:00,0,1,可预约,￥5.0,晴,17,12,5,0.0,86,29
2026-05-21 07:59:26,2026-05-21,2,乒乓球厅-8号,14:00-15:00,0,1,可预约,￥5.0,晴,17,12,5,0.0,86,29
2026-05-21 00:30:49,2026-05-21,2,乒乓球厅-8号,15:00-16:00,0,1,可预约,￥5.0,多云,15,13,3,0.0,100,26
2026-05-21 01:00:55,2026-05-21,2,乒乓球厅-8号,15:00-16:00,0,1,可预约,￥5.0,多云,15,12,4,0.0,100,26
2026-05-21 01:30:47,2026-05-21,2,乒乓球厅-8号,15:00-16:00,0,1,可预约,￥5.0,多云,15,13,4,0.0,100,28
2026-05-21 02:00:53,2026-05-21,2,乒乓球厅-8号,15:00-16:00,0,1,可预约,￥5.0,多云,15,12,4,0.0,100,28
2026-05-21 02:30:49,2026-05-21,2,乒乓球厅-8号,15:00-16:00,0,1,可预约,￥5.0,多云,15,14,3,0.0,100,29
2026-05-21 03:00:55,2026-05-21,2,乒乓球厅-8号,15:00-16:00,0,1,可预约,￥5.0,多云,15,12,4,0.0,100,29
2026-05-21 03:30:49,2026-05-21,2,乒乓球厅-8号,15:00-16:00,0,1,可预约,￥5.0,多云,15,14,3,0.0,100,30
2026-05-21 04:30:45,2026-05-21,2,乒乓球厅-8号,15:00-16:00,0,1,可预约,￥5.0,多云,15,12,4,0.0,100,29
2026-05-21 05:00:52,2026-05-21,2,乒乓球厅-8号,15:00-16:00,0,1,可预约,￥5.0,多云,15,12,4,0.0,100,29
2026-05-21 05:30:49,2026-05-21,2,乒乓球厅-8号,15:00-16:00,0,1,可预约,￥5.0,多云,15,13,3,0.0,100,28
2026-05-21 06:00:50,2026-05-21,2,乒乓球厅-8号,15:00-16:00,0,1,可预约,￥5.0,多云,15,13,4,0.0,99,28
2026-05-21 06:30:38,2026-05-21,2,乒乓球厅-8号,15:00-16:00,0,1,可预约,￥5.0,多云,15,13,3,0.0,97,28
2026-05-21 07:00:43,2026-05-21,2,乒乓球厅-8号,15:00-16:00,0,1,可预约,￥5.0,晴,15,11,5,0.0,93,28
2026-05-21 07:30:39,2026-05-21,2,乒乓球厅-8号,15:00-16:00,0,1,可预约,￥5.0,晴,17,13,4,0.0,89,29
2026-05-21 07:50:40,2026-05-21,2,乒乓球厅-8号,15:00-16:00,0,1,可预约,￥5.0,晴,17,13,4,0.0,88,29
2026-05-21 07:53:31,2026-05-21,2,乒乓球厅-8号,15:00-16:00,0,1,可预约,￥5.0,晴,17,12,5,0.0,86,29
2026-05-21 07:56:31,2026-05-21,2,乒乓球厅-8号,15:00-16:00,0,1,可预约,￥5.0,晴,17,12,5,0.0,86,29
2026-05-21 07:59:26,2026-05-21,2,乒乓球厅-8号,15:00-16:00,0,1,可预约,￥5.0,晴,17,12,5,0.0,86,29
2026-05-21 00:30:49,2026-05-21,2,乒乓球厅-8号,16:00-17:00,0,1,可预约,￥5.0,多云,15,13,3,0.0,100,26
2026-05-21 01:00:55,2026-05-21,2,乒乓球厅-8号,16:00-17:00,0,1,可预约,￥5.0,多云,15,12,4,0.0,100,26
2026-05-21 01:30:47,2026-05-21,2,乒乓球厅-8号,16:00-17:00,0,1,可预约,￥5.0,多云,15,13,4,0.0,100,28
2026-05-21 02:00:53,2026-05-21,2,乒乓球厅-8号,16:00-17:00,0,1,可预约,￥5.0,多云,15,12,4,0.0,100,28
2026-05-21 02:30:49,2026-05-21,2,乒乓球厅-8号,16:00-17:00,0,1,可预约,￥5.0,多云,15,14,3,0.0,100,29
2026-05-21 03:00:55,2026-05-21,2,乒乓球厅-8号,16:00-17:00,0,1,可预约,￥5.0,多云,15,12,4,0.0,100,29
2026-05-21 03:30:49,2026-05-21,2,乒乓球厅-8号,16:00-17:00,0,1,可预约,￥5.0,多云,15,14,3,0.0,100,30
2026-05-21 04:30:45,2026-05-21,2,乒乓球厅-8号,16:00-17:00,0,1,可预约,￥5.0,多云,15,12,4,0.0,100,29
2026-05-21 05:00:52,2026-05-21,2,乒乓球厅-8号,16:00-17:00,0,1,可预约,￥5.0,多云,15,12,4,0.0,100,29
2026-05-21 05:30:49,2026-05-21,2,乒乓球厅-8号,16:00-17:00,0,1,可预约,￥5.0,多云,15,13,3,0.0,100,28
2026-05-21 06:00:50,2026-05-21,2,乒乓球厅-8号,16:00-17:00,0,1,可预约,￥5.0,多云,15,13,4,0.0,99,28
2026-05-21 06:30:38,2026-05-21,2,乒乓球厅-8号,16:00-17:00,0,1,可预约,￥5.0,多云,15,13,3,0.0,97,28
2026-05-21 07:00:43,2026-05-21,2,乒乓球厅-8号,16:00-17:00,0,1,可预约,￥5.0,晴,15,11,5,0.0,93,28
2026-05-21 07:30:39,2026-05-21,2,乒乓球厅-8号,16:00-17:00,0,1,可预约,￥5.0,晴,17,13,4,0.0,89,29
2026-05-21 07:50:40,2026-05-21,2,乒乓球厅-8号,16:00-17:00,0,1,可预约,￥5.0,晴,17,13,4,0.0,88,29
2026-05-21 07:53:31,2026-05-21,2,乒乓球厅-8号,16:00-17:00,0,1,可预约,￥5.0,晴,17,12,5,0.0,86,29
2026-05-21 07:56:31,2026-05-21,2,乒乓球厅-8号,16:00-17:00,0,1,可预约,￥5.0,晴,17,12,5,0.0,86,29
2026-05-21 07:59:26,2026-05-21,2,乒乓球厅-8号,16:00-17:00,0,1,可预约,￥5.0,晴,17,12,5,0.0,86,29
2026-05-21 00:30:49,2026-05-21,2,乒乓球厅-8号,17:00-18:00,0,1,可预约,￥5.0,多云,15,13,3,0.0,100,26
2026-05-21 01:00:55,2026-05-21,2,乒乓球厅-8号,17:00-18:00,0,1,可预约,￥5.0,多云,15,12,4,0.0,100,26
2026-05-21 01:30:47,2026-05-21,2,乒乓球厅-8号,17:00-18:00,0,1,可预约,￥5.0,多云,15,13,4,0.0,100,28
2026-05-21 02:00:53,2026-05-21,2,乒乓球厅-8号,17:00-18:00,0,1,可预约,￥5.0,多云,15,12,4,0.0,100,28
2026-05-21 02:30:49,2026-05-21,2,乒乓球厅-8号,17:00-18:00,0,1,可预约,￥5.0,多云,15,14,3,0.0,100,29
2026-05-21 03:00:55,2026-05-21,2,乒乓球厅-8号,17:00-18:00,0,1,可预约,￥5.0,多云,15,12,4,0.0,100,29
2026-05-21 03:30:49,2026-05-21,2,乒乓球厅-8号,17:00-18:00,0,1,可预约,￥5.0,多云,15,14,3,0.0,100,30
2026-05-21 04:30:45,2026-05-21,2,乒乓球厅-8号,17:00-18:00,0,1,可预约,￥5.0,多云,15,12,4,0.0,100,29
2026-05-21 05:00:52,2026-05-21,2,乒乓球厅-8号,17:00-18:00,0,1,可预约,￥5.0,多云,15,12,4,0.0,100,29
2026-05-21 05:30:49,2026-05-21,2,乒乓球厅-8号,17:00-18:00,0,1,可预约,￥5.0,多云,15,13,3,0.0,100,28
2026-05-21 06:00:50,2026-05-21,2,乒乓球厅-8号,17:00-18:00,0,1,可预约,￥5.0,多云,15,13,4,0.0,99,28
2026-05-21 06:30:38,2026-05-21,2,乒乓球厅-8号,17:00-18:00,0,1,可预约,￥5.0,多云,15,13,3,0.0,97,28
2026-05-21 07:00:43,2026-05-21,2,乒乓球厅-8号,17:00-18:00,0,1,可预约,￥5.0,晴,15,11,5,0.0,93,28
2026-05-21 07:30:39,2026-05-21,2,乒乓球厅-8号,17:00-18:00,0,1,可预约,￥5.0,晴,17,13,4,0.0,89,29
2026-05-21 07:50:40,2026-05-21,2,乒乓球厅-8号,17:00-18:00,0,1,可预约,￥5.0,晴,17,13,4,0.0,88,29
2026-05-21 07:53:31,2026-05-21,2,乒乓球厅-8号,17:00-18:00,0,1,可预约,￥5.0,晴,17,12,5,0.0,86,29
2026-05-21 07:56:31,2026-05-21,2,乒乓球厅-8号,17:00-18:00,0,1,可预约,￥5.0,晴,17,12,5,0.0,86,29
2026-05-21 07:59:26,2026-05-21,2,乒乓球厅-8号,17:00-18:00,0,1,可预约,￥5.0,晴,17,12,5,0.0,86,29
2026-05-21 00:30:49,2026-05-21,2,乒乓球厅-8号,18:30-19:30,0,1,可预约,￥5.0,多云,15,13,3,0.0,100,26
2026-05-21 01:00:55,2026-05-21,2,乒乓球厅-8号,18:30-19:30,0,1,可预约,￥5.0,多云,15,12,4,0.0,100,26
2026-05-21 01:30:47,2026-05-21,2,乒乓球厅-8号,18:30-19:30,0,1,可预约,￥5.0,多云,15,13,4,0.0,100,28
2026-05-21 02:00:53,2026-05-21,2,乒乓球厅-8号,18:30-19:30,0,1,可预约,￥5.0,多云,15,12,4,0.0,100,28
2026-05-21 02:30:49,2026-05-21,2,乒乓球厅-8号,18:30-19:30,0,1,可预约,￥5.0,多云,15,14,3,0.0,100,29
2026-05-21 03:00:55,2026-05-21,2,乒乓球厅-8号,18:30-19:30,0,1,可预约,￥5.0,多云,15,12,4,0.0,100,29
2026-05-21 03:30:49,2026-05-21,2,乒乓球厅-8号,18:30-19:30,0,1,可预约,￥5.0,多云,15,14,3,0.0,100,30
2026-05-21 04:30:45,2026-05-21,2,乒乓球厅-8号,18:30-19:30,0,1,可预约,￥5.0,多云,15,12,4,0.0,100,29
2026-05-21 05:00:52,2026-05-21,2,乒乓球厅-8号,18:30-19:30,0,1,可预约,￥5.0,多云,15,12,4,0.0,100,29
2026-05-21 05:30:49,2026-05-21,2,乒乓球厅-8号,18:30-19:30,0,1,可预约,￥5.0,多云,15,13,3,0.0,100,28
2026-05-21 06:00:50,2026-05-21,2,乒乓球厅-8号,18:30-19:30,0,1,可预约,￥5.0,多云,15,13,4,0.0,99,28
2026-05-21 06:30:38,2026-05-21,2,乒乓球厅-8号,18:30-19:30,0,1,可预约,￥5.0,多云,15,13,3,0.0,97,28
2026-05-21 07:00:43,2026-05-21,2,乒乓球厅-8号,18:30-19:30,0,1,可预约,￥5.0,晴,15,11,5,0.0,93,28
2026-05-21 07:30:39,2026-05-21,2,乒乓球厅-8号,18:30-19:30,0,1,可预约,￥5.0,晴,17,13,4,0.0,89,29
2026-05-21 07:50:40,2026-05-21,2,乒乓球厅-8号,18:30-19:30,0,1,可预约,￥5.0,晴,17,13,4,0.0,88,29
2026-05-21 07:53:31,2026-05-21,2,乒乓球厅-8号,18:30-19:30,0,1,可预约,￥5.0,晴,17,12,5,0.0,86,29
2026-05-21 07:56:31,2026-05-21,2,乒乓球厅-8号,18:30-19:30,0,1,可预约,￥5.0,晴,17,12,5,0.0,86,29
2026-05-21 07:59:26,2026-05-21,2,乒乓球厅-8号,18:30-19:30,0,1,可预约,￥5.0,晴,17,12,5,0.0,86,29
2026-05-21 00:30:49,2026-05-21,2,乒乓球厅-8号,19:30-20:30,0,1,可预约,￥5.0,多云,15,13,3,0.0,100,26
2026-05-21 01:00:55,2026-05-21,2,乒乓球厅-8号,19:30-20:30,0,1,可预约,￥5.0,多云,15,12,4,0.0,100,26
2026-05-21 01:30:47,2026-05-21,2,乒乓球厅-8号,19:30-20:30,0,1,可预约,￥5.0,多云,15,13,4,0.0,100,28
2026-05-21 02:00:53,2026-05-21,2,乒乓球厅-8号,19:30-20:30,0,1,可预约,￥5.0,多云,15,12,4,0.0,100,28
2026-05-21 02:30:49,2026-05-21,2,乒乓球厅-8号,19:30-20:30,0,1,可预约,￥5.0,多云,15,14,3,0.0,100,29
2026-05-21 03:00:55,2026-05-21,2,乒乓球厅-8号,19:30-20:30,0,1,可预约,￥5.0,多云,15,12,4,0.0,100,29
2026-05-21 03:30:49,2026-05-21,2,乒乓球厅-8号,19:30-20:30,0,1,可预约,￥5.0,多云,15,14,3,0.0,100,30
2026-05-21 04:30:45,2026-05-21,2,乒乓球厅-8号,19:30-20:30,0,1,可预约,￥5.0,多云,15,12,4,0.0,100,29
2026-05-21 05:00:52,2026-05-21,2,乒乓球厅-8号,19:30-20:30,0,1,可预约,￥5.0,多云,15,12,4,0.0,100,29
2026-05-21 05:30:49,2026-05-21,2,乒乓球厅-8号,19:30-20:30,0,1,可预约,￥5.0,多云,15,13,3,0.0,100,28
2026-05-21 06:00:50,2026-05-21,2,乒乓球厅-8号,19:30-20:30,0,1,可预约,￥5.0,多云,15,13,4,0.0,99,28
2026-05-21 06:30:38,2026-05-21,2,乒乓球厅-8号,19:30-20:30,0,1,可预约,￥5.0,多云,15,13,3,0.0,97,28
2026-05-21 07:00:43,2026-05-21,2,乒乓球厅-8号,19:30-20:30,0,1,可预约,￥5.0,晴,15,11,5,0.0,93,28
2026-05-21 07:30:39,2026-05-21,2,乒乓球厅-8号,19:30-20:30,0,1,可预约,￥5.0,晴,17,13,4,0.0,89,29
2026-05-21 07:50:40,2026-05-21,2,乒乓球厅-8号,19:30-20:30,0,1,可预约,￥5.0,晴,17,13,4,0.0,88,29
2026-05-21 07:53:31,2026-05-21,2,乒乓球厅-8号,19:30-20:30,0,1,可预约,￥5.0,晴,17,12,5,0.0,86,29
2026-05-21 07:56:31,2026-05-21,2,乒乓球厅-8号,19:30-20:30,0,1,可预约,￥5.0,晴,17,12,5,0.0,86,29
2026-05-21 07:59:26,2026-05-21,2,乒乓球厅-8号,19:30-20:30,0,1,可预约,￥5.0,晴,17,12,5,0.0,86,29
2026-05-21 00:30:49,2026-05-21,2,乒乓球厅-8号,20:30-21:30,0,1,可预约,￥5.0,多云,15,13,3,0.0,100,26
2026-05-21 01:00:55,2026-05-21,2,乒乓球厅-8号,20:30-21:30,0,1,可预约,￥5.0,多云,15,12,4,0.0,100,26
2026-05-21 01:30:47,2026-05-21,2,乒乓球厅-8号,20:30-21:30,0,1,可预约,￥5.0,多云,15,13,4,0.0,100,28
2026-05-21 02:00:53,2026-05-21,2,乒乓球厅-8号,20:30-21:30,0,1,可预约,￥5.0,多云,15,12,4,0.0,100,28
2026-05-21 02:30:49,2026-05-21,2,乒乓球厅-8号,20:30-21:30,0,1,可预约,￥5.0,多云,15,14,3,0.0,100,29
2026-05-21 03:00:55,2026-05-21,2,乒乓球厅-8号,20:30-21:30,0,1,可预约,￥5.0,多云,15,12,4,0.0,100,29
2026-05-21 03:30:49,2026-05-21,2,乒乓球厅-8号,20:30-21:30,0,1,可预约,￥5.0,多云,15,14,3,0.0,100,30
2026-05-21 04:30:45,2026-05-21,2,乒乓球厅-8号,20:30-21:30,0,1,可预约,￥5.0,多云,15,12,4,0.0,100,29
2026-05-21 05:00:52,2026-05-21,2,乒乓球厅-8号,20:30-21:30,0,1,可预约,￥5.0,多云,15,12,4,0.0,100,29
2026-05-21 05:30:49,2026-05-21,2,乒乓球厅-8号,20:30-21:30,0,1,可预约,￥5.0,多云,15,13,3,0.0,100,28
2026-05-21 06:00:50,2026-05-21,2,乒乓球厅-8号,20:30-21:30,0,1,可预约,￥5.0,多云,15,13,4,0.0,99,28
2026-05-21 06:30:38,2026-05-21,2,乒乓球厅-8号,20:30-21:30,0,1,可预约,￥5.0,多云,15,13,3,0.0,97,28
2026-05-21 07:00:43,2026-05-21,2,乒乓球厅-8号,20:30-21:30,0,1,可预约,￥5.0,晴,15,11,5,0.0,93,28
2026-05-21 07:30:39,2026-05-21,2,乒乓球厅-8号,20:30-21:30,0,1,可预约,￥5.0,晴,17,13,4,0.0,89,29
2026-05-21 07:50:40,2026-05-21,2,乒乓球厅-8号,20:30-21:30,0,1,可预约,￥5.0,晴,17,13,4,0.0,88,29
2026-05-21 07:53:31,2026-05-21,2,乒乓球厅-8号,20:30-21:30,0,1,可预约,￥5.0,晴,17,12,5,0.0,86,29
2026-05-21 07:56:31,2026-05-21,2,乒乓球厅-8号,20:30-21:30,0,1,可预约,￥5.0,晴,17,12,5,0.0,86,29
2026-05-21 07:59:26,2026-05-21,2,乒乓球厅-8号,20:30-21:30,0,1,可预约,￥5.0,晴,17,12,5,0.0,86,29
2026-05-21 00:30:49,2026-05-21,2,乒乓球厅-9号,07:00-08:00,0,1,可预约,￥0.0,多云,15,13,3,0.0,100,26
2026-05-21 01:00:55,2026-05-21,2,乒乓球厅-9号,07:00-08:00,0,1,可预约,￥0.0,多云,15,12,4,0.0,100,26
2026-05-21 01:30:47,2026-05-21,2,乒乓球厅-9号,07:00-08:00,0,1,可预约,￥0.0,多云,15,13,4,0.0,100,28
2026-05-21 02:00:53,2026-05-21,2,乒乓球厅-9号,07:00-08:00,0,1,可预约,￥0.0,多云,15,12,4,0.0,100,28
2026-05-21 02:30:49,2026-05-21,2,乒乓球厅-9号,07:00-08:00,0,1,可预约,￥0.0,多云,15,14,3,0.0,100,29
2026-05-21 03:00:55,2026-05-21,2,乒乓球厅-9号,07:00-08:00,0,1,可预约,￥0.0,多云,15,12,4,0.0,100,29
2026-05-21 03:30:49,2026-05-21,2,乒乓球厅-9号,07:00-08:00,0,1,可预约,￥0.0,多云,15,14,3,0.0,100,30
2026-05-21 04:30:45,2026-05-21,2,乒乓球厅-9号,07:00-08:00,0,1,可预约,￥0.0,多云,15,12,4,0.0,100,29
2026-05-21 05:00:52,2026-05-21,2,乒乓球厅-9号,07:00-08:00,0,1,可预约,￥0.0,多云,15,12,4,0.0,100,29
2026-05-21 05:30:49,2026-05-21,2,乒乓球厅-9号,07:00-08:00,0,1,可预约,￥0.0,多云,15,13,3,0.0,100,28
2026-05-21 06:00:50,2026-05-21,2,乒乓球厅-9号,07:00-08:00,0,1,可预约,￥0.0,多云,15,13,4,0.0,99,28
2026-05-21 06:30:38,2026-05-21,2,乒乓球厅-9号,07:00-08:00,0,1,可预约,￥0.0,多云,15,13,3,0.0,97,28
2026-05-21 07:00:43,2026-05-21,2,乒乓球厅-9号,07:00-08:00,0,1,可预约,￥0.0,晴,15,11,5,0.0,93,28
2026-05-21 07:30:39,2026-05-21,2,乒乓球厅-9号,07:00-08:00,0,1,可预约,￥0.0,晴,17,13,4,0.0,89,29
2026-05-21 07:50:40,2026-05-21,2,乒乓球厅-9号,07:00-08:00,0,1,可预约,￥0.0,晴,17,13,4,0.0,88,29
2026-05-21 07:53:31,2026-05-21,2,乒乓球厅-9号,07:00-08:00,0,1,可预约,￥0.0,晴,17,12,5,0.0,86,29
2026-05-21 07:56:31,2026-05-21,2,乒乓球厅-9号,07:00-08:00,0,1,可预约,￥0.0,晴,17,12,5,0.0,86,29
2026-05-21 07:59:26,2026-05-21,2,乒乓球厅-9号,07:00-08:00,0,1,可预约,￥0.0,晴,17,12,5,0.0,86,29
2026-05-21 00:30:49,2026-05-21,2,乒乓球厅-9号,08:00-09:00,0,1,可预约,￥0.0,多云,15,13,3,0.0,100,26
2026-05-21 01:00:55,2026-05-21,2,乒乓球厅-9号,08:00-09:00,0,1,可预约,￥0.0,多云,15,12,4,0.0,100,26
2026-05-21 01:30:47,2026-05-21,2,乒乓球厅-9号,08:00-09:00,0,1,可预约,￥0.0,多云,15,13,4,0.0,100,28
2026-05-21 02:00:53,2026-05-21,2,乒乓球厅-9号,08:00-09:00,0,1,可预约,￥0.0,多云,15,12,4,0.0,100,28
2026-05-21 02:30:49,2026-05-21,2,乒乓球厅-9号,08:00-09:00,0,1,可预约,￥0.0,多云,15,14,3,0.0,100,29
2026-05-21 03:00:55,2026-05-21,2,乒乓球厅-9号,08:00-09:00,0,1,可预约,￥0.0,多云,15,12,4,0.0,100,29
2026-05-21 03:30:49,2026-05-21,2,乒乓球厅-9号,08:00-09:00,0,1,可预约,￥0.0,多云,15,14,3,0.0,100,30
2026-05-21 04:30:45,2026-05-21,2,乒乓球厅-9号,08:00-09:00,0,1,可预约,￥0.0,多云,15,12,4,0.0,100,29
2026-05-21 05:00:52,2026-05-21,2,乒乓球厅-9号,08:00-09:00,0,1,可预约,￥0.0,多云,15,12,4,0.0,100,29
2026-05-21 05:30:49,2026-05-21,2,乒乓球厅-9号,08:00-09:00,0,1,可预约,￥0.0,多云,15,13,3,0.0,100,28
2026-05-21 06:00:50,2026-05-21,2,乒乓球厅-9号,08:00-09:00,0,1,可预约,￥0.0,多云,15,13,4,0.0,99,28
2026-05-21 06:30:38,2026-05-21,2,乒乓球厅-9号,08:00-09:00,0,1,可预约,￥0.0,多云,15,13,3,0.0,97,28
2026-05-21 07:00:43,2026-05-21,2,乒乓球厅-9号,08:00-09:00,0,1,可预约,￥0.0,晴,15,11,5,0.0,93,28
2026-05-21 07:30:39,2026-05-21,2,乒乓球厅-9号,08:00-09:00,0,1,可预约,￥0.0,晴,17,13,4,0.0,89,29
2026-05-21 07:50:40,2026-05-21,2,乒乓球厅-9号,08:00-09:00,0,1,可预约,￥0.0,晴,17,13,4,0.0,88,29
2026-05-21 07:53:31,2026-05-21,2,乒乓球厅-9号,08:00-09:00,0,1,可预约,￥0.0,晴,17,12,5,0.0,86,29
2026-05-21 07:56:31,2026-05-21,2,乒乓球厅-9号,08:00-09:00,0,1,可预约,￥0.0,晴,17,12,5,0.0,86,29
2026-05-21 07:59:26,2026-05-21,2,乒乓球厅-9号,08:00-09:00,0,1,可预约,￥0.0,晴,17,12,5,0.0,86,29
2026-05-21 00:30:49,2026-05-21,2,乒乓球厅-9号,09:00-10:00,0,1,可预约,￥5.0,多云,15,13,3,0.0,100,26
2026-05-21 01:00:55,2026-05-21,2,乒乓球厅-9号,09:00-10:00,0,1,可预约,￥5.0,多云,15,12,4,0.0,100,26
2026-05-21 01:30:47,2026-05-21,2,乒乓球厅-9号,09:00-10:00,0,1,可预约,￥5.0,多云,15,13,4,0.0,100,28
2026-05-21 02:00:53,2026-05-21,2,乒乓球厅-9号,09:00-10:00,0,1,可预约,￥5.0,多云,15,12,4,0.0,100,28
2026-05-21 02:30:49,2026-05-21,2,乒乓球厅-9号,09:00-10:00,0,1,可预约,￥5.0,多云,15,14,3,0.0,100,29
2026-05-21 03:00:55,2026-05-21,2,乒乓球厅-9号,09:00-10:00,0,1,可预约,￥5.0,多云,15,12,4,0.0,100,29
2026-05-21 03:30:49,2026-05-21,2,乒乓球厅-9号,09:00-10:00,0,1,可预约,￥5.0,多云,15,14,3,0.0,100,30
2026-05-21 04:30:45,2026-05-21,2,乒乓球厅-9号,09:00-10:00,0,1,可预约,￥5.0,多云,15,12,4,0.0,100,29
2026-05-21 05:00:52,2026-05-21,2,乒乓球厅-9号,09:00-10:00,0,1,可预约,￥5.0,多云,15,12,4,0.0,100,29
2026-05-21 05:30:49,2026-05-21,2,乒乓球厅-9号,09:00-10:00,0,1,可预约,￥5.0,多云,15,13,3,0.0,100,28
2026-05-21 06:00:50,2026-05-21,2,乒乓球厅-9号,09:00-10:00,0,1,可预约,￥5.0,多云,15,13,4,0.0,99,28
2026-05-21 06:30:38,2026-05-21,2,乒乓球厅-9号,09:00-10:00,0,1,可预约,￥5.0,多云,15,13,3,0.0,97,28
2026-05-21 07:00:43,2026-05-21,2,乒乓球厅-9号,09:00-10:00,0,1,可预约,￥5.0,晴,15,11,5,0.0,93,28
2026-05-21 07:30:39,2026-05-21,2,乒乓球厅-9号,09:00-10:00,0,1,可预约,￥5.0,晴,17,13,4,0.0,89,29
2026-05-21 07:50:40,2026-05-21,2,乒乓球厅-9号,09:00-10:00,0,1,可预约,￥5.0,晴,17,13,4,0.0,88,29
2026-05-21 07:53:31,2026-05-21,2,乒乓球厅-9号,09:00-10:00,0,1,可预约,￥5.0,晴,17,12,5,0.0,86,29
2026-05-21 07:56:31,2026-05-21,2,乒乓球厅-9号,09:00-10:00,0,1,可预约,￥5.0,晴,17,12,5,0.0,86,29
2026-05-21 07:59:26,2026-05-21,2,乒乓球厅-9号,09:00-10:00,0,1,可预约,￥5.0,晴,17,12,5,0.0,86,29
2026-05-21 00:30:49,2026-05-21,2,乒乓球厅-9号,10:00-11:00,1,1,已售/已满,教学时间,多云,15,13,3,0.0,100,26
2026-05-21 01:00:55,2026-05-21,2,乒乓球厅-9号,10:00-11:00,1,1,已售/已满,教学时间,多云,15,12,4,0.0,100,26
2026-05-21 01:30:47,2026-05-21,2,乒乓球厅-9号,10:00-11:00,1,1,已售/已满,教学时间,多云,15,13,4,0.0,100,28
2026-05-21 02:00:53,2026-05-21,2,乒乓球厅-9号,10:00-11:00,1,1,已售/已满,教学时间,多云,15,12,4,0.0,100,28
2026-05-21 02:30:49,2026-05-21,2,乒乓球厅-9号,10:00-11:00,1,1,已售/已满,教学时间,多云,15,14,3,0.0,100,29
2026-05-21 03:00:55,2026-05-21,2,乒乓球厅-9号,10:00-11:00,1,1,已售/已满,教学时间,多云,15,12,4,0.0,100,29
2026-05-21 03:30:49,2026-05-21,2,乒乓球厅-9号,10:00-11:00,1,1,已售/已满,教学时间,多云,15,14,3,0.0,100,30
2026-05-21 04:30:45,2026-05-21,2,乒乓球厅-9号,10:00-11:00,1,1,已售/已满,教学时间,多云,15,12,4,0.0,100,29
2026-05-21 05:00:52,2026-05-21,2,乒乓球厅-9号,10:00-11:00,1,1,已售/已满,教学时间,多云,15,12,4,0.0,100,29
2026-05-21 05:30:49,2026-05-21,2,乒乓球厅-9号,10:00-11:00,1,1,已售/已满,教学时间,多云,15,13,3,0.0,100,28
2026-05-21 06:00:50,2026-05-21,2,乒乓球厅-9号,10:00-11:00,1,1,已售/已满,教学时间,多云,15,13,4,0.0,99,28
2026-05-21 06:30:38,2026-05-21,2,乒乓球厅-9号,10:00-11:00,1,1,已售/已满,教学时间,多云,15,13,3,0.0,97,28
2026-05-21 07:00:43,2026-05-21,2,乒乓球厅-9号,10:00-11:00,1,1,已售/已满,教学时间,晴,15,11,5,0.0,93,28
2026-05-21 07:30:39,2026-05-21,2,乒乓球厅-9号,10:00-11:00,1,1,已售/已满,教学时间,晴,17,13,4,0.0,89,29
2026-05-21 07:50:40,2026-05-21,2,乒乓球厅-9号,10:00-11:00,1,1,已售/已满,教学时间,晴,17,13,4,0.0,88,29
2026-05-21 07:53:31,2026-05-21,2,乒乓球厅-9号,10:00-11:00,1,1,已售/已满,教学时间,晴,17,12,5,0.0,86,29
2026-05-21 07:56:31,2026-05-21,2,乒乓球厅-9号,10:00-11:00,1,1,已售/已满,教学时间,晴,17,12,5,0.0,86,29
2026-05-21 07:59:26,2026-05-21,2,乒乓球厅-9号,10:00-11:00,1,1,已售/已满,教学时间,晴,17,12,5,0.0,86,29
2026-05-21 00:30:49,2026-05-21,2,乒乓球厅-9号,11:00-12:00,1,1,已售/已满,教学时间,多云,15,13,3,0.0,100,26
2026-05-21 01:00:55,2026-05-21,2,乒乓球厅-9号,11:00-12:00,1,1,已售/已满,教学时间,多云,15,12,4,0.0,100,26
2026-05-21 01:30:47,2026-05-21,2,乒乓球厅-9号,11:00-12:00,1,1,已售/已满,教学时间,多云,15,13,4,0.0,100,28
2026-05-21 02:00:53,2026-05-21,2,乒乓球厅-9号,11:00-12:00,1,1,已售/已满,教学时间,多云,15,12,4,0.0,100,28
2026-05-21 02:30:49,2026-05-21,2,乒乓球厅-9号,11:00-12:00,1,1,已售/已满,教学时间,多云,15,14,3,0.0,100,29
2026-05-21 03:00:55,2026-05-21,2,乒乓球厅-9号,11:00-12:00,1,1,已售/已满,教学时间,多云,15,12,4,0.0,100,29
2026-05-21 03:30:49,2026-05-21,2,乒乓球厅-9号,11:00-12:00,1,1,已售/已满,教学时间,多云,15,14,3,0.0,100,30
2026-05-21 04:30:45,2026-05-21,2,乒乓球厅-9号,11:00-12:00,1,1,已售/已满,教学时间,多云,15,12,4,0.0,100,29
2026-05-21 05:00:52,2026-05-21,2,乒乓球厅-9号,11:00-12:00,1,1,已售/已满,教学时间,多云,15,12,4,0.0,100,29
2026-05-21 05:30:49,2026-05-21,2,乒乓球厅-9号,11:00-12:00,1,1,已售/已满,教学时间,多云,15,13,3,0.0,100,28
2026-05-21 06:00:50,2026-05-21,2,乒乓球厅-9号,11:00-12:00,1,1,已售/已满,教学时间,多云,15,13,4,0.0,99,28
2026-05-21 06:30:38,2026-05-21,2,乒乓球厅-9号,11:00-12:00,1,1,已售/已满,教学时间,多云,15,13,3,0.0,97,28
2026-05-21 07:00:43,2026-05-21,2,乒乓球厅-9号,11:00-12:00,1,1,已售/已满,教学时间,晴,15,11,5,0.0,93,28
2026-05-21 07:30:39,2026-05-21,2,乒乓球厅-9号,11:00-12:00,1,1,已售/已满,教学时间,晴,17,13,4,0.0,89,29
2026-05-21 07:50:40,2026-05-21,2,乒乓球厅-9号,11:00-12:00,1,1,已售/已满,教学时间,晴,17,13,4,0.0,88,29
2026-05-21 07:53:31,2026-05-21,2,乒乓球厅-9号,11:00-12:00,1,1,已售/已满,教学时间,晴,17,12,5,0.0,86,29
2026-05-21 07:56:31,2026-05-21,2,乒乓球厅-9号,11:00-12:00,1,1,已售/已满,教学时间,晴,17,12,5,0.0,86,29
2026-05-21 07:59:26,2026-05-21,2,乒乓球厅-9号,11:00-12:00,1,1,已售/已满,教学时间,晴,17,12,5,0.0,86,29
2026-05-21 00:30:49,2026-05-21,2,乒乓球厅-9号,12:00-12:55,0,1,可预约,￥0.0,多云,15,13,3,0.0,100,26
2026-05-21 01:00:55,2026-05-21,2,乒乓球厅-9号,12:00-12:55,0,1,可预约,￥0.0,多云,15,12,4,0.0,100,26
2026-05-21 01:30:47,2026-05-21,2,乒乓球厅-9号,12:00-12:55,0,1,可预约,￥0.0,多云,15,13,4,0.0,100,28
2026-05-21 02:00:53,2026-05-21,2,乒乓球厅-9号,12:00-12:55,0,1,可预约,￥0.0,多云,15,12,4,0.0,100,28
2026-05-21 02:30:49,2026-05-21,2,乒乓球厅-9号,12:00-12:55,0,1,可预约,￥0.0,多云,15,14,3,0.0,100,29
2026-05-21 03:00:55,2026-05-21,2,乒乓球厅-9号,12:00-12:55,0,1,可预约,￥0.0,多云,15,12,4,0.0,100,29
2026-05-21 03:30:49,2026-05-21,2,乒乓球厅-9号,12:00-12:55,0,1,可预约,￥0.0,多云,15,14,3,0.0,100,30
2026-05-21 04:30:45,2026-05-21,2,乒乓球厅-9号,12:00-12:55,0,1,可预约,￥0.0,多云,15,12,4,0.0,100,29
2026-05-21 05:00:52,2026-05-21,2,乒乓球厅-9号,12:00-12:55,0,1,可预约,￥0.0,多云,15,12,4,0.0,100,29
2026-05-21 05:30:49,2026-05-21,2,乒乓球厅-9号,12:00-12:55,0,1,可预约,￥0.0,多云,15,13,3,0.0,100,28
2026-05-21 06:00:50,2026-05-21,2,乒乓球厅-9号,12:00-12:55,0,1,可预约,￥0.0,多云,15,13,4,0.0,99,28
2026-05-21 06:30:38,2026-05-21,2,乒乓球厅-9号,12:00-12:55,0,1,可预约,￥0.0,多云,15,13,3,0.0,97,28
2026-05-21 07:00:43,2026-05-21,2,乒乓球厅-9号,12:00-12:55,0,1,可预约,￥0.0,晴,15,11,5,0.0,93,28
2026-05-21 07:30:39,2026-05-21,2,乒乓球厅-9号,12:00-12:55,0,1,可预约,￥0.0,晴,17,13,4,0.0,89,29
2026-05-21 07:50:40,2026-05-21,2,乒乓球厅-9号,12:00-12:55,0,1,可预约,￥0.0,晴,17,13,4,0.0,88,29
2026-05-21 07:53:31,2026-05-21,2,乒乓球厅-9号,12:00-12:55,0,1,可预约,￥0.0,晴,17,12,5,0.0,86,29
2026-05-21 07:56:31,2026-05-21,2,乒乓球厅-9号,12:00-12:55,0,1,可预约,￥0.0,晴,17,12,5,0.0,86,29
2026-05-21 07:59:26,2026-05-21,2,乒乓球厅-9号,12:00-12:55,0,1,可预约,￥0.0,晴,17,12,5,0.0,86,29
2026-05-21 00:30:49,2026-05-21,2,乒乓球厅-9号,12:55-13:50,0,1,可预约,￥0.0,多云,15,13,3,0.0,100,26
2026-05-21 01:00:55,2026-05-21,2,乒乓球厅-9号,12:55-13:50,0,1,可预约,￥0.0,多云,15,12,4,0.0,100,26
2026-05-21 01:30:47,2026-05-21,2,乒乓球厅-9号,12:55-13:50,0,1,可预约,￥0.0,多云,15,13,4,0.0,100,28
2026-05-21 02:00:53,2026-05-21,2,乒乓球厅-9号,12:55-13:50,0,1,可预约,￥0.0,多云,15,12,4,0.0,100,28
2026-05-21 02:30:49,2026-05-21,2,乒乓球厅-9号,12:55-13:50,0,1,可预约,￥0.0,多云,15,14,3,0.0,100,29
2026-05-21 03:00:55,2026-05-21,2,乒乓球厅-9号,12:55-13:50,0,1,可预约,￥0.0,多云,15,12,4,0.0,100,29
2026-05-21 03:30:49,2026-05-21,2,乒乓球厅-9号,12:55-13:50,0,1,可预约,￥0.0,多云,15,14,3,0.0,100,30
2026-05-21 04:30:45,2026-05-21,2,乒乓球厅-9号,12:55-13:50,0,1,可预约,￥0.0,多云,15,12,4,0.0,100,29
2026-05-21 05:00:52,2026-05-21,2,乒乓球厅-9号,12:55-13:50,0,1,可预约,￥0.0,多云,15,12,4,0.0,100,29
2026-05-21 05:30:49,2026-05-21,2,乒乓球厅-9号,12:55-13:50,0,1,可预约,￥0.0,多云,15,13,3,0.0,100,28
2026-05-21 06:00:50,2026-05-21,2,乒乓球厅-9号,12:55-13:50,0,1,可预约,￥0.0,多云,15,13,4,0.0,99,28
2026-05-21 06:30:38,2026-05-21,2,乒乓球厅-9号,12:55-13:50,0,1,可预约,￥0.0,多云,15,13,3,0.0,97,28
2026-05-21 07:00:43,2026-05-21,2,乒乓球厅-9号,12:55-13:50,0,1,可预约,￥0.0,晴,15,11,5,0.0,93,28
2026-05-21 07:30:39,2026-05-21,2,乒乓球厅-9号,12:55-13:50,0,1,可预约,￥0.0,晴,17,13,4,0.0,89,29
2026-05-21 07:50:40,2026-05-21,2,乒乓球厅-9号,12:55-13:50,0,1,可预约,￥0.0,晴,17,13,4,0.0,88,29
2026-05-21 07:53:31,2026-05-21,2,乒乓球厅-9号,12:55-13:50,0,1,可预约,￥0.0,晴,17,12,5,0.0,86,29
2026-05-21 07:56:31,2026-05-21,2,乒乓球厅-9号,12:55-13:50,0,1,可预约,￥0.0,晴,17,12,5,0.0,86,29
2026-05-21 07:59:26,2026-05-21,2,乒乓球厅-9号,12:55-13:50,0,1,可预约,￥0.0,晴,17,12,5,0.0,86,29
2026-05-21 00:30:49,2026-05-21,2,乒乓球厅-9号,14:00-15:00,0,1,可预约,￥5.0,多云,15,13,3,0.0,100,26
2026-05-21 01:00:55,2026-05-21,2,乒乓球厅-9号,14:00-15:00,0,1,可预约,￥5.0,多云,15,12,4,0.0,100,26
2026-05-21 01:30:47,2026-05-21,2,乒乓球厅-9号,14:00-15:00,0,1,可预约,￥5.0,多云,15,13,4,0.0,100,28
2026-05-21 02:00:53,2026-05-21,2,乒乓球厅-9号,14:00-15:00,0,1,可预约,￥5.0,多云,15,12,4,0.0,100,28
2026-05-21 02:30:49,2026-05-21,2,乒乓球厅-9号,14:00-15:00,0,1,可预约,￥5.0,多云,15,14,3,0.0,100,29
2026-05-21 03:00:55,2026-05-21,2,乒乓球厅-9号,14:00-15:00,0,1,可预约,￥5.0,多云,15,12,4,0.0,100,29
2026-05-21 03:30:49,2026-05-21,2,乒乓球厅-9号,14:00-15:00,0,1,可预约,￥5.0,多云,15,14,3,0.0,100,30
2026-05-21 04:30:45,2026-05-21,2,乒乓球厅-9号,14:00-15:00,0,1,可预约,￥5.0,多云,15,12,4,0.0,100,29
2026-05-21 05:00:52,2026-05-21,2,乒乓球厅-9号,14:00-15:00,0,1,可预约,￥5.0,多云,15,12,4,0.0,100,29
2026-05-21 05:30:49,2026-05-21,2,乒乓球厅-9号,14:00-15:00,0,1,可预约,￥5.0,多云,15,13,3,0.0,100,28
2026-05-21 06:00:50,2026-05-21,2,乒乓球厅-9号,14:00-15:00,0,1,可预约,￥5.0,多云,15,13,4,0.0,99,28
2026-05-21 06:30:38,2026-05-21,2,乒乓球厅-9号,14:00-15:00,0,1,可预约,￥5.0,多云,15,13,3,0.0,97,28
2026-05-21 07:00:43,2026-05-21,2,乒乓球厅-9号,14:00-15:00,0,1,可预约,￥5.0,晴,15,11,5,0.0,93,28
2026-05-21 07:30:39,2026-05-21,2,乒乓球厅-9号,14:00-15:00,0,1,可预约,￥5.0,晴,17,13,4,0.0,89,29
2026-05-21 07:50:40,2026-05-21,2,乒乓球厅-9号,14:00-15:00,0,1,可预约,￥5.0,晴,17,13,4,0.0,88,29
2026-05-21 07:53:31,2026-05-21,2,乒乓球厅-9号,14:00-15:00,0,1,可预约,￥5.0,晴,17,12,5,0.0,86,29
2026-05-21 07:56:31,2026-05-21,2,乒乓球厅-9号,14:00-15:00,0,1,可预约,￥5.0,晴,17,12,5,0.0,86,29
2026-05-21 07:59:26,2026-05-21,2,乒乓球厅-9号,14:00-15:00,0,1,可预约,￥5.0,晴,17,12,5,0.0,86,29
2026-05-21 00:30:49,2026-05-21,2,乒乓球厅-9号,15:00-16:00,0,1,可预约,￥5.0,多云,15,13,3,0.0,100,26
2026-05-21 01:00:55,2026-05-21,2,乒乓球厅-9号,15:00-16:00,0,1,可预约,￥5.0,多云,15,12,4,0.0,100,26
2026-05-21 01:30:47,2026-05-21,2,乒乓球厅-9号,15:00-16:00,0,1,可预约,￥5.0,多云,15,13,4,0.0,100,28
2026-05-21 02:00:53,2026-05-21,2,乒乓球厅-9号,15:00-16:00,0,1,可预约,￥5.0,多云,15,12,4,0.0,100,28
2026-05-21 02:30:49,2026-05-21,2,乒乓球厅-9号,15:00-16:00,0,1,可预约,￥5.0,多云,15,14,3,0.0,100,29
2026-05-21 03:00:55,2026-05-21,2,乒乓球厅-9号,15:00-16:00,0,1,可预约,￥5.0,多云,15,12,4,0.0,100,29
2026-05-21 03:30:49,2026-05-21,2,乒乓球厅-9号,15:00-16:00,0,1,可预约,￥5.0,多云,15,14,3,0.0,100,30
2026-05-21 04:30:45,2026-05-21,2,乒乓球厅-9号,15:00-16:00,0,1,可预约,￥5.0,多云,15,12,4,0.0,100,29
2026-05-21 05:00:52,2026-05-21,2,乒乓球厅-9号,15:00-16:00,0,1,可预约,￥5.0,多云,15,12,4,0.0,100,29
2026-05-21 05:30:49,2026-05-21,2,乒乓球厅-9号,15:00-16:00,0,1,可预约,￥5.0,多云,15,13,3,0.0,100,28
2026-05-21 06:00:50,2026-05-21,2,乒乓球厅-9号,15:00-16:00,0,1,可预约,￥5.0,多云,15,13,4,0.0,99,28
2026-05-21 06:30:38,2026-05-21,2,乒乓球厅-9号,15:00-16:00,0,1,可预约,￥5.0,多云,15,13,3,0.0,97,28
2026-05-21 07:00:43,2026-05-21,2,乒乓球厅-9号,15:00-16:00,0,1,可预约,￥5.0,晴,15,11,5,0.0,93,28
2026-05-21 07:30:39,2026-05-21,2,乒乓球厅-9号,15:00-16:00,0,1,可预约,￥5.0,晴,17,13,4,0.0,89,29
2026-05-21 07:50:40,2026-05-21,2,乒乓球厅-9号,15:00-16:00,0,1,可预约,￥5.0,晴,17,13,4,0.0,88,29
2026-05-21 07:53:31,2026-05-21,2,乒乓球厅-9号,15:00-16:00,0,1,可预约,￥5.0,晴,17,12,5,0.0,86,29
2026-05-21 07:56:31,2026-05-21,2,乒乓球厅-9号,15:00-16:00,0,1,可预约,￥5.0,晴,17,12,5,0.0,86,29
2026-05-21 07:59:26,2026-05-21,2,乒乓球厅-9号,15:00-16:00,0,1,可预约,￥5.0,晴,17,12,5,0.0,86,29
2026-05-21 00:30:49,2026-05-21,2,乒乓球厅-9号,16:00-17:00,0,1,可预约,￥5.0,多云,15,13,3,0.0,100,26
2026-05-21 01:00:55,2026-05-21,2,乒乓球厅-9号,16:00-17:00,0,1,可预约,￥5.0,多云,15,12,4,0.0,100,26
2026-05-21 01:30:47,2026-05-21,2,乒乓球厅-9号,16:00-17:00,0,1,可预约,￥5.0,多云,15,13,4,0.0,100,28
2026-05-21 02:00:53,2026-05-21,2,乒乓球厅-9号,16:00-17:00,0,1,可预约,￥5.0,多云,15,12,4,0.0,100,28
2026-05-21 02:30:49,2026-05-21,2,乒乓球厅-9号,16:00-17:00,0,1,可预约,￥5.0,多云,15,14,3,0.0,100,29
2026-05-21 03:00:55,2026-05-21,2,乒乓球厅-9号,16:00-17:00,0,1,可预约,￥5.0,多云,15,12,4,0.0,100,29
2026-05-21 03:30:49,2026-05-21,2,乒乓球厅-9号,16:00-17:00,0,1,可预约,￥5.0,多云,15,14,3,0.0,100,30
2026-05-21 04:30:45,2026-05-21,2,乒乓球厅-9号,16:00-17:00,0,1,可预约,￥5.0,多云,15,12,4,0.0,100,29
2026-05-21 05:00:52,2026-05-21,2,乒乓球厅-9号,16:00-17:00,0,1,可预约,￥5.0,多云,15,12,4,0.0,100,29
2026-05-21 05:30:49,2026-05-21,2,乒乓球厅-9号,16:00-17:00,0,1,可预约,￥5.0,多云,15,13,3,0.0,100,28
2026-05-21 06:00:50,2026-05-21,2,乒乓球厅-9号,16:00-17:00,0,1,可预约,￥5.0,多云,15,13,4,0.0,99,28
2026-05-21 06:30:38,2026-05-21,2,乒乓球厅-9号,16:00-17:00,0,1,可预约,￥5.0,多云,15,13,3,0.0,97,28
2026-05-21 07:00:43,2026-05-21,2,乒乓球厅-9号,16:00-17:00,0,1,可预约,￥5.0,晴,15,11,5,0.0,93,28
2026-05-21 07:30:39,2026-05-21,2,乒乓球厅-9号,16:00-17:00,0,1,可预约,￥5.0,晴,17,13,4,0.0,89,29
2026-05-21 07:50:40,2026-05-21,2,乒乓球厅-9号,16:00-17:00,0,1,可预约,￥5.0,晴,17,13,4,0.0,88,29
2026-05-21 07:53:31,2026-05-21,2,乒乓球厅-9号,16:00-17:00,0,1,可预约,￥5.0,晴,17,12,5,0.0,86,29
2026-05-21 07:56:31,2026-05-21,2,乒乓球厅-9号,16:00-17:00,0,1,可预约,￥5.0,晴,17,12,5,0.0,86,29
2026-05-21 07:59:26,2026-05-21,2,乒乓球厅-9号,16:00-17:00,0,1,可预约,￥5.0,晴,17,12,5,0.0,86,29
2026-05-21 00:30:49,2026-05-21,2,乒乓球厅-9号,17:00-18:00,0,1,可预约,￥5.0,多云,15,13,3,0.0,100,26
2026-05-21 01:00:55,2026-05-21,2,乒乓球厅-9号,17:00-18:00,0,1,可预约,￥5.0,多云,15,12,4,0.0,100,26
2026-05-21 01:30:47,2026-05-21,2,乒乓球厅-9号,17:00-18:00,0,1,可预约,￥5.0,多云,15,13,4,0.0,100,28
2026-05-21 02:00:53,2026-05-21,2,乒乓球厅-9号,17:00-18:00,0,1,可预约,￥5.0,多云,15,12,4,0.0,100,28
2026-05-21 02:30:49,2026-05-21,2,乒乓球厅-9号,17:00-18:00,0,1,可预约,￥5.0,多云,15,14,3,0.0,100,29
2026-05-21 03:00:55,2026-05-21,2,乒乓球厅-9号,17:00-18:00,0,1,可预约,￥5.0,多云,15,12,4,0.0,100,29
2026-05-21 03:30:49,2026-05-21,2,乒乓球厅-9号,17:00-18:00,0,1,可预约,￥5.0,多云,15,14,3,0.0,100,30
2026-05-21 04:30:45,2026-05-21,2,乒乓球厅-9号,17:00-18:00,0,1,可预约,￥5.0,多云,15,12,4,0.0,100,29
2026-05-21 05:00:52,2026-05-21,2,乒乓球厅-9号,17:00-18:00,0,1,可预约,￥5.0,多云,15,12,4,0.0,100,29
2026-05-21 05:30:49,2026-05-21,2,乒乓球厅-9号,17:00-18:00,0,1,可预约,￥5.0,多云,15,13,3,0.0,100,28
2026-05-21 06:00:50,2026-05-21,2,乒乓球厅-9号,17:00-18:00,0,1,可预约,￥5.0,多云,15,13,4,0.0,99,28
2026-05-21 06:30:38,2026-05-21,2,乒乓球厅-9号,17:00-18:00,0,1,可预约,￥5.0,多云,15,13,3,0.0,97,28
2026-05-21 07:00:43,2026-05-21,2,乒乓球厅-9号,17:00-18:00,0,1,可预约,￥5.0,晴,15,11,5,0.0,93,28
2026-05-21 07:30:39,2026-05-21,2,乒乓球厅-9号,17:00-18:00,0,1,可预约,￥5.0,晴,17,13,4,0.0,89,29
2026-05-21 07:50:40,2026-05-21,2,乒乓球厅-9号,17:00-18:00,0,1,可预约,￥5.0,晴,17,13,4,0.0,88,29
2026-05-21 07:53:31,2026-05-21,2,乒乓球厅-9号,17:00-18:00,0,1,可预约,￥5.0,晴,17,12,5,0.0,86,29
2026-05-21 07:56:31,2026-05-21,2,乒乓球厅-9号,17:00-18:00,0,1,可预约,￥5.0,晴,17,12,5,0.0,86,29
2026-05-21 07:59:26,2026-05-21,2,乒乓球厅-9号,17:00-18:00,0,1,可预约,￥5.0,晴,17,12,5,0.0,86,29
2026-05-21 00:30:49,2026-05-21,2,乒乓球厅-9号,18:30-19:30,0,1,可预约,￥5.0,多云,15,13,3,0.0,100,26
2026-05-21 01:00:55,2026-05-21,2,乒乓球厅-9号,18:30-19:30,0,1,可预约,￥5.0,多云,15,12,4,0.0,100,26
2026-05-21 01:30:47,2026-05-21,2,乒乓球厅-9号,18:30-19:30,0,1,可预约,￥5.0,多云,15,13,4,0.0,100,28
2026-05-21 02:00:53,2026-05-21,2,乒乓球厅-9号,18:30-19:30,0,1,可预约,￥5.0,多云,15,12,4,0.0,100,28
2026-05-21 02:30:49,2026-05-21,2,乒乓球厅-9号,18:30-19:30,0,1,可预约,￥5.0,多云,15,14,3,0.0,100,29
2026-05-21 03:00:55,2026-05-21,2,乒乓球厅-9号,18:30-19:30,0,1,可预约,￥5.0,多云,15,12,4,0.0,100,29
2026-05-21 03:30:49,2026-05-21,2,乒乓球厅-9号,18:30-19:30,0,1,可预约,￥5.0,多云,15,14,3,0.0,100,30
2026-05-21 04:30:45,2026-05-21,2,乒乓球厅-9号,18:30-19:30,0,1,可预约,￥5.0,多云,15,12,4,0.0,100,29
2026-05-21 05:00:52,2026-05-21,2,乒乓球厅-9号,18:30-19:30,0,1,可预约,￥5.0,多云,15,12,4,0.0,100,29
2026-05-21 05:30:49,2026-05-21,2,乒乓球厅-9号,18:30-19:30,0,1,可预约,￥5.0,多云,15,13,3,0.0,100,28
2026-05-21 06:00:50,2026-05-21,2,乒乓球厅-9号,18:30-19:30,0,1,可预约,￥5.0,多云,15,13,4,0.0,99,28
2026-05-21 06:30:38,2026-05-21,2,乒乓球厅-9号,18:30-19:30,0,1,可预约,￥5.0,多云,15,13,3,0.0,97,28
2026-05-21 07:00:43,2026-05-21,2,乒乓球厅-9号,18:30-19:30,0,1,可预约,￥5.0,晴,15,11,5,0.0,93,28
2026-05-21 07:30:39,2026-05-21,2,乒乓球厅-9号,18:30-19:30,0,1,可预约,￥5.0,晴,17,13,4,0.0,89,29
2026-05-21 07:50:40,2026-05-21,2,乒乓球厅-9号,18:30-19:30,0,1,可预约,￥5.0,晴,17,13,4,0.0,88,29
2026-05-21 07:53:31,2026-05-21,2,乒乓球厅-9号,18:30-19:30,0,1,可预约,￥5.0,晴,17,12,5,0.0,86,29
2026-05-21 07:56:31,2026-05-21,2,乒乓球厅-9号,18:30-19:30,0,1,可预约,￥5.0,晴,17,12,5,0.0,86,29
2026-05-21 07:59:26,2026-05-21,2,乒乓球厅-9号,18:30-19:30,0,1,可预约,￥5.0,晴,17,12,5,0.0,86,29
2026-05-21 00:30:49,2026-05-21,2,乒乓球厅-9号,19:30-20:30,0,1,可预约,￥5.0,多云,15,13,3,0.0,100,26
2026-05-21 01:00:55,2026-05-21,2,乒乓球厅-9号,19:30-20:30,0,1,可预约,￥5.0,多云,15,12,4,0.0,100,26
2026-05-21 01:30:47,2026-05-21,2,乒乓球厅-9号,19:30-20:30,0,1,可预约,￥5.0,多云,15,13,4,0.0,100,28
2026-05-21 02:00:53,2026-05-21,2,乒乓球厅-9号,19:30-20:30,0,1,可预约,￥5.0,多云,15,12,4,0.0,100,28
2026-05-21 02:30:49,2026-05-21,2,乒乓球厅-9号,19:30-20:30,0,1,可预约,￥5.0,多云,15,14,3,0.0,100,29
2026-05-21 03:00:55,2026-05-21,2,乒乓球厅-9号,19:30-20:30,0,1,可预约,￥5.0,多云,15,12,4,0.0,100,29
2026-05-21 03:30:49,2026-05-21,2,乒乓球厅-9号,19:30-20:30,0,1,可预约,￥5.0,多云,15,14,3,0.0,100,30
2026-05-21 04:30:45,2026-05-21,2,乒乓球厅-9号,19:30-20:30,0,1,可预约,￥5.0,多云,15,12,4,0.0,100,29
2026-05-21 05:00:52,2026-05-21,2,乒乓球厅-9号,19:30-20:30,0,1,可预约,￥5.0,多云,15,12,4,0.0,100,29
2026-05-21 05:30:49,2026-05-21,2,乒乓球厅-9号,19:30-20:30,0,1,可预约,￥5.0,多云,15,13,3,0.0,100,28
2026-05-21 06:00:50,2026-05-21,2,乒乓球厅-9号,19:30-20:30,0,1,可预约,￥5.0,多云,15,13,4,0.0,99,28
2026-05-21 06:30:38,2026-05-21,2,乒乓球厅-9号,19:30-20:30,0,1,可预约,￥5.0,多云,15,13,3,0.0,97,28
2026-05-21 07:00:43,2026-05-21,2,乒乓球厅-9号,19:30-20:30,0,1,可预约,￥5.0,晴,15,11,5,0.0,93,28
2026-05-21 07:30:39,2026-05-21,2,乒乓球厅-9号,19:30-20:30,0,1,可预约,￥5.0,晴,17,13,4,0.0,89,29
2026-05-21 07:50:40,2026-05-21,2,乒乓球厅-9号,19:30-20:30,0,1,可预约,￥5.0,晴,17,13,4,0.0,88,29
2026-05-21 07:53:31,2026-05-21,2,乒乓球厅-9号,19:30-20:30,0,1,可预约,￥5.0,晴,17,12,5,0.0,86,29
2026-05-21 07:56:31,2026-05-21,2,乒乓球厅-9号,19:30-20:30,0,1,可预约,￥5.0,晴,17,12,5,0.0,86,29
2026-05-21 07:59:26,2026-05-21,2,乒乓球厅-9号,19:30-20:30,0,1,可预约,￥5.0,晴,17,12,5,0.0,86,29
2026-05-21 00:30:49,2026-05-21,2,乒乓球厅-9号,20:30-21:30,0,1,可预约,￥5.0,多云,15,13,3,0.0,100,26
2026-05-21 01:00:55,2026-05-21,2,乒乓球厅-9号,20:30-21:30,0,1,可预约,￥5.0,多云,15,12,4,0.0,100,26
2026-05-21 01:30:47,2026-05-21,2,乒乓球厅-9号,20:30-21:30,0,1,可预约,￥5.0,多云,15,13,4,0.0,100,28
2026-05-21 02:00:53,2026-05-21,2,乒乓球厅-9号,20:30-21:30,0,1,可预约,￥5.0,多云,15,12,4,0.0,100,28
2026-05-21 02:30:49,2026-05-21,2,乒乓球厅-9号,20:30-21:30,0,1,可预约,￥5.0,多云,15,14,3,0.0,100,29
2026-05-21 03:00:55,2026-05-21,2,乒乓球厅-9号,20:30-21:30,0,1,可预约,￥5.0,多云,15,12,4,0.0,100,29
2026-05-21 03:30:49,2026-05-21,2,乒乓球厅-9号,20:30-21:30,0,1,可预约,￥5.0,多云,15,14,3,0.0,100,30
2026-05-21 04:30:45,2026-05-21,2,乒乓球厅-9号,20:30-21:30,0,1,可预约,￥5.0,多云,15,12,4,0.0,100,29
2026-05-21 05:00:52,2026-05-21,2,乒乓球厅-9号,20:30-21:30,0,1,可预约,￥5.0,多云,15,12,4,0.0,100,29
2026-05-21 05:30:49,2026-05-21,2,乒乓球厅-9号,20:30-21:30,0,1,可预约,￥5.0,多云,15,13,3,0.0,100,28
2026-05-21 06:00:50,2026-05-21,2,乒乓球厅-9号,20:30-21:30,0,1,可预约,￥5.0,多云,15,13,4,0.0,99,28
2026-05-21 06:30:38,2026-05-21,2,乒乓球厅-9号,20:30-21:30,0,1,可预约,￥5.0,多云,15,13,3,0.0,97,28
2026-05-21 07:00:43,2026-05-21,2,乒乓球厅-9号,20:30-21:30,0,1,可预约,￥5.0,晴,15,11,5,0.0,93,28
2026-05-21 07:30:39,2026-05-21,2,乒乓球厅-9号,20:30-21:30,0,1,可预约,￥5.0,晴,17,13,4,0.0,89,29
2026-05-21 07:50:40,2026-05-21,2,乒乓球厅-9号,20:30-21:30,0,1,可预约,￥5.0,晴,17,13,4,0.0,88,29
2026-05-21 07:53:31,2026-05-21,2,乒乓球厅-9号,20:30-21:30,0,1,可预约,￥5.0,晴,17,12,5,0.0,86,29
2026-05-21 07:56:31,2026-05-21,2,乒乓球厅-9号,20:30-21:30,0,1,可预约,￥5.0,晴,17,12,5,0.0,86,29
2026-05-21 07:59:26,2026-05-21,2,乒乓球厅-9号,20:30-21:30,0,1,可预约,￥5.0,晴,17,12,5,0.0,86,29
2026-05-21 00:30:49,2026-05-21,3,篮球场-1号北半场,09:00-10:00,0,1,可预约,￥75.0,多云,15,13,3,0.0,100,26
2026-05-21 01:00:55,2026-05-21,3,篮球场-1号北半场,09:00-10:00,0,1,可预约,￥75.0,多云,15,12,4,0.0,100,26
2026-05-21 01:30:47,2026-05-21,3,篮球场-1号北半场,09:00-10:00,0,1,可预约,￥75.0,多云,15,13,4,0.0,100,28
2026-05-21 02:00:53,2026-05-21,3,篮球场-1号北半场,09:00-10:00,0,1,可预约,￥75.0,多云,15,12,4,0.0,100,28
2026-05-21 02:30:49,2026-05-21,3,篮球场-1号北半场,09:00-10:00,0,1,可预约,￥75.0,多云,15,14,3,0.0,100,29
2026-05-21 03:00:55,2026-05-21,3,篮球场-1号北半场,09:00-10:00,0,1,可预约,￥75.0,多云,15,12,4,0.0,100,29
2026-05-21 03:30:49,2026-05-21,3,篮球场-1号北半场,09:00-10:00,0,1,可预约,￥75.0,多云,15,14,3,0.0,100,30
2026-05-21 04:30:45,2026-05-21,3,篮球场-1号北半场,09:00-10:00,0,1,可预约,￥75.0,多云,15,12,4,0.0,100,29
2026-05-21 05:00:52,2026-05-21,3,篮球场-1号北半场,09:00-10:00,0,1,可预约,￥75.0,多云,15,12,4,0.0,100,29
2026-05-21 05:30:49,2026-05-21,3,篮球场-1号北半场,09:00-10:00,0,1,可预约,￥75.0,多云,15,13,3,0.0,100,28
2026-05-21 06:00:50,2026-05-21,3,篮球场-1号北半场,09:00-10:00,0,1,可预约,￥75.0,多云,15,13,4,0.0,99,28
2026-05-21 06:30:38,2026-05-21,3,篮球场-1号北半场,09:00-10:00,0,1,可预约,￥75.0,多云,15,13,3,0.0,97,28
2026-05-21 07:00:43,2026-05-21,3,篮球场-1号北半场,09:00-10:00,0,1,可预约,￥75.0,晴,15,11,5,0.0,93,28
2026-05-21 07:30:39,2026-05-21,3,篮球场-1号北半场,09:00-10:00,0,1,可预约,￥75.0,晴,17,13,4,0.0,89,29
2026-05-21 07:50:40,2026-05-21,3,篮球场-1号北半场,09:00-10:00,0,1,可预约,￥75.0,晴,17,13,4,0.0,88,29
2026-05-21 07:53:31,2026-05-21,3,篮球场-1号北半场,09:00-10:00,0,1,可预约,￥75.0,晴,17,12,5,0.0,86,29
2026-05-21 07:56:31,2026-05-21,3,篮球场-1号北半场,09:00-10:00,0,1,可预约,￥75.0,晴,17,12,5,0.0,86,29
2026-05-21 07:59:26,2026-05-21,3,篮球场-1号北半场,09:00-10:00,0,1,可预约,￥75.0,晴,17,12,5,0.0,86,29
2026-05-21 00:30:49,2026-05-21,3,篮球场-1号北半场,10:30-11:30,1,1,已售/已满,教学时间,多云,15,13,3,0.0,100,26
2026-05-21 01:00:55,2026-05-21,3,篮球场-1号北半场,10:30-11:30,1,1,已售/已满,教学时间,多云,15,12,4,0.0,100,26
2026-05-21 01:30:47,2026-05-21,3,篮球场-1号北半场,10:30-11:30,1,1,已售/已满,教学时间,多云,15,13,4,0.0,100,28
2026-05-21 02:00:53,2026-05-21,3,篮球场-1号北半场,10:30-11:30,1,1,已售/已满,教学时间,多云,15,12,4,0.0,100,28
2026-05-21 02:30:49,2026-05-21,3,篮球场-1号北半场,10:30-11:30,1,1,已售/已满,教学时间,多云,15,14,3,0.0,100,29
2026-05-21 03:00:55,2026-05-21,3,篮球场-1号北半场,10:30-11:30,1,1,已售/已满,教学时间,多云,15,12,4,0.0,100,29
2026-05-21 03:30:49,2026-05-21,3,篮球场-1号北半场,10:30-11:30,1,1,已售/已满,教学时间,多云,15,14,3,0.0,100,30
2026-05-21 04:30:45,2026-05-21,3,篮球场-1号北半场,10:30-11:30,1,1,已售/已满,教学时间,多云,15,12,4,0.0,100,29
2026-05-21 05:00:52,2026-05-21,3,篮球场-1号北半场,10:30-11:30,1,1,已售/已满,教学时间,多云,15,12,4,0.0,100,29
2026-05-21 05:30:49,2026-05-21,3,篮球场-1号北半场,10:30-11:30,1,1,已售/已满,教学时间,多云,15,13,3,0.0,100,28
2026-05-21 06:00:50,2026-05-21,3,篮球场-1号北半场,10:30-11:30,1,1,已售/已满,教学时间,多云,15,13,4,0.0,99,28
2026-05-21 06:30:38,2026-05-21,3,篮球场-1号北半场,10:30-11:30,1,1,已售/已满,教学时间,多云,15,13,3,0.0,97,28
2026-05-21 07:00:43,2026-05-21,3,篮球场-1号北半场,10:30-11:30,1,1,已售/已满,教学时间,晴,15,11,5,0.0,93,28
2026-05-21 07:30:39,2026-05-21,3,篮球场-1号北半场,10:30-11:30,1,1,已售/已满,教学时间,晴,17,13,4,0.0,89,29
2026-05-21 07:50:40,2026-05-21,3,篮球场-1号北半场,10:30-11:30,1,1,已售/已满,教学时间,晴,17,13,4,0.0,88,29
2026-05-21 07:53:31,2026-05-21,3,篮球场-1号北半场,10:30-11:30,1,1,已售/已满,教学时间,晴,17,12,5,0.0,86,29
2026-05-21 07:56:31,2026-05-21,3,篮球场-1号北半场,10:30-11:30,1,1,已售/已满,教学时间,晴,17,12,5,0.0,86,29
2026-05-21 07:59:26,2026-05-21,3,篮球场-1号北半场,10:30-11:30,1,1,已售/已满,教学时间,晴,17,12,5,0.0,86,29
2026-05-21 00:30:49,2026-05-21,3,篮球场-1号北半场,12:00-13:00,0,1,可预约,￥75.0,多云,15,13,3,0.0,100,26
2026-05-21 01:00:55,2026-05-21,3,篮球场-1号北半场,12:00-13:00,0,1,可预约,￥75.0,多云,15,12,4,0.0,100,26
2026-05-21 01:30:47,2026-05-21,3,篮球场-1号北半场,12:00-13:00,0,1,可预约,￥75.0,多云,15,13,4,0.0,100,28
2026-05-21 02:00:53,2026-05-21,3,篮球场-1号北半场,12:00-13:00,0,1,可预约,￥75.0,多云,15,12,4,0.0,100,28
2026-05-21 02:30:49,2026-05-21,3,篮球场-1号北半场,12:00-13:00,0,1,可预约,￥75.0,多云,15,14,3,0.0,100,29
2026-05-21 03:00:55,2026-05-21,3,篮球场-1号北半场,12:00-13:00,0,1,可预约,￥75.0,多云,15,12,4,0.0,100,29
2026-05-21 03:30:49,2026-05-21,3,篮球场-1号北半场,12:00-13:00,0,1,可预约,￥75.0,多云,15,14,3,0.0,100,30
2026-05-21 04:30:45,2026-05-21,3,篮球场-1号北半场,12:00-13:00,0,1,可预约,￥75.0,多云,15,12,4,0.0,100,29
2026-05-21 05:00:52,2026-05-21,3,篮球场-1号北半场,12:00-13:00,0,1,可预约,￥75.0,多云,15,12,4,0.0,100,29
2026-05-21 05:30:49,2026-05-21,3,篮球场-1号北半场,12:00-13:00,0,1,可预约,￥75.0,多云,15,13,3,0.0,100,28
2026-05-21 06:00:50,2026-05-21,3,篮球场-1号北半场,12:00-13:00,0,1,可预约,￥75.0,多云,15,13,4,0.0,99,28
2026-05-21 06:30:38,2026-05-21,3,篮球场-1号北半场,12:00-13:00,0,1,可预约,￥75.0,多云,15,13,3,0.0,97,28
2026-05-21 07:00:43,2026-05-21,3,篮球场-1号北半场,12:00-13:00,0,1,可预约,￥75.0,晴,15,11,5,0.0,93,28
2026-05-21 07:30:39,2026-05-21,3,篮球场-1号北半场,12:00-13:00,0,1,可预约,￥75.0,晴,17,13,4,0.0,89,29
2026-05-21 07:50:40,2026-05-21,3,篮球场-1号北半场,12:00-13:00,0,1,可预约,￥75.0,晴,17,13,4,0.0,88,29
2026-05-21 07:53:31,2026-05-21,3,篮球场-1号北半场,12:00-13:00,0,1,可预约,￥75.0,晴,17,12,5,0.0,86,29
2026-05-21 07:56:31,2026-05-21,3,篮球场-1号北半场,12:00-13:00,0,1,可预约,￥75.0,晴,17,12,5,0.0,86,29
2026-05-21 07:59:26,2026-05-21,3,篮球场-1号北半场,12:00-13:00,0,1,可预约,￥75.0,晴,17,12,5,0.0,86,29
2026-05-21 00:30:49,2026-05-21,3,篮球场-1号北半场,14:00-15:00,1,1,已售/已满,教学时间,多云,15,13,3,0.0,100,26
2026-05-21 01:00:55,2026-05-21,3,篮球场-1号北半场,14:00-15:00,1,1,已售/已满,教学时间,多云,15,12,4,0.0,100,26
2026-05-21 01:30:47,2026-05-21,3,篮球场-1号北半场,14:00-15:00,1,1,已售/已满,教学时间,多云,15,13,4,0.0,100,28
2026-05-21 02:00:53,2026-05-21,3,篮球场-1号北半场,14:00-15:00,1,1,已售/已满,教学时间,多云,15,12,4,0.0,100,28
2026-05-21 02:30:49,2026-05-21,3,篮球场-1号北半场,14:00-15:00,1,1,已售/已满,教学时间,多云,15,14,3,0.0,100,29
2026-05-21 03:00:55,2026-05-21,3,篮球场-1号北半场,14:00-15:00,1,1,已售/已满,教学时间,多云,15,12,4,0.0,100,29
2026-05-21 03:30:49,2026-05-21,3,篮球场-1号北半场,14:00-15:00,1,1,已售/已满,教学时间,多云,15,14,3,0.0,100,30
2026-05-21 04:30:45,2026-05-21,3,篮球场-1号北半场,14:00-15:00,1,1,已售/已满,教学时间,多云,15,12,4,0.0,100,29
2026-05-21 05:00:52,2026-05-21,3,篮球场-1号北半场,14:00-15:00,1,1,已售/已满,教学时间,多云,15,12,4,0.0,100,29
2026-05-21 05:30:49,2026-05-21,3,篮球场-1号北半场,14:00-15:00,1,1,已售/已满,教学时间,多云,15,13,3,0.0,100,28
2026-05-21 06:00:50,2026-05-21,3,篮球场-1号北半场,14:00-15:00,1,1,已售/已满,教学时间,多云,15,13,4,0.0,99,28
2026-05-21 06:30:38,2026-05-21,3,篮球场-1号北半场,14:00-15:00,1,1,已售/已满,教学时间,多云,15,13,3,0.0,97,28
2026-05-21 07:00:43,2026-05-21,3,篮球场-1号北半场,14:00-15:00,1,1,已售/已满,教学时间,晴,15,11,5,0.0,93,28
2026-05-21 07:30:39,2026-05-21,3,篮球场-1号北半场,14:00-15:00,1,1,已售/已满,教学时间,晴,17,13,4,0.0,89,29
2026-05-21 07:50:40,2026-05-21,3,篮球场-1号北半场,14:00-15:00,1,1,已售/已满,教学时间,晴,17,13,4,0.0,88,29
2026-05-21 07:53:31,2026-05-21,3,篮球场-1号北半场,14:00-15:00,1,1,已售/已满,教学时间,晴,17,12,5,0.0,86,29
2026-05-21 07:56:31,2026-05-21,3,篮球场-1号北半场,14:00-15:00,1,1,已售/已满,教学时间,晴,17,12,5,0.0,86,29
2026-05-21 07:59:26,2026-05-21,3,篮球场-1号北半场,14:00-15:00,1,1,已售/已满,教学时间,晴,17,12,5,0.0,86,29
2026-05-21 00:30:49,2026-05-21,3,篮球场-1号北半场,15:00-16:00,1,1,已售/已满,教学时间,多云,15,13,3,0.0,100,26
2026-05-21 01:00:55,2026-05-21,3,篮球场-1号北半场,15:00-16:00,1,1,已售/已满,教学时间,多云,15,12,4,0.0,100,26
2026-05-21 01:30:47,2026-05-21,3,篮球场-1号北半场,15:00-16:00,1,1,已售/已满,教学时间,多云,15,13,4,0.0,100,28
2026-05-21 02:00:53,2026-05-21,3,篮球场-1号北半场,15:00-16:00,1,1,已售/已满,教学时间,多云,15,12,4,0.0,100,28
2026-05-21 02:30:49,2026-05-21,3,篮球场-1号北半场,15:00-16:00,1,1,已售/已满,教学时间,多云,15,14,3,0.0,100,29
2026-05-21 03:00:55,2026-05-21,3,篮球场-1号北半场,15:00-16:00,1,1,已售/已满,教学时间,多云,15,12,4,0.0,100,29
2026-05-21 03:30:49,2026-05-21,3,篮球场-1号北半场,15:00-16:00,1,1,已售/已满,教学时间,多云,15,14,3,0.0,100,30
2026-05-21 04:30:45,2026-05-21,3,篮球场-1号北半场,15:00-16:00,1,1,已售/已满,教学时间,多云,15,12,4,0.0,100,29
2026-05-21 05:00:52,2026-05-21,3,篮球场-1号北半场,15:00-16:00,1,1,已售/已满,教学时间,多云,15,12,4,0.0,100,29
2026-05-21 05:30:49,2026-05-21,3,篮球场-1号北半场,15:00-16:00,1,1,已售/已满,教学时间,多云,15,13,3,0.0,100,28
2026-05-21 06:00:50,2026-05-21,3,篮球场-1号北半场,15:00-16:00,1,1,已售/已满,教学时间,多云,15,13,4,0.0,99,28
2026-05-21 06:30:38,2026-05-21,3,篮球场-1号北半场,15:00-16:00,1,1,已售/已满,教学时间,多云,15,13,3,0.0,97,28
2026-05-21 07:00:43,2026-05-21,3,篮球场-1号北半场,15:00-16:00,1,1,已售/已满,教学时间,晴,15,11,5,0.0,93,28
2026-05-21 07:30:39,2026-05-21,3,篮球场-1号北半场,15:00-16:00,1,1,已售/已满,教学时间,晴,17,13,4,0.0,89,29
2026-05-21 07:50:40,2026-05-21,3,篮球场-1号北半场,15:00-16:00,1,1,已售/已满,教学时间,晴,17,13,4,0.0,88,29
2026-05-21 07:53:31,2026-05-21,3,篮球场-1号北半场,15:00-16:00,1,1,已售/已满,教学时间,晴,17,12,5,0.0,86,29
2026-05-21 07:56:31,2026-05-21,3,篮球场-1号北半场,15:00-16:00,1,1,已售/已满,教学时间,晴,17,12,5,0.0,86,29
2026-05-21 07:59:26,2026-05-21,3,篮球场-1号北半场,15:00-16:00,1,1,已售/已满,教学时间,晴,17,12,5,0.0,86,29
2026-05-21 00:30:49,2026-05-21,3,篮球场-1号北半场,16:00-17:00,0,1,可预约,￥75.0,多云,15,13,3,0.0,100,26
2026-05-21 01:00:55,2026-05-21,3,篮球场-1号北半场,16:00-17:00,0,1,可预约,￥75.0,多云,15,12,4,0.0,100,26
2026-05-21 01:30:47,2026-05-21,3,篮球场-1号北半场,16:00-17:00,0,1,可预约,￥75.0,多云,15,13,4,0.0,100,28
2026-05-21 02:00:53,2026-05-21,3,篮球场-1号北半场,16:00-17:00,0,1,可预约,￥75.0,多云,15,12,4,0.0,100,28
2026-05-21 02:30:49,2026-05-21,3,篮球场-1号北半场,16:00-17:00,0,1,可预约,￥75.0,多云,15,14,3,0.0,100,29
2026-05-21 03:00:55,2026-05-21,3,篮球场-1号北半场,16:00-17:00,0,1,可预约,￥75.0,多云,15,12,4,0.0,100,29
2026-05-21 03:30:49,2026-05-21,3,篮球场-1号北半场,16:00-17:00,0,1,可预约,￥75.0,多云,15,14,3,0.0,100,30
2026-05-21 04:30:45,2026-05-21,3,篮球场-1号北半场,16:00-17:00,0,1,可预约,￥75.0,多云,15,12,4,0.0,100,29
2026-05-21 05:00:52,2026-05-21,3,篮球场-1号北半场,16:00-17:00,0,1,可预约,￥75.0,多云,15,12,4,0.0,100,29
2026-05-21 05:30:49,2026-05-21,3,篮球场-1号北半场,16:00-17:00,0,1,可预约,￥75.0,多云,15,13,3,0.0,100,28
2026-05-21 06:00:50,2026-05-21,3,篮球场-1号北半场,16:00-17:00,0,1,可预约,￥75.0,多云,15,13,4,0.0,99,28
2026-05-21 06:30:38,2026-05-21,3,篮球场-1号北半场,16:00-17:00,0,1,可预约,￥75.0,多云,15,13,3,0.0,97,28
2026-05-21 07:00:43,2026-05-21,3,篮球场-1号北半场,16:00-17:00,0,1,可预约,￥75.0,晴,15,11,5,0.0,93,28
2026-05-21 07:30:39,2026-05-21,3,篮球场-1号北半场,16:00-17:00,0,1,可预约,￥75.0,晴,17,13,4,0.0,89,29
2026-05-21 07:50:40,2026-05-21,3,篮球场-1号北半场,16:00-17:00,0,1,可预约,￥75.0,晴,17,13,4,0.0,88,29
2026-05-21 07:53:31,2026-05-21,3,篮球场-1号北半场,16:00-17:00,0,1,可预约,￥75.0,晴,17,12,5,0.0,86,29
2026-05-21 07:56:31,2026-05-21,3,篮球场-1号北半场,16:00-17:00,0,1,可预约,￥75.0,晴,17,12,5,0.0,86,29
2026-05-21 07:59:26,2026-05-21,3,篮球场-1号北半场,16:00-17:00,0,1,可预约,￥75.0,晴,17,12,5,0.0,86,29
2026-05-21 00:30:49,2026-05-21,3,篮球场-1号北半场,19:00-20:00,0,1,可预约,￥75.0,多云,15,13,3,0.0,100,26
2026-05-21 01:00:55,2026-05-21,3,篮球场-1号北半场,19:00-20:00,0,1,可预约,￥75.0,多云,15,12,4,0.0,100,26
2026-05-21 01:30:47,2026-05-21,3,篮球场-1号北半场,19:00-20:00,0,1,可预约,￥75.0,多云,15,13,4,0.0,100,28
2026-05-21 02:00:53,2026-05-21,3,篮球场-1号北半场,19:00-20:00,0,1,可预约,￥75.0,多云,15,12,4,0.0,100,28
2026-05-21 02:30:49,2026-05-21,3,篮球场-1号北半场,19:00-20:00,0,1,可预约,￥75.0,多云,15,14,3,0.0,100,29
2026-05-21 03:00:55,2026-05-21,3,篮球场-1号北半场,19:00-20:00,0,1,可预约,￥75.0,多云,15,12,4,0.0,100,29
2026-05-21 03:30:49,2026-05-21,3,篮球场-1号北半场,19:00-20:00,0,1,可预约,￥75.0,多云,15,14,3,0.0,100,30
2026-05-21 04:30:45,2026-05-21,3,篮球场-1号北半场,19:00-20:00,0,1,可预约,￥75.0,多云,15,12,4,0.0,100,29
2026-05-21 05:00:52,2026-05-21,3,篮球场-1号北半场,19:00-20:00,0,1,可预约,￥75.0,多云,15,12,4,0.0,100,29
2026-05-21 05:30:49,2026-05-21,3,篮球场-1号北半场,19:00-20:00,0,1,可预约,￥75.0,多云,15,13,3,0.0,100,28
2026-05-21 06:00:50,2026-05-21,3,篮球场-1号北半场,19:00-20:00,0,1,可预约,￥75.0,多云,15,13,4,0.0,99,28
2026-05-21 06:30:38,2026-05-21,3,篮球场-1号北半场,19:00-20:00,0,1,可预约,￥75.0,多云,15,13,3,0.0,97,28
2026-05-21 07:00:43,2026-05-21,3,篮球场-1号北半场,19:00-20:00,0,1,可预约,￥75.0,晴,15,11,5,0.0,93,28
2026-05-21 07:30:39,2026-05-21,3,篮球场-1号北半场,19:00-20:00,0,1,可预约,￥75.0,晴,17,13,4,0.0,89,29
2026-05-21 07:50:40,2026-05-21,3,篮球场-1号北半场,19:00-20:00,0,1,可预约,￥75.0,晴,17,13,4,0.0,88,29
2026-05-21 07:53:31,2026-05-21,3,篮球场-1号北半场,19:00-20:00,0,1,可预约,￥75.0,晴,17,12,5,0.0,86,29
2026-05-21 07:56:31,2026-05-21,3,篮球场-1号北半场,19:00-20:00,0,1,可预约,￥75.0,晴,17,12,5,0.0,86,29
2026-05-21 07:59:26,2026-05-21,3,篮球场-1号北半场,19:00-20:00,0,1,可预约,￥75.0,晴,17,12,5,0.0,86,29
2026-05-21 00:30:49,2026-05-21,3,篮球场-1号北半场,20:30-21:30,0,1,可预约,￥75.0,多云,15,13,3,0.0,100,26
2026-05-21 01:00:55,2026-05-21,3,篮球场-1号北半场,20:30-21:30,0,1,可预约,￥75.0,多云,15,12,4,0.0,100,26
2026-05-21 01:30:47,2026-05-21,3,篮球场-1号北半场,20:30-21:30,0,1,可预约,￥75.0,多云,15,13,4,0.0,100,28
2026-05-21 02:00:53,2026-05-21,3,篮球场-1号北半场,20:30-21:30,0,1,可预约,￥75.0,多云,15,12,4,0.0,100,28
2026-05-21 02:30:49,2026-05-21,3,篮球场-1号北半场,20:30-21:30,0,1,可预约,￥75.0,多云,15,14,3,0.0,100,29
2026-05-21 03:00:55,2026-05-21,3,篮球场-1号北半场,20:30-21:30,0,1,可预约,￥75.0,多云,15,12,4,0.0,100,29
2026-05-21 03:30:49,2026-05-21,3,篮球场-1号北半场,20:30-21:30,0,1,可预约,￥75.0,多云,15,14,3,0.0,100,30
2026-05-21 04:30:45,2026-05-21,3,篮球场-1号北半场,20:30-21:30,0,1,可预约,￥75.0,多云,15,12,4,0.0,100,29
2026-05-21 05:00:52,2026-05-21,3,篮球场-1号北半场,20:30-21:30,0,1,可预约,￥75.0,多云,15,12,4,0.0,100,29
2026-05-21 05:30:49,2026-05-21,3,篮球场-1号北半场,20:30-21:30,0,1,可预约,￥75.0,多云,15,13,3,0.0,100,28
2026-05-21 06:00:50,2026-05-21,3,篮球场-1号北半场,20:30-21:30,0,1,可预约,￥75.0,多云,15,13,4,0.0,99,28
2026-05-21 06:30:38,2026-05-21,3,篮球场-1号北半场,20:30-21:30,0,1,可预约,￥75.0,多云,15,13,3,0.0,97,28
2026-05-21 07:00:43,2026-05-21,3,篮球场-1号北半场,20:30-21:30,0,1,可预约,￥75.0,晴,15,11,5,0.0,93,28
2026-05-21 07:30:39,2026-05-21,3,篮球场-1号北半场,20:30-21:30,0,1,可预约,￥75.0,晴,17,13,4,0.0,89,29
2026-05-21 07:50:40,2026-05-21,3,篮球场-1号北半场,20:30-21:30,0,1,可预约,￥75.0,晴,17,13,4,0.0,88,29
2026-05-21 07:53:31,2026-05-21,3,篮球场-1号北半场,20:30-21:30,0,1,可预约,￥75.0,晴,17,12,5,0.0,86,29
2026-05-21 07:56:31,2026-05-21,3,篮球场-1号北半场,20:30-21:30,0,1,可预约,￥75.0,晴,17,12,5,0.0,86,29
2026-05-21 07:59:26,2026-05-21,3,篮球场-1号北半场,20:30-21:30,0,1,可预约,￥75.0,晴,17,12,5,0.0,86,29
2026-05-21 00:30:49,2026-05-21,3,篮球场-1号南半场,09:00-10:00,0,1,可预约,￥75.0,多云,15,13,3,0.0,100,26
2026-05-21 01:00:55,2026-05-21,3,篮球场-1号南半场,09:00-10:00,0,1,可预约,￥75.0,多云,15,12,4,0.0,100,26
2026-05-21 01:30:47,2026-05-21,3,篮球场-1号南半场,09:00-10:00,0,1,可预约,￥75.0,多云,15,13,4,0.0,100,28
2026-05-21 02:00:53,2026-05-21,3,篮球场-1号南半场,09:00-10:00,0,1,可预约,￥75.0,多云,15,12,4,0.0,100,28
2026-05-21 02:30:49,2026-05-21,3,篮球场-1号南半场,09:00-10:00,0,1,可预约,￥75.0,多云,15,14,3,0.0,100,29
2026-05-21 03:00:55,2026-05-21,3,篮球场-1号南半场,09:00-10:00,0,1,可预约,￥75.0,多云,15,12,4,0.0,100,29
2026-05-21 03:30:49,2026-05-21,3,篮球场-1号南半场,09:00-10:00,0,1,可预约,￥75.0,多云,15,14,3,0.0,100,30
2026-05-21 04:30:45,2026-05-21,3,篮球场-1号南半场,09:00-10:00,0,1,可预约,￥75.0,多云,15,12,4,0.0,100,29
2026-05-21 05:00:52,2026-05-21,3,篮球场-1号南半场,09:00-10:00,0,1,可预约,￥75.0,多云,15,12,4,0.0,100,29
2026-05-21 05:30:49,2026-05-21,3,篮球场-1号南半场,09:00-10:00,0,1,可预约,￥75.0,多云,15,13,3,0.0,100,28
2026-05-21 06:00:50,2026-05-21,3,篮球场-1号南半场,09:00-10:00,0,1,可预约,￥75.0,多云,15,13,4,0.0,99,28
2026-05-21 06:30:38,2026-05-21,3,篮球场-1号南半场,09:00-10:00,0,1,可预约,￥75.0,多云,15,13,3,0.0,97,28
2026-05-21 07:00:43,2026-05-21,3,篮球场-1号南半场,09:00-10:00,0,1,可预约,￥75.0,晴,15,11,5,0.0,93,28
2026-05-21 07:30:39,2026-05-21,3,篮球场-1号南半场,09:00-10:00,0,1,可预约,￥75.0,晴,17,13,4,0.0,89,29
2026-05-21 07:50:40,2026-05-21,3,篮球场-1号南半场,09:00-10:00,0,1,可预约,￥75.0,晴,17,13,4,0.0,88,29
2026-05-21 07:53:31,2026-05-21,3,篮球场-1号南半场,09:00-10:00,0,1,可预约,￥75.0,晴,17,12,5,0.0,86,29
2026-05-21 07:56:31,2026-05-21,3,篮球场-1号南半场,09:00-10:00,0,1,可预约,￥75.0,晴,17,12,5,0.0,86,29
2026-05-21 07:59:26,2026-05-21,3,篮球场-1号南半场,09:00-10:00,0,1,可预约,￥75.0,晴,17,12,5,0.0,86,29
2026-05-21 00:30:49,2026-05-21,3,篮球场-1号南半场,10:30-11:30,1,1,已售/已满,教学时间,多云,15,13,3,0.0,100,26
2026-05-21 01:00:55,2026-05-21,3,篮球场-1号南半场,10:30-11:30,1,1,已售/已满,教学时间,多云,15,12,4,0.0,100,26
2026-05-21 01:30:47,2026-05-21,3,篮球场-1号南半场,10:30-11:30,1,1,已售/已满,教学时间,多云,15,13,4,0.0,100,28
2026-05-21 02:00:53,2026-05-21,3,篮球场-1号南半场,10:30-11:30,1,1,已售/已满,教学时间,多云,15,12,4,0.0,100,28
2026-05-21 02:30:49,2026-05-21,3,篮球场-1号南半场,10:30-11:30,1,1,已售/已满,教学时间,多云,15,14,3,0.0,100,29
2026-05-21 03:00:55,2026-05-21,3,篮球场-1号南半场,10:30-11:30,1,1,已售/已满,教学时间,多云,15,12,4,0.0,100,29
2026-05-21 03:30:49,2026-05-21,3,篮球场-1号南半场,10:30-11:30,1,1,已售/已满,教学时间,多云,15,14,3,0.0,100,30
2026-05-21 04:30:45,2026-05-21,3,篮球场-1号南半场,10:30-11:30,1,1,已售/已满,教学时间,多云,15,12,4,0.0,100,29
2026-05-21 05:00:52,2026-05-21,3,篮球场-1号南半场,10:30-11:30,1,1,已售/已满,教学时间,多云,15,12,4,0.0,100,29
2026-05-21 05:30:49,2026-05-21,3,篮球场-1号南半场,10:30-11:30,1,1,已售/已满,教学时间,多云,15,13,3,0.0,100,28
2026-05-21 06:00:50,2026-05-21,3,篮球场-1号南半场,10:30-11:30,1,1,已售/已满,教学时间,多云,15,13,4,0.0,99,28
2026-05-21 06:30:38,2026-05-21,3,篮球场-1号南半场,10:30-11:30,1,1,已售/已满,教学时间,多云,15,13,3,0.0,97,28
2026-05-21 07:00:43,2026-05-21,3,篮球场-1号南半场,10:30-11:30,1,1,已售/已满,教学时间,晴,15,11,5,0.0,93,28
2026-05-21 07:30:39,2026-05-21,3,篮球场-1号南半场,10:30-11:30,1,1,已售/已满,教学时间,晴,17,13,4,0.0,89,29
2026-05-21 07:50:40,2026-05-21,3,篮球场-1号南半场,10:30-11:30,1,1,已售/已满,教学时间,晴,17,13,4,0.0,88,29
2026-05-21 07:53:31,2026-05-21,3,篮球场-1号南半场,10:30-11:30,1,1,已售/已满,教学时间,晴,17,12,5,0.0,86,29
2026-05-21 07:56:31,2026-05-21,3,篮球场-1号南半场,10:30-11:30,1,1,已售/已满,教学时间,晴,17,12,5,0.0,86,29
2026-05-21 07:59:26,2026-05-21,3,篮球场-1号南半场,10:30-11:30,1,1,已售/已满,教学时间,晴,17,12,5,0.0,86,29
2026-05-21 00:30:49,2026-05-21,3,篮球场-1号南半场,12:00-13:00,1,1,已售/已满,已售,多云,15,13,3,0.0,100,26
2026-05-21 01:00:55,2026-05-21,3,篮球场-1号南半场,12:00-13:00,1,1,已售/已满,已售,多云,15,12,4,0.0,100,26
2026-05-21 01:30:47,2026-05-21,3,篮球场-1号南半场,12:00-13:00,1,1,已售/已满,已售,多云,15,13,4,0.0,100,28
2026-05-21 02:00:53,2026-05-21,3,篮球场-1号南半场,12:00-13:00,1,1,已售/已满,已售,多云,15,12,4,0.0,100,28
2026-05-21 02:30:49,2026-05-21,3,篮球场-1号南半场,12:00-13:00,1,1,已售/已满,已售,多云,15,14,3,0.0,100,29
2026-05-21 03:00:55,2026-05-21,3,篮球场-1号南半场,12:00-13:00,1,1,已售/已满,已售,多云,15,12,4,0.0,100,29
2026-05-21 03:30:49,2026-05-21,3,篮球场-1号南半场,12:00-13:00,1,1,已售/已满,已售,多云,15,14,3,0.0,100,30
2026-05-21 04:30:45,2026-05-21,3,篮球场-1号南半场,12:00-13:00,1,1,已售/已满,已售,多云,15,12,4,0.0,100,29
2026-05-21 05:00:52,2026-05-21,3,篮球场-1号南半场,12:00-13:00,1,1,已售/已满,已售,多云,15,12,4,0.0,100,29
2026-05-21 05:30:49,2026-05-21,3,篮球场-1号南半场,12:00-13:00,1,1,已售/已满,已售,多云,15,13,3,0.0,100,28
2026-05-21 06:00:50,2026-05-21,3,篮球场-1号南半场,12:00-13:00,1,1,已售/已满,已售,多云,15,13,4,0.0,99,28
2026-05-21 06:30:38,2026-05-21,3,篮球场-1号南半场,12:00-13:00,1,1,已售/已满,已售,多云,15,13,3,0.0,97,28
2026-05-21 07:00:43,2026-05-21,3,篮球场-1号南半场,12:00-13:00,1,1,已售/已满,已售,晴,15,11,5,0.0,93,28
2026-05-21 07:30:39,2026-05-21,3,篮球场-1号南半场,12:00-13:00,1,1,已售/已满,已售,晴,17,13,4,0.0,89,29
2026-05-21 07:50:40,2026-05-21,3,篮球场-1号南半场,12:00-13:00,1,1,已售/已满,已售,晴,17,13,4,0.0,88,29
2026-05-21 07:53:31,2026-05-21,3,篮球场-1号南半场,12:00-13:00,1,1,已售/已满,已售,晴,17,12,5,0.0,86,29
2026-05-21 07:56:31,2026-05-21,3,篮球场-1号南半场,12:00-13:00,1,1,已售/已满,已售,晴,17,12,5,0.0,86,29
2026-05-21 07:59:26,2026-05-21,3,篮球场-1号南半场,12:00-13:00,1,1,已售/已满,已售,晴,17,12,5,0.0,86,29
2026-05-21 00:30:49,2026-05-21,3,篮球场-1号南半场,14:00-15:00,1,1,已售/已满,教学时间,多云,15,13,3,0.0,100,26
2026-05-21 01:00:55,2026-05-21,3,篮球场-1号南半场,14:00-15:00,1,1,已售/已满,教学时间,多云,15,12,4,0.0,100,26
2026-05-21 01:30:47,2026-05-21,3,篮球场-1号南半场,14:00-15:00,1,1,已售/已满,教学时间,多云,15,13,4,0.0,100,28
2026-05-21 02:00:53,2026-05-21,3,篮球场-1号南半场,14:00-15:00,1,1,已售/已满,教学时间,多云,15,12,4,0.0,100,28
2026-05-21 02:30:49,2026-05-21,3,篮球场-1号南半场,14:00-15:00,1,1,已售/已满,教学时间,多云,15,14,3,0.0,100,29
2026-05-21 03:00:55,2026-05-21,3,篮球场-1号南半场,14:00-15:00,1,1,已售/已满,教学时间,多云,15,12,4,0.0,100,29
2026-05-21 03:30:49,2026-05-21,3,篮球场-1号南半场,14:00-15:00,1,1,已售/已满,教学时间,多云,15,14,3,0.0,100,30
2026-05-21 04:30:45,2026-05-21,3,篮球场-1号南半场,14:00-15:00,1,1,已售/已满,教学时间,多云,15,12,4,0.0,100,29
2026-05-21 05:00:52,2026-05-21,3,篮球场-1号南半场,14:00-15:00,1,1,已售/已满,教学时间,多云,15,12,4,0.0,100,29
2026-05-21 05:30:49,2026-05-21,3,篮球场-1号南半场,14:00-15:00,1,1,已售/已满,教学时间,多云,15,13,3,0.0,100,28
2026-05-21 06:00:50,2026-05-21,3,篮球场-1号南半场,14:00-15:00,1,1,已售/已满,教学时间,多云,15,13,4,0.0,99,28
2026-05-21 06:30:38,2026-05-21,3,篮球场-1号南半场,14:00-15:00,1,1,已售/已满,教学时间,多云,15,13,3,0.0,97,28
2026-05-21 07:00:43,2026-05-21,3,篮球场-1号南半场,14:00-15:00,1,1,已售/已满,教学时间,晴,15,11,5,0.0,93,28
2026-05-21 07:30:39,2026-05-21,3,篮球场-1号南半场,14:00-15:00,1,1,已售/已满,教学时间,晴,17,13,4,0.0,89,29
2026-05-21 07:50:40,2026-05-21,3,篮球场-1号南半场,14:00-15:00,1,1,已售/已满,教学时间,晴,17,13,4,0.0,88,29
2026-05-21 07:53:31,2026-05-21,3,篮球场-1号南半场,14:00-15:00,1,1,已售/已满,教学时间,晴,17,12,5,0.0,86,29
2026-05-21 07:56:31,2026-05-21,3,篮球场-1号南半场,14:00-15:00,1,1,已售/已满,教学时间,晴,17,12,5,0.0,86,29
2026-05-21 07:59:26,2026-05-21,3,篮球场-1号南半场,14:00-15:00,1,1,已售/已满,教学时间,晴,17,12,5,0.0,86,29
2026-05-21 00:30:49,2026-05-21,3,篮球场-1号南半场,15:00-16:00,1,1,已售/已满,教学时间,多云,15,13,3,0.0,100,26
2026-05-21 01:00:55,2026-05-21,3,篮球场-1号南半场,15:00-16:00,1,1,已售/已满,教学时间,多云,15,12,4,0.0,100,26
2026-05-21 01:30:47,2026-05-21,3,篮球场-1号南半场,15:00-16:00,1,1,已售/已满,教学时间,多云,15,13,4,0.0,100,28
2026-05-21 02:00:53,2026-05-21,3,篮球场-1号南半场,15:00-16:00,1,1,已售/已满,教学时间,多云,15,12,4,0.0,100,28
2026-05-21 02:30:49,2026-05-21,3,篮球场-1号南半场,15:00-16:00,1,1,已售/已满,教学时间,多云,15,14,3,0.0,100,29
2026-05-21 03:00:55,2026-05-21,3,篮球场-1号南半场,15:00-16:00,1,1,已售/已满,教学时间,多云,15,12,4,0.0,100,29
2026-05-21 03:30:49,2026-05-21,3,篮球场-1号南半场,15:00-16:00,1,1,已售/已满,教学时间,多云,15,14,3,0.0,100,30
2026-05-21 04:30:45,2026-05-21,3,篮球场-1号南半场,15:00-16:00,1,1,已售/已满,教学时间,多云,15,12,4,0.0,100,29
2026-05-21 05:00:52,2026-05-21,3,篮球场-1号南半场,15:00-16:00,1,1,已售/已满,教学时间,多云,15,12,4,0.0,100,29
2026-05-21 05:30:49,2026-05-21,3,篮球场-1号南半场,15:00-16:00,1,1,已售/已满,教学时间,多云,15,13,3,0.0,100,28
2026-05-21 06:00:50,2026-05-21,3,篮球场-1号南半场,15:00-16:00,1,1,已售/已满,教学时间,多云,15,13,4,0.0,99,28
2026-05-21 06:30:38,2026-05-21,3,篮球场-1号南半场,15:00-16:00,1,1,已售/已满,教学时间,多云,15,13,3,0.0,97,28
2026-05-21 07:00:43,2026-05-21,3,篮球场-1号南半场,15:00-16:00,1,1,已售/已满,教学时间,晴,15,11,5,0.0,93,28
2026-05-21 07:30:39,2026-05-21,3,篮球场-1号南半场,15:00-16:00,1,1,已售/已满,教学时间,晴,17,13,4,0.0,89,29
2026-05-21 07:50:40,2026-05-21,3,篮球场-1号南半场,15:00-16:00,1,1,已售/已满,教学时间,晴,17,13,4,0.0,88,29
2026-05-21 07:53:31,2026-05-21,3,篮球场-1号南半场,15:00-16:00,1,1,已售/已满,教学时间,晴,17,12,5,0.0,86,29
2026-05-21 07:56:31,2026-05-21,3,篮球场-1号南半场,15:00-16:00,1,1,已售/已满,教学时间,晴,17,12,5,0.0,86,29
2026-05-21 07:59:26,2026-05-21,3,篮球场-1号南半场,15:00-16:00,1,1,已售/已满,教学时间,晴,17,12,5,0.0,86,29
2026-05-21 00:30:49,2026-05-21,3,篮球场-1号南半场,16:00-17:00,0,1,可预约,￥75.0,多云,15,13,3,0.0,100,26
2026-05-21 01:00:55,2026-05-21,3,篮球场-1号南半场,16:00-17:00,0,1,可预约,￥75.0,多云,15,12,4,0.0,100,26
2026-05-21 01:30:47,2026-05-21,3,篮球场-1号南半场,16:00-17:00,0,1,可预约,￥75.0,多云,15,13,4,0.0,100,28
2026-05-21 02:00:53,2026-05-21,3,篮球场-1号南半场,16:00-17:00,0,1,可预约,￥75.0,多云,15,12,4,0.0,100,28
2026-05-21 02:30:49,2026-05-21,3,篮球场-1号南半场,16:00-17:00,0,1,可预约,￥75.0,多云,15,14,3,0.0,100,29
2026-05-21 03:00:55,2026-05-21,3,篮球场-1号南半场,16:00-17:00,0,1,可预约,￥75.0,多云,15,12,4,0.0,100,29
2026-05-21 03:30:49,2026-05-21,3,篮球场-1号南半场,16:00-17:00,0,1,可预约,￥75.0,多云,15,14,3,0.0,100,30
2026-05-21 04:30:45,2026-05-21,3,篮球场-1号南半场,16:00-17:00,0,1,可预约,￥75.0,多云,15,12,4,0.0,100,29
2026-05-21 05:00:52,2026-05-21,3,篮球场-1号南半场,16:00-17:00,0,1,可预约,￥75.0,多云,15,12,4,0.0,100,29
2026-05-21 05:30:49,2026-05-21,3,篮球场-1号南半场,16:00-17:00,0,1,可预约,￥75.0,多云,15,13,3,0.0,100,28
2026-05-21 06:00:50,2026-05-21,3,篮球场-1号南半场,16:00-17:00,0,1,可预约,￥75.0,多云,15,13,4,0.0,99,28
2026-05-21 06:30:38,2026-05-21,3,篮球场-1号南半场,16:00-17:00,0,1,可预约,￥75.0,多云,15,13,3,0.0,97,28
2026-05-21 07:00:43,2026-05-21,3,篮球场-1号南半场,16:00-17:00,0,1,可预约,￥75.0,晴,15,11,5,0.0,93,28
2026-05-21 07:30:39,2026-05-21,3,篮球场-1号南半场,16:00-17:00,0,1,可预约,￥75.0,晴,17,13,4,0.0,89,29
2026-05-21 07:50:40,2026-05-21,3,篮球场-1号南半场,16:00-17:00,0,1,可预约,￥75.0,晴,17,13,4,0.0,88,29
2026-05-21 07:53:31,2026-05-21,3,篮球场-1号南半场,16:00-17:00,0,1,可预约,￥75.0,晴,17,12,5,0.0,86,29
2026-05-21 07:56:31,2026-05-21,3,篮球场-1号南半场,16:00-17:00,0,1,可预约,￥75.0,晴,17,12,5,0.0,86,29
2026-05-21 07:59:26,2026-05-21,3,篮球场-1号南半场,16:00-17:00,0,1,可预约,￥75.0,晴,17,12,5,0.0,86,29
2026-05-21 00:30:49,2026-05-21,3,篮球场-1号南半场,19:00-20:00,1,1,已售/已满,已售,多云,15,13,3,0.0,100,26
2026-05-21 01:00:55,2026-05-21,3,篮球场-1号南半场,19:00-20:00,1,1,已售/已满,已售,多云,15,12,4,0.0,100,26
2026-05-21 01:30:47,2026-05-21,3,篮球场-1号南半场,19:00-20:00,1,1,已售/已满,已售,多云,15,13,4,0.0,100,28
2026-05-21 02:00:53,2026-05-21,3,篮球场-1号南半场,19:00-20:00,1,1,已售/已满,已售,多云,15,12,4,0.0,100,28
2026-05-21 02:30:49,2026-05-21,3,篮球场-1号南半场,19:00-20:00,1,1,已售/已满,已售,多云,15,14,3,0.0,100,29
2026-05-21 03:00:55,2026-05-21,3,篮球场-1号南半场,19:00-20:00,1,1,已售/已满,已售,多云,15,12,4,0.0,100,29
2026-05-21 03:30:49,2026-05-21,3,篮球场-1号南半场,19:00-20:00,1,1,已售/已满,已售,多云,15,14,3,0.0,100,30
2026-05-21 04:30:45,2026-05-21,3,篮球场-1号南半场,19:00-20:00,1,1,已售/已满,已售,多云,15,12,4,0.0,100,29
2026-05-21 05:00:52,2026-05-21,3,篮球场-1号南半场,19:00-20:00,1,1,已售/已满,已售,多云,15,12,4,0.0,100,29
2026-05-21 05:30:49,2026-05-21,3,篮球场-1号南半场,19:00-20:00,1,1,已售/已满,已售,多云,15,13,3,0.0,100,28
2026-05-21 06:00:50,2026-05-21,3,篮球场-1号南半场,19:00-20:00,1,1,已售/已满,已售,多云,15,13,4,0.0,99,28
2026-05-21 06:30:38,2026-05-21,3,篮球场-1号南半场,19:00-20:00,1,1,已售/已满,已售,多云,15,13,3,0.0,97,28
2026-05-21 07:00:43,2026-05-21,3,篮球场-1号南半场,19:00-20:00,1,1,已售/已满,已售,晴,15,11,5,0.0,93,28
2026-05-21 07:30:39,2026-05-21,3,篮球场-1号南半场,19:00-20:00,1,1,已售/已满,已售,晴,17,13,4,0.0,89,29
2026-05-21 07:50:40,2026-05-21,3,篮球场-1号南半场,19:00-20:00,1,1,已售/已满,已售,晴,17,13,4,0.0,88,29
2026-05-21 07:53:31,2026-05-21,3,篮球场-1号南半场,19:00-20:00,1,1,已售/已满,已售,晴,17,12,5,0.0,86,29
2026-05-21 07:56:31,2026-05-21,3,篮球场-1号南半场,19:00-20:00,1,1,已售/已满,已售,晴,17,12,5,0.0,86,29
2026-05-21 07:59:26,2026-05-21,3,篮球场-1号南半场,19:00-20:00,1,1,已售/已满,已售,晴,17,12,5,0.0,86,29
2026-05-21 00:30:49,2026-05-21,3,篮球场-1号南半场,20:30-21:30,1,1,已售/已满,已售,多云,15,13,3,0.0,100,26
2026-05-21 01:00:55,2026-05-21,3,篮球场-1号南半场,20:30-21:30,1,1,已售/已满,已售,多云,15,12,4,0.0,100,26
2026-05-21 01:30:47,2026-05-21,3,篮球场-1号南半场,20:30-21:30,1,1,已售/已满,已售,多云,15,13,4,0.0,100,28
2026-05-21 02:00:53,2026-05-21,3,篮球场-1号南半场,20:30-21:30,1,1,已售/已满,已售,多云,15,12,4,0.0,100,28
2026-05-21 02:30:49,2026-05-21,3,篮球场-1号南半场,20:30-21:30,1,1,已售/已满,已售,多云,15,14,3,0.0,100,29
2026-05-21 03:00:55,2026-05-21,3,篮球场-1号南半场,20:30-21:30,1,1,已售/已满,已售,多云,15,12,4,0.0,100,29
2026-05-21 03:30:49,2026-05-21,3,篮球场-1号南半场,20:30-21:30,1,1,已售/已满,已售,多云,15,14,3,0.0,100,30
2026-05-21 04:30:45,2026-05-21,3,篮球场-1号南半场,20:30-21:30,1,1,已售/已满,已售,多云,15,12,4,0.0,100,29
2026-05-21 05:00:52,2026-05-21,3,篮球场-1号南半场,20:30-21:30,1,1,已售/已满,已售,多云,15,12,4,0.0,100,29
2026-05-21 05:30:49,2026-05-21,3,篮球场-1号南半场,20:30-21:30,1,1,已售/已满,已售,多云,15,13,3,0.0,100,28
2026-05-21 06:00:50,2026-05-21,3,篮球场-1号南半场,20:30-21:30,1,1,已售/已满,已售,多云,15,13,4,0.0,99,28
2026-05-21 06:30:38,2026-05-21,3,篮球场-1号南半场,20:30-21:30,1,1,已售/已满,已售,多云,15,13,3,0.0,97,28
2026-05-21 07:00:43,2026-05-21,3,篮球场-1号南半场,20:30-21:30,1,1,已售/已满,已售,晴,15,11,5,0.0,93,28
2026-05-21 07:30:39,2026-05-21,3,篮球场-1号南半场,20:30-21:30,1,1,已售/已满,已售,晴,17,13,4,0.0,89,29
2026-05-21 07:50:40,2026-05-21,3,篮球场-1号南半场,20:30-21:30,1,1,已售/已满,已售,晴,17,13,4,0.0,88,29
2026-05-21 07:53:31,2026-05-21,3,篮球场-1号南半场,20:30-21:30,1,1,已售/已满,已售,晴,17,12,5,0.0,86,29
2026-05-21 07:56:31,2026-05-21,3,篮球场-1号南半场,20:30-21:30,1,1,已售/已满,已售,晴,17,12,5,0.0,86,29
2026-05-21 07:59:26,2026-05-21,3,篮球场-1号南半场,20:30-21:30,1,1,已售/已满,已售,晴,17,12,5,0.0,86,29
2026-05-21 00:30:49,2026-05-21,3,篮球场-2号北半场,09:00-10:00,0,1,可预约,￥75.0,多云,15,13,3,0.0,100,26
2026-05-21 01:00:55,2026-05-21,3,篮球场-2号北半场,09:00-10:00,0,1,可预约,￥75.0,多云,15,12,4,0.0,100,26
2026-05-21 01:30:47,2026-05-21,3,篮球场-2号北半场,09:00-10:00,0,1,可预约,￥75.0,多云,15,13,4,0.0,100,28
2026-05-21 02:00:53,2026-05-21,3,篮球场-2号北半场,09:00-10:00,0,1,可预约,￥75.0,多云,15,12,4,0.0,100,28
2026-05-21 02:30:49,2026-05-21,3,篮球场-2号北半场,09:00-10:00,0,1,可预约,￥75.0,多云,15,14,3,0.0,100,29
2026-05-21 03:00:55,2026-05-21,3,篮球场-2号北半场,09:00-10:00,0,1,可预约,￥75.0,多云,15,12,4,0.0,100,29
2026-05-21 03:30:49,2026-05-21,3,篮球场-2号北半场,09:00-10:00,0,1,可预约,￥75.0,多云,15,14,3,0.0,100,30
2026-05-21 04:30:45,2026-05-21,3,篮球场-2号北半场,09:00-10:00,0,1,可预约,￥75.0,多云,15,12,4,0.0,100,29
2026-05-21 05:00:52,2026-05-21,3,篮球场-2号北半场,09:00-10:00,0,1,可预约,￥75.0,多云,15,12,4,0.0,100,29
2026-05-21 05:30:49,2026-05-21,3,篮球场-2号北半场,09:00-10:00,0,1,可预约,￥75.0,多云,15,13,3,0.0,100,28
2026-05-21 06:00:50,2026-05-21,3,篮球场-2号北半场,09:00-10:00,0,1,可预约,￥75.0,多云,15,13,4,0.0,99,28
2026-05-21 06:30:38,2026-05-21,3,篮球场-2号北半场,09:00-10:00,0,1,可预约,￥75.0,多云,15,13,3,0.0,97,28
2026-05-21 07:00:43,2026-05-21,3,篮球场-2号北半场,09:00-10:00,0,1,可预约,￥75.0,晴,15,11,5,0.0,93,28
2026-05-21 07:30:39,2026-05-21,3,篮球场-2号北半场,09:00-10:00,0,1,可预约,￥75.0,晴,17,13,4,0.0,89,29
2026-05-21 07:50:40,2026-05-21,3,篮球场-2号北半场,09:00-10:00,0,1,可预约,￥75.0,晴,17,13,4,0.0,88,29
2026-05-21 07:53:31,2026-05-21,3,篮球场-2号北半场,09:00-10:00,0,1,可预约,￥75.0,晴,17,12,5,0.0,86,29
2026-05-21 07:56:31,2026-05-21,3,篮球场-2号北半场,09:00-10:00,0,1,可预约,￥75.0,晴,17,12,5,0.0,86,29
2026-05-21 07:59:26,2026-05-21,3,篮球场-2号北半场,09:00-10:00,0,1,可预约,￥75.0,晴,17,12,5,0.0,86,29
2026-05-21 00:30:49,2026-05-21,3,篮球场-2号北半场,10:30-11:30,1,1,已售/已满,教学时间,多云,15,13,3,0.0,100,26
2026-05-21 01:00:55,2026-05-21,3,篮球场-2号北半场,10:30-11:30,1,1,已售/已满,教学时间,多云,15,12,4,0.0,100,26
2026-05-21 01:30:47,2026-05-21,3,篮球场-2号北半场,10:30-11:30,1,1,已售/已满,教学时间,多云,15,13,4,0.0,100,28
2026-05-21 02:00:53,2026-05-21,3,篮球场-2号北半场,10:30-11:30,1,1,已售/已满,教学时间,多云,15,12,4,0.0,100,28
2026-05-21 02:30:49,2026-05-21,3,篮球场-2号北半场,10:30-11:30,1,1,已售/已满,教学时间,多云,15,14,3,0.0,100,29
2026-05-21 03:00:55,2026-05-21,3,篮球场-2号北半场,10:30-11:30,1,1,已售/已满,教学时间,多云,15,12,4,0.0,100,29
2026-05-21 03:30:49,2026-05-21,3,篮球场-2号北半场,10:30-11:30,1,1,已售/已满,教学时间,多云,15,14,3,0.0,100,30
2026-05-21 04:30:45,2026-05-21,3,篮球场-2号北半场,10:30-11:30,1,1,已售/已满,教学时间,多云,15,12,4,0.0,100,29
2026-05-21 05:00:52,2026-05-21,3,篮球场-2号北半场,10:30-11:30,1,1,已售/已满,教学时间,多云,15,12,4,0.0,100,29
2026-05-21 05:30:49,2026-05-21,3,篮球场-2号北半场,10:30-11:30,1,1,已售/已满,教学时间,多云,15,13,3,0.0,100,28
2026-05-21 06:00:50,2026-05-21,3,篮球场-2号北半场,10:30-11:30,1,1,已售/已满,教学时间,多云,15,13,4,0.0,99,28
2026-05-21 06:30:38,2026-05-21,3,篮球场-2号北半场,10:30-11:30,1,1,已售/已满,教学时间,多云,15,13,3,0.0,97,28
2026-05-21 07:00:43,2026-05-21,3,篮球场-2号北半场,10:30-11:30,1,1,已售/已满,教学时间,晴,15,11,5,0.0,93,28
2026-05-21 07:30:39,2026-05-21,3,篮球场-2号北半场,10:30-11:30,1,1,已售/已满,教学时间,晴,17,13,4,0.0,89,29
2026-05-21 07:50:40,2026-05-21,3,篮球场-2号北半场,10:30-11:30,1,1,已售/已满,教学时间,晴,17,13,4,0.0,88,29
2026-05-21 07:53:31,2026-05-21,3,篮球场-2号北半场,10:30-11:30,1,1,已售/已满,教学时间,晴,17,12,5,0.0,86,29
2026-05-21 07:56:31,2026-05-21,3,篮球场-2号北半场,10:30-11:30,1,1,已售/已满,教学时间,晴,17,12,5,0.0,86,29
2026-05-21 07:59:26,2026-05-21,3,篮球场-2号北半场,10:30-11:30,1,1,已售/已满,教学时间,晴,17,12,5,0.0,86,29
2026-05-21 00:30:49,2026-05-21,3,篮球场-2号北半场,12:00-13:00,0,1,可预约,￥75.0,多云,15,13,3,0.0,100,26
2026-05-21 01:00:55,2026-05-21,3,篮球场-2号北半场,12:00-13:00,0,1,可预约,￥75.0,多云,15,12,4,0.0,100,26
2026-05-21 01:30:47,2026-05-21,3,篮球场-2号北半场,12:00-13:00,0,1,可预约,￥75.0,多云,15,13,4,0.0,100,28
2026-05-21 02:00:53,2026-05-21,3,篮球场-2号北半场,12:00-13:00,0,1,可预约,￥75.0,多云,15,12,4,0.0,100,28
2026-05-21 02:30:49,2026-05-21,3,篮球场-2号北半场,12:00-13:00,0,1,可预约,￥75.0,多云,15,14,3,0.0,100,29
2026-05-21 03:00:55,2026-05-21,3,篮球场-2号北半场,12:00-13:00,0,1,可预约,￥75.0,多云,15,12,4,0.0,100,29
2026-05-21 03:30:49,2026-05-21,3,篮球场-2号北半场,12:00-13:00,0,1,可预约,￥75.0,多云,15,14,3,0.0,100,30
2026-05-21 04:30:45,2026-05-21,3,篮球场-2号北半场,12:00-13:00,0,1,可预约,￥75.0,多云,15,12,4,0.0,100,29
2026-05-21 05:00:52,2026-05-21,3,篮球场-2号北半场,12:00-13:00,0,1,可预约,￥75.0,多云,15,12,4,0.0,100,29
2026-05-21 05:30:49,2026-05-21,3,篮球场-2号北半场,12:00-13:00,0,1,可预约,￥75.0,多云,15,13,3,0.0,100,28
2026-05-21 06:00:50,2026-05-21,3,篮球场-2号北半场,12:00-13:00,0,1,可预约,￥75.0,多云,15,13,4,0.0,99,28
2026-05-21 06:30:38,2026-05-21,3,篮球场-2号北半场,12:00-13:00,0,1,可预约,￥75.0,多云,15,13,3,0.0,97,28
2026-05-21 07:00:43,2026-05-21,3,篮球场-2号北半场,12:00-13:00,0,1,可预约,￥75.0,晴,15,11,5,0.0,93,28
2026-05-21 07:30:39,2026-05-21,3,篮球场-2号北半场,12:00-13:00,0,1,可预约,￥75.0,晴,17,13,4,0.0,89,29
2026-05-21 07:50:40,2026-05-21,3,篮球场-2号北半场,12:00-13:00,0,1,可预约,￥75.0,晴,17,13,4,0.0,88,29
2026-05-21 07:53:31,2026-05-21,3,篮球场-2号北半场,12:00-13:00,0,1,可预约,￥75.0,晴,17,12,5,0.0,86,29
2026-05-21 07:56:31,2026-05-21,3,篮球场-2号北半场,12:00-13:00,0,1,可预约,￥75.0,晴,17,12,5,0.0,86,29
2026-05-21 07:59:26,2026-05-21,3,篮球场-2号北半场,12:00-13:00,0,1,可预约,￥75.0,晴,17,12,5,0.0,86,29
2026-05-21 00:30:49,2026-05-21,3,篮球场-2号北半场,14:00-15:00,1,1,已售/已满,教学时间,多云,15,13,3,0.0,100,26
2026-05-21 01:00:55,2026-05-21,3,篮球场-2号北半场,14:00-15:00,1,1,已售/已满,教学时间,多云,15,12,4,0.0,100,26
2026-05-21 01:30:47,2026-05-21,3,篮球场-2号北半场,14:00-15:00,1,1,已售/已满,教学时间,多云,15,13,4,0.0,100,28
2026-05-21 02:00:53,2026-05-21,3,篮球场-2号北半场,14:00-15:00,1,1,已售/已满,教学时间,多云,15,12,4,0.0,100,28
2026-05-21 02:30:49,2026-05-21,3,篮球场-2号北半场,14:00-15:00,1,1,已售/已满,教学时间,多云,15,14,3,0.0,100,29
2026-05-21 03:00:55,2026-05-21,3,篮球场-2号北半场,14:00-15:00,1,1,已售/已满,教学时间,多云,15,12,4,0.0,100,29
2026-05-21 03:30:49,2026-05-21,3,篮球场-2号北半场,14:00-15:00,1,1,已售/已满,教学时间,多云,15,14,3,0.0,100,30
2026-05-21 04:30:45,2026-05-21,3,篮球场-2号北半场,14:00-15:00,1,1,已售/已满,教学时间,多云,15,12,4,0.0,100,29
2026-05-21 05:00:52,2026-05-21,3,篮球场-2号北半场,14:00-15:00,1,1,已售/已满,教学时间,多云,15,12,4,0.0,100,29
2026-05-21 05:30:49,2026-05-21,3,篮球场-2号北半场,14:00-15:00,1,1,已售/已满,教学时间,多云,15,13,3,0.0,100,28
2026-05-21 06:00:50,2026-05-21,3,篮球场-2号北半场,14:00-15:00,1,1,已售/已满,教学时间,多云,15,13,4,0.0,99,28
2026-05-21 06:30:38,2026-05-21,3,篮球场-2号北半场,14:00-15:00,1,1,已售/已满,教学时间,多云,15,13,3,0.0,97,28
2026-05-21 07:00:43,2026-05-21,3,篮球场-2号北半场,14:00-15:00,1,1,已售/已满,教学时间,晴,15,11,5,0.0,93,28
2026-05-21 07:30:39,2026-05-21,3,篮球场-2号北半场,14:00-15:00,1,1,已售/已满,教学时间,晴,17,13,4,0.0,89,29
2026-05-21 07:50:40,2026-05-21,3,篮球场-2号北半场,14:00-15:00,1,1,已售/已满,教学时间,晴,17,13,4,0.0,88,29
2026-05-21 07:53:31,2026-05-21,3,篮球场-2号北半场,14:00-15:00,1,1,已售/已满,教学时间,晴,17,12,5,0.0,86,29
2026-05-21 07:56:31,2026-05-21,3,篮球场-2号北半场,14:00-15:00,1,1,已售/已满,教学时间,晴,17,12,5,0.0,86,29
2026-05-21 07:59:26,2026-05-21,3,篮球场-2号北半场,14:00-15:00,1,1,已售/已满,教学时间,晴,17,12,5,0.0,86,29
2026-05-21 00:30:49,2026-05-21,3,篮球场-2号北半场,15:00-16:00,1,1,已售/已满,教学时间,多云,15,13,3,0.0,100,26
2026-05-21 01:00:55,2026-05-21,3,篮球场-2号北半场,15:00-16:00,1,1,已售/已满,教学时间,多云,15,12,4,0.0,100,26
2026-05-21 01:30:47,2026-05-21,3,篮球场-2号北半场,15:00-16:00,1,1,已售/已满,教学时间,多云,15,13,4,0.0,100,28
2026-05-21 02:00:53,2026-05-21,3,篮球场-2号北半场,15:00-16:00,1,1,已售/已满,教学时间,多云,15,12,4,0.0,100,28
2026-05-21 02:30:49,2026-05-21,3,篮球场-2号北半场,15:00-16:00,1,1,已售/已满,教学时间,多云,15,14,3,0.0,100,29
2026-05-21 03:00:55,2026-05-21,3,篮球场-2号北半场,15:00-16:00,1,1,已售/已满,教学时间,多云,15,12,4,0.0,100,29
2026-05-21 03:30:49,2026-05-21,3,篮球场-2号北半场,15:00-16:00,1,1,已售/已满,教学时间,多云,15,14,3,0.0,100,30
2026-05-21 04:30:45,2026-05-21,3,篮球场-2号北半场,15:00-16:00,1,1,已售/已满,教学时间,多云,15,12,4,0.0,100,29
2026-05-21 05:00:52,2026-05-21,3,篮球场-2号北半场,15:00-16:00,1,1,已售/已满,教学时间,多云,15,12,4,0.0,100,29
2026-05-21 05:30:49,2026-05-21,3,篮球场-2号北半场,15:00-16:00,1,1,已售/已满,教学时间,多云,15,13,3,0.0,100,28
2026-05-21 06:00:50,2026-05-21,3,篮球场-2号北半场,15:00-16:00,1,1,已售/已满,教学时间,多云,15,13,4,0.0,99,28
2026-05-21 06:30:38,2026-05-21,3,篮球场-2号北半场,15:00-16:00,1,1,已售/已满,教学时间,多云,15,13,3,0.0,97,28
2026-05-21 07:00:43,2026-05-21,3,篮球场-2号北半场,15:00-16:00,1,1,已售/已满,教学时间,晴,15,11,5,0.0,93,28
2026-05-21 07:30:39,2026-05-21,3,篮球场-2号北半场,15:00-16:00,1,1,已售/已满,教学时间,晴,17,13,4,0.0,89,29
2026-05-21 07:50:40,2026-05-21,3,篮球场-2号北半场,15:00-16:00,1,1,已售/已满,教学时间,晴,17,13,4,0.0,88,29
2026-05-21 07:53:31,2026-05-21,3,篮球场-2号北半场,15:00-16:00,1,1,已售/已满,教学时间,晴,17,12,5,0.0,86,29
2026-05-21 07:56:31,2026-05-21,3,篮球场-2号北半场,15:00-16:00,1,1,已售/已满,教学时间,晴,17,12,5,0.0,86,29
2026-05-21 07:59:26,2026-05-21,3,篮球场-2号北半场,15:00-16:00,1,1,已售/已满,教学时间,晴,17,12,5,0.0,86,29
2026-05-21 00:30:49,2026-05-21,3,篮球场-2号北半场,16:00-17:00,0,1,可预约,￥75.0,多云,15,13,3,0.0,100,26
2026-05-21 01:00:55,2026-05-21,3,篮球场-2号北半场,16:00-17:00,0,1,可预约,￥75.0,多云,15,12,4,0.0,100,26
2026-05-21 01:30:47,2026-05-21,3,篮球场-2号北半场,16:00-17:00,0,1,可预约,￥75.0,多云,15,13,4,0.0,100,28
2026-05-21 02:00:53,2026-05-21,3,篮球场-2号北半场,16:00-17:00,0,1,可预约,￥75.0,多云,15,12,4,0.0,100,28
2026-05-21 02:30:49,2026-05-21,3,篮球场-2号北半场,16:00-17:00,0,1,可预约,￥75.0,多云,15,14,3,0.0,100,29
2026-05-21 03:00:55,2026-05-21,3,篮球场-2号北半场,16:00-17:00,0,1,可预约,￥75.0,多云,15,12,4,0.0,100,29
2026-05-21 03:30:49,2026-05-21,3,篮球场-2号北半场,16:00-17:00,0,1,可预约,￥75.0,多云,15,14,3,0.0,100,30
2026-05-21 04:30:45,2026-05-21,3,篮球场-2号北半场,16:00-17:00,0,1,可预约,￥75.0,多云,15,12,4,0.0,100,29
2026-05-21 05:00:52,2026-05-21,3,篮球场-2号北半场,16:00-17:00,0,1,可预约,￥75.0,多云,15,12,4,0.0,100,29
2026-05-21 05:30:49,2026-05-21,3,篮球场-2号北半场,16:00-17:00,0,1,可预约,￥75.0,多云,15,13,3,0.0,100,28
2026-05-21 06:00:50,2026-05-21,3,篮球场-2号北半场,16:00-17:00,0,1,可预约,￥75.0,多云,15,13,4,0.0,99,28
2026-05-21 06:30:38,2026-05-21,3,篮球场-2号北半场,16:00-17:00,0,1,可预约,￥75.0,多云,15,13,3,0.0,97,28
2026-05-21 07:00:43,2026-05-21,3,篮球场-2号北半场,16:00-17:00,0,1,可预约,￥75.0,晴,15,11,5,0.0,93,28
2026-05-21 07:30:39,2026-05-21,3,篮球场-2号北半场,16:00-17:00,0,1,可预约,￥75.0,晴,17,13,4,0.0,89,29
2026-05-21 07:50:40,2026-05-21,3,篮球场-2号北半场,16:00-17:00,0,1,可预约,￥75.0,晴,17,13,4,0.0,88,29
2026-05-21 07:53:31,2026-05-21,3,篮球场-2号北半场,16:00-17:00,0,1,可预约,￥75.0,晴,17,12,5,0.0,86,29
2026-05-21 07:56:31,2026-05-21,3,篮球场-2号北半场,16:00-17:00,0,1,可预约,￥75.0,晴,17,12,5,0.0,86,29
2026-05-21 07:59:26,2026-05-21,3,篮球场-2号北半场,16:00-17:00,0,1,可预约,￥75.0,晴,17,12,5,0.0,86,29
2026-05-21 00:30:49,2026-05-21,3,篮球场-2号北半场,19:00-20:00,0,1,可预约,￥75.0,多云,15,13,3,0.0,100,26
2026-05-21 01:00:55,2026-05-21,3,篮球场-2号北半场,19:00-20:00,0,1,可预约,￥75.0,多云,15,12,4,0.0,100,26
2026-05-21 01:30:47,2026-05-21,3,篮球场-2号北半场,19:00-20:00,0,1,可预约,￥75.0,多云,15,13,4,0.0,100,28
2026-05-21 02:00:53,2026-05-21,3,篮球场-2号北半场,19:00-20:00,0,1,可预约,￥75.0,多云,15,12,4,0.0,100,28
2026-05-21 02:30:49,2026-05-21,3,篮球场-2号北半场,19:00-20:00,0,1,可预约,￥75.0,多云,15,14,3,0.0,100,29
2026-05-21 03:00:55,2026-05-21,3,篮球场-2号北半场,19:00-20:00,0,1,可预约,￥75.0,多云,15,12,4,0.0,100,29
2026-05-21 03:30:49,2026-05-21,3,篮球场-2号北半场,19:00-20:00,0,1,可预约,￥75.0,多云,15,14,3,0.0,100,30
2026-05-21 04:30:45,2026-05-21,3,篮球场-2号北半场,19:00-20:00,0,1,可预约,￥75.0,多云,15,12,4,0.0,100,29
2026-05-21 05:00:52,2026-05-21,3,篮球场-2号北半场,19:00-20:00,0,1,可预约,￥75.0,多云,15,12,4,0.0,100,29
2026-05-21 05:30:49,2026-05-21,3,篮球场-2号北半场,19:00-20:00,0,1,可预约,￥75.0,多云,15,13,3,0.0,100,28
2026-05-21 06:00:50,2026-05-21,3,篮球场-2号北半场,19:00-20:00,0,1,可预约,￥75.0,多云,15,13,4,0.0,99,28
2026-05-21 06:30:38,2026-05-21,3,篮球场-2号北半场,19:00-20:00,0,1,可预约,￥75.0,多云,15,13,3,0.0,97,28
2026-05-21 07:00:43,2026-05-21,3,篮球场-2号北半场,19:00-20:00,0,1,可预约,￥75.0,晴,15,11,5,0.0,93,28
2026-05-21 07:30:39,2026-05-21,3,篮球场-2号北半场,19:00-20:00,0,1,可预约,￥75.0,晴,17,13,4,0.0,89,29
2026-05-21 07:50:40,2026-05-21,3,篮球场-2号北半场,19:00-20:00,0,1,可预约,￥75.0,晴,17,13,4,0.0,88,29
2026-05-21 07:53:31,2026-05-21,3,篮球场-2号北半场,19:00-20:00,0,1,可预约,￥75.0,晴,17,12,5,0.0,86,29
2026-05-21 07:56:31,2026-05-21,3,篮球场-2号北半场,19:00-20:00,0,1,可预约,￥75.0,晴,17,12,5,0.0,86,29
2026-05-21 07:59:26,2026-05-21,3,篮球场-2号北半场,19:00-20:00,0,1,可预约,￥75.0,晴,17,12,5,0.0,86,29
2026-05-21 00:30:49,2026-05-21,3,篮球场-2号北半场,20:30-21:30,0,1,可预约,￥75.0,多云,15,13,3,0.0,100,26
2026-05-21 01:00:55,2026-05-21,3,篮球场-2号北半场,20:30-21:30,0,1,可预约,￥75.0,多云,15,12,4,0.0,100,26
2026-05-21 01:30:47,2026-05-21,3,篮球场-2号北半场,20:30-21:30,0,1,可预约,￥75.0,多云,15,13,4,0.0,100,28
2026-05-21 02:00:53,2026-05-21,3,篮球场-2号北半场,20:30-21:30,0,1,可预约,￥75.0,多云,15,12,4,0.0,100,28
2026-05-21 02:30:49,2026-05-21,3,篮球场-2号北半场,20:30-21:30,0,1,可预约,￥75.0,多云,15,14,3,0.0,100,29
2026-05-21 03:00:55,2026-05-21,3,篮球场-2号北半场,20:30-21:30,0,1,可预约,￥75.0,多云,15,12,4,0.0,100,29
2026-05-21 03:30:49,2026-05-21,3,篮球场-2号北半场,20:30-21:30,0,1,可预约,￥75.0,多云,15,14,3,0.0,100,30
2026-05-21 04:30:45,2026-05-21,3,篮球场-2号北半场,20:30-21:30,0,1,可预约,￥75.0,多云,15,12,4,0.0,100,29
2026-05-21 05:00:52,2026-05-21,3,篮球场-2号北半场,20:30-21:30,0,1,可预约,￥75.0,多云,15,12,4,0.0,100,29
2026-05-21 05:30:49,2026-05-21,3,篮球场-2号北半场,20:30-21:30,0,1,可预约,￥75.0,多云,15,13,3,0.0,100,28
2026-05-21 06:00:50,2026-05-21,3,篮球场-2号北半场,20:30-21:30,0,1,可预约,￥75.0,多云,15,13,4,0.0,99,28
2026-05-21 06:30:38,2026-05-21,3,篮球场-2号北半场,20:30-21:30,0,1,可预约,￥75.0,多云,15,13,3,0.0,97,28
2026-05-21 07:00:43,2026-05-21,3,篮球场-2号北半场,20:30-21:30,0,1,可预约,￥75.0,晴,15,11,5,0.0,93,28
2026-05-21 07:30:39,2026-05-21,3,篮球场-2号北半场,20:30-21:30,0,1,可预约,￥75.0,晴,17,13,4,0.0,89,29
2026-05-21 07:50:40,2026-05-21,3,篮球场-2号北半场,20:30-21:30,0,1,可预约,￥75.0,晴,17,13,4,0.0,88,29
2026-05-21 07:53:31,2026-05-21,3,篮球场-2号北半场,20:30-21:30,0,1,可预约,￥75.0,晴,17,12,5,0.0,86,29
2026-05-21 07:56:31,2026-05-21,3,篮球场-2号北半场,20:30-21:30,0,1,可预约,￥75.0,晴,17,12,5,0.0,86,29
2026-05-21 07:59:26,2026-05-21,3,篮球场-2号北半场,20:30-21:30,0,1,可预约,￥75.0,晴,17,12,5,0.0,86,29
2026-05-21 00:30:49,2026-05-21,3,篮球场-2号南半场,09:00-10:00,0,1,可预约,￥75.0,多云,15,13,3,0.0,100,26
2026-05-21 01:00:55,2026-05-21,3,篮球场-2号南半场,09:00-10:00,0,1,可预约,￥75.0,多云,15,12,4,0.0,100,26
2026-05-21 01:30:47,2026-05-21,3,篮球场-2号南半场,09:00-10:00,0,1,可预约,￥75.0,多云,15,13,4,0.0,100,28
2026-05-21 02:00:53,2026-05-21,3,篮球场-2号南半场,09:00-10:00,0,1,可预约,￥75.0,多云,15,12,4,0.0,100,28
2026-05-21 02:30:49,2026-05-21,3,篮球场-2号南半场,09:00-10:00,0,1,可预约,￥75.0,多云,15,14,3,0.0,100,29
2026-05-21 03:00:55,2026-05-21,3,篮球场-2号南半场,09:00-10:00,0,1,可预约,￥75.0,多云,15,12,4,0.0,100,29
2026-05-21 03:30:49,2026-05-21,3,篮球场-2号南半场,09:00-10:00,0,1,可预约,￥75.0,多云,15,14,3,0.0,100,30
2026-05-21 04:30:45,2026-05-21,3,篮球场-2号南半场,09:00-10:00,0,1,可预约,￥75.0,多云,15,12,4,0.0,100,29
2026-05-21 05:00:52,2026-05-21,3,篮球场-2号南半场,09:00-10:00,0,1,可预约,￥75.0,多云,15,12,4,0.0,100,29
2026-05-21 05:30:49,2026-05-21,3,篮球场-2号南半场,09:00-10:00,0,1,可预约,￥75.0,多云,15,13,3,0.0,100,28
2026-05-21 06:00:50,2026-05-21,3,篮球场-2号南半场,09:00-10:00,0,1,可预约,￥75.0,多云,15,13,4,0.0,99,28
2026-05-21 06:30:38,2026-05-21,3,篮球场-2号南半场,09:00-10:00,0,1,可预约,￥75.0,多云,15,13,3,0.0,97,28
2026-05-21 07:00:43,2026-05-21,3,篮球场-2号南半场,09:00-10:00,0,1,可预约,￥75.0,晴,15,11,5,0.0,93,28
2026-05-21 07:30:39,2026-05-21,3,篮球场-2号南半场,09:00-10:00,0,1,可预约,￥75.0,晴,17,13,4,0.0,89,29
2026-05-21 07:50:40,2026-05-21,3,篮球场-2号南半场,09:00-10:00,0,1,可预约,￥75.0,晴,17,13,4,0.0,88,29
2026-05-21 07:53:31,2026-05-21,3,篮球场-2号南半场,09:00-10:00,0,1,可预约,￥75.0,晴,17,12,5,0.0,86,29
2026-05-21 07:56:31,2026-05-21,3,篮球场-2号南半场,09:00-10:00,0,1,可预约,￥75.0,晴,17,12,5,0.0,86,29
2026-05-21 07:59:26,2026-05-21,3,篮球场-2号南半场,09:00-10:00,0,1,可预约,￥75.0,晴,17,12,5,0.0,86,29
2026-05-21 00:30:49,2026-05-21,3,篮球场-2号南半场,10:30-11:30,1,1,已售/已满,教学时间,多云,15,13,3,0.0,100,26
2026-05-21 01:00:55,2026-05-21,3,篮球场-2号南半场,10:30-11:30,1,1,已售/已满,教学时间,多云,15,12,4,0.0,100,26
2026-05-21 01:30:47,2026-05-21,3,篮球场-2号南半场,10:30-11:30,1,1,已售/已满,教学时间,多云,15,13,4,0.0,100,28
2026-05-21 02:00:53,2026-05-21,3,篮球场-2号南半场,10:30-11:30,1,1,已售/已满,教学时间,多云,15,12,4,0.0,100,28
2026-05-21 02:30:49,2026-05-21,3,篮球场-2号南半场,10:30-11:30,1,1,已售/已满,教学时间,多云,15,14,3,0.0,100,29
2026-05-21 03:00:55,2026-05-21,3,篮球场-2号南半场,10:30-11:30,1,1,已售/已满,教学时间,多云,15,12,4,0.0,100,29
2026-05-21 03:30:49,2026-05-21,3,篮球场-2号南半场,10:30-11:30,1,1,已售/已满,教学时间,多云,15,14,3,0.0,100,30
2026-05-21 04:30:45,2026-05-21,3,篮球场-2号南半场,10:30-11:30,1,1,已售/已满,教学时间,多云,15,12,4,0.0,100,29
2026-05-21 05:00:52,2026-05-21,3,篮球场-2号南半场,10:30-11:30,1,1,已售/已满,教学时间,多云,15,12,4,0.0,100,29
2026-05-21 05:30:49,2026-05-21,3,篮球场-2号南半场,10:30-11:30,1,1,已售/已满,教学时间,多云,15,13,3,0.0,100,28
2026-05-21 06:00:50,2026-05-21,3,篮球场-2号南半场,10:30-11:30,1,1,已售/已满,教学时间,多云,15,13,4,0.0,99,28
2026-05-21 06:30:38,2026-05-21,3,篮球场-2号南半场,10:30-11:30,1,1,已售/已满,教学时间,多云,15,13,3,0.0,97,28
2026-05-21 07:00:43,2026-05-21,3,篮球场-2号南半场,10:30-11:30,1,1,已售/已满,教学时间,晴,15,11,5,0.0,93,28
2026-05-21 07:30:39,2026-05-21,3,篮球场-2号南半场,10:30-11:30,1,1,已售/已满,教学时间,晴,17,13,4,0.0,89,29
2026-05-21 07:50:40,2026-05-21,3,篮球场-2号南半场,10:30-11:30,1,1,已售/已满,教学时间,晴,17,13,4,0.0,88,29
2026-05-21 07:53:31,2026-05-21,3,篮球场-2号南半场,10:30-11:30,1,1,已售/已满,教学时间,晴,17,12,5,0.0,86,29
2026-05-21 07:56:31,2026-05-21,3,篮球场-2号南半场,10:30-11:30,1,1,已售/已满,教学时间,晴,17,12,5,0.0,86,29
2026-05-21 07:59:26,2026-05-21,3,篮球场-2号南半场,10:30-11:30,1,1,已售/已满,教学时间,晴,17,12,5,0.0,86,29
2026-05-21 00:30:49,2026-05-21,3,篮球场-2号南半场,12:00-13:00,0,1,可预约,￥75.0,多云,15,13,3,0.0,100,26
2026-05-21 01:00:55,2026-05-21,3,篮球场-2号南半场,12:00-13:00,0,1,可预约,￥75.0,多云,15,12,4,0.0,100,26
2026-05-21 01:30:47,2026-05-21,3,篮球场-2号南半场,12:00-13:00,0,1,可预约,￥75.0,多云,15,13,4,0.0,100,28
2026-05-21 02:00:53,2026-05-21,3,篮球场-2号南半场,12:00-13:00,0,1,可预约,￥75.0,多云,15,12,4,0.0,100,28
2026-05-21 02:30:49,2026-05-21,3,篮球场-2号南半场,12:00-13:00,0,1,可预约,￥75.0,多云,15,14,3,0.0,100,29
2026-05-21 03:00:55,2026-05-21,3,篮球场-2号南半场,12:00-13:00,0,1,可预约,￥75.0,多云,15,12,4,0.0,100,29
2026-05-21 03:30:49,2026-05-21,3,篮球场-2号南半场,12:00-13:00,0,1,可预约,￥75.0,多云,15,14,3,0.0,100,30
2026-05-21 04:30:45,2026-05-21,3,篮球场-2号南半场,12:00-13:00,0,1,可预约,￥75.0,多云,15,12,4,0.0,100,29
2026-05-21 05:00:52,2026-05-21,3,篮球场-2号南半场,12:00-13:00,0,1,可预约,￥75.0,多云,15,12,4,0.0,100,29
2026-05-21 05:30:49,2026-05-21,3,篮球场-2号南半场,12:00-13:00,0,1,可预约,￥75.0,多云,15,13,3,0.0,100,28
2026-05-21 06:00:50,2026-05-21,3,篮球场-2号南半场,12:00-13:00,0,1,可预约,￥75.0,多云,15,13,4,0.0,99,28
2026-05-21 06:30:38,2026-05-21,3,篮球场-2号南半场,12:00-13:00,0,1,可预约,￥75.0,多云,15,13,3,0.0,97,28
2026-05-21 07:00:43,2026-05-21,3,篮球场-2号南半场,12:00-13:00,0,1,可预约,￥75.0,晴,15,11,5,0.0,93,28
2026-05-21 07:30:39,2026-05-21,3,篮球场-2号南半场,12:00-13:00,0,1,可预约,￥75.0,晴,17,13,4,0.0,89,29
2026-05-21 07:50:40,2026-05-21,3,篮球场-2号南半场,12:00-13:00,0,1,可预约,￥75.0,晴,17,13,4,0.0,88,29
2026-05-21 07:53:31,2026-05-21,3,篮球场-2号南半场,12:00-13:00,0,1,可预约,￥75.0,晴,17,12,5,0.0,86,29
2026-05-21 07:56:31,2026-05-21,3,篮球场-2号南半场,12:00-13:00,0,1,可预约,￥75.0,晴,17,12,5,0.0,86,29
2026-05-21 07:59:26,2026-05-21,3,篮球场-2号南半场,12:00-13:00,0,1,可预约,￥75.0,晴,17,12,5,0.0,86,29
2026-05-21 00:30:49,2026-05-21,3,篮球场-2号南半场,14:00-15:00,1,1,已售/已满,教学时间,多云,15,13,3,0.0,100,26
2026-05-21 01:00:55,2026-05-21,3,篮球场-2号南半场,14:00-15:00,1,1,已售/已满,教学时间,多云,15,12,4,0.0,100,26
2026-05-21 01:30:47,2026-05-21,3,篮球场-2号南半场,14:00-15:00,1,1,已售/已满,教学时间,多云,15,13,4,0.0,100,28
2026-05-21 02:00:53,2026-05-21,3,篮球场-2号南半场,14:00-15:00,1,1,已售/已满,教学时间,多云,15,12,4,0.0,100,28
2026-05-21 02:30:49,2026-05-21,3,篮球场-2号南半场,14:00-15:00,1,1,已售/已满,教学时间,多云,15,14,3,0.0,100,29
2026-05-21 03:00:55,2026-05-21,3,篮球场-2号南半场,14:00-15:00,1,1,已售/已满,教学时间,多云,15,12,4,0.0,100,29
2026-05-21 03:30:49,2026-05-21,3,篮球场-2号南半场,14:00-15:00,1,1,已售/已满,教学时间,多云,15,14,3,0.0,100,30
2026-05-21 04:30:45,2026-05-21,3,篮球场-2号南半场,14:00-15:00,1,1,已售/已满,教学时间,多云,15,12,4,0.0,100,29
2026-05-21 05:00:52,2026-05-21,3,篮球场-2号南半场,14:00-15:00,1,1,已售/已满,教学时间,多云,15,12,4,0.0,100,29
2026-05-21 05:30:49,2026-05-21,3,篮球场-2号南半场,14:00-15:00,1,1,已售/已满,教学时间,多云,15,13,3,0.0,100,28
2026-05-21 06:00:50,2026-05-21,3,篮球场-2号南半场,14:00-15:00,1,1,已售/已满,教学时间,多云,15,13,4,0.0,99,28
2026-05-21 06:30:38,2026-05-21,3,篮球场-2号南半场,14:00-15:00,1,1,已售/已满,教学时间,多云,15,13,3,0.0,97,28
2026-05-21 07:00:43,2026-05-21,3,篮球场-2号南半场,14:00-15:00,1,1,已售/已满,教学时间,晴,15,11,5,0.0,93,28
2026-05-21 07:30:39,2026-05-21,3,篮球场-2号南半场,14:00-15:00,1,1,已售/已满,教学时间,晴,17,13,4,0.0,89,29
2026-05-21 07:50:40,2026-05-21,3,篮球场-2号南半场,14:00-15:00,1,1,已售/已满,教学时间,晴,17,13,4,0.0,88,29
2026-05-21 07:53:31,2026-05-21,3,篮球场-2号南半场,14:00-15:00,1,1,已售/已满,教学时间,晴,17,12,5,0.0,86,29
2026-05-21 07:56:31,2026-05-21,3,篮球场-2号南半场,14:00-15:00,1,1,已售/已满,教学时间,晴,17,12,5,0.0,86,29
2026-05-21 07:59:26,2026-05-21,3,篮球场-2号南半场,14:00-15:00,1,1,已售/已满,教学时间,晴,17,12,5,0.0,86,29
2026-05-21 00:30:49,2026-05-21,3,篮球场-2号南半场,15:00-16:00,1,1,已售/已满,教学时间,多云,15,13,3,0.0,100,26
2026-05-21 01:00:55,2026-05-21,3,篮球场-2号南半场,15:00-16:00,1,1,已售/已满,教学时间,多云,15,12,4,0.0,100,26
2026-05-21 01:30:47,2026-05-21,3,篮球场-2号南半场,15:00-16:00,1,1,已售/已满,教学时间,多云,15,13,4,0.0,100,28
2026-05-21 02:00:53,2026-05-21,3,篮球场-2号南半场,15:00-16:00,1,1,已售/已满,教学时间,多云,15,12,4,0.0,100,28
2026-05-21 02:30:49,2026-05-21,3,篮球场-2号南半场,15:00-16:00,1,1,已售/已满,教学时间,多云,15,14,3,0.0,100,29
2026-05-21 03:00:55,2026-05-21,3,篮球场-2号南半场,15:00-16:00,1,1,已售/已满,教学时间,多云,15,12,4,0.0,100,29
2026-05-21 03:30:49,2026-05-21,3,篮球场-2号南半场,15:00-16:00,1,1,已售/已满,教学时间,多云,15,14,3,0.0,100,30
2026-05-21 04:30:45,2026-05-21,3,篮球场-2号南半场,15:00-16:00,1,1,已售/已满,教学时间,多云,15,12,4,0.0,100,29
2026-05-21 05:00:52,2026-05-21,3,篮球场-2号南半场,15:00-16:00,1,1,已售/已满,教学时间,多云,15,12,4,0.0,100,29
2026-05-21 05:30:49,2026-05-21,3,篮球场-2号南半场,15:00-16:00,1,1,已售/已满,教学时间,多云,15,13,3,0.0,100,28
2026-05-21 06:00:50,2026-05-21,3,篮球场-2号南半场,15:00-16:00,1,1,已售/已满,教学时间,多云,15,13,4,0.0,99,28
2026-05-21 06:30:38,2026-05-21,3,篮球场-2号南半场,15:00-16:00,1,1,已售/已满,教学时间,多云,15,13,3,0.0,97,28
2026-05-21 07:00:43,2026-05-21,3,篮球场-2号南半场,15:00-16:00,1,1,已售/已满,教学时间,晴,15,11,5,0.0,93,28
2026-05-21 07:30:39,2026-05-21,3,篮球场-2号南半场,15:00-16:00,1,1,已售/已满,教学时间,晴,17,13,4,0.0,89,29
2026-05-21 07:50:40,2026-05-21,3,篮球场-2号南半场,15:00-16:00,1,1,已售/已满,教学时间,晴,17,13,4,0.0,88,29
2026-05-21 07:53:31,2026-05-21,3,篮球场-2号南半场,15:00-16:00,1,1,已售/已满,教学时间,晴,17,12,5,0.0,86,29
2026-05-21 07:56:31,2026-05-21,3,篮球场-2号南半场,15:00-16:00,1,1,已售/已满,教学时间,晴,17,12,5,0.0,86,29
2026-05-21 07:59:26,2026-05-21,3,篮球场-2号南半场,15:00-16:00,1,1,已售/已满,教学时间,晴,17,12,5,0.0,86,29
2026-05-21 00:30:49,2026-05-21,3,篮球场-2号南半场,16:00-17:00,0,1,可预约,￥75.0,多云,15,13,3,0.0,100,26
2026-05-21 01:00:55,2026-05-21,3,篮球场-2号南半场,16:00-17:00,0,1,可预约,￥75.0,多云,15,12,4,0.0,100,26
2026-05-21 01:30:47,2026-05-21,3,篮球场-2号南半场,16:00-17:00,0,1,可预约,￥75.0,多云,15,13,4,0.0,100,28
2026-05-21 02:00:53,2026-05-21,3,篮球场-2号南半场,16:00-17:00,0,1,可预约,￥75.0,多云,15,12,4,0.0,100,28
2026-05-21 02:30:49,2026-05-21,3,篮球场-2号南半场,16:00-17:00,0,1,可预约,￥75.0,多云,15,14,3,0.0,100,29
2026-05-21 03:00:55,2026-05-21,3,篮球场-2号南半场,16:00-17:00,0,1,可预约,￥75.0,多云,15,12,4,0.0,100,29
2026-05-21 03:30:49,2026-05-21,3,篮球场-2号南半场,16:00-17:00,0,1,可预约,￥75.0,多云,15,14,3,0.0,100,30
2026-05-21 04:30:45,2026-05-21,3,篮球场-2号南半场,16:00-17:00,0,1,可预约,￥75.0,多云,15,12,4,0.0,100,29
2026-05-21 05:00:52,2026-05-21,3,篮球场-2号南半场,16:00-17:00,0,1,可预约,￥75.0,多云,15,12,4,0.0,100,29
2026-05-21 05:30:49,2026-05-21,3,篮球场-2号南半场,16:00-17:00,0,1,可预约,￥75.0,多云,15,13,3,0.0,100,28
2026-05-21 06:00:50,2026-05-21,3,篮球场-2号南半场,16:00-17:00,0,1,可预约,￥75.0,多云,15,13,4,0.0,99,28
2026-05-21 06:30:38,2026-05-21,3,篮球场-2号南半场,16:00-17:00,0,1,可预约,￥75.0,多云,15,13,3,0.0,97,28
2026-05-21 07:00:43,2026-05-21,3,篮球场-2号南半场,16:00-17:00,0,1,可预约,￥75.0,晴,15,11,5,0.0,93,28
2026-05-21 07:30:39,2026-05-21,3,篮球场-2号南半场,16:00-17:00,0,1,可预约,￥75.0,晴,17,13,4,0.0,89,29
2026-05-21 07:50:40,2026-05-21,3,篮球场-2号南半场,16:00-17:00,0,1,可预约,￥75.0,晴,17,13,4,0.0,88,29
2026-05-21 07:53:31,2026-05-21,3,篮球场-2号南半场,16:00-17:00,0,1,可预约,￥75.0,晴,17,12,5,0.0,86,29
2026-05-21 07:56:31,2026-05-21,3,篮球场-2号南半场,16:00-17:00,0,1,可预约,￥75.0,晴,17,12,5,0.0,86,29
2026-05-21 07:59:26,2026-05-21,3,篮球场-2号南半场,16:00-17:00,0,1,可预约,￥75.0,晴,17,12,5,0.0,86,29
2026-05-21 00:30:49,2026-05-21,3,篮球场-2号南半场,19:00-20:00,0,1,可预约,￥75.0,多云,15,13,3,0.0,100,26
2026-05-21 01:00:55,2026-05-21,3,篮球场-2号南半场,19:00-20:00,0,1,可预约,￥75.0,多云,15,12,4,0.0,100,26
2026-05-21 01:30:47,2026-05-21,3,篮球场-2号南半场,19:00-20:00,0,1,可预约,￥75.0,多云,15,13,4,0.0,100,28
2026-05-21 02:00:53,2026-05-21,3,篮球场-2号南半场,19:00-20:00,0,1,可预约,￥75.0,多云,15,12,4,0.0,100,28
2026-05-21 02:30:49,2026-05-21,3,篮球场-2号南半场,19:00-20:00,0,1,可预约,￥75.0,多云,15,14,3,0.0,100,29
2026-05-21 03:00:55,2026-05-21,3,篮球场-2号南半场,19:00-20:00,0,1,可预约,￥75.0,多云,15,12,4,0.0,100,29
2026-05-21 03:30:49,2026-05-21,3,篮球场-2号南半场,19:00-20:00,0,1,可预约,￥75.0,多云,15,14,3,0.0,100,30
2026-05-21 04:30:45,2026-05-21,3,篮球场-2号南半场,19:00-20:00,0,1,可预约,￥75.0,多云,15,12,4,0.0,100,29
2026-05-21 05:00:52,2026-05-21,3,篮球场-2号南半场,19:00-20:00,0,1,可预约,￥75.0,多云,15,12,4,0.0,100,29
2026-05-21 05:30:49,2026-05-21,3,篮球场-2号南半场,19:00-20:00,0,1,可预约,￥75.0,多云,15,13,3,0.0,100,28
2026-05-21 06:00:50,2026-05-21,3,篮球场-2号南半场,19:00-20:00,0,1,可预约,￥75.0,多云,15,13,4,0.0,99,28
2026-05-21 06:30:38,2026-05-21,3,篮球场-2号南半场,19:00-20:00,0,1,可预约,￥75.0,多云,15,13,3,0.0,97,28
2026-05-21 07:00:43,2026-05-21,3,篮球场-2号南半场,19:00-20:00,0,1,可预约,￥75.0,晴,15,11,5,0.0,93,28
2026-05-21 07:30:39,2026-05-21,3,篮球场-2号南半场,19:00-20:00,0,1,可预约,￥75.0,晴,17,13,4,0.0,89,29
2026-05-21 07:50:40,2026-05-21,3,篮球场-2号南半场,19:00-20:00,0,1,可预约,￥75.0,晴,17,13,4,0.0,88,29
2026-05-21 07:53:31,2026-05-21,3,篮球场-2号南半场,19:00-20:00,0,1,可预约,￥75.0,晴,17,12,5,0.0,86,29
2026-05-21 07:56:31,2026-05-21,3,篮球场-2号南半场,19:00-20:00,0,1,可预约,￥75.0,晴,17,12,5,0.0,86,29
2026-05-21 07:59:26,2026-05-21,3,篮球场-2号南半场,19:00-20:00,0,1,可预约,￥75.0,晴,17,12,5,0.0,86,29
2026-05-21 00:30:49,2026-05-21,3,篮球场-2号南半场,20:30-21:30,0,1,可预约,￥75.0,多云,15,13,3,0.0,100,26
2026-05-21 01:00:55,2026-05-21,3,篮球场-2号南半场,20:30-21:30,0,1,可预约,￥75.0,多云,15,12,4,0.0,100,26
2026-05-21 01:30:47,2026-05-21,3,篮球场-2号南半场,20:30-21:30,0,1,可预约,￥75.0,多云,15,13,4,0.0,100,28
2026-05-21 02:00:53,2026-05-21,3,篮球场-2号南半场,20:30-21:30,0,1,可预约,￥75.0,多云,15,12,4,0.0,100,28
2026-05-21 02:30:49,2026-05-21,3,篮球场-2号南半场,20:30-21:30,0,1,可预约,￥75.0,多云,15,14,3,0.0,100,29
2026-05-21 03:00:55,2026-05-21,3,篮球场-2号南半场,20:30-21:30,0,1,可预约,￥75.0,多云,15,12,4,0.0,100,29
2026-05-21 03:30:49,2026-05-21,3,篮球场-2号南半场,20:30-21:30,0,1,可预约,￥75.0,多云,15,14,3,0.0,100,30
2026-05-21 04:30:45,2026-05-21,3,篮球场-2号南半场,20:30-21:30,0,1,可预约,￥75.0,多云,15,12,4,0.0,100,29
2026-05-21 05:00:52,2026-05-21,3,篮球场-2号南半场,20:30-21:30,0,1,可预约,￥75.0,多云,15,12,4,0.0,100,29
2026-05-21 05:30:49,2026-05-21,3,篮球场-2号南半场,20:30-21:30,0,1,可预约,￥75.0,多云,15,13,3,0.0,100,28
2026-05-21 06:00:50,2026-05-21,3,篮球场-2号南半场,20:30-21:30,0,1,可预约,￥75.0,多云,15,13,4,0.0,99,28
2026-05-21 06:30:38,2026-05-21,3,篮球场-2号南半场,20:30-21:30,0,1,可预约,￥75.0,多云,15,13,3,0.0,97,28
2026-05-21 07:00:43,2026-05-21,3,篮球场-2号南半场,20:30-21:30,0,1,可预约,￥75.0,晴,15,11,5,0.0,93,28
2026-05-21 07:30:39,2026-05-21,3,篮球场-2号南半场,20:30-21:30,0,1,可预约,￥75.0,晴,17,13,4,0.0,89,29
2026-05-21 07:50:40,2026-05-21,3,篮球场-2号南半场,20:30-21:30,0,1,可预约,￥75.0,晴,17,13,4,0.0,88,29
2026-05-21 07:53:31,2026-05-21,3,篮球场-2号南半场,20:30-21:30,0,1,可预约,￥75.0,晴,17,12,5,0.0,86,29
2026-05-21 07:56:31,2026-05-21,3,篮球场-2号南半场,20:30-21:30,0,1,可预约,￥75.0,晴,17,12,5,0.0,86,29
2026-05-21 07:59:26,2026-05-21,3,篮球场-2号南半场,20:30-21:30,0,1,可预约,￥75.0,晴,17,12,5,0.0,86,29
2026-05-21 00:30:49,2026-05-21,4,羽毛球馆-10号,07:00-08:00,0,1,可预约,￥0.0,多云,15,13,3,0.0,100,26
2026-05-21 01:00:55,2026-05-21,4,羽毛球馆-10号,07:00-08:00,0,1,可预约,￥0.0,多云,15,12,4,0.0,100,26
2026-05-21 01:30:47,2026-05-21,4,羽毛球馆-10号,07:00-08:00,0,1,可预约,￥0.0,多云,15,13,4,0.0,100,28
2026-05-21 02:00:53,2026-05-21,4,羽毛球馆-10号,07:00-08:00,0,1,可预约,￥0.0,多云,15,12,4,0.0,100,28
2026-05-21 02:30:49,2026-05-21,4,羽毛球馆-10号,07:00-08:00,0,1,可预约,￥0.0,多云,15,14,3,0.0,100,29
2026-05-21 03:00:55,2026-05-21,4,羽毛球馆-10号,07:00-08:00,0,1,可预约,￥0.0,多云,15,12,4,0.0,100,29
2026-05-21 03:30:49,2026-05-21,4,羽毛球馆-10号,07:00-08:00,0,1,可预约,￥0.0,多云,15,14,3,0.0,100,30
2026-05-21 04:30:45,2026-05-21,4,羽毛球馆-10号,07:00-08:00,0,1,可预约,￥0.0,多云,15,12,4,0.0,100,29
2026-05-21 05:00:52,2026-05-21,4,羽毛球馆-10号,07:00-08:00,0,1,可预约,￥0.0,多云,15,12,4,0.0,100,29
2026-05-21 05:30:49,2026-05-21,4,羽毛球馆-10号,07:00-08:00,0,1,可预约,￥0.0,多云,15,13,3,0.0,100,28
2026-05-21 06:00:50,2026-05-21,4,羽毛球馆-10号,07:00-08:00,0,1,可预约,￥0.0,多云,15,13,4,0.0,99,28
2026-05-21 06:30:38,2026-05-21,4,羽毛球馆-10号,07:00-08:00,0,1,可预约,￥0.0,多云,15,13,3,0.0,97,28
2026-05-21 07:00:43,2026-05-21,4,羽毛球馆-10号,07:00-08:00,0,1,可预约,￥0.0,晴,15,11,5,0.0,93,28
2026-05-21 07:30:39,2026-05-21,4,羽毛球馆-10号,07:00-08:00,0,1,可预约,￥0.0,晴,17,13,4,0.0,89,29
2026-05-21 07:50:40,2026-05-21,4,羽毛球馆-10号,07:00-08:00,0,1,可预约,￥0.0,晴,17,13,4,0.0,88,29
2026-05-21 07:53:31,2026-05-21,4,羽毛球馆-10号,07:00-08:00,0,1,可预约,￥0.0,晴,17,12,5,0.0,86,29
2026-05-21 07:56:31,2026-05-21,4,羽毛球馆-10号,07:00-08:00,0,1,可预约,￥0.0,晴,17,12,5,0.0,86,29
2026-05-21 07:59:26,2026-05-21,4,羽毛球馆-10号,07:00-08:00,0,1,可预约,￥0.0,晴,17,12,5,0.0,86,29
2026-05-21 00:30:49,2026-05-21,4,羽毛球馆-10号,08:00-09:00,1,1,已售/已满,已售,多云,15,13,3,0.0,100,26
2026-05-21 01:00:55,2026-05-21,4,羽毛球馆-10号,08:00-09:00,1,1,已售/已满,已售,多云,15,12,4,0.0,100,26
2026-05-21 01:30:47,2026-05-21,4,羽毛球馆-10号,08:00-09:00,1,1,已售/已满,已售,多云,15,13,4,0.0,100,28
2026-05-21 02:00:53,2026-05-21,4,羽毛球馆-10号,08:00-09:00,1,1,已售/已满,已售,多云,15,12,4,0.0,100,28
2026-05-21 02:30:49,2026-05-21,4,羽毛球馆-10号,08:00-09:00,1,1,已售/已满,已售,多云,15,14,3,0.0,100,29
2026-05-21 03:00:55,2026-05-21,4,羽毛球馆-10号,08:00-09:00,1,1,已售/已满,已售,多云,15,12,4,0.0,100,29
2026-05-21 03:30:49,2026-05-21,4,羽毛球馆-10号,08:00-09:00,1,1,已售/已满,已售,多云,15,14,3,0.0,100,30
2026-05-21 04:30:45,2026-05-21,4,羽毛球馆-10号,08:00-09:00,1,1,已售/已满,已售,多云,15,12,4,0.0,100,29
2026-05-21 05:00:52,2026-05-21,4,羽毛球馆-10号,08:00-09:00,1,1,已售/已满,已售,多云,15,12,4,0.0,100,29
2026-05-21 05:30:49,2026-05-21,4,羽毛球馆-10号,08:00-09:00,1,1,已售/已满,已售,多云,15,13,3,0.0,100,28
2026-05-21 06:00:50,2026-05-21,4,羽毛球馆-10号,08:00-09:00,1,1,已售/已满,已售,多云,15,13,4,0.0,99,28
2026-05-21 06:30:38,2026-05-21,4,羽毛球馆-10号,08:00-09:00,1,1,已售/已满,已售,多云,15,13,3,0.0,97,28
2026-05-21 07:00:43,2026-05-21,4,羽毛球馆-10号,08:00-09:00,1,1,已售/已满,已售,晴,15,11,5,0.0,93,28
2026-05-21 07:30:39,2026-05-21,4,羽毛球馆-10号,08:00-09:00,1,1,已售/已满,已售,晴,17,13,4,0.0,89,29
2026-05-21 07:50:40,2026-05-21,4,羽毛球馆-10号,08:00-09:00,1,1,已售/已满,已售,晴,17,13,4,0.0,88,29
2026-05-21 07:53:31,2026-05-21,4,羽毛球馆-10号,08:00-09:00,1,1,已售/已满,已售,晴,17,12,5,0.0,86,29
2026-05-21 07:56:31,2026-05-21,4,羽毛球馆-10号,08:00-09:00,1,1,已售/已满,已售,晴,17,12,5,0.0,86,29
2026-05-21 07:59:26,2026-05-21,4,羽毛球馆-10号,08:00-09:00,1,1,已售/已满,已售,晴,17,12,5,0.0,86,29
2026-05-21 00:30:49,2026-05-21,4,羽毛球馆-10号,09:00-10:00,0,1,可预约,￥12.0,多云,15,13,3,0.0,100,26
2026-05-21 01:00:55,2026-05-21,4,羽毛球馆-10号,09:00-10:00,0,1,可预约,￥12.0,多云,15,12,4,0.0,100,26
2026-05-21 01:30:47,2026-05-21,4,羽毛球馆-10号,09:00-10:00,0,1,可预约,￥12.0,多云,15,13,4,0.0,100,28
2026-05-21 02:00:53,2026-05-21,4,羽毛球馆-10号,09:00-10:00,0,1,可预约,￥12.0,多云,15,12,4,0.0,100,28
2026-05-21 02:30:49,2026-05-21,4,羽毛球馆-10号,09:00-10:00,0,1,可预约,￥12.0,多云,15,14,3,0.0,100,29
2026-05-21 03:00:55,2026-05-21,4,羽毛球馆-10号,09:00-10:00,0,1,可预约,￥12.0,多云,15,12,4,0.0,100,29
2026-05-21 03:30:49,2026-05-21,4,羽毛球馆-10号,09:00-10:00,0,1,可预约,￥12.0,多云,15,14,3,0.0,100,30
2026-05-21 04:30:45,2026-05-21,4,羽毛球馆-10号,09:00-10:00,0,1,可预约,￥12.0,多云,15,12,4,0.0,100,29
2026-05-21 05:00:52,2026-05-21,4,羽毛球馆-10号,09:00-10:00,0,1,可预约,￥12.0,多云,15,12,4,0.0,100,29
2026-05-21 05:30:49,2026-05-21,4,羽毛球馆-10号,09:00-10:00,0,1,可预约,￥12.0,多云,15,13,3,0.0,100,28
2026-05-21 06:00:50,2026-05-21,4,羽毛球馆-10号,09:00-10:00,0,1,可预约,￥12.0,多云,15,13,4,0.0,99,28
2026-05-21 06:30:38,2026-05-21,4,羽毛球馆-10号,09:00-10:00,0,1,可预约,￥12.0,多云,15,13,3,0.0,97,28
2026-05-21 07:00:43,2026-05-21,4,羽毛球馆-10号,09:00-10:00,0,1,可预约,￥12.0,晴,15,11,5,0.0,93,28
2026-05-21 07:30:39,2026-05-21,4,羽毛球馆-10号,09:00-10:00,0,1,可预约,￥12.0,晴,17,13,4,0.0,89,29
2026-05-21 07:50:40,2026-05-21,4,羽毛球馆-10号,09:00-10:00,0,1,可预约,￥12.0,晴,17,13,4,0.0,88,29
2026-05-21 07:53:31,2026-05-21,4,羽毛球馆-10号,09:00-10:00,0,1,可预约,￥12.0,晴,17,12,5,0.0,86,29
2026-05-21 07:56:31,2026-05-21,4,羽毛球馆-10号,09:00-10:00,0,1,可预约,￥12.0,晴,17,12,5,0.0,86,29
2026-05-21 07:59:26,2026-05-21,4,羽毛球馆-10号,09:00-10:00,0,1,可预约,￥12.0,晴,17,12,5,0.0,86,29
2026-05-21 00:30:49,2026-05-21,4,羽毛球馆-10号,10:00-11:00,1,1,已售/已满,教学时间,多云,15,13,3,0.0,100,26
2026-05-21 01:00:55,2026-05-21,4,羽毛球馆-10号,10:00-11:00,1,1,已售/已满,教学时间,多云,15,12,4,0.0,100,26
2026-05-21 01:30:47,2026-05-21,4,羽毛球馆-10号,10:00-11:00,1,1,已售/已满,教学时间,多云,15,13,4,0.0,100,28
2026-05-21 02:00:53,2026-05-21,4,羽毛球馆-10号,10:00-11:00,1,1,已售/已满,教学时间,多云,15,12,4,0.0,100,28
2026-05-21 02:30:49,2026-05-21,4,羽毛球馆-10号,10:00-11:00,1,1,已售/已满,教学时间,多云,15,14,3,0.0,100,29
2026-05-21 03:00:55,2026-05-21,4,羽毛球馆-10号,10:00-11:00,1,1,已售/已满,教学时间,多云,15,12,4,0.0,100,29
2026-05-21 03:30:49,2026-05-21,4,羽毛球馆-10号,10:00-11:00,1,1,已售/已满,教学时间,多云,15,14,3,0.0,100,30
2026-05-21 04:30:45,2026-05-21,4,羽毛球馆-10号,10:00-11:00,1,1,已售/已满,教学时间,多云,15,12,4,0.0,100,29
2026-05-21 05:00:52,2026-05-21,4,羽毛球馆-10号,10:00-11:00,1,1,已售/已满,教学时间,多云,15,12,4,0.0,100,29
2026-05-21 05:30:49,2026-05-21,4,羽毛球馆-10号,10:00-11:00,1,1,已售/已满,教学时间,多云,15,13,3,0.0,100,28
2026-05-21 06:00:50,2026-05-21,4,羽毛球馆-10号,10:00-11:00,1,1,已售/已满,教学时间,多云,15,13,4,0.0,99,28
2026-05-21 06:30:38,2026-05-21,4,羽毛球馆-10号,10:00-11:00,1,1,已售/已满,教学时间,多云,15,13,3,0.0,97,28
2026-05-21 07:00:43,2026-05-21,4,羽毛球馆-10号,10:00-11:00,1,1,已售/已满,教学时间,晴,15,11,5,0.0,93,28
2026-05-21 07:30:39,2026-05-21,4,羽毛球馆-10号,10:00-11:00,1,1,已售/已满,教学时间,晴,17,13,4,0.0,89,29
2026-05-21 07:50:40,2026-05-21,4,羽毛球馆-10号,10:00-11:00,1,1,已售/已满,教学时间,晴,17,13,4,0.0,88,29
2026-05-21 07:53:31,2026-05-21,4,羽毛球馆-10号,10:00-11:00,1,1,已售/已满,教学时间,晴,17,12,5,0.0,86,29
2026-05-21 07:56:31,2026-05-21,4,羽毛球馆-10号,10:00-11:00,1,1,已售/已满,教学时间,晴,17,12,5,0.0,86,29
2026-05-21 07:59:26,2026-05-21,4,羽毛球馆-10号,10:00-11:00,1,1,已售/已满,教学时间,晴,17,12,5,0.0,86,29
2026-05-21 00:30:49,2026-05-21,4,羽毛球馆-10号,11:00-12:00,1,1,已售/已满,教学时间,多云,15,13,3,0.0,100,26
2026-05-21 01:00:55,2026-05-21,4,羽毛球馆-10号,11:00-12:00,1,1,已售/已满,教学时间,多云,15,12,4,0.0,100,26
2026-05-21 01:30:47,2026-05-21,4,羽毛球馆-10号,11:00-12:00,1,1,已售/已满,教学时间,多云,15,13,4,0.0,100,28
2026-05-21 02:00:53,2026-05-21,4,羽毛球馆-10号,11:00-12:00,1,1,已售/已满,教学时间,多云,15,12,4,0.0,100,28
2026-05-21 02:30:49,2026-05-21,4,羽毛球馆-10号,11:00-12:00,1,1,已售/已满,教学时间,多云,15,14,3,0.0,100,29
2026-05-21 03:00:55,2026-05-21,4,羽毛球馆-10号,11:00-12:00,1,1,已售/已满,教学时间,多云,15,12,4,0.0,100,29
2026-05-21 03:30:49,2026-05-21,4,羽毛球馆-10号,11:00-12:00,1,1,已售/已满,教学时间,多云,15,14,3,0.0,100,30
2026-05-21 04:30:45,2026-05-21,4,羽毛球馆-10号,11:00-12:00,1,1,已售/已满,教学时间,多云,15,12,4,0.0,100,29
2026-05-21 05:00:52,2026-05-21,4,羽毛球馆-10号,11:00-12:00,1,1,已售/已满,教学时间,多云,15,12,4,0.0,100,29
2026-05-21 05:30:49,2026-05-21,4,羽毛球馆-10号,11:00-12:00,1,1,已售/已满,教学时间,多云,15,13,3,0.0,100,28
2026-05-21 06:00:50,2026-05-21,4,羽毛球馆-10号,11:00-12:00,1,1,已售/已满,教学时间,多云,15,13,4,0.0,99,28
2026-05-21 06:30:38,2026-05-21,4,羽毛球馆-10号,11:00-12:00,1,1,已售/已满,教学时间,多云,15,13,3,0.0,97,28
2026-05-21 07:00:43,2026-05-21,4,羽毛球馆-10号,11:00-12:00,1,1,已售/已满,教学时间,晴,15,11,5,0.0,93,28
2026-05-21 07:30:39,2026-05-21,4,羽毛球馆-10号,11:00-12:00,1,1,已售/已满,教学时间,晴,17,13,4,0.0,89,29
2026-05-21 07:50:40,2026-05-21,4,羽毛球馆-10号,11:00-12:00,1,1,已售/已满,教学时间,晴,17,13,4,0.0,88,29
2026-05-21 07:53:31,2026-05-21,4,羽毛球馆-10号,11:00-12:00,1,1,已售/已满,教学时间,晴,17,12,5,0.0,86,29
2026-05-21 07:56:31,2026-05-21,4,羽毛球馆-10号,11:00-12:00,1,1,已售/已满,教学时间,晴,17,12,5,0.0,86,29
2026-05-21 07:59:26,2026-05-21,4,羽毛球馆-10号,11:00-12:00,1,1,已售/已满,教学时间,晴,17,12,5,0.0,86,29
2026-05-21 00:30:49,2026-05-21,4,羽毛球馆-10号,12:00-12:55,1,1,已售/已满,已售,多云,15,13,3,0.0,100,26
2026-05-21 01:00:55,2026-05-21,4,羽毛球馆-10号,12:00-12:55,1,1,已售/已满,已售,多云,15,12,4,0.0,100,26
2026-05-21 01:30:47,2026-05-21,4,羽毛球馆-10号,12:00-12:55,1,1,已售/已满,已售,多云,15,13,4,0.0,100,28
2026-05-21 02:00:53,2026-05-21,4,羽毛球馆-10号,12:00-12:55,1,1,已售/已满,已售,多云,15,12,4,0.0,100,28
2026-05-21 02:30:49,2026-05-21,4,羽毛球馆-10号,12:00-12:55,1,1,已售/已满,已售,多云,15,14,3,0.0,100,29
2026-05-21 03:00:55,2026-05-21,4,羽毛球馆-10号,12:00-12:55,1,1,已售/已满,已售,多云,15,12,4,0.0,100,29
2026-05-21 03:30:49,2026-05-21,4,羽毛球馆-10号,12:00-12:55,1,1,已售/已满,已售,多云,15,14,3,0.0,100,30
2026-05-21 04:30:45,2026-05-21,4,羽毛球馆-10号,12:00-12:55,1,1,已售/已满,已售,多云,15,12,4,0.0,100,29
2026-05-21 05:00:52,2026-05-21,4,羽毛球馆-10号,12:00-12:55,1,1,已售/已满,已售,多云,15,12,4,0.0,100,29
2026-05-21 05:30:49,2026-05-21,4,羽毛球馆-10号,12:00-12:55,1,1,已售/已满,已售,多云,15,13,3,0.0,100,28
2026-05-21 06:00:50,2026-05-21,4,羽毛球馆-10号,12:00-12:55,1,1,已售/已满,已售,多云,15,13,4,0.0,99,28
2026-05-21 06:30:38,2026-05-21,4,羽毛球馆-10号,12:00-12:55,1,1,已售/已满,已售,多云,15,13,3,0.0,97,28
2026-05-21 07:00:43,2026-05-21,4,羽毛球馆-10号,12:00-12:55,1,1,已售/已满,已售,晴,15,11,5,0.0,93,28
2026-05-21 07:30:39,2026-05-21,4,羽毛球馆-10号,12:00-12:55,1,1,已售/已满,已售,晴,17,13,4,0.0,89,29
2026-05-21 07:50:40,2026-05-21,4,羽毛球馆-10号,12:00-12:55,1,1,已售/已满,已售,晴,17,13,4,0.0,88,29
2026-05-21 07:53:31,2026-05-21,4,羽毛球馆-10号,12:00-12:55,1,1,已售/已满,已售,晴,17,12,5,0.0,86,29
2026-05-21 07:56:31,2026-05-21,4,羽毛球馆-10号,12:00-12:55,1,1,已售/已满,已售,晴,17,12,5,0.0,86,29
2026-05-21 07:59:26,2026-05-21,4,羽毛球馆-10号,12:00-12:55,1,1,已售/已满,已售,晴,17,12,5,0.0,86,29
2026-05-21 00:30:49,2026-05-21,4,羽毛球馆-10号,12:55-13:50,1,1,已售/已满,已售,多云,15,13,3,0.0,100,26
2026-05-21 01:00:55,2026-05-21,4,羽毛球馆-10号,12:55-13:50,1,1,已售/已满,已售,多云,15,12,4,0.0,100,26
2026-05-21 01:30:47,2026-05-21,4,羽毛球馆-10号,12:55-13:50,1,1,已售/已满,已售,多云,15,13,4,0.0,100,28
2026-05-21 02:00:53,2026-05-21,4,羽毛球馆-10号,12:55-13:50,1,1,已售/已满,已售,多云,15,12,4,0.0,100,28
2026-05-21 02:30:49,2026-05-21,4,羽毛球馆-10号,12:55-13:50,1,1,已售/已满,已售,多云,15,14,3,0.0,100,29
2026-05-21 03:00:55,2026-05-21,4,羽毛球馆-10号,12:55-13:50,1,1,已售/已满,已售,多云,15,12,4,0.0,100,29
2026-05-21 03:30:49,2026-05-21,4,羽毛球馆-10号,12:55-13:50,1,1,已售/已满,已售,多云,15,14,3,0.0,100,30
2026-05-21 04:30:45,2026-05-21,4,羽毛球馆-10号,12:55-13:50,1,1,已售/已满,已售,多云,15,12,4,0.0,100,29
2026-05-21 05:00:52,2026-05-21,4,羽毛球馆-10号,12:55-13:50,1,1,已售/已满,已售,多云,15,12,4,0.0,100,29
2026-05-21 05:30:49,2026-05-21,4,羽毛球馆-10号,12:55-13:50,1,1,已售/已满,已售,多云,15,13,3,0.0,100,28
2026-05-21 06:00:50,2026-05-21,4,羽毛球馆-10号,12:55-13:50,1,1,已售/已满,已售,多云,15,13,4,0.0,99,28
2026-05-21 06:30:38,2026-05-21,4,羽毛球馆-10号,12:55-13:50,1,1,已售/已满,已售,多云,15,13,3,0.0,97,28
2026-05-21 07:00:43,2026-05-21,4,羽毛球馆-10号,12:55-13:50,1,1,已售/已满,已售,晴,15,11,5,0.0,93,28
2026-05-21 07:30:39,2026-05-21,4,羽毛球馆-10号,12:55-13:50,1,1,已售/已满,已售,晴,17,13,4,0.0,89,29
2026-05-21 07:50:40,2026-05-21,4,羽毛球馆-10号,12:55-13:50,1,1,已售/已满,已售,晴,17,13,4,0.0,88,29
2026-05-21 07:53:31,2026-05-21,4,羽毛球馆-10号,12:55-13:50,1,1,已售/已满,已售,晴,17,12,5,0.0,86,29
2026-05-21 07:56:31,2026-05-21,4,羽毛球馆-10号,12:55-13:50,1,1,已售/已满,已售,晴,17,12,5,0.0,86,29
2026-05-21 07:59:26,2026-05-21,4,羽毛球馆-10号,12:55-13:50,1,1,已售/已满,已售,晴,17,12,5,0.0,86,29
2026-05-21 00:30:49,2026-05-21,4,羽毛球馆-10号,14:00-15:00,0,1,可预约,￥12.0,多云,15,13,3,0.0,100,26
2026-05-21 01:00:55,2026-05-21,4,羽毛球馆-10号,14:00-15:00,1,1,已售/已满,已售,多云,15,12,4,0.0,100,26
2026-05-21 01:30:47,2026-05-21,4,羽毛球馆-10号,14:00-15:00,1,1,已售/已满,已售,多云,15,13,4,0.0,100,28
2026-05-21 02:00:53,2026-05-21,4,羽毛球馆-10号,14:00-15:00,1,1,已售/已满,已售,多云,15,12,4,0.0,100,28
2026-05-21 02:30:49,2026-05-21,4,羽毛球馆-10号,14:00-15:00,1,1,已售/已满,已售,多云,15,14,3,0.0,100,29
2026-05-21 03:00:55,2026-05-21,4,羽毛球馆-10号,14:00-15:00,1,1,已售/已满,已售,多云,15,12,4,0.0,100,29
2026-05-21 03:30:49,2026-05-21,4,羽毛球馆-10号,14:00-15:00,1,1,已售/已满,已售,多云,15,14,3,0.0,100,30
2026-05-21 04:30:45,2026-05-21,4,羽毛球馆-10号,14:00-15:00,1,1,已售/已满,已售,多云,15,12,4,0.0,100,29
2026-05-21 05:00:52,2026-05-21,4,羽毛球馆-10号,14:00-15:00,1,1,已售/已满,已售,多云,15,12,4,0.0,100,29
2026-05-21 05:30:49,2026-05-21,4,羽毛球馆-10号,14:00-15:00,1,1,已售/已满,已售,多云,15,13,3,0.0,100,28
2026-05-21 06:00:50,2026-05-21,4,羽毛球馆-10号,14:00-15:00,1,1,已售/已满,已售,多云,15,13,4,0.0,99,28
2026-05-21 06:30:38,2026-05-21,4,羽毛球馆-10号,14:00-15:00,1,1,已售/已满,已售,多云,15,13,3,0.0,97,28
2026-05-21 07:00:43,2026-05-21,4,羽毛球馆-10号,14:00-15:00,1,1,已售/已满,已售,晴,15,11,5,0.0,93,28
2026-05-21 07:30:39,2026-05-21,4,羽毛球馆-10号,14:00-15:00,1,1,已售/已满,已售,晴,17,13,4,0.0,89,29
2026-05-21 07:50:40,2026-05-21,4,羽毛球馆-10号,14:00-15:00,1,1,已售/已满,已售,晴,17,13,4,0.0,88,29
2026-05-21 07:53:31,2026-05-21,4,羽毛球馆-10号,14:00-15:00,1,1,已售/已满,已售,晴,17,12,5,0.0,86,29
2026-05-21 07:56:31,2026-05-21,4,羽毛球馆-10号,14:00-15:00,1,1,已售/已满,已售,晴,17,12,5,0.0,86,29
2026-05-21 07:59:26,2026-05-21,4,羽毛球馆-10号,14:00-15:00,1,1,已售/已满,已售,晴,17,12,5,0.0,86,29
2026-05-21 00:30:49,2026-05-21,4,羽毛球馆-10号,15:00-16:00,0,1,可预约,￥12.0,多云,15,13,3,0.0,100,26
2026-05-21 01:00:55,2026-05-21,4,羽毛球馆-10号,15:00-16:00,1,1,已售/已满,已售,多云,15,12,4,0.0,100,26
2026-05-21 01:30:47,2026-05-21,4,羽毛球馆-10号,15:00-16:00,1,1,已售/已满,已售,多云,15,13,4,0.0,100,28
2026-05-21 02:00:53,2026-05-21,4,羽毛球馆-10号,15:00-16:00,1,1,已售/已满,已售,多云,15,12,4,0.0,100,28
2026-05-21 02:30:49,2026-05-21,4,羽毛球馆-10号,15:00-16:00,1,1,已售/已满,已售,多云,15,14,3,0.0,100,29
2026-05-21 03:00:55,2026-05-21,4,羽毛球馆-10号,15:00-16:00,1,1,已售/已满,已售,多云,15,12,4,0.0,100,29
2026-05-21 03:30:49,2026-05-21,4,羽毛球馆-10号,15:00-16:00,1,1,已售/已满,已售,多云,15,14,3,0.0,100,30
2026-05-21 04:30:45,2026-05-21,4,羽毛球馆-10号,15:00-16:00,1,1,已售/已满,已售,多云,15,12,4,0.0,100,29
2026-05-21 05:00:52,2026-05-21,4,羽毛球馆-10号,15:00-16:00,1,1,已售/已满,已售,多云,15,12,4,0.0,100,29
2026-05-21 05:30:49,2026-05-21,4,羽毛球馆-10号,15:00-16:00,1,1,已售/已满,已售,多云,15,13,3,0.0,100,28
2026-05-21 06:00:50,2026-05-21,4,羽毛球馆-10号,15:00-16:00,1,1,已售/已满,已售,多云,15,13,4,0.0,99,28
2026-05-21 06:30:38,2026-05-21,4,羽毛球馆-10号,15:00-16:00,1,1,已售/已满,已售,多云,15,13,3,0.0,97,28
2026-05-21 07:00:43,2026-05-21,4,羽毛球馆-10号,15:00-16:00,1,1,已售/已满,已售,晴,15,11,5,0.0,93,28
2026-05-21 07:30:39,2026-05-21,4,羽毛球馆-10号,15:00-16:00,1,1,已售/已满,已售,晴,17,13,4,0.0,89,29
2026-05-21 07:50:40,2026-05-21,4,羽毛球馆-10号,15:00-16:00,1,1,已售/已满,已售,晴,17,13,4,0.0,88,29
2026-05-21 07:53:31,2026-05-21,4,羽毛球馆-10号,15:00-16:00,1,1,已售/已满,已售,晴,17,12,5,0.0,86,29
2026-05-21 07:56:31,2026-05-21,4,羽毛球馆-10号,15:00-16:00,1,1,已售/已满,已售,晴,17,12,5,0.0,86,29
2026-05-21 07:59:26,2026-05-21,4,羽毛球馆-10号,15:00-16:00,1,1,已售/已满,已售,晴,17,12,5,0.0,86,29
2026-05-21 00:30:49,2026-05-21,4,羽毛球馆-10号,16:00-17:00,1,1,已售/已满,已售,多云,15,13,3,0.0,100,26
2026-05-21 01:00:55,2026-05-21,4,羽毛球馆-10号,16:00-17:00,1,1,已售/已满,已售,多云,15,12,4,0.0,100,26
2026-05-21 01:30:47,2026-05-21,4,羽毛球馆-10号,16:00-17:00,1,1,已售/已满,已售,多云,15,13,4,0.0,100,28
2026-05-21 02:00:53,2026-05-21,4,羽毛球馆-10号,16:00-17:00,1,1,已售/已满,已售,多云,15,12,4,0.0,100,28
2026-05-21 02:30:49,2026-05-21,4,羽毛球馆-10号,16:00-17:00,1,1,已售/已满,已售,多云,15,14,3,0.0,100,29
2026-05-21 03:00:55,2026-05-21,4,羽毛球馆-10号,16:00-17:00,1,1,已售/已满,已售,多云,15,12,4,0.0,100,29
2026-05-21 03:30:49,2026-05-21,4,羽毛球馆-10号,16:00-17:00,1,1,已售/已满,已售,多云,15,14,3,0.0,100,30
2026-05-21 04:30:45,2026-05-21,4,羽毛球馆-10号,16:00-17:00,1,1,已售/已满,已售,多云,15,12,4,0.0,100,29
2026-05-21 05:00:52,2026-05-21,4,羽毛球馆-10号,16:00-17:00,1,1,已售/已满,已售,多云,15,12,4,0.0,100,29
2026-05-21 05:30:49,2026-05-21,4,羽毛球馆-10号,16:00-17:00,1,1,已售/已满,已售,多云,15,13,3,0.0,100,28
2026-05-21 06:00:50,2026-05-21,4,羽毛球馆-10号,16:00-17:00,1,1,已售/已满,已售,多云,15,13,4,0.0,99,28
2026-05-21 06:30:38,2026-05-21,4,羽毛球馆-10号,16:00-17:00,1,1,已售/已满,已售,多云,15,13,3,0.0,97,28
2026-05-21 07:00:43,2026-05-21,4,羽毛球馆-10号,16:00-17:00,1,1,已售/已满,已售,晴,15,11,5,0.0,93,28
2026-05-21 07:30:39,2026-05-21,4,羽毛球馆-10号,16:00-17:00,1,1,已售/已满,已售,晴,17,13,4,0.0,89,29
2026-05-21 07:50:40,2026-05-21,4,羽毛球馆-10号,16:00-17:00,1,1,已售/已满,已售,晴,17,13,4,0.0,88,29
2026-05-21 07:53:31,2026-05-21,4,羽毛球馆-10号,16:00-17:00,1,1,已售/已满,已售,晴,17,12,5,0.0,86,29
2026-05-21 07:56:31,2026-05-21,4,羽毛球馆-10号,16:00-17:00,1,1,已售/已满,已售,晴,17,12,5,0.0,86,29
2026-05-21 07:59:26,2026-05-21,4,羽毛球馆-10号,16:00-17:00,1,1,已售/已满,已售,晴,17,12,5,0.0,86,29
2026-05-21 00:30:49,2026-05-21,4,羽毛球馆-10号,17:00-18:00,1,1,已售/已满,已售,多云,15,13,3,0.0,100,26
2026-05-21 01:00:55,2026-05-21,4,羽毛球馆-10号,17:00-18:00,1,1,已售/已满,已售,多云,15,12,4,0.0,100,26
2026-05-21 01:30:47,2026-05-21,4,羽毛球馆-10号,17:00-18:00,1,1,已售/已满,已售,多云,15,13,4,0.0,100,28
2026-05-21 02:00:53,2026-05-21,4,羽毛球馆-10号,17:00-18:00,1,1,已售/已满,已售,多云,15,12,4,0.0,100,28
2026-05-21 02:30:49,2026-05-21,4,羽毛球馆-10号,17:00-18:00,1,1,已售/已满,已售,多云,15,14,3,0.0,100,29
2026-05-21 03:00:55,2026-05-21,4,羽毛球馆-10号,17:00-18:00,1,1,已售/已满,已售,多云,15,12,4,0.0,100,29
2026-05-21 03:30:49,2026-05-21,4,羽毛球馆-10号,17:00-18:00,1,1,已售/已满,已售,多云,15,14,3,0.0,100,30
2026-05-21 04:30:45,2026-05-21,4,羽毛球馆-10号,17:00-18:00,1,1,已售/已满,已售,多云,15,12,4,0.0,100,29
2026-05-21 05:00:52,2026-05-21,4,羽毛球馆-10号,17:00-18:00,1,1,已售/已满,已售,多云,15,12,4,0.0,100,29
2026-05-21 05:30:49,2026-05-21,4,羽毛球馆-10号,17:00-18:00,1,1,已售/已满,已售,多云,15,13,3,0.0,100,28
2026-05-21 06:00:50,2026-05-21,4,羽毛球馆-10号,17:00-18:00,1,1,已售/已满,已售,多云,15,13,4,0.0,99,28
2026-05-21 06:30:38,2026-05-21,4,羽毛球馆-10号,17:00-18:00,1,1,已售/已满,已售,多云,15,13,3,0.0,97,28
2026-05-21 07:00:43,2026-05-21,4,羽毛球馆-10号,17:00-18:00,1,1,已售/已满,已售,晴,15,11,5,0.0,93,28
2026-05-21 07:30:39,2026-05-21,4,羽毛球馆-10号,17:00-18:00,1,1,已售/已满,已售,晴,17,13,4,0.0,89,29
2026-05-21 07:50:40,2026-05-21,4,羽毛球馆-10号,17:00-18:00,1,1,已售/已满,已售,晴,17,13,4,0.0,88,29
2026-05-21 07:53:31,2026-05-21,4,羽毛球馆-10号,17:00-18:00,1,1,已售/已满,已售,晴,17,12,5,0.0,86,29
2026-05-21 07:56:31,2026-05-21,4,羽毛球馆-10号,17:00-18:00,1,1,已售/已满,已售,晴,17,12,5,0.0,86,29
2026-05-21 07:59:26,2026-05-21,4,羽毛球馆-10号,17:00-18:00,1,1,已售/已满,已售,晴,17,12,5,0.0,86,29
2026-05-21 00:30:49,2026-05-21,4,羽毛球馆-10号,18:30-19:30,1,1,已售/已满,已售,多云,15,13,3,0.0,100,26
2026-05-21 01:00:55,2026-05-21,4,羽毛球馆-10号,18:30-19:30,1,1,已售/已满,已售,多云,15,12,4,0.0,100,26
2026-05-21 01:30:47,2026-05-21,4,羽毛球馆-10号,18:30-19:30,1,1,已售/已满,已售,多云,15,13,4,0.0,100,28
2026-05-21 02:00:53,2026-05-21,4,羽毛球馆-10号,18:30-19:30,1,1,已售/已满,已售,多云,15,12,4,0.0,100,28
2026-05-21 02:30:49,2026-05-21,4,羽毛球馆-10号,18:30-19:30,1,1,已售/已满,已售,多云,15,14,3,0.0,100,29
2026-05-21 03:00:55,2026-05-21,4,羽毛球馆-10号,18:30-19:30,1,1,已售/已满,已售,多云,15,12,4,0.0,100,29
2026-05-21 03:30:49,2026-05-21,4,羽毛球馆-10号,18:30-19:30,1,1,已售/已满,已售,多云,15,14,3,0.0,100,30
2026-05-21 04:30:45,2026-05-21,4,羽毛球馆-10号,18:30-19:30,1,1,已售/已满,已售,多云,15,12,4,0.0,100,29
2026-05-21 05:00:52,2026-05-21,4,羽毛球馆-10号,18:30-19:30,1,1,已售/已满,已售,多云,15,12,4,0.0,100,29
2026-05-21 05:30:49,2026-05-21,4,羽毛球馆-10号,18:30-19:30,1,1,已售/已满,已售,多云,15,13,3,0.0,100,28
2026-05-21 06:00:50,2026-05-21,4,羽毛球馆-10号,18:30-19:30,1,1,已售/已满,已售,多云,15,13,4,0.0,99,28
2026-05-21 06:30:38,2026-05-21,4,羽毛球馆-10号,18:30-19:30,1,1,已售/已满,已售,多云,15,13,3,0.0,97,28
2026-05-21 07:00:43,2026-05-21,4,羽毛球馆-10号,18:30-19:30,1,1,已售/已满,已售,晴,15,11,5,0.0,93,28
2026-05-21 07:30:39,2026-05-21,4,羽毛球馆-10号,18:30-19:30,1,1,已售/已满,已售,晴,17,13,4,0.0,89,29
2026-05-21 07:50:40,2026-05-21,4,羽毛球馆-10号,18:30-19:30,1,1,已售/已满,已售,晴,17,13,4,0.0,88,29
2026-05-21 07:53:31,2026-05-21,4,羽毛球馆-10号,18:30-19:30,1,1,已售/已满,已售,晴,17,12,5,0.0,86,29
2026-05-21 07:56:31,2026-05-21,4,羽毛球馆-10号,18:30-19:30,1,1,已售/已满,已售,晴,17,12,5,0.0,86,29
2026-05-21 07:59:26,2026-05-21,4,羽毛球馆-10号,18:30-19:30,1,1,已售/已满,已售,晴,17,12,5,0.0,86,29
2026-05-21 00:30:49,2026-05-21,4,羽毛球馆-10号,19:30-20:30,1,1,已售/已满,已售,多云,15,13,3,0.0,100,26
2026-05-21 01:00:55,2026-05-21,4,羽毛球馆-10号,19:30-20:30,1,1,已售/已满,已售,多云,15,12,4,0.0,100,26
2026-05-21 01:30:47,2026-05-21,4,羽毛球馆-10号,19:30-20:30,1,1,已售/已满,已售,多云,15,13,4,0.0,100,28
2026-05-21 02:00:53,2026-05-21,4,羽毛球馆-10号,19:30-20:30,1,1,已售/已满,已售,多云,15,12,4,0.0,100,28
2026-05-21 02:30:49,2026-05-21,4,羽毛球馆-10号,19:30-20:30,1,1,已售/已满,已售,多云,15,14,3,0.0,100,29
2026-05-21 03:00:55,2026-05-21,4,羽毛球馆-10号,19:30-20:30,1,1,已售/已满,已售,多云,15,12,4,0.0,100,29
2026-05-21 03:30:49,2026-05-21,4,羽毛球馆-10号,19:30-20:30,1,1,已售/已满,已售,多云,15,14,3,0.0,100,30
2026-05-21 04:30:45,2026-05-21,4,羽毛球馆-10号,19:30-20:30,1,1,已售/已满,已售,多云,15,12,4,0.0,100,29
2026-05-21 05:00:52,2026-05-21,4,羽毛球馆-10号,19:30-20:30,1,1,已售/已满,已售,多云,15,12,4,0.0,100,29
2026-05-21 05:30:49,2026-05-21,4,羽毛球馆-10号,19:30-20:30,1,1,已售/已满,已售,多云,15,13,3,0.0,100,28
2026-05-21 06:00:50,2026-05-21,4,羽毛球馆-10号,19:30-20:30,1,1,已售/已满,已售,多云,15,13,4,0.0,99,28
2026-05-21 06:30:38,2026-05-21,4,羽毛球馆-10号,19:30-20:30,1,1,已售/已满,已售,多云,15,13,3,0.0,97,28
2026-05-21 07:00:43,2026-05-21,4,羽毛球馆-10号,19:30-20:30,1,1,已售/已满,已售,晴,15,11,5,0.0,93,28
2026-05-21 07:30:39,2026-05-21,4,羽毛球馆-10号,19:30-20:30,1,1,已售/已满,已售,晴,17,13,4,0.0,89,29
2026-05-21 07:50:40,2026-05-21,4,羽毛球馆-10号,19:30-20:30,1,1,已售/已满,已售,晴,17,13,4,0.0,88,29
2026-05-21 07:53:31,2026-05-21,4,羽毛球馆-10号,19:30-20:30,1,1,已售/已满,已售,晴,17,12,5,0.0,86,29
2026-05-21 07:56:31,2026-05-21,4,羽毛球馆-10号,19:30-20:30,1,1,已售/已满,已售,晴,17,12,5,0.0,86,29
2026-05-21 07:59:26,2026-05-21,4,羽毛球馆-10号,19:30-20:30,1,1,已售/已满,已售,晴,17,12,5,0.0,86,29
2026-05-21 00:30:49,2026-05-21,4,羽毛球馆-10号,20:30-21:30,1,1,已售/已满,已售,多云,15,13,3,0.0,100,26
2026-05-21 01:00:55,2026-05-21,4,羽毛球馆-10号,20:30-21:30,1,1,已售/已满,已售,多云,15,12,4,0.0,100,26
2026-05-21 01:30:47,2026-05-21,4,羽毛球馆-10号,20:30-21:30,1,1,已售/已满,已售,多云,15,13,4,0.0,100,28
2026-05-21 02:00:53,2026-05-21,4,羽毛球馆-10号,20:30-21:30,1,1,已售/已满,已售,多云,15,12,4,0.0,100,28
2026-05-21 02:30:49,2026-05-21,4,羽毛球馆-10号,20:30-21:30,1,1,已售/已满,已售,多云,15,14,3,0.0,100,29
2026-05-21 03:00:55,2026-05-21,4,羽毛球馆-10号,20:30-21:30,1,1,已售/已满,已售,多云,15,12,4,0.0,100,29
2026-05-21 03:30:49,2026-05-21,4,羽毛球馆-10号,20:30-21:30,1,1,已售/已满,已售,多云,15,14,3,0.0,100,30
2026-05-21 04:30:45,2026-05-21,4,羽毛球馆-10号,20:30-21:30,1,1,已售/已满,已售,多云,15,12,4,0.0,100,29
2026-05-21 05:00:52,2026-05-21,4,羽毛球馆-10号,20:30-21:30,1,1,已售/已满,已售,多云,15,12,4,0.0,100,29
2026-05-21 05:30:49,2026-05-21,4,羽毛球馆-10号,20:30-21:30,1,1,已售/已满,已售,多云,15,13,3,0.0,100,28
2026-05-21 06:00:50,2026-05-21,4,羽毛球馆-10号,20:30-21:30,1,1,已售/已满,已售,多云,15,13,4,0.0,99,28
2026-05-21 06:30:38,2026-05-21,4,羽毛球馆-10号,20:30-21:30,1,1,已售/已满,已售,多云,15,13,3,0.0,97,28
2026-05-21 07:00:43,2026-05-21,4,羽毛球馆-10号,20:30-21:30,1,1,已售/已满,已售,晴,15,11,5,0.0,93,28
2026-05-21 07:30:39,2026-05-21,4,羽毛球馆-10号,20:30-21:30,1,1,已售/已满,已售,晴,17,13,4,0.0,89,29
2026-05-21 07:50:40,2026-05-21,4,羽毛球馆-10号,20:30-21:30,1,1,已售/已满,已售,晴,17,13,4,0.0,88,29
2026-05-21 07:53:31,2026-05-21,4,羽毛球馆-10号,20:30-21:30,1,1,已售/已满,已售,晴,17,12,5,0.0,86,29
2026-05-21 07:56:31,2026-05-21,4,羽毛球馆-10号,20:30-21:30,1,1,已售/已满,已售,晴,17,12,5,0.0,86,29
2026-05-21 07:59:26,2026-05-21,4,羽毛球馆-10号,20:30-21:30,1,1,已售/已满,已售,晴,17,12,5,0.0,86,29
2026-05-21 00:30:49,2026-05-21,4,羽毛球馆-11号,07:00-08:00,0,1,可预约,￥0.0,多云,15,13,3,0.0,100,26
2026-05-21 01:00:55,2026-05-21,4,羽毛球馆-11号,07:00-08:00,0,1,可预约,￥0.0,多云,15,12,4,0.0,100,26
2026-05-21 01:30:47,2026-05-21,4,羽毛球馆-11号,07:00-08:00,0,1,可预约,￥0.0,多云,15,13,4,0.0,100,28
2026-05-21 02:00:53,2026-05-21,4,羽毛球馆-11号,07:00-08:00,0,1,可预约,￥0.0,多云,15,12,4,0.0,100,28
2026-05-21 02:30:49,2026-05-21,4,羽毛球馆-11号,07:00-08:00,0,1,可预约,￥0.0,多云,15,14,3,0.0,100,29
2026-05-21 03:00:55,2026-05-21,4,羽毛球馆-11号,07:00-08:00,0,1,可预约,￥0.0,多云,15,12,4,0.0,100,29
2026-05-21 03:30:49,2026-05-21,4,羽毛球馆-11号,07:00-08:00,0,1,可预约,￥0.0,多云,15,14,3,0.0,100,30
2026-05-21 04:30:45,2026-05-21,4,羽毛球馆-11号,07:00-08:00,0,1,可预约,￥0.0,多云,15,12,4,0.0,100,29
2026-05-21 05:00:52,2026-05-21,4,羽毛球馆-11号,07:00-08:00,0,1,可预约,￥0.0,多云,15,12,4,0.0,100,29
2026-05-21 05:30:49,2026-05-21,4,羽毛球馆-11号,07:00-08:00,0,1,可预约,￥0.0,多云,15,13,3,0.0,100,28
2026-05-21 06:00:50,2026-05-21,4,羽毛球馆-11号,07:00-08:00,0,1,可预约,￥0.0,多云,15,13,4,0.0,99,28
2026-05-21 06:30:38,2026-05-21,4,羽毛球馆-11号,07:00-08:00,0,1,可预约,￥0.0,多云,15,13,3,0.0,97,28
2026-05-21 07:00:43,2026-05-21,4,羽毛球馆-11号,07:00-08:00,0,1,可预约,￥0.0,晴,15,11,5,0.0,93,28
2026-05-21 07:30:39,2026-05-21,4,羽毛球馆-11号,07:00-08:00,0,1,可预约,￥0.0,晴,17,13,4,0.0,89,29
2026-05-21 07:50:40,2026-05-21,4,羽毛球馆-11号,07:00-08:00,0,1,可预约,￥0.0,晴,17,13,4,0.0,88,29
2026-05-21 07:53:31,2026-05-21,4,羽毛球馆-11号,07:00-08:00,0,1,可预约,￥0.0,晴,17,12,5,0.0,86,29
2026-05-21 07:56:31,2026-05-21,4,羽毛球馆-11号,07:00-08:00,0,1,可预约,￥0.0,晴,17,12,5,0.0,86,29
2026-05-21 07:59:26,2026-05-21,4,羽毛球馆-11号,07:00-08:00,0,1,可预约,￥0.0,晴,17,12,5,0.0,86,29
2026-05-21 00:30:49,2026-05-21,4,羽毛球馆-11号,08:00-09:00,0,1,可预约,￥0.0,多云,15,13,3,0.0,100,26
2026-05-21 01:00:55,2026-05-21,4,羽毛球馆-11号,08:00-09:00,0,1,可预约,￥0.0,多云,15,12,4,0.0,100,26
2026-05-21 01:30:47,2026-05-21,4,羽毛球馆-11号,08:00-09:00,0,1,可预约,￥0.0,多云,15,13,4,0.0,100,28
2026-05-21 02:00:53,2026-05-21,4,羽毛球馆-11号,08:00-09:00,0,1,可预约,￥0.0,多云,15,12,4,0.0,100,28
2026-05-21 02:30:49,2026-05-21,4,羽毛球馆-11号,08:00-09:00,0,1,可预约,￥0.0,多云,15,14,3,0.0,100,29
2026-05-21 03:00:55,2026-05-21,4,羽毛球馆-11号,08:00-09:00,0,1,可预约,￥0.0,多云,15,12,4,0.0,100,29
2026-05-21 03:30:49,2026-05-21,4,羽毛球馆-11号,08:00-09:00,0,1,可预约,￥0.0,多云,15,14,3,0.0,100,30
2026-05-21 04:30:45,2026-05-21,4,羽毛球馆-11号,08:00-09:00,0,1,可预约,￥0.0,多云,15,12,4,0.0,100,29
2026-05-21 05:00:52,2026-05-21,4,羽毛球馆-11号,08:00-09:00,0,1,可预约,￥0.0,多云,15,12,4,0.0,100,29
2026-05-21 05:30:49,2026-05-21,4,羽毛球馆-11号,08:00-09:00,0,1,可预约,￥0.0,多云,15,13,3,0.0,100,28
2026-05-21 06:00:50,2026-05-21,4,羽毛球馆-11号,08:00-09:00,0,1,可预约,￥0.0,多云,15,13,4,0.0,99,28
2026-05-21 06:30:38,2026-05-21,4,羽毛球馆-11号,08:00-09:00,0,1,可预约,￥0.0,多云,15,13,3,0.0,97,28
2026-05-21 07:00:43,2026-05-21,4,羽毛球馆-11号,08:00-09:00,0,1,可预约,￥0.0,晴,15,11,5,0.0,93,28
2026-05-21 07:30:39,2026-05-21,4,羽毛球馆-11号,08:00-09:00,0,1,可预约,￥0.0,晴,17,13,4,0.0,89,29
2026-05-21 07:50:40,2026-05-21,4,羽毛球馆-11号,08:00-09:00,0,1,可预约,￥0.0,晴,17,13,4,0.0,88,29
2026-05-21 07:53:31,2026-05-21,4,羽毛球馆-11号,08:00-09:00,0,1,可预约,￥0.0,晴,17,12,5,0.0,86,29
2026-05-21 07:56:31,2026-05-21,4,羽毛球馆-11号,08:00-09:00,0,1,可预约,￥0.0,晴,17,12,5,0.0,86,29
2026-05-21 07:59:26,2026-05-21,4,羽毛球馆-11号,08:00-09:00,0,1,可预约,￥0.0,晴,17,12,5,0.0,86,29
2026-05-21 00:30:49,2026-05-21,4,羽毛球馆-11号,09:00-10:00,0,1,可预约,￥12.0,多云,15,13,3,0.0,100,26
2026-05-21 01:00:55,2026-05-21,4,羽毛球馆-11号,09:00-10:00,0,1,可预约,￥12.0,多云,15,12,4,0.0,100,26
2026-05-21 01:30:47,2026-05-21,4,羽毛球馆-11号,09:00-10:00,0,1,可预约,￥12.0,多云,15,13,4,0.0,100,28
2026-05-21 02:00:53,2026-05-21,4,羽毛球馆-11号,09:00-10:00,0,1,可预约,￥12.0,多云,15,12,4,0.0,100,28
2026-05-21 02:30:49,2026-05-21,4,羽毛球馆-11号,09:00-10:00,0,1,可预约,￥12.0,多云,15,14,3,0.0,100,29
2026-05-21 03:00:55,2026-05-21,4,羽毛球馆-11号,09:00-10:00,0,1,可预约,￥12.0,多云,15,12,4,0.0,100,29
2026-05-21 03:30:49,2026-05-21,4,羽毛球馆-11号,09:00-10:00,0,1,可预约,￥12.0,多云,15,14,3,0.0,100,30
2026-05-21 04:30:45,2026-05-21,4,羽毛球馆-11号,09:00-10:00,0,1,可预约,￥12.0,多云,15,12,4,0.0,100,29
2026-05-21 05:00:52,2026-05-21,4,羽毛球馆-11号,09:00-10:00,0,1,可预约,￥12.0,多云,15,12,4,0.0,100,29
2026-05-21 05:30:49,2026-05-21,4,羽毛球馆-11号,09:00-10:00,0,1,可预约,￥12.0,多云,15,13,3,0.0,100,28
2026-05-21 06:00:50,2026-05-21,4,羽毛球馆-11号,09:00-10:00,0,1,可预约,￥12.0,多云,15,13,4,0.0,99,28
2026-05-21 06:30:38,2026-05-21,4,羽毛球馆-11号,09:00-10:00,0,1,可预约,￥12.0,多云,15,13,3,0.0,97,28
2026-05-21 07:00:43,2026-05-21,4,羽毛球馆-11号,09:00-10:00,0,1,可预约,￥12.0,晴,15,11,5,0.0,93,28
2026-05-21 07:30:39,2026-05-21,4,羽毛球馆-11号,09:00-10:00,0,1,可预约,￥12.0,晴,17,13,4,0.0,89,29
2026-05-21 07:50:40,2026-05-21,4,羽毛球馆-11号,09:00-10:00,0,1,可预约,￥12.0,晴,17,13,4,0.0,88,29
2026-05-21 07:53:31,2026-05-21,4,羽毛球馆-11号,09:00-10:00,0,1,可预约,￥12.0,晴,17,12,5,0.0,86,29
2026-05-21 07:56:31,2026-05-21,4,羽毛球馆-11号,09:00-10:00,0,1,可预约,￥12.0,晴,17,12,5,0.0,86,29
2026-05-21 07:59:26,2026-05-21,4,羽毛球馆-11号,09:00-10:00,0,1,可预约,￥12.0,晴,17,12,5,0.0,86,29
2026-05-21 00:30:49,2026-05-21,4,羽毛球馆-11号,10:00-11:00,1,1,已售/已满,教学时间,多云,15,13,3,0.0,100,26
2026-05-21 01:00:55,2026-05-21,4,羽毛球馆-11号,10:00-11:00,1,1,已售/已满,教学时间,多云,15,12,4,0.0,100,26
2026-05-21 01:30:47,2026-05-21,4,羽毛球馆-11号,10:00-11:00,1,1,已售/已满,教学时间,多云,15,13,4,0.0,100,28
2026-05-21 02:00:53,2026-05-21,4,羽毛球馆-11号,10:00-11:00,1,1,已售/已满,教学时间,多云,15,12,4,0.0,100,28
2026-05-21 02:30:49,2026-05-21,4,羽毛球馆-11号,10:00-11:00,1,1,已售/已满,教学时间,多云,15,14,3,0.0,100,29
2026-05-21 03:00:55,2026-05-21,4,羽毛球馆-11号,10:00-11:00,1,1,已售/已满,教学时间,多云,15,12,4,0.0,100,29
2026-05-21 03:30:49,2026-05-21,4,羽毛球馆-11号,10:00-11:00,1,1,已售/已满,教学时间,多云,15,14,3,0.0,100,30
2026-05-21 04:30:45,2026-05-21,4,羽毛球馆-11号,10:00-11:00,1,1,已售/已满,教学时间,多云,15,12,4,0.0,100,29
2026-05-21 05:00:52,2026-05-21,4,羽毛球馆-11号,10:00-11:00,1,1,已售/已满,教学时间,多云,15,12,4,0.0,100,29
2026-05-21 05:30:49,2026-05-21,4,羽毛球馆-11号,10:00-11:00,1,1,已售/已满,教学时间,多云,15,13,3,0.0,100,28
2026-05-21 06:00:50,2026-05-21,4,羽毛球馆-11号,10:00-11:00,1,1,已售/已满,教学时间,多云,15,13,4,0.0,99,28
2026-05-21 06:30:38,2026-05-21,4,羽毛球馆-11号,10:00-11:00,1,1,已售/已满,教学时间,多云,15,13,3,0.0,97,28
2026-05-21 07:00:43,2026-05-21,4,羽毛球馆-11号,10:00-11:00,1,1,已售/已满,教学时间,晴,15,11,5,0.0,93,28
2026-05-21 07:30:39,2026-05-21,4,羽毛球馆-11号,10:00-11:00,1,1,已售/已满,教学时间,晴,17,13,4,0.0,89,29
2026-05-21 07:50:40,2026-05-21,4,羽毛球馆-11号,10:00-11:00,1,1,已售/已满,教学时间,晴,17,13,4,0.0,88,29
2026-05-21 07:53:31,2026-05-21,4,羽毛球馆-11号,10:00-11:00,1,1,已售/已满,教学时间,晴,17,12,5,0.0,86,29
2026-05-21 07:56:31,2026-05-21,4,羽毛球馆-11号,10:00-11:00,1,1,已售/已满,教学时间,晴,17,12,5,0.0,86,29
2026-05-21 07:59:26,2026-05-21,4,羽毛球馆-11号,10:00-11:00,1,1,已售/已满,教学时间,晴,17,12,5,0.0,86,29
2026-05-21 00:30:49,2026-05-21,4,羽毛球馆-11号,11:00-12:00,1,1,已售/已满,教学时间,多云,15,13,3,0.0,100,26
2026-05-21 01:00:55,2026-05-21,4,羽毛球馆-11号,11:00-12:00,1,1,已售/已满,教学时间,多云,15,12,4,0.0,100,26
2026-05-21 01:30:47,2026-05-21,4,羽毛球馆-11号,11:00-12:00,1,1,已售/已满,教学时间,多云,15,13,4,0.0,100,28
2026-05-21 02:00:53,2026-05-21,4,羽毛球馆-11号,11:00-12:00,1,1,已售/已满,教学时间,多云,15,12,4,0.0,100,28
2026-05-21 02:30:49,2026-05-21,4,羽毛球馆-11号,11:00-12:00,1,1,已售/已满,教学时间,多云,15,14,3,0.0,100,29
2026-05-21 03:00:55,2026-05-21,4,羽毛球馆-11号,11:00-12:00,1,1,已售/已满,教学时间,多云,15,12,4,0.0,100,29
2026-05-21 03:30:49,2026-05-21,4,羽毛球馆-11号,11:00-12:00,1,1,已售/已满,教学时间,多云,15,14,3,0.0,100,30
2026-05-21 04:30:45,2026-05-21,4,羽毛球馆-11号,11:00-12:00,1,1,已售/已满,教学时间,多云,15,12,4,0.0,100,29
2026-05-21 05:00:52,2026-05-21,4,羽毛球馆-11号,11:00-12:00,1,1,已售/已满,教学时间,多云,15,12,4,0.0,100,29
2026-05-21 05:30:49,2026-05-21,4,羽毛球馆-11号,11:00-12:00,1,1,已售/已满,教学时间,多云,15,13,3,0.0,100,28
2026-05-21 06:00:50,2026-05-21,4,羽毛球馆-11号,11:00-12:00,1,1,已售/已满,教学时间,多云,15,13,4,0.0,99,28
2026-05-21 06:30:38,2026-05-21,4,羽毛球馆-11号,11:00-12:00,1,1,已售/已满,教学时间,多云,15,13,3,0.0,97,28
2026-05-21 07:00:43,2026-05-21,4,羽毛球馆-11号,11:00-12:00,1,1,已售/已满,教学时间,晴,15,11,5,0.0,93,28
2026-05-21 07:30:39,2026-05-21,4,羽毛球馆-11号,11:00-12:00,1,1,已售/已满,教学时间,晴,17,13,4,0.0,89,29
2026-05-21 07:50:40,2026-05-21,4,羽毛球馆-11号,11:00-12:00,1,1,已售/已满,教学时间,晴,17,13,4,0.0,88,29
2026-05-21 07:53:31,2026-05-21,4,羽毛球馆-11号,11:00-12:00,1,1,已售/已满,教学时间,晴,17,12,5,0.0,86,29
2026-05-21 07:56:31,2026-05-21,4,羽毛球馆-11号,11:00-12:00,1,1,已售/已满,教学时间,晴,17,12,5,0.0,86,29
2026-05-21 07:59:26,2026-05-21,4,羽毛球馆-11号,11:00-12:00,1,1,已售/已满,教学时间,晴,17,12,5,0.0,86,29
2026-05-21 00:30:49,2026-05-21,4,羽毛球馆-11号,12:00-12:55,1,1,已售/已满,已售,多云,15,13,3,0.0,100,26
2026-05-21 01:00:55,2026-05-21,4,羽毛球馆-11号,12:00-12:55,1,1,已售/已满,已售,多云,15,12,4,0.0,100,26
2026-05-21 01:30:47,2026-05-21,4,羽毛球馆-11号,12:00-12:55,1,1,已售/已满,已售,多云,15,13,4,0.0,100,28
2026-05-21 02:00:53,2026-05-21,4,羽毛球馆-11号,12:00-12:55,1,1,已售/已满,已售,多云,15,12,4,0.0,100,28
2026-05-21 02:30:49,2026-05-21,4,羽毛球馆-11号,12:00-12:55,1,1,已售/已满,已售,多云,15,14,3,0.0,100,29
2026-05-21 03:00:55,2026-05-21,4,羽毛球馆-11号,12:00-12:55,1,1,已售/已满,已售,多云,15,12,4,0.0,100,29
2026-05-21 03:30:49,2026-05-21,4,羽毛球馆-11号,12:00-12:55,1,1,已售/已满,已售,多云,15,14,3,0.0,100,30
2026-05-21 04:30:45,2026-05-21,4,羽毛球馆-11号,12:00-12:55,1,1,已售/已满,已售,多云,15,12,4,0.0,100,29
2026-05-21 05:00:52,2026-05-21,4,羽毛球馆-11号,12:00-12:55,1,1,已售/已满,已售,多云,15,12,4,0.0,100,29
2026-05-21 05:30:49,2026-05-21,4,羽毛球馆-11号,12:00-12:55,1,1,已售/已满,已售,多云,15,13,3,0.0,100,28
2026-05-21 06:00:50,2026-05-21,4,羽毛球馆-11号,12:00-12:55,1,1,已售/已满,已售,多云,15,13,4,0.0,99,28
2026-05-21 06:30:38,2026-05-21,4,羽毛球馆-11号,12:00-12:55,1,1,已售/已满,已售,多云,15,13,3,0.0,97,28
2026-05-21 07:00:43,2026-05-21,4,羽毛球馆-11号,12:00-12:55,1,1,已售/已满,已售,晴,15,11,5,0.0,93,28
2026-05-21 07:30:39,2026-05-21,4,羽毛球馆-11号,12:00-12:55,1,1,已售/已满,已售,晴,17,13,4,0.0,89,29
2026-05-21 07:50:40,2026-05-21,4,羽毛球馆-11号,12:00-12:55,1,1,已售/已满,已售,晴,17,13,4,0.0,88,29
2026-05-21 07:53:31,2026-05-21,4,羽毛球馆-11号,12:00-12:55,1,1,已售/已满,已售,晴,17,12,5,0.0,86,29
2026-05-21 07:56:31,2026-05-21,4,羽毛球馆-11号,12:00-12:55,1,1,已售/已满,已售,晴,17,12,5,0.0,86,29
2026-05-21 07:59:26,2026-05-21,4,羽毛球馆-11号,12:00-12:55,1,1,已售/已满,已售,晴,17,12,5,0.0,86,29
2026-05-21 00:30:49,2026-05-21,4,羽毛球馆-11号,12:55-13:50,1,1,已售/已满,已售,多云,15,13,3,0.0,100,26
2026-05-21 01:00:55,2026-05-21,4,羽毛球馆-11号,12:55-13:50,1,1,已售/已满,已售,多云,15,12,4,0.0,100,26
2026-05-21 01:30:47,2026-05-21,4,羽毛球馆-11号,12:55-13:50,1,1,已售/已满,已售,多云,15,13,4,0.0,100,28
2026-05-21 02:00:53,2026-05-21,4,羽毛球馆-11号,12:55-13:50,1,1,已售/已满,已售,多云,15,12,4,0.0,100,28
2026-05-21 02:30:49,2026-05-21,4,羽毛球馆-11号,12:55-13:50,1,1,已售/已满,已售,多云,15,14,3,0.0,100,29
2026-05-21 03:00:55,2026-05-21,4,羽毛球馆-11号,12:55-13:50,1,1,已售/已满,已售,多云,15,12,4,0.0,100,29
2026-05-21 03:30:49,2026-05-21,4,羽毛球馆-11号,12:55-13:50,1,1,已售/已满,已售,多云,15,14,3,0.0,100,30
2026-05-21 04:30:45,2026-05-21,4,羽毛球馆-11号,12:55-13:50,1,1,已售/已满,已售,多云,15,12,4,0.0,100,29
2026-05-21 05:00:52,2026-05-21,4,羽毛球馆-11号,12:55-13:50,1,1,已售/已满,已售,多云,15,12,4,0.0,100,29
2026-05-21 05:30:49,2026-05-21,4,羽毛球馆-11号,12:55-13:50,1,1,已售/已满,已售,多云,15,13,3,0.0,100,28
2026-05-21 06:00:50,2026-05-21,4,羽毛球馆-11号,12:55-13:50,1,1,已售/已满,已售,多云,15,13,4,0.0,99,28
2026-05-21 06:30:38,2026-05-21,4,羽毛球馆-11号,12:55-13:50,1,1,已售/已满,已售,多云,15,13,3,0.0,97,28
2026-05-21 07:00:43,2026-05-21,4,羽毛球馆-11号,12:55-13:50,1,1,已售/已满,已售,晴,15,11,5,0.0,93,28
2026-05-21 07:30:39,2026-05-21,4,羽毛球馆-11号,12:55-13:50,1,1,已售/已满,已售,晴,17,13,4,0.0,89,29
2026-05-21 07:50:40,2026-05-21,4,羽毛球馆-11号,12:55-13:50,1,1,已售/已满,已售,晴,17,13,4,0.0,88,29
2026-05-21 07:53:31,2026-05-21,4,羽毛球馆-11号,12:55-13:50,1,1,已售/已满,已售,晴,17,12,5,0.0,86,29
2026-05-21 07:56:31,2026-05-21,4,羽毛球馆-11号,12:55-13:50,1,1,已售/已满,已售,晴,17,12,5,0.0,86,29
2026-05-21 07:59:26,2026-05-21,4,羽毛球馆-11号,12:55-13:50,1,1,已售/已满,已售,晴,17,12,5,0.0,86,29
2026-05-21 00:30:49,2026-05-21,4,羽毛球馆-11号,14:00-15:00,1,1,已售/已满,已售,多云,15,13,3,0.0,100,26
2026-05-21 01:00:55,2026-05-21,4,羽毛球馆-11号,14:00-15:00,1,1,已售/已满,已售,多云,15,12,4,0.0,100,26
2026-05-21 01:30:47,2026-05-21,4,羽毛球馆-11号,14:00-15:00,1,1,已售/已满,已售,多云,15,13,4,0.0,100,28
2026-05-21 02:00:53,2026-05-21,4,羽毛球馆-11号,14:00-15:00,1,1,已售/已满,已售,多云,15,12,4,0.0,100,28
2026-05-21 02:30:49,2026-05-21,4,羽毛球馆-11号,14:00-15:00,1,1,已售/已满,已售,多云,15,14,3,0.0,100,29
2026-05-21 03:00:55,2026-05-21,4,羽毛球馆-11号,14:00-15:00,1,1,已售/已满,已售,多云,15,12,4,0.0,100,29
2026-05-21 03:30:49,2026-05-21,4,羽毛球馆-11号,14:00-15:00,1,1,已售/已满,已售,多云,15,14,3,0.0,100,30
2026-05-21 04:30:45,2026-05-21,4,羽毛球馆-11号,14:00-15:00,1,1,已售/已满,已售,多云,15,12,4,0.0,100,29
2026-05-21 05:00:52,2026-05-21,4,羽毛球馆-11号,14:00-15:00,1,1,已售/已满,已售,多云,15,12,4,0.0,100,29
2026-05-21 05:30:49,2026-05-21,4,羽毛球馆-11号,14:00-15:00,1,1,已售/已满,已售,多云,15,13,3,0.0,100,28
2026-05-21 06:00:50,2026-05-21,4,羽毛球馆-11号,14:00-15:00,1,1,已售/已满,已售,多云,15,13,4,0.0,99,28
2026-05-21 06:30:38,2026-05-21,4,羽毛球馆-11号,14:00-15:00,1,1,已售/已满,已售,多云,15,13,3,0.0,97,28
2026-05-21 07:00:43,2026-05-21,4,羽毛球馆-11号,14:00-15:00,1,1,已售/已满,已售,晴,15,11,5,0.0,93,28
2026-05-21 07:30:39,2026-05-21,4,羽毛球馆-11号,14:00-15:00,1,1,已售/已满,已售,晴,17,13,4,0.0,89,29
2026-05-21 07:50:40,2026-05-21,4,羽毛球馆-11号,14:00-15:00,1,1,已售/已满,已售,晴,17,13,4,0.0,88,29
2026-05-21 07:53:31,2026-05-21,4,羽毛球馆-11号,14:00-15:00,1,1,已售/已满,已售,晴,17,12,5,0.0,86,29
2026-05-21 07:56:31,2026-05-21,4,羽毛球馆-11号,14:00-15:00,1,1,已售/已满,已售,晴,17,12,5,0.0,86,29
2026-05-21 07:59:26,2026-05-21,4,羽毛球馆-11号,14:00-15:00,1,1,已售/已满,已售,晴,17,12,5,0.0,86,29
2026-05-21 00:30:49,2026-05-21,4,羽毛球馆-11号,15:00-16:00,1,1,已售/已满,已售,多云,15,13,3,0.0,100,26
2026-05-21 01:00:55,2026-05-21,4,羽毛球馆-11号,15:00-16:00,1,1,已售/已满,已售,多云,15,12,4,0.0,100,26
2026-05-21 01:30:47,2026-05-21,4,羽毛球馆-11号,15:00-16:00,1,1,已售/已满,已售,多云,15,13,4,0.0,100,28
2026-05-21 02:00:53,2026-05-21,4,羽毛球馆-11号,15:00-16:00,1,1,已售/已满,已售,多云,15,12,4,0.0,100,28
2026-05-21 02:30:49,2026-05-21,4,羽毛球馆-11号,15:00-16:00,1,1,已售/已满,已售,多云,15,14,3,0.0,100,29
2026-05-21 03:00:55,2026-05-21,4,羽毛球馆-11号,15:00-16:00,1,1,已售/已满,已售,多云,15,12,4,0.0,100,29
2026-05-21 03:30:49,2026-05-21,4,羽毛球馆-11号,15:00-16:00,1,1,已售/已满,已售,多云,15,14,3,0.0,100,30
2026-05-21 04:30:45,2026-05-21,4,羽毛球馆-11号,15:00-16:00,1,1,已售/已满,已售,多云,15,12,4,0.0,100,29
2026-05-21 05:00:52,2026-05-21,4,羽毛球馆-11号,15:00-16:00,1,1,已售/已满,已售,多云,15,12,4,0.0,100,29
2026-05-21 05:30:49,2026-05-21,4,羽毛球馆-11号,15:00-16:00,1,1,已售/已满,已售,多云,15,13,3,0.0,100,28
2026-05-21 06:00:50,2026-05-21,4,羽毛球馆-11号,15:00-16:00,1,1,已售/已满,已售,多云,15,13,4,0.0,99,28
2026-05-21 06:30:38,2026-05-21,4,羽毛球馆-11号,15:00-16:00,1,1,已售/已满,已售,多云,15,13,3,0.0,97,28
2026-05-21 07:00:43,2026-05-21,4,羽毛球馆-11号,15:00-16:00,1,1,已售/已满,已售,晴,15,11,5,0.0,93,28
2026-05-21 07:30:39,2026-05-21,4,羽毛球馆-11号,15:00-16:00,1,1,已售/已满,已售,晴,17,13,4,0.0,89,29
2026-05-21 07:50:40,2026-05-21,4,羽毛球馆-11号,15:00-16:00,1,1,已售/已满,已售,晴,17,13,4,0.0,88,29
2026-05-21 07:53:31,2026-05-21,4,羽毛球馆-11号,15:00-16:00,1,1,已售/已满,已售,晴,17,12,5,0.0,86,29
2026-05-21 07:56:31,2026-05-21,4,羽毛球馆-11号,15:00-16:00,1,1,已售/已满,已售,晴,17,12,5,0.0,86,29
2026-05-21 07:59:26,2026-05-21,4,羽毛球馆-11号,15:00-16:00,1,1,已售/已满,已售,晴,17,12,5,0.0,86,29
2026-05-21 00:30:49,2026-05-21,4,羽毛球馆-11号,16:00-17:00,1,1,已售/已满,已售,多云,15,13,3,0.0,100,26
2026-05-21 01:00:55,2026-05-21,4,羽毛球馆-11号,16:00-17:00,1,1,已售/已满,已售,多云,15,12,4,0.0,100,26
2026-05-21 01:30:47,2026-05-21,4,羽毛球馆-11号,16:00-17:00,1,1,已售/已满,已售,多云,15,13,4,0.0,100,28
2026-05-21 02:00:53,2026-05-21,4,羽毛球馆-11号,16:00-17:00,1,1,已售/已满,已售,多云,15,12,4,0.0,100,28
2026-05-21 02:30:49,2026-05-21,4,羽毛球馆-11号,16:00-17:00,1,1,已售/已满,已售,多云,15,14,3,0.0,100,29
2026-05-21 03:00:55,2026-05-21,4,羽毛球馆-11号,16:00-17:00,1,1,已售/已满,已售,多云,15,12,4,0.0,100,29
2026-05-21 03:30:49,2026-05-21,4,羽毛球馆-11号,16:00-17:00,1,1,已售/已满,已售,多云,15,14,3,0.0,100,30
2026-05-21 04:30:45,2026-05-21,4,羽毛球馆-11号,16:00-17:00,1,1,已售/已满,已售,多云,15,12,4,0.0,100,29
2026-05-21 05:00:52,2026-05-21,4,羽毛球馆-11号,16:00-17:00,1,1,已售/已满,已售,多云,15,12,4,0.0,100,29
2026-05-21 05:30:49,2026-05-21,4,羽毛球馆-11号,16:00-17:00,1,1,已售/已满,已售,多云,15,13,3,0.0,100,28
2026-05-21 06:00:50,2026-05-21,4,羽毛球馆-11号,16:00-17:00,1,1,已售/已满,已售,多云,15,13,4,0.0,99,28
2026-05-21 06:30:38,2026-05-21,4,羽毛球馆-11号,16:00-17:00,1,1,已售/已满,已售,多云,15,13,3,0.0,97,28
2026-05-21 07:00:43,2026-05-21,4,羽毛球馆-11号,16:00-17:00,1,1,已售/已满,已售,晴,15,11,5,0.0,93,28
2026-05-21 07:30:39,2026-05-21,4,羽毛球馆-11号,16:00-17:00,1,1,已售/已满,已售,晴,17,13,4,0.0,89,29
2026-05-21 07:50:40,2026-05-21,4,羽毛球馆-11号,16:00-17:00,1,1,已售/已满,已售,晴,17,13,4,0.0,88,29
2026-05-21 07:53:31,2026-05-21,4,羽毛球馆-11号,16:00-17:00,1,1,已售/已满,已售,晴,17,12,5,0.0,86,29
2026-05-21 07:56:31,2026-05-21,4,羽毛球馆-11号,16:00-17:00,1,1,已售/已满,已售,晴,17,12,5,0.0,86,29
2026-05-21 07:59:26,2026-05-21,4,羽毛球馆-11号,16:00-17:00,1,1,已售/已满,已售,晴,17,12,5,0.0,86,29
2026-05-21 00:30:49,2026-05-21,4,羽毛球馆-11号,17:00-18:00,1,1,已售/已满,已售,多云,15,13,3,0.0,100,26
2026-05-21 01:00:55,2026-05-21,4,羽毛球馆-11号,17:00-18:00,1,1,已售/已满,已售,多云,15,12,4,0.0,100,26
2026-05-21 01:30:47,2026-05-21,4,羽毛球馆-11号,17:00-18:00,1,1,已售/已满,已售,多云,15,13,4,0.0,100,28
2026-05-21 02:00:53,2026-05-21,4,羽毛球馆-11号,17:00-18:00,1,1,已售/已满,已售,多云,15,12,4,0.0,100,28
2026-05-21 02:30:49,2026-05-21,4,羽毛球馆-11号,17:00-18:00,1,1,已售/已满,已售,多云,15,14,3,0.0,100,29
2026-05-21 03:00:55,2026-05-21,4,羽毛球馆-11号,17:00-18:00,1,1,已售/已满,已售,多云,15,12,4,0.0,100,29
2026-05-21 03:30:49,2026-05-21,4,羽毛球馆-11号,17:00-18:00,1,1,已售/已满,已售,多云,15,14,3,0.0,100,30
2026-05-21 04:30:45,2026-05-21,4,羽毛球馆-11号,17:00-18:00,1,1,已售/已满,已售,多云,15,12,4,0.0,100,29
2026-05-21 05:00:52,2026-05-21,4,羽毛球馆-11号,17:00-18:00,1,1,已售/已满,已售,多云,15,12,4,0.0,100,29
2026-05-21 05:30:49,2026-05-21,4,羽毛球馆-11号,17:00-18:00,1,1,已售/已满,已售,多云,15,13,3,0.0,100,28
2026-05-21 06:00:50,2026-05-21,4,羽毛球馆-11号,17:00-18:00,1,1,已售/已满,已售,多云,15,13,4,0.0,99,28
2026-05-21 06:30:38,2026-05-21,4,羽毛球馆-11号,17:00-18:00,1,1,已售/已满,已售,多云,15,13,3,0.0,97,28
2026-05-21 07:00:43,2026-05-21,4,羽毛球馆-11号,17:00-18:00,1,1,已售/已满,已售,晴,15,11,5,0.0,93,28
2026-05-21 07:30:39,2026-05-21,4,羽毛球馆-11号,17:00-18:00,1,1,已售/已满,已售,晴,17,13,4,0.0,89,29
2026-05-21 07:50:40,2026-05-21,4,羽毛球馆-11号,17:00-18:00,1,1,已售/已满,已售,晴,17,13,4,0.0,88,29
2026-05-21 07:53:31,2026-05-21,4,羽毛球馆-11号,17:00-18:00,1,1,已售/已满,已售,晴,17,12,5,0.0,86,29
2026-05-21 07:56:31,2026-05-21,4,羽毛球馆-11号,17:00-18:00,1,1,已售/已满,已售,晴,17,12,5,0.0,86,29
2026-05-21 07:59:26,2026-05-21,4,羽毛球馆-11号,17:00-18:00,1,1,已售/已满,已售,晴,17,12,5,0.0,86,29
2026-05-21 00:30:49,2026-05-21,4,羽毛球馆-11号,18:30-19:30,1,1,已售/已满,教工羽毛球赛,多云,15,13,3,0.0,100,26
2026-05-21 01:00:55,2026-05-21,4,羽毛球馆-11号,18:30-19:30,1,1,已售/已满,教工羽毛球赛,多云,15,12,4,0.0,100,26
2026-05-21 01:30:47,2026-05-21,4,羽毛球馆-11号,18:30-19:30,1,1,已售/已满,教工羽毛球赛,多云,15,13,4,0.0,100,28
2026-05-21 02:00:53,2026-05-21,4,羽毛球馆-11号,18:30-19:30,1,1,已售/已满,教工羽毛球赛,多云,15,12,4,0.0,100,28
2026-05-21 02:30:49,2026-05-21,4,羽毛球馆-11号,18:30-19:30,1,1,已售/已满,教工羽毛球赛,多云,15,14,3,0.0,100,29
2026-05-21 03:00:55,2026-05-21,4,羽毛球馆-11号,18:30-19:30,1,1,已售/已满,教工羽毛球赛,多云,15,12,4,0.0,100,29
2026-05-21 03:30:49,2026-05-21,4,羽毛球馆-11号,18:30-19:30,1,1,已售/已满,教工羽毛球赛,多云,15,14,3,0.0,100,30
2026-05-21 04:30:45,2026-05-21,4,羽毛球馆-11号,18:30-19:30,1,1,已售/已满,教工羽毛球赛,多云,15,12,4,0.0,100,29
2026-05-21 05:00:52,2026-05-21,4,羽毛球馆-11号,18:30-19:30,1,1,已售/已满,教工羽毛球赛,多云,15,12,4,0.0,100,29
2026-05-21 05:30:49,2026-05-21,4,羽毛球馆-11号,18:30-19:30,1,1,已售/已满,教工羽毛球赛,多云,15,13,3,0.0,100,28
2026-05-21 06:00:50,2026-05-21,4,羽毛球馆-11号,18:30-19:30,1,1,已售/已满,教工羽毛球赛,多云,15,13,4,0.0,99,28
2026-05-21 06:30:38,2026-05-21,4,羽毛球馆-11号,18:30-19:30,1,1,已售/已满,教工羽毛球赛,多云,15,13,3,0.0,97,28
2026-05-21 07:00:43,2026-05-21,4,羽毛球馆-11号,18:30-19:30,1,1,已售/已满,教工羽毛球赛,晴,15,11,5,0.0,93,28
2026-05-21 07:30:39,2026-05-21,4,羽毛球馆-11号,18:30-19:30,1,1,已售/已满,教工羽毛球赛,晴,17,13,4,0.0,89,29
2026-05-21 07:50:40,2026-05-21,4,羽毛球馆-11号,18:30-19:30,1,1,已售/已满,教工羽毛球赛,晴,17,13,4,0.0,88,29
2026-05-21 07:53:31,2026-05-21,4,羽毛球馆-11号,18:30-19:30,1,1,已售/已满,教工羽毛球赛,晴,17,12,5,0.0,86,29
2026-05-21 07:56:31,2026-05-21,4,羽毛球馆-11号,18:30-19:30,1,1,已售/已满,教工羽毛球赛,晴,17,12,5,0.0,86,29
2026-05-21 07:59:26,2026-05-21,4,羽毛球馆-11号,18:30-19:30,1,1,已售/已满,教工羽毛球赛,晴,17,12,5,0.0,86,29
2026-05-21 00:30:49,2026-05-21,4,羽毛球馆-11号,19:30-20:30,1,1,已售/已满,教工羽毛球赛,多云,15,13,3,0.0,100,26
2026-05-21 01:00:55,2026-05-21,4,羽毛球馆-11号,19:30-20:30,1,1,已售/已满,教工羽毛球赛,多云,15,12,4,0.0,100,26
2026-05-21 01:30:47,2026-05-21,4,羽毛球馆-11号,19:30-20:30,1,1,已售/已满,教工羽毛球赛,多云,15,13,4,0.0,100,28
2026-05-21 02:00:53,2026-05-21,4,羽毛球馆-11号,19:30-20:30,1,1,已售/已满,教工羽毛球赛,多云,15,12,4,0.0,100,28
2026-05-21 02:30:49,2026-05-21,4,羽毛球馆-11号,19:30-20:30,1,1,已售/已满,教工羽毛球赛,多云,15,14,3,0.0,100,29
2026-05-21 03:00:55,2026-05-21,4,羽毛球馆-11号,19:30-20:30,1,1,已售/已满,教工羽毛球赛,多云,15,12,4,0.0,100,29
2026-05-21 03:30:49,2026-05-21,4,羽毛球馆-11号,19:30-20:30,1,1,已售/已满,教工羽毛球赛,多云,15,14,3,0.0,100,30
2026-05-21 04:30:45,2026-05-21,4,羽毛球馆-11号,19:30-20:30,1,1,已售/已满,教工羽毛球赛,多云,15,12,4,0.0,100,29
2026-05-21 05:00:52,2026-05-21,4,羽毛球馆-11号,19:30-20:30,1,1,已售/已满,教工羽毛球赛,多云,15,12,4,0.0,100,29
2026-05-21 05:30:49,2026-05-21,4,羽毛球馆-11号,19:30-20:30,1,1,已售/已满,教工羽毛球赛,多云,15,13,3,0.0,100,28
2026-05-21 06:00:50,2026-05-21,4,羽毛球馆-11号,19:30-20:30,1,1,已售/已满,教工羽毛球赛,多云,15,13,4,0.0,99,28
2026-05-21 06:30:38,2026-05-21,4,羽毛球馆-11号,19:30-20:30,1,1,已售/已满,教工羽毛球赛,多云,15,13,3,0.0,97,28
2026-05-21 07:00:43,2026-05-21,4,羽毛球馆-11号,19:30-20:30,1,1,已售/已满,教工羽毛球赛,晴,15,11,5,0.0,93,28
2026-05-21 07:30:39,2026-05-21,4,羽毛球馆-11号,19:30-20:30,1,1,已售/已满,教工羽毛球赛,晴,17,13,4,0.0,89,29
2026-05-21 07:50:40,2026-05-21,4,羽毛球馆-11号,19:30-20:30,1,1,已售/已满,教工羽毛球赛,晴,17,13,4,0.0,88,29
2026-05-21 07:53:31,2026-05-21,4,羽毛球馆-11号,19:30-20:30,1,1,已售/已满,教工羽毛球赛,晴,17,12,5,0.0,86,29
2026-05-21 07:56:31,2026-05-21,4,羽毛球馆-11号,19:30-20:30,1,1,已售/已满,教工羽毛球赛,晴,17,12,5,0.0,86,29
2026-05-21 07:59:26,2026-05-21,4,羽毛球馆-11号,19:30-20:30,1,1,已售/已满,教工羽毛球赛,晴,17,12,5,0.0,86,29
2026-05-21 00:30:49,2026-05-21,4,羽毛球馆-11号,20:30-21:30,1,1,已售/已满,教工羽毛球赛,多云,15,13,3,0.0,100,26
2026-05-21 01:00:55,2026-05-21,4,羽毛球馆-11号,20:30-21:30,1,1,已售/已满,教工羽毛球赛,多云,15,12,4,0.0,100,26
2026-05-21 01:30:47,2026-05-21,4,羽毛球馆-11号,20:30-21:30,1,1,已售/已满,教工羽毛球赛,多云,15,13,4,0.0,100,28
2026-05-21 02:00:53,2026-05-21,4,羽毛球馆-11号,20:30-21:30,1,1,已售/已满,教工羽毛球赛,多云,15,12,4,0.0,100,28
2026-05-21 02:30:49,2026-05-21,4,羽毛球馆-11号,20:30-21:30,1,1,已售/已满,教工羽毛球赛,多云,15,14,3,0.0,100,29
2026-05-21 03:00:55,2026-05-21,4,羽毛球馆-11号,20:30-21:30,1,1,已售/已满,教工羽毛球赛,多云,15,12,4,0.0,100,29
2026-05-21 03:30:49,2026-05-21,4,羽毛球馆-11号,20:30-21:30,1,1,已售/已满,教工羽毛球赛,多云,15,14,3,0.0,100,30
2026-05-21 04:30:45,2026-05-21,4,羽毛球馆-11号,20:30-21:30,1,1,已售/已满,教工羽毛球赛,多云,15,12,4,0.0,100,29
2026-05-21 05:00:52,2026-05-21,4,羽毛球馆-11号,20:30-21:30,1,1,已售/已满,教工羽毛球赛,多云,15,12,4,0.0,100,29
2026-05-21 05:30:49,2026-05-21,4,羽毛球馆-11号,20:30-21:30,1,1,已售/已满,教工羽毛球赛,多云,15,13,3,0.0,100,28
2026-05-21 06:00:50,2026-05-21,4,羽毛球馆-11号,20:30-21:30,1,1,已售/已满,教工羽毛球赛,多云,15,13,4,0.0,99,28
2026-05-21 06:30:38,2026-05-21,4,羽毛球馆-11号,20:30-21:30,1,1,已售/已满,教工羽毛球赛,多云,15,13,3,0.0,97,28
2026-05-21 07:00:43,2026-05-21,4,羽毛球馆-11号,20:30-21:30,1,1,已售/已满,教工羽毛球赛,晴,15,11,5,0.0,93,28
2026-05-21 07:30:39,2026-05-21,4,羽毛球馆-11号,20:30-21:30,1,1,已售/已满,教工羽毛球赛,晴,17,13,4,0.0,89,29
2026-05-21 07:50:40,2026-05-21,4,羽毛球馆-11号,20:30-21:30,1,1,已售/已满,教工羽毛球赛,晴,17,13,4,0.0,88,29
2026-05-21 07:53:31,2026-05-21,4,羽毛球馆-11号,20:30-21:30,1,1,已售/已满,教工羽毛球赛,晴,17,12,5,0.0,86,29
2026-05-21 07:56:31,2026-05-21,4,羽毛球馆-11号,20:30-21:30,1,1,已售/已满,教工羽毛球赛,晴,17,12,5,0.0,86,29
2026-05-21 07:59:26,2026-05-21,4,羽毛球馆-11号,20:30-21:30,1,1,已售/已满,教工羽毛球赛,晴,17,12,5,0.0,86,29
2026-05-21 00:30:49,2026-05-21,4,羽毛球馆-12号,07:00-08:00,0,1,可预约,￥0.0,多云,15,13,3,0.0,100,26
2026-05-21 01:00:55,2026-05-21,4,羽毛球馆-12号,07:00-08:00,0,1,可预约,￥0.0,多云,15,12,4,0.0,100,26
2026-05-21 01:30:47,2026-05-21,4,羽毛球馆-12号,07:00-08:00,0,1,可预约,￥0.0,多云,15,13,4,0.0,100,28
2026-05-21 02:00:53,2026-05-21,4,羽毛球馆-12号,07:00-08:00,0,1,可预约,￥0.0,多云,15,12,4,0.0,100,28
2026-05-21 02:30:49,2026-05-21,4,羽毛球馆-12号,07:00-08:00,0,1,可预约,￥0.0,多云,15,14,3,0.0,100,29
2026-05-21 03:00:55,2026-05-21,4,羽毛球馆-12号,07:00-08:00,0,1,可预约,￥0.0,多云,15,12,4,0.0,100,29
2026-05-21 03:30:49,2026-05-21,4,羽毛球馆-12号,07:00-08:00,0,1,可预约,￥0.0,多云,15,14,3,0.0,100,30
2026-05-21 04:30:45,2026-05-21,4,羽毛球馆-12号,07:00-08:00,0,1,可预约,￥0.0,多云,15,12,4,0.0,100,29
2026-05-21 05:00:52,2026-05-21,4,羽毛球馆-12号,07:00-08:00,0,1,可预约,￥0.0,多云,15,12,4,0.0,100,29
2026-05-21 05:30:49,2026-05-21,4,羽毛球馆-12号,07:00-08:00,0,1,可预约,￥0.0,多云,15,13,3,0.0,100,28
2026-05-21 06:00:50,2026-05-21,4,羽毛球馆-12号,07:00-08:00,0,1,可预约,￥0.0,多云,15,13,4,0.0,99,28
2026-05-21 06:30:38,2026-05-21,4,羽毛球馆-12号,07:00-08:00,0,1,可预约,￥0.0,多云,15,13,3,0.0,97,28
2026-05-21 07:00:43,2026-05-21,4,羽毛球馆-12号,07:00-08:00,0,1,可预约,￥0.0,晴,15,11,5,0.0,93,28
2026-05-21 07:30:39,2026-05-21,4,羽毛球馆-12号,07:00-08:00,0,1,可预约,￥0.0,晴,17,13,4,0.0,89,29
2026-05-21 07:50:40,2026-05-21,4,羽毛球馆-12号,07:00-08:00,0,1,可预约,￥0.0,晴,17,13,4,0.0,88,29
2026-05-21 07:53:31,2026-05-21,4,羽毛球馆-12号,07:00-08:00,0,1,可预约,￥0.0,晴,17,12,5,0.0,86,29
2026-05-21 07:56:31,2026-05-21,4,羽毛球馆-12号,07:00-08:00,0,1,可预约,￥0.0,晴,17,12,5,0.0,86,29
2026-05-21 07:59:26,2026-05-21,4,羽毛球馆-12号,07:00-08:00,0,1,可预约,￥0.0,晴,17,12,5,0.0,86,29
2026-05-21 00:30:49,2026-05-21,4,羽毛球馆-12号,08:00-09:00,1,1,已售/已满,已售,多云,15,13,3,0.0,100,26
2026-05-21 01:00:55,2026-05-21,4,羽毛球馆-12号,08:00-09:00,1,1,已售/已满,已售,多云,15,12,4,0.0,100,26
2026-05-21 01:30:47,2026-05-21,4,羽毛球馆-12号,08:00-09:00,1,1,已售/已满,已售,多云,15,13,4,0.0,100,28
2026-05-21 02:00:53,2026-05-21,4,羽毛球馆-12号,08:00-09:00,1,1,已售/已满,已售,多云,15,12,4,0.0,100,28
2026-05-21 02:30:49,2026-05-21,4,羽毛球馆-12号,08:00-09:00,1,1,已售/已满,已售,多云,15,14,3,0.0,100,29
2026-05-21 03:00:55,2026-05-21,4,羽毛球馆-12号,08:00-09:00,1,1,已售/已满,已售,多云,15,12,4,0.0,100,29
2026-05-21 03:30:49,2026-05-21,4,羽毛球馆-12号,08:00-09:00,1,1,已售/已满,已售,多云,15,14,3,0.0,100,30
2026-05-21 04:30:45,2026-05-21,4,羽毛球馆-12号,08:00-09:00,1,1,已售/已满,已售,多云,15,12,4,0.0,100,29
2026-05-21 05:00:52,2026-05-21,4,羽毛球馆-12号,08:00-09:00,1,1,已售/已满,已售,多云,15,12,4,0.0,100,29
2026-05-21 05:30:49,2026-05-21,4,羽毛球馆-12号,08:00-09:00,1,1,已售/已满,已售,多云,15,13,3,0.0,100,28
2026-05-21 06:00:50,2026-05-21,4,羽毛球馆-12号,08:00-09:00,1,1,已售/已满,已售,多云,15,13,4,0.0,99,28
2026-05-21 06:30:38,2026-05-21,4,羽毛球馆-12号,08:00-09:00,1,1,已售/已满,已售,多云,15,13,3,0.0,97,28
2026-05-21 07:00:43,2026-05-21,4,羽毛球馆-12号,08:00-09:00,1,1,已售/已满,已售,晴,15,11,5,0.0,93,28
2026-05-21 07:30:39,2026-05-21,4,羽毛球馆-12号,08:00-09:00,1,1,已售/已满,已售,晴,17,13,4,0.0,89,29
2026-05-21 07:50:40,2026-05-21,4,羽毛球馆-12号,08:00-09:00,1,1,已售/已满,已售,晴,17,13,4,0.0,88,29
2026-05-21 07:53:31,2026-05-21,4,羽毛球馆-12号,08:00-09:00,1,1,已售/已满,已售,晴,17,12,5,0.0,86,29
2026-05-21 07:56:31,2026-05-21,4,羽毛球馆-12号,08:00-09:00,1,1,已售/已满,已售,晴,17,12,5,0.0,86,29
2026-05-21 07:59:26,2026-05-21,4,羽毛球馆-12号,08:00-09:00,1,1,已售/已满,已售,晴,17,12,5,0.0,86,29
2026-05-21 00:30:49,2026-05-21,4,羽毛球馆-12号,09:00-10:00,0,1,可预约,￥12.0,多云,15,13,3,0.0,100,26
2026-05-21 01:00:55,2026-05-21,4,羽毛球馆-12号,09:00-10:00,0,1,可预约,￥12.0,多云,15,12,4,0.0,100,26
2026-05-21 01:30:47,2026-05-21,4,羽毛球馆-12号,09:00-10:00,0,1,可预约,￥12.0,多云,15,13,4,0.0,100,28
2026-05-21 02:00:53,2026-05-21,4,羽毛球馆-12号,09:00-10:00,0,1,可预约,￥12.0,多云,15,12,4,0.0,100,28
2026-05-21 02:30:49,2026-05-21,4,羽毛球馆-12号,09:00-10:00,0,1,可预约,￥12.0,多云,15,14,3,0.0,100,29
2026-05-21 03:00:55,2026-05-21,4,羽毛球馆-12号,09:00-10:00,0,1,可预约,￥12.0,多云,15,12,4,0.0,100,29
2026-05-21 03:30:49,2026-05-21,4,羽毛球馆-12号,09:00-10:00,0,1,可预约,￥12.0,多云,15,14,3,0.0,100,30
2026-05-21 04:30:45,2026-05-21,4,羽毛球馆-12号,09:00-10:00,0,1,可预约,￥12.0,多云,15,12,4,0.0,100,29
2026-05-21 05:00:52,2026-05-21,4,羽毛球馆-12号,09:00-10:00,0,1,可预约,￥12.0,多云,15,12,4,0.0,100,29
2026-05-21 05:30:49,2026-05-21,4,羽毛球馆-12号,09:00-10:00,0,1,可预约,￥12.0,多云,15,13,3,0.0,100,28
2026-05-21 06:00:50,2026-05-21,4,羽毛球馆-12号,09:00-10:00,0,1,可预约,￥12.0,多云,15,13,4,0.0,99,28
2026-05-21 06:30:38,2026-05-21,4,羽毛球馆-12号,09:00-10:00,0,1,可预约,￥12.0,多云,15,13,3,0.0,97,28
2026-05-21 07:00:43,2026-05-21,4,羽毛球馆-12号,09:00-10:00,0,1,可预约,￥12.0,晴,15,11,5,0.0,93,28
2026-05-21 07:30:39,2026-05-21,4,羽毛球馆-12号,09:00-10:00,0,1,可预约,￥12.0,晴,17,13,4,0.0,89,29
2026-05-21 07:50:40,2026-05-21,4,羽毛球馆-12号,09:00-10:00,0,1,可预约,￥12.0,晴,17,13,4,0.0,88,29
2026-05-21 07:53:31,2026-05-21,4,羽毛球馆-12号,09:00-10:00,0,1,可预约,￥12.0,晴,17,12,5,0.0,86,29
2026-05-21 07:56:31,2026-05-21,4,羽毛球馆-12号,09:00-10:00,0,1,可预约,￥12.0,晴,17,12,5,0.0,86,29
2026-05-21 07:59:26,2026-05-21,4,羽毛球馆-12号,09:00-10:00,0,1,可预约,￥12.0,晴,17,12,5,0.0,86,29
2026-05-21 00:30:49,2026-05-21,4,羽毛球馆-12号,10:00-11:00,1,1,已售/已满,教学时间,多云,15,13,3,0.0,100,26
2026-05-21 01:00:55,2026-05-21,4,羽毛球馆-12号,10:00-11:00,1,1,已售/已满,教学时间,多云,15,12,4,0.0,100,26
2026-05-21 01:30:47,2026-05-21,4,羽毛球馆-12号,10:00-11:00,1,1,已售/已满,教学时间,多云,15,13,4,0.0,100,28
2026-05-21 02:00:53,2026-05-21,4,羽毛球馆-12号,10:00-11:00,1,1,已售/已满,教学时间,多云,15,12,4,0.0,100,28
2026-05-21 02:30:49,2026-05-21,4,羽毛球馆-12号,10:00-11:00,1,1,已售/已满,教学时间,多云,15,14,3,0.0,100,29
2026-05-21 03:00:55,2026-05-21,4,羽毛球馆-12号,10:00-11:00,1,1,已售/已满,教学时间,多云,15,12,4,0.0,100,29
2026-05-21 03:30:49,2026-05-21,4,羽毛球馆-12号,10:00-11:00,1,1,已售/已满,教学时间,多云,15,14,3,0.0,100,30
2026-05-21 04:30:45,2026-05-21,4,羽毛球馆-12号,10:00-11:00,1,1,已售/已满,教学时间,多云,15,12,4,0.0,100,29
2026-05-21 05:00:52,2026-05-21,4,羽毛球馆-12号,10:00-11:00,1,1,已售/已满,教学时间,多云,15,12,4,0.0,100,29
2026-05-21 05:30:49,2026-05-21,4,羽毛球馆-12号,10:00-11:00,1,1,已售/已满,教学时间,多云,15,13,3,0.0,100,28
2026-05-21 06:00:50,2026-05-21,4,羽毛球馆-12号,10:00-11:00,1,1,已售/已满,教学时间,多云,15,13,4,0.0,99,28
2026-05-21 06:30:38,2026-05-21,4,羽毛球馆-12号,10:00-11:00,1,1,已售/已满,教学时间,多云,15,13,3,0.0,97,28
2026-05-21 07:00:43,2026-05-21,4,羽毛球馆-12号,10:00-11:00,1,1,已售/已满,教学时间,晴,15,11,5,0.0,93,28
2026-05-21 07:30:39,2026-05-21,4,羽毛球馆-12号,10:00-11:00,1,1,已售/已满,教学时间,晴,17,13,4,0.0,89,29
2026-05-21 07:50:40,2026-05-21,4,羽毛球馆-12号,10:00-11:00,1,1,已售/已满,教学时间,晴,17,13,4,0.0,88,29
2026-05-21 07:53:31,2026-05-21,4,羽毛球馆-12号,10:00-11:00,1,1,已售/已满,教学时间,晴,17,12,5,0.0,86,29
2026-05-21 07:56:31,2026-05-21,4,羽毛球馆-12号,10:00-11:00,1,1,已售/已满,教学时间,晴,17,12,5,0.0,86,29
2026-05-21 07:59:26,2026-05-21,4,羽毛球馆-12号,10:00-11:00,1,1,已售/已满,教学时间,晴,17,12,5,0.0,86,29
2026-05-21 00:30:49,2026-05-21,4,羽毛球馆-12号,11:00-12:00,1,1,已售/已满,教学时间,多云,15,13,3,0.0,100,26
2026-05-21 01:00:55,2026-05-21,4,羽毛球馆-12号,11:00-12:00,1,1,已售/已满,教学时间,多云,15,12,4,0.0,100,26
2026-05-21 01:30:47,2026-05-21,4,羽毛球馆-12号,11:00-12:00,1,1,已售/已满,教学时间,多云,15,13,4,0.0,100,28
2026-05-21 02:00:53,2026-05-21,4,羽毛球馆-12号,11:00-12:00,1,1,已售/已满,教学时间,多云,15,12,4,0.0,100,28
2026-05-21 02:30:49,2026-05-21,4,羽毛球馆-12号,11:00-12:00,1,1,已售/已满,教学时间,多云,15,14,3,0.0,100,29
2026-05-21 03:00:55,2026-05-21,4,羽毛球馆-12号,11:00-12:00,1,1,已售/已满,教学时间,多云,15,12,4,0.0,100,29
2026-05-21 03:30:49,2026-05-21,4,羽毛球馆-12号,11:00-12:00,1,1,已售/已满,教学时间,多云,15,14,3,0.0,100,30
2026-05-21 04:30:45,2026-05-21,4,羽毛球馆-12号,11:00-12:00,1,1,已售/已满,教学时间,多云,15,12,4,0.0,100,29
2026-05-21 05:00:52,2026-05-21,4,羽毛球馆-12号,11:00-12:00,1,1,已售/已满,教学时间,多云,15,12,4,0.0,100,29
2026-05-21 05:30:49,2026-05-21,4,羽毛球馆-12号,11:00-12:00,1,1,已售/已满,教学时间,多云,15,13,3,0.0,100,28
2026-05-21 06:00:50,2026-05-21,4,羽毛球馆-12号,11:00-12:00,1,1,已售/已满,教学时间,多云,15,13,4,0.0,99,28
2026-05-21 06:30:38,2026-05-21,4,羽毛球馆-12号,11:00-12:00,1,1,已售/已满,教学时间,多云,15,13,3,0.0,97,28
2026-05-21 07:00:43,2026-05-21,4,羽毛球馆-12号,11:00-12:00,1,1,已售/已满,教学时间,晴,15,11,5,0.0,93,28
2026-05-21 07:30:39,2026-05-21,4,羽毛球馆-12号,11:00-12:00,1,1,已售/已满,教学时间,晴,17,13,4,0.0,89,29
2026-05-21 07:50:40,2026-05-21,4,羽毛球馆-12号,11:00-12:00,1,1,已售/已满,教学时间,晴,17,13,4,0.0,88,29
2026-05-21 07:53:31,2026-05-21,4,羽毛球馆-12号,11:00-12:00,1,1,已售/已满,教学时间,晴,17,12,5,0.0,86,29
2026-05-21 07:56:31,2026-05-21,4,羽毛球馆-12号,11:00-12:00,1,1,已售/已满,教学时间,晴,17,12,5,0.0,86,29
2026-05-21 07:59:26,2026-05-21,4,羽毛球馆-12号,11:00-12:00,1,1,已售/已满,教学时间,晴,17,12,5,0.0,86,29
2026-05-21 00:30:49,2026-05-21,4,羽毛球馆-12号,12:00-12:55,1,1,已售/已满,已售,多云,15,13,3,0.0,100,26
2026-05-21 01:00:55,2026-05-21,4,羽毛球馆-12号,12:00-12:55,1,1,已售/已满,已售,多云,15,12,4,0.0,100,26
2026-05-21 01:30:47,2026-05-21,4,羽毛球馆-12号,12:00-12:55,1,1,已售/已满,已售,多云,15,13,4,0.0,100,28
2026-05-21 02:00:53,2026-05-21,4,羽毛球馆-12号,12:00-12:55,1,1,已售/已满,已售,多云,15,12,4,0.0,100,28
2026-05-21 02:30:49,2026-05-21,4,羽毛球馆-12号,12:00-12:55,1,1,已售/已满,已售,多云,15,14,3,0.0,100,29
2026-05-21 03:00:55,2026-05-21,4,羽毛球馆-12号,12:00-12:55,1,1,已售/已满,已售,多云,15,12,4,0.0,100,29
2026-05-21 03:30:49,2026-05-21,4,羽毛球馆-12号,12:00-12:55,1,1,已售/已满,已售,多云,15,14,3,0.0,100,30
2026-05-21 04:30:45,2026-05-21,4,羽毛球馆-12号,12:00-12:55,1,1,已售/已满,已售,多云,15,12,4,0.0,100,29
2026-05-21 05:00:52,2026-05-21,4,羽毛球馆-12号,12:00-12:55,1,1,已售/已满,已售,多云,15,12,4,0.0,100,29
2026-05-21 05:30:49,2026-05-21,4,羽毛球馆-12号,12:00-12:55,1,1,已售/已满,已售,多云,15,13,3,0.0,100,28
2026-05-21 06:00:50,2026-05-21,4,羽毛球馆-12号,12:00-12:55,1,1,已售/已满,已售,多云,15,13,4,0.0,99,28
2026-05-21 06:30:38,2026-05-21,4,羽毛球馆-12号,12:00-12:55,1,1,已售/已满,已售,多云,15,13,3,0.0,97,28
2026-05-21 07:00:43,2026-05-21,4,羽毛球馆-12号,12:00-12:55,1,1,已售/已满,已售,晴,15,11,5,0.0,93,28
2026-05-21 07:30:39,2026-05-21,4,羽毛球馆-12号,12:00-12:55,1,1,已售/已满,已售,晴,17,13,4,0.0,89,29
2026-05-21 07:50:40,2026-05-21,4,羽毛球馆-12号,12:00-12:55,1,1,已售/已满,已售,晴,17,13,4,0.0,88,29
2026-05-21 07:53:31,2026-05-21,4,羽毛球馆-12号,12:00-12:55,1,1,已售/已满,已售,晴,17,12,5,0.0,86,29
2026-05-21 07:56:31,2026-05-21,4,羽毛球馆-12号,12:00-12:55,1,1,已售/已满,已售,晴,17,12,5,0.0,86,29
2026-05-21 07:59:26,2026-05-21,4,羽毛球馆-12号,12:00-12:55,1,1,已售/已满,已售,晴,17,12,5,0.0,86,29
2026-05-21 00:30:49,2026-05-21,4,羽毛球馆-12号,12:55-13:50,1,1,已售/已满,已售,多云,15,13,3,0.0,100,26
2026-05-21 01:00:55,2026-05-21,4,羽毛球馆-12号,12:55-13:50,1,1,已售/已满,已售,多云,15,12,4,0.0,100,26
2026-05-21 01:30:47,2026-05-21,4,羽毛球馆-12号,12:55-13:50,1,1,已售/已满,已售,多云,15,13,4,0.0,100,28
2026-05-21 02:00:53,2026-05-21,4,羽毛球馆-12号,12:55-13:50,1,1,已售/已满,已售,多云,15,12,4,0.0,100,28
2026-05-21 02:30:49,2026-05-21,4,羽毛球馆-12号,12:55-13:50,1,1,已售/已满,已售,多云,15,14,3,0.0,100,29
2026-05-21 03:00:55,2026-05-21,4,羽毛球馆-12号,12:55-13:50,1,1,已售/已满,已售,多云,15,12,4,0.0,100,29
2026-05-21 03:30:49,2026-05-21,4,羽毛球馆-12号,12:55-13:50,1,1,已售/已满,已售,多云,15,14,3,0.0,100,30
2026-05-21 04:30:45,2026-05-21,4,羽毛球馆-12号,12:55-13:50,1,1,已售/已满,已售,多云,15,12,4,0.0,100,29
2026-05-21 05:00:52,2026-05-21,4,羽毛球馆-12号,12:55-13:50,1,1,已售/已满,已售,多云,15,12,4,0.0,100,29
2026-05-21 05:30:49,2026-05-21,4,羽毛球馆-12号,12:55-13:50,1,1,已售/已满,已售,多云,15,13,3,0.0,100,28
2026-05-21 06:00:50,2026-05-21,4,羽毛球馆-12号,12:55-13:50,1,1,已售/已满,已售,多云,15,13,4,0.0,99,28
2026-05-21 06:30:38,2026-05-21,4,羽毛球馆-12号,12:55-13:50,1,1,已售/已满,已售,多云,15,13,3,0.0,97,28
2026-05-21 07:00:43,2026-05-21,4,羽毛球馆-12号,12:55-13:50,1,1,已售/已满,已售,晴,15,11,5,0.0,93,28
2026-05-21 07:30:39,2026-05-21,4,羽毛球馆-12号,12:55-13:50,1,1,已售/已满,已售,晴,17,13,4,0.0,89,29
2026-05-21 07:50:40,2026-05-21,4,羽毛球馆-12号,12:55-13:50,1,1,已售/已满,已售,晴,17,13,4,0.0,88,29
2026-05-21 07:53:31,2026-05-21,4,羽毛球馆-12号,12:55-13:50,1,1,已售/已满,已售,晴,17,12,5,0.0,86,29
2026-05-21 07:56:31,2026-05-21,4,羽毛球馆-12号,12:55-13:50,1,1,已售/已满,已售,晴,17,12,5,0.0,86,29
2026-05-21 07:59:26,2026-05-21,4,羽毛球馆-12号,12:55-13:50,1,1,已售/已满,已售,晴,17,12,5,0.0,86,29
2026-05-21 00:30:49,2026-05-21,4,羽毛球馆-12号,14:00-15:00,1,1,已售/已满,已售,多云,15,13,3,0.0,100,26
2026-05-21 01:00:55,2026-05-21,4,羽毛球馆-12号,14:00-15:00,1,1,已售/已满,已售,多云,15,12,4,0.0,100,26
2026-05-21 01:30:47,2026-05-21,4,羽毛球馆-12号,14:00-15:00,1,1,已售/已满,已售,多云,15,13,4,0.0,100,28
2026-05-21 02:00:53,2026-05-21,4,羽毛球馆-12号,14:00-15:00,1,1,已售/已满,已售,多云,15,12,4,0.0,100,28
2026-05-21 02:30:49,2026-05-21,4,羽毛球馆-12号,14:00-15:00,1,1,已售/已满,已售,多云,15,14,3,0.0,100,29
2026-05-21 03:00:55,2026-05-21,4,羽毛球馆-12号,14:00-15:00,1,1,已售/已满,已售,多云,15,12,4,0.0,100,29
2026-05-21 03:30:49,2026-05-21,4,羽毛球馆-12号,14:00-15:00,1,1,已售/已满,已售,多云,15,14,3,0.0,100,30
2026-05-21 04:30:45,2026-05-21,4,羽毛球馆-12号,14:00-15:00,1,1,已售/已满,已售,多云,15,12,4,0.0,100,29
2026-05-21 05:00:52,2026-05-21,4,羽毛球馆-12号,14:00-15:00,1,1,已售/已满,已售,多云,15,12,4,0.0,100,29
2026-05-21 05:30:49,2026-05-21,4,羽毛球馆-12号,14:00-15:00,1,1,已售/已满,已售,多云,15,13,3,0.0,100,28
2026-05-21 06:00:50,2026-05-21,4,羽毛球馆-12号,14:00-15:00,1,1,已售/已满,已售,多云,15,13,4,0.0,99,28
2026-05-21 06:30:38,2026-05-21,4,羽毛球馆-12号,14:00-15:00,1,1,已售/已满,已售,多云,15,13,3,0.0,97,28
2026-05-21 07:00:43,2026-05-21,4,羽毛球馆-12号,14:00-15:00,1,1,已售/已满,已售,晴,15,11,5,0.0,93,28
2026-05-21 07:30:39,2026-05-21,4,羽毛球馆-12号,14:00-15:00,1,1,已售/已满,已售,晴,17,13,4,0.0,89,29
2026-05-21 07:50:40,2026-05-21,4,羽毛球馆-12号,14:00-15:00,1,1,已售/已满,已售,晴,17,13,4,0.0,88,29
2026-05-21 07:53:31,2026-05-21,4,羽毛球馆-12号,14:00-15:00,1,1,已售/已满,已售,晴,17,12,5,0.0,86,29
2026-05-21 07:56:31,2026-05-21,4,羽毛球馆-12号,14:00-15:00,1,1,已售/已满,已售,晴,17,12,5,0.0,86,29
2026-05-21 07:59:26,2026-05-21,4,羽毛球馆-12号,14:00-15:00,1,1,已售/已满,已售,晴,17,12,5,0.0,86,29
2026-05-21 00:30:49,2026-05-21,4,羽毛球馆-12号,15:00-16:00,1,1,已售/已满,已售,多云,15,13,3,0.0,100,26
2026-05-21 01:00:55,2026-05-21,4,羽毛球馆-12号,15:00-16:00,1,1,已售/已满,已售,多云,15,12,4,0.0,100,26
2026-05-21 01:30:47,2026-05-21,4,羽毛球馆-12号,15:00-16:00,1,1,已售/已满,已售,多云,15,13,4,0.0,100,28
2026-05-21 02:00:53,2026-05-21,4,羽毛球馆-12号,15:00-16:00,1,1,已售/已满,已售,多云,15,12,4,0.0,100,28
2026-05-21 02:30:49,2026-05-21,4,羽毛球馆-12号,15:00-16:00,1,1,已售/已满,已售,多云,15,14,3,0.0,100,29
2026-05-21 03:00:55,2026-05-21,4,羽毛球馆-12号,15:00-16:00,1,1,已售/已满,已售,多云,15,12,4,0.0,100,29
2026-05-21 03:30:49,2026-05-21,4,羽毛球馆-12号,15:00-16:00,1,1,已售/已满,已售,多云,15,14,3,0.0,100,30
2026-05-21 04:30:45,2026-05-21,4,羽毛球馆-12号,15:00-16:00,1,1,已售/已满,已售,多云,15,12,4,0.0,100,29
2026-05-21 05:00:52,2026-05-21,4,羽毛球馆-12号,15:00-16:00,1,1,已售/已满,已售,多云,15,12,4,0.0,100,29
2026-05-21 05:30:49,2026-05-21,4,羽毛球馆-12号,15:00-16:00,1,1,已售/已满,已售,多云,15,13,3,0.0,100,28
2026-05-21 06:00:50,2026-05-21,4,羽毛球馆-12号,15:00-16:00,1,1,已售/已满,已售,多云,15,13,4,0.0,99,28
2026-05-21 06:30:38,2026-05-21,4,羽毛球馆-12号,15:00-16:00,1,1,已售/已满,已售,多云,15,13,3,0.0,97,28
2026-05-21 07:00:43,2026-05-21,4,羽毛球馆-12号,15:00-16:00,1,1,已售/已满,已售,晴,15,11,5,0.0,93,28
2026-05-21 07:30:39,2026-05-21,4,羽毛球馆-12号,15:00-16:00,1,1,已售/已满,已售,晴,17,13,4,0.0,89,29
2026-05-21 07:50:40,2026-05-21,4,羽毛球馆-12号,15:00-16:00,1,1,已售/已满,已售,晴,17,13,4,0.0,88,29
2026-05-21 07:53:31,2026-05-21,4,羽毛球馆-12号,15:00-16:00,1,1,已售/已满,已售,晴,17,12,5,0.0,86,29
2026-05-21 07:56:31,2026-05-21,4,羽毛球馆-12号,15:00-16:00,1,1,已售/已满,已售,晴,17,12,5,0.0,86,29
2026-05-21 07:59:26,2026-05-21,4,羽毛球馆-12号,15:00-16:00,1,1,已售/已满,已售,晴,17,12,5,0.0,86,29
2026-05-21 00:30:49,2026-05-21,4,羽毛球馆-12号,16:00-17:00,1,1,已售/已满,已售,多云,15,13,3,0.0,100,26
2026-05-21 01:00:55,2026-05-21,4,羽毛球馆-12号,16:00-17:00,1,1,已售/已满,已售,多云,15,12,4,0.0,100,26
2026-05-21 01:30:47,2026-05-21,4,羽毛球馆-12号,16:00-17:00,1,1,已售/已满,已售,多云,15,13,4,0.0,100,28
2026-05-21 02:00:53,2026-05-21,4,羽毛球馆-12号,16:00-17:00,1,1,已售/已满,已售,多云,15,12,4,0.0,100,28
2026-05-21 02:30:49,2026-05-21,4,羽毛球馆-12号,16:00-17:00,1,1,已售/已满,已售,多云,15,14,3,0.0,100,29
2026-05-21 03:00:55,2026-05-21,4,羽毛球馆-12号,16:00-17:00,1,1,已售/已满,已售,多云,15,12,4,0.0,100,29
2026-05-21 03:30:49,2026-05-21,4,羽毛球馆-12号,16:00-17:00,1,1,已售/已满,已售,多云,15,14,3,0.0,100,30
2026-05-21 04:30:45,2026-05-21,4,羽毛球馆-12号,16:00-17:00,1,1,已售/已满,已售,多云,15,12,4,0.0,100,29
2026-05-21 05:00:52,2026-05-21,4,羽毛球馆-12号,16:00-17:00,1,1,已售/已满,已售,多云,15,12,4,0.0,100,29
2026-05-21 05:30:49,2026-05-21,4,羽毛球馆-12号,16:00-17:00,1,1,已售/已满,已售,多云,15,13,3,0.0,100,28
2026-05-21 06:00:50,2026-05-21,4,羽毛球馆-12号,16:00-17:00,1,1,已售/已满,已售,多云,15,13,4,0.0,99,28
2026-05-21 06:30:38,2026-05-21,4,羽毛球馆-12号,16:00-17:00,1,1,已售/已满,已售,多云,15,13,3,0.0,97,28
2026-05-21 07:00:43,2026-05-21,4,羽毛球馆-12号,16:00-17:00,1,1,已售/已满,已售,晴,15,11,5,0.0,93,28
2026-05-21 07:30:39,2026-05-21,4,羽毛球馆-12号,16:00-17:00,1,1,已售/已满,已售,晴,17,13,4,0.0,89,29
2026-05-21 07:50:40,2026-05-21,4,羽毛球馆-12号,16:00-17:00,1,1,已售/已满,已售,晴,17,13,4,0.0,88,29
2026-05-21 07:53:31,2026-05-21,4,羽毛球馆-12号,16:00-17:00,1,1,已售/已满,已售,晴,17,12,5,0.0,86,29
2026-05-21 07:56:31,2026-05-21,4,羽毛球馆-12号,16:00-17:00,1,1,已售/已满,已售,晴,17,12,5,0.0,86,29
2026-05-21 07:59:26,2026-05-21,4,羽毛球馆-12号,16:00-17:00,1,1,已售/已满,已售,晴,17,12,5,0.0,86,29
2026-05-21 00:30:49,2026-05-21,4,羽毛球馆-12号,17:00-18:00,1,1,已售/已满,已售,多云,15,13,3,0.0,100,26
2026-05-21 01:00:55,2026-05-21,4,羽毛球馆-12号,17:00-18:00,1,1,已售/已满,已售,多云,15,12,4,0.0,100,26
2026-05-21 01:30:47,2026-05-21,4,羽毛球馆-12号,17:00-18:00,1,1,已售/已满,已售,多云,15,13,4,0.0,100,28
2026-05-21 02:00:53,2026-05-21,4,羽毛球馆-12号,17:00-18:00,1,1,已售/已满,已售,多云,15,12,4,0.0,100,28
2026-05-21 02:30:49,2026-05-21,4,羽毛球馆-12号,17:00-18:00,1,1,已售/已满,已售,多云,15,14,3,0.0,100,29
2026-05-21 03:00:55,2026-05-21,4,羽毛球馆-12号,17:00-18:00,1,1,已售/已满,已售,多云,15,12,4,0.0,100,29
2026-05-21 03:30:49,2026-05-21,4,羽毛球馆-12号,17:00-18:00,1,1,已售/已满,已售,多云,15,14,3,0.0,100,30
2026-05-21 04:30:45,2026-05-21,4,羽毛球馆-12号,17:00-18:00,1,1,已售/已满,已售,多云,15,12,4,0.0,100,29
2026-05-21 05:00:52,2026-05-21,4,羽毛球馆-12号,17:00-18:00,1,1,已售/已满,已售,多云,15,12,4,0.0,100,29
2026-05-21 05:30:49,2026-05-21,4,羽毛球馆-12号,17:00-18:00,1,1,已售/已满,已售,多云,15,13,3,0.0,100,28
2026-05-21 06:00:50,2026-05-21,4,羽毛球馆-12号,17:00-18:00,1,1,已售/已满,已售,多云,15,13,4,0.0,99,28
2026-05-21 06:30:38,2026-05-21,4,羽毛球馆-12号,17:00-18:00,1,1,已售/已满,已售,多云,15,13,3,0.0,97,28
2026-05-21 07:00:43,2026-05-21,4,羽毛球馆-12号,17:00-18:00,1,1,已售/已满,已售,晴,15,11,5,0.0,93,28
2026-05-21 07:30:39,2026-05-21,4,羽毛球馆-12号,17:00-18:00,1,1,已售/已满,已售,晴,17,13,4,0.0,89,29
2026-05-21 07:50:40,2026-05-21,4,羽毛球馆-12号,17:00-18:00,1,1,已售/已满,已售,晴,17,13,4,0.0,88,29
2026-05-21 07:53:31,2026-05-21,4,羽毛球馆-12号,17:00-18:00,1,1,已售/已满,已售,晴,17,12,5,0.0,86,29
2026-05-21 07:56:31,2026-05-21,4,羽毛球馆-12号,17:00-18:00,1,1,已售/已满,已售,晴,17,12,5,0.0,86,29
2026-05-21 07:59:26,2026-05-21,4,羽毛球馆-12号,17:00-18:00,1,1,已售/已满,已售,晴,17,12,5,0.0,86,29
2026-05-21 00:30:49,2026-05-21,4,羽毛球馆-12号,18:30-19:30,1,1,已售/已满,教工羽毛球赛,多云,15,13,3,0.0,100,26
2026-05-21 01:00:55,2026-05-21,4,羽毛球馆-12号,18:30-19:30,1,1,已售/已满,教工羽毛球赛,多云,15,12,4,0.0,100,26
2026-05-21 01:30:47,2026-05-21,4,羽毛球馆-12号,18:30-19:30,1,1,已售/已满,教工羽毛球赛,多云,15,13,4,0.0,100,28
2026-05-21 02:00:53,2026-05-21,4,羽毛球馆-12号,18:30-19:30,1,1,已售/已满,教工羽毛球赛,多云,15,12,4,0.0,100,28
2026-05-21 02:30:49,2026-05-21,4,羽毛球馆-12号,18:30-19:30,1,1,已售/已满,教工羽毛球赛,多云,15,14,3,0.0,100,29
2026-05-21 03:00:55,2026-05-21,4,羽毛球馆-12号,18:30-19:30,1,1,已售/已满,教工羽毛球赛,多云,15,12,4,0.0,100,29
2026-05-21 03:30:49,2026-05-21,4,羽毛球馆-12号,18:30-19:30,1,1,已售/已满,教工羽毛球赛,多云,15,14,3,0.0,100,30
2026-05-21 04:30:45,2026-05-21,4,羽毛球馆-12号,18:30-19:30,1,1,已售/已满,教工羽毛球赛,多云,15,12,4,0.0,100,29
2026-05-21 05:00:52,2026-05-21,4,羽毛球馆-12号,18:30-19:30,1,1,已售/已满,教工羽毛球赛,多云,15,12,4,0.0,100,29
2026-05-21 05:30:49,2026-05-21,4,羽毛球馆-12号,18:30-19:30,1,1,已售/已满,教工羽毛球赛,多云,15,13,3,0.0,100,28
2026-05-21 06:00:50,2026-05-21,4,羽毛球馆-12号,18:30-19:30,1,1,已售/已满,教工羽毛球赛,多云,15,13,4,0.0,99,28
2026-05-21 06:30:38,2026-05-21,4,羽毛球馆-12号,18:30-19:30,1,1,已售/已满,教工羽毛球赛,多云,15,13,3,0.0,97,28
2026-05-21 07:00:43,2026-05-21,4,羽毛球馆-12号,18:30-19:30,1,1,已售/已满,教工羽毛球赛,晴,15,11,5,0.0,93,28
2026-05-21 07:30:39,2026-05-21,4,羽毛球馆-12号,18:30-19:30,1,1,已售/已满,教工羽毛球赛,晴,17,13,4,0.0,89,29
2026-05-21 07:50:40,2026-05-21,4,羽毛球馆-12号,18:30-19:30,1,1,已售/已满,教工羽毛球赛,晴,17,13,4,0.0,88,29
2026-05-21 07:53:31,2026-05-21,4,羽毛球馆-12号,18:30-19:30,1,1,已售/已满,教工羽毛球赛,晴,17,12,5,0.0,86,29
2026-05-21 07:56:31,2026-05-21,4,羽毛球馆-12号,18:30-19:30,1,1,已售/已满,教工羽毛球赛,晴,17,12,5,0.0,86,29
2026-05-21 07:59:26,2026-05-21,4,羽毛球馆-12号,18:30-19:30,1,1,已售/已满,教工羽毛球赛,晴,17,12,5,0.0,86,29
2026-05-21 00:30:49,2026-05-21,4,羽毛球馆-12号,19:30-20:30,1,1,已售/已满,教工羽毛球赛,多云,15,13,3,0.0,100,26
2026-05-21 01:00:55,2026-05-21,4,羽毛球馆-12号,19:30-20:30,1,1,已售/已满,教工羽毛球赛,多云,15,12,4,0.0,100,26
2026-05-21 01:30:47,2026-05-21,4,羽毛球馆-12号,19:30-20:30,1,1,已售/已满,教工羽毛球赛,多云,15,13,4,0.0,100,28
2026-05-21 02:00:53,2026-05-21,4,羽毛球馆-12号,19:30-20:30,1,1,已售/已满,教工羽毛球赛,多云,15,12,4,0.0,100,28
2026-05-21 02:30:49,2026-05-21,4,羽毛球馆-12号,19:30-20:30,1,1,已售/已满,教工羽毛球赛,多云,15,14,3,0.0,100,29
2026-05-21 03:00:55,2026-05-21,4,羽毛球馆-12号,19:30-20:30,1,1,已售/已满,教工羽毛球赛,多云,15,12,4,0.0,100,29
2026-05-21 03:30:49,2026-05-21,4,羽毛球馆-12号,19:30-20:30,1,1,已售/已满,教工羽毛球赛,多云,15,14,3,0.0,100,30
2026-05-21 04:30:45,2026-05-21,4,羽毛球馆-12号,19:30-20:30,1,1,已售/已满,教工羽毛球赛,多云,15,12,4,0.0,100,29
2026-05-21 05:00:52,2026-05-21,4,羽毛球馆-12号,19:30-20:30,1,1,已售/已满,教工羽毛球赛,多云,15,12,4,0.0,100,29
2026-05-21 05:30:49,2026-05-21,4,羽毛球馆-12号,19:30-20:30,1,1,已售/已满,教工羽毛球赛,多云,15,13,3,0.0,100,28
2026-05-21 06:00:50,2026-05-21,4,羽毛球馆-12号,19:30-20:30,1,1,已售/已满,教工羽毛球赛,多云,15,13,4,0.0,99,28
2026-05-21 06:30:38,2026-05-21,4,羽毛球馆-12号,19:30-20:30,1,1,已售/已满,教工羽毛球赛,多云,15,13,3,0.0,97,28
2026-05-21 07:00:43,2026-05-21,4,羽毛球馆-12号,19:30-20:30,1,1,已售/已满,教工羽毛球赛,晴,15,11,5,0.0,93,28
2026-05-21 07:30:39,2026-05-21,4,羽毛球馆-12号,19:30-20:30,1,1,已售/已满,教工羽毛球赛,晴,17,13,4,0.0,89,29
2026-05-21 07:50:40,2026-05-21,4,羽毛球馆-12号,19:30-20:30,1,1,已售/已满,教工羽毛球赛,晴,17,13,4,0.0,88,29
2026-05-21 07:53:31,2026-05-21,4,羽毛球馆-12号,19:30-20:30,1,1,已售/已满,教工羽毛球赛,晴,17,12,5,0.0,86,29
2026-05-21 07:56:31,2026-05-21,4,羽毛球馆-12号,19:30-20:30,1,1,已售/已满,教工羽毛球赛,晴,17,12,5,0.0,86,29
2026-05-21 07:59:26,2026-05-21,4,羽毛球馆-12号,19:30-20:30,1,1,已售/已满,教工羽毛球赛,晴,17,12,5,0.0,86,29
2026-05-21 00:30:49,2026-05-21,4,羽毛球馆-12号,20:30-21:30,1,1,已售/已满,教工羽毛球赛,多云,15,13,3,0.0,100,26
2026-05-21 01:00:55,2026-05-21,4,羽毛球馆-12号,20:30-21:30,1,1,已售/已满,教工羽毛球赛,多云,15,12,4,0.0,100,26
2026-05-21 01:30:47,2026-05-21,4,羽毛球馆-12号,20:30-21:30,1,1,已售/已满,教工羽毛球赛,多云,15,13,4,0.0,100,28
2026-05-21 02:00:53,2026-05-21,4,羽毛球馆-12号,20:30-21:30,1,1,已售/已满,教工羽毛球赛,多云,15,12,4,0.0,100,28
2026-05-21 02:30:49,2026-05-21,4,羽毛球馆-12号,20:30-21:30,1,1,已售/已满,教工羽毛球赛,多云,15,14,3,0.0,100,29
2026-05-21 03:00:55,2026-05-21,4,羽毛球馆-12号,20:30-21:30,1,1,已售/已满,教工羽毛球赛,多云,15,12,4,0.0,100,29
2026-05-21 03:30:49,2026-05-21,4,羽毛球馆-12号,20:30-21:30,1,1,已售/已满,教工羽毛球赛,多云,15,14,3,0.0,100,30
2026-05-21 04:30:45,2026-05-21,4,羽毛球馆-12号,20:30-21:30,1,1,已售/已满,教工羽毛球赛,多云,15,12,4,0.0,100,29
2026-05-21 05:00:52,2026-05-21,4,羽毛球馆-12号,20:30-21:30,1,1,已售/已满,教工羽毛球赛,多云,15,12,4,0.0,100,29
2026-05-21 05:30:49,2026-05-21,4,羽毛球馆-12号,20:30-21:30,1,1,已售/已满,教工羽毛球赛,多云,15,13,3,0.0,100,28
2026-05-21 06:00:50,2026-05-21,4,羽毛球馆-12号,20:30-21:30,1,1,已售/已满,教工羽毛球赛,多云,15,13,4,0.0,99,28
2026-05-21 06:30:38,2026-05-21,4,羽毛球馆-12号,20:30-21:30,1,1,已售/已满,教工羽毛球赛,多云,15,13,3,0.0,97,28
2026-05-21 07:00:43,2026-05-21,4,羽毛球馆-12号,20:30-21:30,1,1,已售/已满,教工羽毛球赛,晴,15,11,5,0.0,93,28
2026-05-21 07:30:39,2026-05-21,4,羽毛球馆-12号,20:30-21:30,1,1,已售/已满,教工羽毛球赛,晴,17,13,4,0.0,89,29
2026-05-21 07:50:40,2026-05-21,4,羽毛球馆-12号,20:30-21:30,1,1,已售/已满,教工羽毛球赛,晴,17,13,4,0.0,88,29
2026-05-21 07:53:31,2026-05-21,4,羽毛球馆-12号,20:30-21:30,1,1,已售/已满,教工羽毛球赛,晴,17,12,5,0.0,86,29
2026-05-21 07:56:31,2026-05-21,4,羽毛球馆-12号,20:30-21:30,1,1,已售/已满,教工羽毛球赛,晴,17,12,5,0.0,86,29
2026-05-21 07:59:26,2026-05-21,4,羽毛球馆-12号,20:30-21:30,1,1,已售/已满,教工羽毛球赛,晴,17,12,5,0.0,86,29
2026-05-21 00:30:49,2026-05-21,4,羽毛球馆-13号,07:00-08:00,0,1,可预约,￥0.0,多云,15,13,3,0.0,100,26
2026-05-21 01:00:55,2026-05-21,4,羽毛球馆-13号,07:00-08:00,0,1,可预约,￥0.0,多云,15,12,4,0.0,100,26
2026-05-21 01:30:47,2026-05-21,4,羽毛球馆-13号,07:00-08:00,0,1,可预约,￥0.0,多云,15,13,4,0.0,100,28
2026-05-21 02:00:53,2026-05-21,4,羽毛球馆-13号,07:00-08:00,0,1,可预约,￥0.0,多云,15,12,4,0.0,100,28
2026-05-21 02:30:49,2026-05-21,4,羽毛球馆-13号,07:00-08:00,0,1,可预约,￥0.0,多云,15,14,3,0.0,100,29
2026-05-21 03:00:55,2026-05-21,4,羽毛球馆-13号,07:00-08:00,0,1,可预约,￥0.0,多云,15,12,4,0.0,100,29
2026-05-21 03:30:49,2026-05-21,4,羽毛球馆-13号,07:00-08:00,0,1,可预约,￥0.0,多云,15,14,3,0.0,100,30
2026-05-21 04:30:45,2026-05-21,4,羽毛球馆-13号,07:00-08:00,0,1,可预约,￥0.0,多云,15,12,4,0.0,100,29
2026-05-21 05:00:52,2026-05-21,4,羽毛球馆-13号,07:00-08:00,0,1,可预约,￥0.0,多云,15,12,4,0.0,100,29
2026-05-21 05:30:49,2026-05-21,4,羽毛球馆-13号,07:00-08:00,0,1,可预约,￥0.0,多云,15,13,3,0.0,100,28
2026-05-21 06:00:50,2026-05-21,4,羽毛球馆-13号,07:00-08:00,0,1,可预约,￥0.0,多云,15,13,4,0.0,99,28
2026-05-21 06:30:38,2026-05-21,4,羽毛球馆-13号,07:00-08:00,0,1,可预约,￥0.0,多云,15,13,3,0.0,97,28
2026-05-21 07:00:43,2026-05-21,4,羽毛球馆-13号,07:00-08:00,0,1,可预约,￥0.0,晴,15,11,5,0.0,93,28
2026-05-21 07:30:39,2026-05-21,4,羽毛球馆-13号,07:00-08:00,0,1,可预约,￥0.0,晴,17,13,4,0.0,89,29
2026-05-21 07:50:40,2026-05-21,4,羽毛球馆-13号,07:00-08:00,0,1,可预约,￥0.0,晴,17,13,4,0.0,88,29
2026-05-21 07:53:31,2026-05-21,4,羽毛球馆-13号,07:00-08:00,0,1,可预约,￥0.0,晴,17,12,5,0.0,86,29
2026-05-21 07:56:31,2026-05-21,4,羽毛球馆-13号,07:00-08:00,0,1,可预约,￥0.0,晴,17,12,5,0.0,86,29
2026-05-21 07:59:26,2026-05-21,4,羽毛球馆-13号,07:00-08:00,0,1,可预约,￥0.0,晴,17,12,5,0.0,86,29
2026-05-21 00:30:49,2026-05-21,4,羽毛球馆-13号,08:00-09:00,1,1,已售/已满,已售,多云,15,13,3,0.0,100,26
2026-05-21 01:00:55,2026-05-21,4,羽毛球馆-13号,08:00-09:00,1,1,已售/已满,已售,多云,15,12,4,0.0,100,26
2026-05-21 01:30:47,2026-05-21,4,羽毛球馆-13号,08:00-09:00,1,1,已售/已满,已售,多云,15,13,4,0.0,100,28
2026-05-21 02:00:53,2026-05-21,4,羽毛球馆-13号,08:00-09:00,1,1,已售/已满,已售,多云,15,12,4,0.0,100,28
2026-05-21 02:30:49,2026-05-21,4,羽毛球馆-13号,08:00-09:00,1,1,已售/已满,已售,多云,15,14,3,0.0,100,29
2026-05-21 03:00:55,2026-05-21,4,羽毛球馆-13号,08:00-09:00,1,1,已售/已满,已售,多云,15,12,4,0.0,100,29
2026-05-21 03:30:49,2026-05-21,4,羽毛球馆-13号,08:00-09:00,1,1,已售/已满,已售,多云,15,14,3,0.0,100,30
2026-05-21 04:30:45,2026-05-21,4,羽毛球馆-13号,08:00-09:00,1,1,已售/已满,已售,多云,15,12,4,0.0,100,29
2026-05-21 05:00:52,2026-05-21,4,羽毛球馆-13号,08:00-09:00,1,1,已售/已满,已售,多云,15,12,4,0.0,100,29
2026-05-21 05:30:49,2026-05-21,4,羽毛球馆-13号,08:00-09:00,1,1,已售/已满,已售,多云,15,13,3,0.0,100,28
2026-05-21 06:00:50,2026-05-21,4,羽毛球馆-13号,08:00-09:00,1,1,已售/已满,已售,多云,15,13,4,0.0,99,28
2026-05-21 06:30:38,2026-05-21,4,羽毛球馆-13号,08:00-09:00,1,1,已售/已满,已售,多云,15,13,3,0.0,97,28
2026-05-21 07:00:43,2026-05-21,4,羽毛球馆-13号,08:00-09:00,1,1,已售/已满,已售,晴,15,11,5,0.0,93,28
2026-05-21 07:30:39,2026-05-21,4,羽毛球馆-13号,08:00-09:00,1,1,已售/已满,已售,晴,17,13,4,0.0,89,29
2026-05-21 07:50:40,2026-05-21,4,羽毛球馆-13号,08:00-09:00,1,1,已售/已满,已售,晴,17,13,4,0.0,88,29
2026-05-21 07:53:31,2026-05-21,4,羽毛球馆-13号,08:00-09:00,1,1,已售/已满,已售,晴,17,12,5,0.0,86,29
2026-05-21 07:56:31,2026-05-21,4,羽毛球馆-13号,08:00-09:00,1,1,已售/已满,已售,晴,17,12,5,0.0,86,29
2026-05-21 07:59:26,2026-05-21,4,羽毛球馆-13号,08:00-09:00,1,1,已售/已满,已售,晴,17,12,5,0.0,86,29
2026-05-21 00:30:49,2026-05-21,4,羽毛球馆-13号,09:00-10:00,0,1,可预约,￥12.0,多云,15,13,3,0.0,100,26
2026-05-21 01:00:55,2026-05-21,4,羽毛球馆-13号,09:00-10:00,0,1,可预约,￥12.0,多云,15,12,4,0.0,100,26
2026-05-21 01:30:47,2026-05-21,4,羽毛球馆-13号,09:00-10:00,0,1,可预约,￥12.0,多云,15,13,4,0.0,100,28
2026-05-21 02:00:53,2026-05-21,4,羽毛球馆-13号,09:00-10:00,0,1,可预约,￥12.0,多云,15,12,4,0.0,100,28
2026-05-21 02:30:49,2026-05-21,4,羽毛球馆-13号,09:00-10:00,0,1,可预约,￥12.0,多云,15,14,3,0.0,100,29
2026-05-21 03:00:55,2026-05-21,4,羽毛球馆-13号,09:00-10:00,0,1,可预约,￥12.0,多云,15,12,4,0.0,100,29
2026-05-21 03:30:49,2026-05-21,4,羽毛球馆-13号,09:00-10:00,0,1,可预约,￥12.0,多云,15,14,3,0.0,100,30
2026-05-21 04:30:45,2026-05-21,4,羽毛球馆-13号,09:00-10:00,0,1,可预约,￥12.0,多云,15,12,4,0.0,100,29
2026-05-21 05:00:52,2026-05-21,4,羽毛球馆-13号,09:00-10:00,0,1,可预约,￥12.0,多云,15,12,4,0.0,100,29
2026-05-21 05:30:49,2026-05-21,4,羽毛球馆-13号,09:00-10:00,0,1,可预约,￥12.0,多云,15,13,3,0.0,100,28
2026-05-21 06:00:50,2026-05-21,4,羽毛球馆-13号,09:00-10:00,0,1,可预约,￥12.0,多云,15,13,4,0.0,99,28
2026-05-21 06:30:38,2026-05-21,4,羽毛球馆-13号,09:00-10:00,0,1,可预约,￥12.0,多云,15,13,3,0.0,97,28
2026-05-21 07:00:43,2026-05-21,4,羽毛球馆-13号,09:00-10:00,0,1,可预约,￥12.0,晴,15,11,5,0.0,93,28
2026-05-21 07:30:39,2026-05-21,4,羽毛球馆-13号,09:00-10:00,0,1,可预约,￥12.0,晴,17,13,4,0.0,89,29
2026-05-21 07:50:40,2026-05-21,4,羽毛球馆-13号,09:00-10:00,0,1,可预约,￥12.0,晴,17,13,4,0.0,88,29
2026-05-21 07:53:31,2026-05-21,4,羽毛球馆-13号,09:00-10:00,0,1,可预约,￥12.0,晴,17,12,5,0.0,86,29
2026-05-21 07:56:31,2026-05-21,4,羽毛球馆-13号,09:00-10:00,0,1,可预约,￥12.0,晴,17,12,5,0.0,86,29
2026-05-21 07:59:26,2026-05-21,4,羽毛球馆-13号,09:00-10:00,0,1,可预约,￥12.0,晴,17,12,5,0.0,86,29
2026-05-21 00:30:49,2026-05-21,4,羽毛球馆-13号,10:00-11:00,1,1,已售/已满,教学时间,多云,15,13,3,0.0,100,26
2026-05-21 01:00:55,2026-05-21,4,羽毛球馆-13号,10:00-11:00,1,1,已售/已满,教学时间,多云,15,12,4,0.0,100,26
2026-05-21 01:30:47,2026-05-21,4,羽毛球馆-13号,10:00-11:00,1,1,已售/已满,教学时间,多云,15,13,4,0.0,100,28
2026-05-21 02:00:53,2026-05-21,4,羽毛球馆-13号,10:00-11:00,1,1,已售/已满,教学时间,多云,15,12,4,0.0,100,28
2026-05-21 02:30:49,2026-05-21,4,羽毛球馆-13号,10:00-11:00,1,1,已售/已满,教学时间,多云,15,14,3,0.0,100,29
2026-05-21 03:00:55,2026-05-21,4,羽毛球馆-13号,10:00-11:00,1,1,已售/已满,教学时间,多云,15,12,4,0.0,100,29
2026-05-21 03:30:49,2026-05-21,4,羽毛球馆-13号,10:00-11:00,1,1,已售/已满,教学时间,多云,15,14,3,0.0,100,30
2026-05-21 04:30:45,2026-05-21,4,羽毛球馆-13号,10:00-11:00,1,1,已售/已满,教学时间,多云,15,12,4,0.0,100,29
2026-05-21 05:00:52,2026-05-21,4,羽毛球馆-13号,10:00-11:00,1,1,已售/已满,教学时间,多云,15,12,4,0.0,100,29
2026-05-21 05:30:49,2026-05-21,4,羽毛球馆-13号,10:00-11:00,1,1,已售/已满,教学时间,多云,15,13,3,0.0,100,28
2026-05-21 06:00:50,2026-05-21,4,羽毛球馆-13号,10:00-11:00,1,1,已售/已满,教学时间,多云,15,13,4,0.0,99,28
2026-05-21 06:30:38,2026-05-21,4,羽毛球馆-13号,10:00-11:00,1,1,已售/已满,教学时间,多云,15,13,3,0.0,97,28
2026-05-21 07:00:43,2026-05-21,4,羽毛球馆-13号,10:00-11:00,1,1,已售/已满,教学时间,晴,15,11,5,0.0,93,28
2026-05-21 07:30:39,2026-05-21,4,羽毛球馆-13号,10:00-11:00,1,1,已售/已满,教学时间,晴,17,13,4,0.0,89,29
2026-05-21 07:50:40,2026-05-21,4,羽毛球馆-13号,10:00-11:00,1,1,已售/已满,教学时间,晴,17,13,4,0.0,88,29
2026-05-21 07:53:31,2026-05-21,4,羽毛球馆-13号,10:00-11:00,1,1,已售/已满,教学时间,晴,17,12,5,0.0,86,29
2026-05-21 07:56:31,2026-05-21,4,羽毛球馆-13号,10:00-11:00,1,1,已售/已满,教学时间,晴,17,12,5,0.0,86,29
2026-05-21 07:59:26,2026-05-21,4,羽毛球馆-13号,10:00-11:00,1,1,已售/已满,教学时间,晴,17,12,5,0.0,86,29
2026-05-21 00:30:49,2026-05-21,4,羽毛球馆-13号,11:00-12:00,1,1,已售/已满,教学时间,多云,15,13,3,0.0,100,26
2026-05-21 01:00:55,2026-05-21,4,羽毛球馆-13号,11:00-12:00,1,1,已售/已满,教学时间,多云,15,12,4,0.0,100,26
2026-05-21 01:30:47,2026-05-21,4,羽毛球馆-13号,11:00-12:00,1,1,已售/已满,教学时间,多云,15,13,4,0.0,100,28
2026-05-21 02:00:53,2026-05-21,4,羽毛球馆-13号,11:00-12:00,1,1,已售/已满,教学时间,多云,15,12,4,0.0,100,28
2026-05-21 02:30:49,2026-05-21,4,羽毛球馆-13号,11:00-12:00,1,1,已售/已满,教学时间,多云,15,14,3,0.0,100,29
2026-05-21 03:00:55,2026-05-21,4,羽毛球馆-13号,11:00-12:00,1,1,已售/已满,教学时间,多云,15,12,4,0.0,100,29
2026-05-21 03:30:49,2026-05-21,4,羽毛球馆-13号,11:00-12:00,1,1,已售/已满,教学时间,多云,15,14,3,0.0,100,30
2026-05-21 04:30:45,2026-05-21,4,羽毛球馆-13号,11:00-12:00,1,1,已售/已满,教学时间,多云,15,12,4,0.0,100,29
2026-05-21 05:00:52,2026-05-21,4,羽毛球馆-13号,11:00-12:00,1,1,已售/已满,教学时间,多云,15,12,4,0.0,100,29
2026-05-21 05:30:49,2026-05-21,4,羽毛球馆-13号,11:00-12:00,1,1,已售/已满,教学时间,多云,15,13,3,0.0,100,28
2026-05-21 06:00:50,2026-05-21,4,羽毛球馆-13号,11:00-12:00,1,1,已售/已满,教学时间,多云,15,13,4,0.0,99,28
2026-05-21 06:30:38,2026-05-21,4,羽毛球馆-13号,11:00-12:00,1,1,已售/已满,教学时间,多云,15,13,3,0.0,97,28
2026-05-21 07:00:43,2026-05-21,4,羽毛球馆-13号,11:00-12:00,1,1,已售/已满,教学时间,晴,15,11,5,0.0,93,28
2026-05-21 07:30:39,2026-05-21,4,羽毛球馆-13号,11:00-12:00,1,1,已售/已满,教学时间,晴,17,13,4,0.0,89,29
2026-05-21 07:50:40,2026-05-21,4,羽毛球馆-13号,11:00-12:00,1,1,已售/已满,教学时间,晴,17,13,4,0.0,88,29
2026-05-21 07:53:31,2026-05-21,4,羽毛球馆-13号,11:00-12:00,1,1,已售/已满,教学时间,晴,17,12,5,0.0,86,29
2026-05-21 07:56:31,2026-05-21,4,羽毛球馆-13号,11:00-12:00,1,1,已售/已满,教学时间,晴,17,12,5,0.0,86,29
2026-05-21 07:59:26,2026-05-21,4,羽毛球馆-13号,11:00-12:00,1,1,已售/已满,教学时间,晴,17,12,5,0.0,86,29
2026-05-21 00:30:49,2026-05-21,4,羽毛球馆-13号,12:00-12:55,1,1,已售/已满,已售,多云,15,13,3,0.0,100,26
2026-05-21 01:00:55,2026-05-21,4,羽毛球馆-13号,12:00-12:55,1,1,已售/已满,已售,多云,15,12,4,0.0,100,26
2026-05-21 01:30:47,2026-05-21,4,羽毛球馆-13号,12:00-12:55,1,1,已售/已满,已售,多云,15,13,4,0.0,100,28
2026-05-21 02:00:53,2026-05-21,4,羽毛球馆-13号,12:00-12:55,1,1,已售/已满,已售,多云,15,12,4,0.0,100,28
2026-05-21 02:30:49,2026-05-21,4,羽毛球馆-13号,12:00-12:55,1,1,已售/已满,已售,多云,15,14,3,0.0,100,29
2026-05-21 03:00:55,2026-05-21,4,羽毛球馆-13号,12:00-12:55,1,1,已售/已满,已售,多云,15,12,4,0.0,100,29
2026-05-21 03:30:49,2026-05-21,4,羽毛球馆-13号,12:00-12:55,1,1,已售/已满,已售,多云,15,14,3,0.0,100,30
2026-05-21 04:30:45,2026-05-21,4,羽毛球馆-13号,12:00-12:55,1,1,已售/已满,已售,多云,15,12,4,0.0,100,29
2026-05-21 05:00:52,2026-05-21,4,羽毛球馆-13号,12:00-12:55,1,1,已售/已满,已售,多云,15,12,4,0.0,100,29
2026-05-21 05:30:49,2026-05-21,4,羽毛球馆-13号,12:00-12:55,1,1,已售/已满,已售,多云,15,13,3,0.0,100,28
2026-05-21 06:00:50,2026-05-21,4,羽毛球馆-13号,12:00-12:55,1,1,已售/已满,已售,多云,15,13,4,0.0,99,28
2026-05-21 06:30:38,2026-05-21,4,羽毛球馆-13号,12:00-12:55,1,1,已售/已满,已售,多云,15,13,3,0.0,97,28
2026-05-21 07:00:43,2026-05-21,4,羽毛球馆-13号,12:00-12:55,1,1,已售/已满,已售,晴,15,11,5,0.0,93,28
2026-05-21 07:30:39,2026-05-21,4,羽毛球馆-13号,12:00-12:55,1,1,已售/已满,已售,晴,17,13,4,0.0,89,29
2026-05-21 07:50:40,2026-05-21,4,羽毛球馆-13号,12:00-12:55,1,1,已售/已满,已售,晴,17,13,4,0.0,88,29
2026-05-21 07:53:31,2026-05-21,4,羽毛球馆-13号,12:00-12:55,1,1,已售/已满,已售,晴,17,12,5,0.0,86,29
2026-05-21 07:56:31,2026-05-21,4,羽毛球馆-13号,12:00-12:55,1,1,已售/已满,已售,晴,17,12,5,0.0,86,29
2026-05-21 07:59:26,2026-05-21,4,羽毛球馆-13号,12:00-12:55,1,1,已售/已满,已售,晴,17,12,5,0.0,86,29
2026-05-21 00:30:49,2026-05-21,4,羽毛球馆-13号,12:55-13:50,1,1,已售/已满,已售,多云,15,13,3,0.0,100,26
2026-05-21 01:00:55,2026-05-21,4,羽毛球馆-13号,12:55-13:50,1,1,已售/已满,已售,多云,15,12,4,0.0,100,26
2026-05-21 01:30:47,2026-05-21,4,羽毛球馆-13号,12:55-13:50,1,1,已售/已满,已售,多云,15,13,4,0.0,100,28
2026-05-21 02:00:53,2026-05-21,4,羽毛球馆-13号,12:55-13:50,1,1,已售/已满,已售,多云,15,12,4,0.0,100,28
2026-05-21 02:30:49,2026-05-21,4,羽毛球馆-13号,12:55-13:50,1,1,已售/已满,已售,多云,15,14,3,0.0,100,29
2026-05-21 03:00:55,2026-05-21,4,羽毛球馆-13号,12:55-13:50,1,1,已售/已满,已售,多云,15,12,4,0.0,100,29
2026-05-21 03:30:49,2026-05-21,4,羽毛球馆-13号,12:55-13:50,1,1,已售/已满,已售,多云,15,14,3,0.0,100,30
2026-05-21 04:30:45,2026-05-21,4,羽毛球馆-13号,12:55-13:50,1,1,已售/已满,已售,多云,15,12,4,0.0,100,29
2026-05-21 05:00:52,2026-05-21,4,羽毛球馆-13号,12:55-13:50,1,1,已售/已满,已售,多云,15,12,4,0.0,100,29
2026-05-21 05:30:49,2026-05-21,4,羽毛球馆-13号,12:55-13:50,1,1,已售/已满,已售,多云,15,13,3,0.0,100,28
2026-05-21 06:00:50,2026-05-21,4,羽毛球馆-13号,12:55-13:50,1,1,已售/已满,已售,多云,15,13,4,0.0,99,28
2026-05-21 06:30:38,2026-05-21,4,羽毛球馆-13号,12:55-13:50,1,1,已售/已满,已售,多云,15,13,3,0.0,97,28
2026-05-21 07:00:43,2026-05-21,4,羽毛球馆-13号,12:55-13:50,1,1,已售/已满,已售,晴,15,11,5,0.0,93,28
2026-05-21 07:30:39,2026-05-21,4,羽毛球馆-13号,12:55-13:50,1,1,已售/已满,已售,晴,17,13,4,0.0,89,29
2026-05-21 07:50:40,2026-05-21,4,羽毛球馆-13号,12:55-13:50,1,1,已售/已满,已售,晴,17,13,4,0.0,88,29
2026-05-21 07:53:31,2026-05-21,4,羽毛球馆-13号,12:55-13:50,1,1,已售/已满,已售,晴,17,12,5,0.0,86,29
2026-05-21 07:56:31,2026-05-21,4,羽毛球馆-13号,12:55-13:50,1,1,已售/已满,已售,晴,17,12,5,0.0,86,29
2026-05-21 07:59:26,2026-05-21,4,羽毛球馆-13号,12:55-13:50,1,1,已售/已满,已售,晴,17,12,5,0.0,86,29
2026-05-21 00:30:49,2026-05-21,4,羽毛球馆-13号,14:00-15:00,1,1,已售/已满,已售,多云,15,13,3,0.0,100,26
2026-05-21 01:00:55,2026-05-21,4,羽毛球馆-13号,14:00-15:00,1,1,已售/已满,已售,多云,15,12,4,0.0,100,26
2026-05-21 01:30:47,2026-05-21,4,羽毛球馆-13号,14:00-15:00,1,1,已售/已满,已售,多云,15,13,4,0.0,100,28
2026-05-21 02:00:53,2026-05-21,4,羽毛球馆-13号,14:00-15:00,1,1,已售/已满,已售,多云,15,12,4,0.0,100,28
2026-05-21 02:30:49,2026-05-21,4,羽毛球馆-13号,14:00-15:00,1,1,已售/已满,已售,多云,15,14,3,0.0,100,29
2026-05-21 03:00:55,2026-05-21,4,羽毛球馆-13号,14:00-15:00,1,1,已售/已满,已售,多云,15,12,4,0.0,100,29
2026-05-21 03:30:49,2026-05-21,4,羽毛球馆-13号,14:00-15:00,1,1,已售/已满,已售,多云,15,14,3,0.0,100,30
2026-05-21 04:30:45,2026-05-21,4,羽毛球馆-13号,14:00-15:00,1,1,已售/已满,已售,多云,15,12,4,0.0,100,29
2026-05-21 05:00:52,2026-05-21,4,羽毛球馆-13号,14:00-15:00,1,1,已售/已满,已售,多云,15,12,4,0.0,100,29
2026-05-21 05:30:49,2026-05-21,4,羽毛球馆-13号,14:00-15:00,1,1,已售/已满,已售,多云,15,13,3,0.0,100,28
2026-05-21 06:00:50,2026-05-21,4,羽毛球馆-13号,14:00-15:00,1,1,已售/已满,已售,多云,15,13,4,0.0,99,28
2026-05-21 06:30:38,2026-05-21,4,羽毛球馆-13号,14:00-15:00,1,1,已售/已满,已售,多云,15,13,3,0.0,97,28
2026-05-21 07:00:43,2026-05-21,4,羽毛球馆-13号,14:00-15:00,1,1,已售/已满,已售,晴,15,11,5,0.0,93,28
2026-05-21 07:30:39,2026-05-21,4,羽毛球馆-13号,14:00-15:00,1,1,已售/已满,已售,晴,17,13,4,0.0,89,29
2026-05-21 07:50:40,2026-05-21,4,羽毛球馆-13号,14:00-15:00,1,1,已售/已满,已售,晴,17,13,4,0.0,88,29
2026-05-21 07:53:31,2026-05-21,4,羽毛球馆-13号,14:00-15:00,1,1,已售/已满,已售,晴,17,12,5,0.0,86,29
2026-05-21 07:56:31,2026-05-21,4,羽毛球馆-13号,14:00-15:00,1,1,已售/已满,已售,晴,17,12,5,0.0,86,29
2026-05-21 07:59:26,2026-05-21,4,羽毛球馆-13号,14:00-15:00,1,1,已售/已满,已售,晴,17,12,5,0.0,86,29
2026-05-21 00:30:49,2026-05-21,4,羽毛球馆-13号,15:00-16:00,1,1,已售/已满,已售,多云,15,13,3,0.0,100,26
2026-05-21 01:00:55,2026-05-21,4,羽毛球馆-13号,15:00-16:00,1,1,已售/已满,已售,多云,15,12,4,0.0,100,26
2026-05-21 01:30:47,2026-05-21,4,羽毛球馆-13号,15:00-16:00,1,1,已售/已满,已售,多云,15,13,4,0.0,100,28
2026-05-21 02:00:53,2026-05-21,4,羽毛球馆-13号,15:00-16:00,1,1,已售/已满,已售,多云,15,12,4,0.0,100,28
2026-05-21 02:30:49,2026-05-21,4,羽毛球馆-13号,15:00-16:00,1,1,已售/已满,已售,多云,15,14,3,0.0,100,29
2026-05-21 03:00:55,2026-05-21,4,羽毛球馆-13号,15:00-16:00,1,1,已售/已满,已售,多云,15,12,4,0.0,100,29
2026-05-21 03:30:49,2026-05-21,4,羽毛球馆-13号,15:00-16:00,1,1,已售/已满,已售,多云,15,14,3,0.0,100,30
2026-05-21 04:30:45,2026-05-21,4,羽毛球馆-13号,15:00-16:00,1,1,已售/已满,已售,多云,15,12,4,0.0,100,29
2026-05-21 05:00:52,2026-05-21,4,羽毛球馆-13号,15:00-16:00,1,1,已售/已满,已售,多云,15,12,4,0.0,100,29
2026-05-21 05:30:49,2026-05-21,4,羽毛球馆-13号,15:00-16:00,1,1,已售/已满,已售,多云,15,13,3,0.0,100,28
2026-05-21 06:00:50,2026-05-21,4,羽毛球馆-13号,15:00-16:00,1,1,已售/已满,已售,多云,15,13,4,0.0,99,28
2026-05-21 06:30:38,2026-05-21,4,羽毛球馆-13号,15:00-16:00,1,1,已售/已满,已售,多云,15,13,3,0.0,97,28
2026-05-21 07:00:43,2026-05-21,4,羽毛球馆-13号,15:00-16:00,1,1,已售/已满,已售,晴,15,11,5,0.0,93,28
2026-05-21 07:30:39,2026-05-21,4,羽毛球馆-13号,15:00-16:00,1,1,已售/已满,已售,晴,17,13,4,0.0,89,29
2026-05-21 07:50:40,2026-05-21,4,羽毛球馆-13号,15:00-16:00,1,1,已售/已满,已售,晴,17,13,4,0.0,88,29
2026-05-21 07:53:31,2026-05-21,4,羽毛球馆-13号,15:00-16:00,1,1,已售/已满,已售,晴,17,12,5,0.0,86,29
2026-05-21 07:56:31,2026-05-21,4,羽毛球馆-13号,15:00-16:00,1,1,已售/已满,已售,晴,17,12,5,0.0,86,29
2026-05-21 07:59:26,2026-05-21,4,羽毛球馆-13号,15:00-16:00,1,1,已售/已满,已售,晴,17,12,5,0.0,86,29
2026-05-21 00:30:49,2026-05-21,4,羽毛球馆-13号,16:00-17:00,1,1,已售/已满,已售,多云,15,13,3,0.0,100,26
2026-05-21 01:00:55,2026-05-21,4,羽毛球馆-13号,16:00-17:00,1,1,已售/已满,已售,多云,15,12,4,0.0,100,26
2026-05-21 01:30:47,2026-05-21,4,羽毛球馆-13号,16:00-17:00,1,1,已售/已满,已售,多云,15,13,4,0.0,100,28
2026-05-21 02:00:53,2026-05-21,4,羽毛球馆-13号,16:00-17:00,1,1,已售/已满,已售,多云,15,12,4,0.0,100,28
2026-05-21 02:30:49,2026-05-21,4,羽毛球馆-13号,16:00-17:00,1,1,已售/已满,已售,多云,15,14,3,0.0,100,29
2026-05-21 03:00:55,2026-05-21,4,羽毛球馆-13号,16:00-17:00,1,1,已售/已满,已售,多云,15,12,4,0.0,100,29
2026-05-21 03:30:49,2026-05-21,4,羽毛球馆-13号,16:00-17:00,1,1,已售/已满,已售,多云,15,14,3,0.0,100,30
2026-05-21 04:30:45,2026-05-21,4,羽毛球馆-13号,16:00-17:00,1,1,已售/已满,已售,多云,15,12,4,0.0,100,29
2026-05-21 05:00:52,2026-05-21,4,羽毛球馆-13号,16:00-17:00,1,1,已售/已满,已售,多云,15,12,4,0.0,100,29
2026-05-21 05:30:49,2026-05-21,4,羽毛球馆-13号,16:00-17:00,1,1,已售/已满,已售,多云,15,13,3,0.0,100,28
2026-05-21 06:00:50,2026-05-21,4,羽毛球馆-13号,16:00-17:00,1,1,已售/已满,已售,多云,15,13,4,0.0,99,28
2026-05-21 06:30:38,2026-05-21,4,羽毛球馆-13号,16:00-17:00,1,1,已售/已满,已售,多云,15,13,3,0.0,97,28
2026-05-21 07:00:43,2026-05-21,4,羽毛球馆-13号,16:00-17:00,1,1,已售/已满,已售,晴,15,11,5,0.0,93,28
2026-05-21 07:30:39,2026-05-21,4,羽毛球馆-13号,16:00-17:00,0,1,可预约,￥12.0,晴,17,13,4,0.0,89,29
2026-05-21 07:50:40,2026-05-21,4,羽毛球馆-13号,16:00-17:00,0,1,可预约,￥12.0,晴,17,13,4,0.0,88,29
2026-05-21 07:53:31,2026-05-21,4,羽毛球馆-13号,16:00-17:00,0,1,可预约,￥12.0,晴,17,12,5,0.0,86,29
2026-05-21 07:56:31,2026-05-21,4,羽毛球馆-13号,16:00-17:00,0,1,可预约,￥12.0,晴,17,12,5,0.0,86,29
2026-05-21 07:59:26,2026-05-21,4,羽毛球馆-13号,16:00-17:00,0,1,可预约,￥12.0,晴,17,12,5,0.0,86,29
2026-05-21 00:30:49,2026-05-21,4,羽毛球馆-13号,17:00-18:00,1,1,已售/已满,已售,多云,15,13,3,0.0,100,26
2026-05-21 01:00:55,2026-05-21,4,羽毛球馆-13号,17:00-18:00,1,1,已售/已满,已售,多云,15,12,4,0.0,100,26
2026-05-21 01:30:47,2026-05-21,4,羽毛球馆-13号,17:00-18:00,1,1,已售/已满,已售,多云,15,13,4,0.0,100,28
2026-05-21 02:00:53,2026-05-21,4,羽毛球馆-13号,17:00-18:00,1,1,已售/已满,已售,多云,15,12,4,0.0,100,28
2026-05-21 02:30:49,2026-05-21,4,羽毛球馆-13号,17:00-18:00,1,1,已售/已满,已售,多云,15,14,3,0.0,100,29
2026-05-21 03:00:55,2026-05-21,4,羽毛球馆-13号,17:00-18:00,1,1,已售/已满,已售,多云,15,12,4,0.0,100,29
2026-05-21 03:30:49,2026-05-21,4,羽毛球馆-13号,17:00-18:00,1,1,已售/已满,已售,多云,15,14,3,0.0,100,30
2026-05-21 04:30:45,2026-05-21,4,羽毛球馆-13号,17:00-18:00,1,1,已售/已满,已售,多云,15,12,4,0.0,100,29
2026-05-21 05:00:52,2026-05-21,4,羽毛球馆-13号,17:00-18:00,1,1,已售/已满,已售,多云,15,12,4,0.0,100,29
2026-05-21 05:30:49,2026-05-21,4,羽毛球馆-13号,17:00-18:00,1,1,已售/已满,已售,多云,15,13,3,0.0,100,28
2026-05-21 06:00:50,2026-05-21,4,羽毛球馆-13号,17:00-18:00,1,1,已售/已满,已售,多云,15,13,4,0.0,99,28
2026-05-21 06:30:38,2026-05-21,4,羽毛球馆-13号,17:00-18:00,1,1,已售/已满,已售,多云,15,13,3,0.0,97,28
2026-05-21 07:00:43,2026-05-21,4,羽毛球馆-13号,17:00-18:00,1,1,已售/已满,已售,晴,15,11,5,0.0,93,28
2026-05-21 07:30:39,2026-05-21,4,羽毛球馆-13号,17:00-18:00,1,1,已售/已满,已售,晴,17,13,4,0.0,89,29
2026-05-21 07:50:40,2026-05-21,4,羽毛球馆-13号,17:00-18:00,1,1,已售/已满,已售,晴,17,13,4,0.0,88,29
2026-05-21 07:53:31,2026-05-21,4,羽毛球馆-13号,17:00-18:00,1,1,已售/已满,已售,晴,17,12,5,0.0,86,29
2026-05-21 07:56:31,2026-05-21,4,羽毛球馆-13号,17:00-18:00,1,1,已售/已满,已售,晴,17,12,5,0.0,86,29
2026-05-21 07:59:26,2026-05-21,4,羽毛球馆-13号,17:00-18:00,1,1,已售/已满,已售,晴,17,12,5,0.0,86,29
2026-05-21 00:30:49,2026-05-21,4,羽毛球馆-13号,18:30-19:30,1,1,已售/已满,教工羽毛球赛,多云,15,13,3,0.0,100,26
2026-05-21 01:00:55,2026-05-21,4,羽毛球馆-13号,18:30-19:30,1,1,已售/已满,教工羽毛球赛,多云,15,12,4,0.0,100,26
2026-05-21 01:30:47,2026-05-21,4,羽毛球馆-13号,18:30-19:30,1,1,已售/已满,教工羽毛球赛,多云,15,13,4,0.0,100,28
2026-05-21 02:00:53,2026-05-21,4,羽毛球馆-13号,18:30-19:30,1,1,已售/已满,教工羽毛球赛,多云,15,12,4,0.0,100,28
2026-05-21 02:30:49,2026-05-21,4,羽毛球馆-13号,18:30-19:30,1,1,已售/已满,教工羽毛球赛,多云,15,14,3,0.0,100,29
2026-05-21 03:00:55,2026-05-21,4,羽毛球馆-13号,18:30-19:30,1,1,已售/已满,教工羽毛球赛,多云,15,12,4,0.0,100,29
2026-05-21 03:30:49,2026-05-21,4,羽毛球馆-13号,18:30-19:30,1,1,已售/已满,教工羽毛球赛,多云,15,14,3,0.0,100,30
2026-05-21 04:30:45,2026-05-21,4,羽毛球馆-13号,18:30-19:30,1,1,已售/已满,教工羽毛球赛,多云,15,12,4,0.0,100,29
2026-05-21 05:00:52,2026-05-21,4,羽毛球馆-13号,18:30-19:30,1,1,已售/已满,教工羽毛球赛,多云,15,12,4,0.0,100,29
2026-05-21 05:30:49,2026-05-21,4,羽毛球馆-13号,18:30-19:30,1,1,已售/已满,教工羽毛球赛,多云,15,13,3,0.0,100,28
2026-05-21 06:00:50,2026-05-21,4,羽毛球馆-13号,18:30-19:30,1,1,已售/已满,教工羽毛球赛,多云,15,13,4,0.0,99,28
2026-05-21 06:30:38,2026-05-21,4,羽毛球馆-13号,18:30-19:30,1,1,已售/已满,教工羽毛球赛,多云,15,13,3,0.0,97,28
2026-05-21 07:00:43,2026-05-21,4,羽毛球馆-13号,18:30-19:30,1,1,已售/已满,教工羽毛球赛,晴,15,11,5,0.0,93,28
2026-05-21 07:30:39,2026-05-21,4,羽毛球馆-13号,18:30-19:30,1,1,已售/已满,教工羽毛球赛,晴,17,13,4,0.0,89,29
2026-05-21 07:50:40,2026-05-21,4,羽毛球馆-13号,18:30-19:30,1,1,已售/已满,教工羽毛球赛,晴,17,13,4,0.0,88,29
2026-05-21 07:53:31,2026-05-21,4,羽毛球馆-13号,18:30-19:30,1,1,已售/已满,教工羽毛球赛,晴,17,12,5,0.0,86,29
2026-05-21 07:56:31,2026-05-21,4,羽毛球馆-13号,18:30-19:30,1,1,已售/已满,教工羽毛球赛,晴,17,12,5,0.0,86,29
2026-05-21 07:59:26,2026-05-21,4,羽毛球馆-13号,18:30-19:30,1,1,已售/已满,教工羽毛球赛,晴,17,12,5,0.0,86,29
2026-05-21 00:30:49,2026-05-21,4,羽毛球馆-13号,19:30-20:30,1,1,已售/已满,教工羽毛球赛,多云,15,13,3,0.0,100,26
2026-05-21 01:00:55,2026-05-21,4,羽毛球馆-13号,19:30-20:30,1,1,已售/已满,教工羽毛球赛,多云,15,12,4,0.0,100,26
2026-05-21 01:30:47,2026-05-21,4,羽毛球馆-13号,19:30-20:30,1,1,已售/已满,教工羽毛球赛,多云,15,13,4,0.0,100,28
2026-05-21 02:00:53,2026-05-21,4,羽毛球馆-13号,19:30-20:30,1,1,已售/已满,教工羽毛球赛,多云,15,12,4,0.0,100,28
2026-05-21 02:30:49,2026-05-21,4,羽毛球馆-13号,19:30-20:30,1,1,已售/已满,教工羽毛球赛,多云,15,14,3,0.0,100,29
2026-05-21 03:00:55,2026-05-21,4,羽毛球馆-13号,19:30-20:30,1,1,已售/已满,教工羽毛球赛,多云,15,12,4,0.0,100,29
2026-05-21 03:30:49,2026-05-21,4,羽毛球馆-13号,19:30-20:30,1,1,已售/已满,教工羽毛球赛,多云,15,14,3,0.0,100,30
2026-05-21 04:30:45,2026-05-21,4,羽毛球馆-13号,19:30-20:30,1,1,已售/已满,教工羽毛球赛,多云,15,12,4,0.0,100,29
2026-05-21 05:00:52,2026-05-21,4,羽毛球馆-13号,19:30-20:30,1,1,已售/已满,教工羽毛球赛,多云,15,12,4,0.0,100,29
2026-05-21 05:30:49,2026-05-21,4,羽毛球馆-13号,19:30-20:30,1,1,已售/已满,教工羽毛球赛,多云,15,13,3,0.0,100,28
2026-05-21 06:00:50,2026-05-21,4,羽毛球馆-13号,19:30-20:30,1,1,已售/已满,教工羽毛球赛,多云,15,13,4,0.0,99,28
2026-05-21 06:30:38,2026-05-21,4,羽毛球馆-13号,19:30-20:30,1,1,已售/已满,教工羽毛球赛,多云,15,13,3,0.0,97,28
2026-05-21 07:00:43,2026-05-21,4,羽毛球馆-13号,19:30-20:30,1,1,已售/已满,教工羽毛球赛,晴,15,11,5,0.0,93,28
2026-05-21 07:30:39,2026-05-21,4,羽毛球馆-13号,19:30-20:30,1,1,已售/已满,教工羽毛球赛,晴,17,13,4,0.0,89,29
2026-05-21 07:50:40,2026-05-21,4,羽毛球馆-13号,19:30-20:30,1,1,已售/已满,教工羽毛球赛,晴,17,13,4,0.0,88,29
2026-05-21 07:53:31,2026-05-21,4,羽毛球馆-13号,19:30-20:30,1,1,已售/已满,教工羽毛球赛,晴,17,12,5,0.0,86,29
2026-05-21 07:56:31,2026-05-21,4,羽毛球馆-13号,19:30-20:30,1,1,已售/已满,教工羽毛球赛,晴,17,12,5,0.0,86,29
2026-05-21 07:59:26,2026-05-21,4,羽毛球馆-13号,19:30-20:30,1,1,已售/已满,教工羽毛球赛,晴,17,12,5,0.0,86,29
2026-05-21 00:30:49,2026-05-21,4,羽毛球馆-13号,20:30-21:30,1,1,已售/已满,教工羽毛球赛,多云,15,13,3,0.0,100,26
2026-05-21 01:00:55,2026-05-21,4,羽毛球馆-13号,20:30-21:30,1,1,已售/已满,教工羽毛球赛,多云,15,12,4,0.0,100,26
2026-05-21 01:30:47,2026-05-21,4,羽毛球馆-13号,20:30-21:30,1,1,已售/已满,教工羽毛球赛,多云,15,13,4,0.0,100,28
2026-05-21 02:00:53,2026-05-21,4,羽毛球馆-13号,20:30-21:30,1,1,已售/已满,教工羽毛球赛,多云,15,12,4,0.0,100,28
2026-05-21 02:30:49,2026-05-21,4,羽毛球馆-13号,20:30-21:30,1,1,已售/已满,教工羽毛球赛,多云,15,14,3,0.0,100,29
2026-05-21 03:00:55,2026-05-21,4,羽毛球馆-13号,20:30-21:30,1,1,已售/已满,教工羽毛球赛,多云,15,12,4,0.0,100,29
2026-05-21 03:30:49,2026-05-21,4,羽毛球馆-13号,20:30-21:30,1,1,已售/已满,教工羽毛球赛,多云,15,14,3,0.0,100,30
2026-05-21 04:30:45,2026-05-21,4,羽毛球馆-13号,20:30-21:30,1,1,已售/已满,教工羽毛球赛,多云,15,12,4,0.0,100,29
2026-05-21 05:00:52,2026-05-21,4,羽毛球馆-13号,20:30-21:30,1,1,已售/已满,教工羽毛球赛,多云,15,12,4,0.0,100,29
2026-05-21 05:30:49,2026-05-21,4,羽毛球馆-13号,20:30-21:30,1,1,已售/已满,教工羽毛球赛,多云,15,13,3,0.0,100,28
2026-05-21 06:00:50,2026-05-21,4,羽毛球馆-13号,20:30-21:30,1,1,已售/已满,教工羽毛球赛,多云,15,13,4,0.0,99,28
2026-05-21 06:30:38,2026-05-21,4,羽毛球馆-13号,20:30-21:30,1,1,已售/已满,教工羽毛球赛,多云,15,13,3,0.0,97,28
2026-05-21 07:00:43,2026-05-21,4,羽毛球馆-13号,20:30-21:30,1,1,已售/已满,教工羽毛球赛,晴,15,11,5,0.0,93,28
2026-05-21 07:30:39,2026-05-21,4,羽毛球馆-13号,20:30-21:30,1,1,已售/已满,教工羽毛球赛,晴,17,13,4,0.0,89,29
2026-05-21 07:50:40,2026-05-21,4,羽毛球馆-13号,20:30-21:30,1,1,已售/已满,教工羽毛球赛,晴,17,13,4,0.0,88,29
2026-05-21 07:53:31,2026-05-21,4,羽毛球馆-13号,20:30-21:30,1,1,已售/已满,教工羽毛球赛,晴,17,12,5,0.0,86,29
2026-05-21 07:56:31,2026-05-21,4,羽毛球馆-13号,20:30-21:30,1,1,已售/已满,教工羽毛球赛,晴,17,12,5,0.0,86,29
2026-05-21 07:59:26,2026-05-21,4,羽毛球馆-13号,20:30-21:30,1,1,已售/已满,教工羽毛球赛,晴,17,12,5,0.0,86,29
2026-05-21 00:30:49,2026-05-21,4,羽毛球馆-14号,07:00-08:00,0,1,可预约,￥0.0,多云,15,13,3,0.0,100,26
2026-05-21 01:00:55,2026-05-21,4,羽毛球馆-14号,07:00-08:00,0,1,可预约,￥0.0,多云,15,12,4,0.0,100,26
2026-05-21 01:30:47,2026-05-21,4,羽毛球馆-14号,07:00-08:00,0,1,可预约,￥0.0,多云,15,13,4,0.0,100,28
2026-05-21 02:00:53,2026-05-21,4,羽毛球馆-14号,07:00-08:00,0,1,可预约,￥0.0,多云,15,12,4,0.0,100,28
2026-05-21 02:30:49,2026-05-21,4,羽毛球馆-14号,07:00-08:00,0,1,可预约,￥0.0,多云,15,14,3,0.0,100,29
2026-05-21 03:00:55,2026-05-21,4,羽毛球馆-14号,07:00-08:00,0,1,可预约,￥0.0,多云,15,12,4,0.0,100,29
2026-05-21 03:30:49,2026-05-21,4,羽毛球馆-14号,07:00-08:00,0,1,可预约,￥0.0,多云,15,14,3,0.0,100,30
2026-05-21 04:30:45,2026-05-21,4,羽毛球馆-14号,07:00-08:00,0,1,可预约,￥0.0,多云,15,12,4,0.0,100,29
2026-05-21 05:00:52,2026-05-21,4,羽毛球馆-14号,07:00-08:00,0,1,可预约,￥0.0,多云,15,12,4,0.0,100,29
2026-05-21 05:30:49,2026-05-21,4,羽毛球馆-14号,07:00-08:00,0,1,可预约,￥0.0,多云,15,13,3,0.0,100,28
2026-05-21 06:00:50,2026-05-21,4,羽毛球馆-14号,07:00-08:00,0,1,可预约,￥0.0,多云,15,13,4,0.0,99,28
2026-05-21 06:30:38,2026-05-21,4,羽毛球馆-14号,07:00-08:00,0,1,可预约,￥0.0,多云,15,13,3,0.0,97,28
2026-05-21 07:00:43,2026-05-21,4,羽毛球馆-14号,07:00-08:00,0,1,可预约,￥0.0,晴,15,11,5,0.0,93,28
2026-05-21 07:30:39,2026-05-21,4,羽毛球馆-14号,07:00-08:00,0,1,可预约,￥0.0,晴,17,13,4,0.0,89,29
2026-05-21 07:50:40,2026-05-21,4,羽毛球馆-14号,07:00-08:00,0,1,可预约,￥0.0,晴,17,13,4,0.0,88,29
2026-05-21 07:53:31,2026-05-21,4,羽毛球馆-14号,07:00-08:00,0,1,可预约,￥0.0,晴,17,12,5,0.0,86,29
2026-05-21 07:56:31,2026-05-21,4,羽毛球馆-14号,07:00-08:00,0,1,可预约,￥0.0,晴,17,12,5,0.0,86,29
2026-05-21 07:59:26,2026-05-21,4,羽毛球馆-14号,07:00-08:00,0,1,可预约,￥0.0,晴,17,12,5,0.0,86,29
2026-05-21 00:30:49,2026-05-21,4,羽毛球馆-14号,08:00-09:00,0,1,可预约,￥0.0,多云,15,13,3,0.0,100,26
2026-05-21 01:00:55,2026-05-21,4,羽毛球馆-14号,08:00-09:00,0,1,可预约,￥0.0,多云,15,12,4,0.0,100,26
2026-05-21 01:30:47,2026-05-21,4,羽毛球馆-14号,08:00-09:00,0,1,可预约,￥0.0,多云,15,13,4,0.0,100,28
2026-05-21 02:00:53,2026-05-21,4,羽毛球馆-14号,08:00-09:00,0,1,可预约,￥0.0,多云,15,12,4,0.0,100,28
2026-05-21 02:30:49,2026-05-21,4,羽毛球馆-14号,08:00-09:00,0,1,可预约,￥0.0,多云,15,14,3,0.0,100,29
2026-05-21 03:00:55,2026-05-21,4,羽毛球馆-14号,08:00-09:00,0,1,可预约,￥0.0,多云,15,12,4,0.0,100,29
2026-05-21 03:30:49,2026-05-21,4,羽毛球馆-14号,08:00-09:00,0,1,可预约,￥0.0,多云,15,14,3,0.0,100,30
2026-05-21 04:30:45,2026-05-21,4,羽毛球馆-14号,08:00-09:00,0,1,可预约,￥0.0,多云,15,12,4,0.0,100,29
2026-05-21 05:00:52,2026-05-21,4,羽毛球馆-14号,08:00-09:00,0,1,可预约,￥0.0,多云,15,12,4,0.0,100,29
2026-05-21 05:30:49,2026-05-21,4,羽毛球馆-14号,08:00-09:00,0,1,可预约,￥0.0,多云,15,13,3,0.0,100,28
2026-05-21 06:00:50,2026-05-21,4,羽毛球馆-14号,08:00-09:00,0,1,可预约,￥0.0,多云,15,13,4,0.0,99,28
2026-05-21 06:30:38,2026-05-21,4,羽毛球馆-14号,08:00-09:00,0,1,可预约,￥0.0,多云,15,13,3,0.0,97,28
2026-05-21 07:00:43,2026-05-21,4,羽毛球馆-14号,08:00-09:00,0,1,可预约,￥0.0,晴,15,11,5,0.0,93,28
2026-05-21 07:30:39,2026-05-21,4,羽毛球馆-14号,08:00-09:00,0,1,可预约,￥0.0,晴,17,13,4,0.0,89,29
2026-05-21 07:50:40,2026-05-21,4,羽毛球馆-14号,08:00-09:00,0,1,可预约,￥0.0,晴,17,13,4,0.0,88,29
2026-05-21 07:53:31,2026-05-21,4,羽毛球馆-14号,08:00-09:00,0,1,可预约,￥0.0,晴,17,12,5,0.0,86,29
2026-05-21 07:56:31,2026-05-21,4,羽毛球馆-14号,08:00-09:00,0,1,可预约,￥0.0,晴,17,12,5,0.0,86,29
2026-05-21 07:59:26,2026-05-21,4,羽毛球馆-14号,08:00-09:00,0,1,可预约,￥0.0,晴,17,12,5,0.0,86,29
2026-05-21 00:30:49,2026-05-21,4,羽毛球馆-14号,09:00-10:00,0,1,可预约,￥12.0,多云,15,13,3,0.0,100,26
2026-05-21 01:00:55,2026-05-21,4,羽毛球馆-14号,09:00-10:00,0,1,可预约,￥12.0,多云,15,12,4,0.0,100,26
2026-05-21 01:30:47,2026-05-21,4,羽毛球馆-14号,09:00-10:00,0,1,可预约,￥12.0,多云,15,13,4,0.0,100,28
2026-05-21 02:00:53,2026-05-21,4,羽毛球馆-14号,09:00-10:00,0,1,可预约,￥12.0,多云,15,12,4,0.0,100,28
2026-05-21 02:30:49,2026-05-21,4,羽毛球馆-14号,09:00-10:00,0,1,可预约,￥12.0,多云,15,14,3,0.0,100,29
2026-05-21 03:00:55,2026-05-21,4,羽毛球馆-14号,09:00-10:00,0,1,可预约,￥12.0,多云,15,12,4,0.0,100,29
2026-05-21 03:30:49,2026-05-21,4,羽毛球馆-14号,09:00-10:00,0,1,可预约,￥12.0,多云,15,14,3,0.0,100,30
2026-05-21 04:30:45,2026-05-21,4,羽毛球馆-14号,09:00-10:00,0,1,可预约,￥12.0,多云,15,12,4,0.0,100,29
2026-05-21 05:00:52,2026-05-21,4,羽毛球馆-14号,09:00-10:00,0,1,可预约,￥12.0,多云,15,12,4,0.0,100,29
2026-05-21 05:30:49,2026-05-21,4,羽毛球馆-14号,09:00-10:00,0,1,可预约,￥12.0,多云,15,13,3,0.0,100,28
2026-05-21 06:00:50,2026-05-21,4,羽毛球馆-14号,09:00-10:00,0,1,可预约,￥12.0,多云,15,13,4,0.0,99,28
2026-05-21 06:30:38,2026-05-21,4,羽毛球馆-14号,09:00-10:00,0,1,可预约,￥12.0,多云,15,13,3,0.0,97,28
2026-05-21 07:00:43,2026-05-21,4,羽毛球馆-14号,09:00-10:00,0,1,可预约,￥12.0,晴,15,11,5,0.0,93,28
2026-05-21 07:30:39,2026-05-21,4,羽毛球馆-14号,09:00-10:00,0,1,可预约,￥12.0,晴,17,13,4,0.0,89,29
2026-05-21 07:50:40,2026-05-21,4,羽毛球馆-14号,09:00-10:00,0,1,可预约,￥12.0,晴,17,13,4,0.0,88,29
2026-05-21 07:53:31,2026-05-21,4,羽毛球馆-14号,09:00-10:00,0,1,可预约,￥12.0,晴,17,12,5,0.0,86,29
2026-05-21 07:56:31,2026-05-21,4,羽毛球馆-14号,09:00-10:00,0,1,可预约,￥12.0,晴,17,12,5,0.0,86,29
2026-05-21 07:59:26,2026-05-21,4,羽毛球馆-14号,09:00-10:00,0,1,可预约,￥12.0,晴,17,12,5,0.0,86,29
2026-05-21 00:30:49,2026-05-21,4,羽毛球馆-14号,10:00-11:00,1,1,已售/已满,教学时间,多云,15,13,3,0.0,100,26
2026-05-21 01:00:55,2026-05-21,4,羽毛球馆-14号,10:00-11:00,1,1,已售/已满,教学时间,多云,15,12,4,0.0,100,26
2026-05-21 01:30:47,2026-05-21,4,羽毛球馆-14号,10:00-11:00,1,1,已售/已满,教学时间,多云,15,13,4,0.0,100,28
2026-05-21 02:00:53,2026-05-21,4,羽毛球馆-14号,10:00-11:00,1,1,已售/已满,教学时间,多云,15,12,4,0.0,100,28
2026-05-21 02:30:49,2026-05-21,4,羽毛球馆-14号,10:00-11:00,1,1,已售/已满,教学时间,多云,15,14,3,0.0,100,29
2026-05-21 03:00:55,2026-05-21,4,羽毛球馆-14号,10:00-11:00,1,1,已售/已满,教学时间,多云,15,12,4,0.0,100,29
2026-05-21 03:30:49,2026-05-21,4,羽毛球馆-14号,10:00-11:00,1,1,已售/已满,教学时间,多云,15,14,3,0.0,100,30
2026-05-21 04:30:45,2026-05-21,4,羽毛球馆-14号,10:00-11:00,1,1,已售/已满,教学时间,多云,15,12,4,0.0,100,29
2026-05-21 05:00:52,2026-05-21,4,羽毛球馆-14号,10:00-11:00,1,1,已售/已满,教学时间,多云,15,12,4,0.0,100,29
2026-05-21 05:30:49,2026-05-21,4,羽毛球馆-14号,10:00-11:00,1,1,已售/已满,教学时间,多云,15,13,3,0.0,100,28
2026-05-21 06:00:50,2026-05-21,4,羽毛球馆-14号,10:00-11:00,1,1,已售/已满,教学时间,多云,15,13,4,0.0,99,28
2026-05-21 06:30:38,2026-05-21,4,羽毛球馆-14号,10:00-11:00,1,1,已售/已满,教学时间,多云,15,13,3,0.0,97,28
2026-05-21 07:00:43,2026-05-21,4,羽毛球馆-14号,10:00-11:00,1,1,已售/已满,教学时间,晴,15,11,5,0.0,93,28
2026-05-21 07:30:39,2026-05-21,4,羽毛球馆-14号,10:00-11:00,1,1,已售/已满,教学时间,晴,17,13,4,0.0,89,29
2026-05-21 07:50:40,2026-05-21,4,羽毛球馆-14号,10:00-11:00,1,1,已售/已满,教学时间,晴,17,13,4,0.0,88,29
2026-05-21 07:53:31,2026-05-21,4,羽毛球馆-14号,10:00-11:00,1,1,已售/已满,教学时间,晴,17,12,5,0.0,86,29
2026-05-21 07:56:31,2026-05-21,4,羽毛球馆-14号,10:00-11:00,1,1,已售/已满,教学时间,晴,17,12,5,0.0,86,29
2026-05-21 07:59:26,2026-05-21,4,羽毛球馆-14号,10:00-11:00,1,1,已售/已满,教学时间,晴,17,12,5,0.0,86,29
2026-05-21 00:30:49,2026-05-21,4,羽毛球馆-14号,11:00-12:00,1,1,已售/已满,教学时间,多云,15,13,3,0.0,100,26
2026-05-21 01:00:55,2026-05-21,4,羽毛球馆-14号,11:00-12:00,1,1,已售/已满,教学时间,多云,15,12,4,0.0,100,26
2026-05-21 01:30:47,2026-05-21,4,羽毛球馆-14号,11:00-12:00,1,1,已售/已满,教学时间,多云,15,13,4,0.0,100,28
2026-05-21 02:00:53,2026-05-21,4,羽毛球馆-14号,11:00-12:00,1,1,已售/已满,教学时间,多云,15,12,4,0.0,100,28
2026-05-21 02:30:49,2026-05-21,4,羽毛球馆-14号,11:00-12:00,1,1,已售/已满,教学时间,多云,15,14,3,0.0,100,29
2026-05-21 03:00:55,2026-05-21,4,羽毛球馆-14号,11:00-12:00,1,1,已售/已满,教学时间,多云,15,12,4,0.0,100,29
2026-05-21 03:30:49,2026-05-21,4,羽毛球馆-14号,11:00-12:00,1,1,已售/已满,教学时间,多云,15,14,3,0.0,100,30
2026-05-21 04:30:45,2026-05-21,4,羽毛球馆-14号,11:00-12:00,1,1,已售/已满,教学时间,多云,15,12,4,0.0,100,29
2026-05-21 05:00:52,2026-05-21,4,羽毛球馆-14号,11:00-12:00,1,1,已售/已满,教学时间,多云,15,12,4,0.0,100,29
2026-05-21 05:30:49,2026-05-21,4,羽毛球馆-14号,11:00-12:00,1,1,已售/已满,教学时间,多云,15,13,3,0.0,100,28
2026-05-21 06:00:50,2026-05-21,4,羽毛球馆-14号,11:00-12:00,1,1,已售/已满,教学时间,多云,15,13,4,0.0,99,28
2026-05-21 06:30:38,2026-05-21,4,羽毛球馆-14号,11:00-12:00,1,1,已售/已满,教学时间,多云,15,13,3,0.0,97,28
2026-05-21 07:00:43,2026-05-21,4,羽毛球馆-14号,11:00-12:00,1,1,已售/已满,教学时间,晴,15,11,5,0.0,93,28
2026-05-21 07:30:39,2026-05-21,4,羽毛球馆-14号,11:00-12:00,1,1,已售/已满,教学时间,晴,17,13,4,0.0,89,29
2026-05-21 07:50:40,2026-05-21,4,羽毛球馆-14号,11:00-12:00,1,1,已售/已满,教学时间,晴,17,13,4,0.0,88,29
2026-05-21 07:53:31,2026-05-21,4,羽毛球馆-14号,11:00-12:00,1,1,已售/已满,教学时间,晴,17,12,5,0.0,86,29
2026-05-21 07:56:31,2026-05-21,4,羽毛球馆-14号,11:00-12:00,1,1,已售/已满,教学时间,晴,17,12,5,0.0,86,29
2026-05-21 07:59:26,2026-05-21,4,羽毛球馆-14号,11:00-12:00,1,1,已售/已满,教学时间,晴,17,12,5,0.0,86,29
2026-05-21 00:30:49,2026-05-21,4,羽毛球馆-14号,12:00-12:55,1,1,已售/已满,已售,多云,15,13,3,0.0,100,26
2026-05-21 01:00:55,2026-05-21,4,羽毛球馆-14号,12:00-12:55,1,1,已售/已满,已售,多云,15,12,4,0.0,100,26
2026-05-21 01:30:47,2026-05-21,4,羽毛球馆-14号,12:00-12:55,1,1,已售/已满,已售,多云,15,13,4,0.0,100,28
2026-05-21 02:00:53,2026-05-21,4,羽毛球馆-14号,12:00-12:55,1,1,已售/已满,已售,多云,15,12,4,0.0,100,28
2026-05-21 02:30:49,2026-05-21,4,羽毛球馆-14号,12:00-12:55,1,1,已售/已满,已售,多云,15,14,3,0.0,100,29
2026-05-21 03:00:55,2026-05-21,4,羽毛球馆-14号,12:00-12:55,1,1,已售/已满,已售,多云,15,12,4,0.0,100,29
2026-05-21 03:30:49,2026-05-21,4,羽毛球馆-14号,12:00-12:55,1,1,已售/已满,已售,多云,15,14,3,0.0,100,30
2026-05-21 04:30:45,2026-05-21,4,羽毛球馆-14号,12:00-12:55,1,1,已售/已满,已售,多云,15,12,4,0.0,100,29
2026-05-21 05:00:52,2026-05-21,4,羽毛球馆-14号,12:00-12:55,1,1,已售/已满,已售,多云,15,12,4,0.0,100,29
2026-05-21 05:30:49,2026-05-21,4,羽毛球馆-14号,12:00-12:55,1,1,已售/已满,已售,多云,15,13,3,0.0,100,28
2026-05-21 06:00:50,2026-05-21,4,羽毛球馆-14号,12:00-12:55,1,1,已售/已满,已售,多云,15,13,4,0.0,99,28
2026-05-21 06:30:38,2026-05-21,4,羽毛球馆-14号,12:00-12:55,1,1,已售/已满,已售,多云,15,13,3,0.0,97,28
2026-05-21 07:00:43,2026-05-21,4,羽毛球馆-14号,12:00-12:55,1,1,已售/已满,已售,晴,15,11,5,0.0,93,28
2026-05-21 07:30:39,2026-05-21,4,羽毛球馆-14号,12:00-12:55,1,1,已售/已满,已售,晴,17,13,4,0.0,89,29
2026-05-21 07:50:40,2026-05-21,4,羽毛球馆-14号,12:00-12:55,1,1,已售/已满,已售,晴,17,13,4,0.0,88,29
2026-05-21 07:53:31,2026-05-21,4,羽毛球馆-14号,12:00-12:55,1,1,已售/已满,已售,晴,17,12,5,0.0,86,29
2026-05-21 07:56:31,2026-05-21,4,羽毛球馆-14号,12:00-12:55,1,1,已售/已满,已售,晴,17,12,5,0.0,86,29
2026-05-21 07:59:26,2026-05-21,4,羽毛球馆-14号,12:00-12:55,1,1,已售/已满,已售,晴,17,12,5,0.0,86,29
2026-05-21 00:30:49,2026-05-21,4,羽毛球馆-14号,12:55-13:50,1,1,已售/已满,已售,多云,15,13,3,0.0,100,26
2026-05-21 01:00:55,2026-05-21,4,羽毛球馆-14号,12:55-13:50,1,1,已售/已满,已售,多云,15,12,4,0.0,100,26
2026-05-21 01:30:47,2026-05-21,4,羽毛球馆-14号,12:55-13:50,1,1,已售/已满,已售,多云,15,13,4,0.0,100,28
2026-05-21 02:00:53,2026-05-21,4,羽毛球馆-14号,12:55-13:50,1,1,已售/已满,已售,多云,15,12,4,0.0,100,28
2026-05-21 02:30:49,2026-05-21,4,羽毛球馆-14号,12:55-13:50,1,1,已售/已满,已售,多云,15,14,3,0.0,100,29
2026-05-21 03:00:55,2026-05-21,4,羽毛球馆-14号,12:55-13:50,1,1,已售/已满,已售,多云,15,12,4,0.0,100,29
2026-05-21 03:30:49,2026-05-21,4,羽毛球馆-14号,12:55-13:50,1,1,已售/已满,已售,多云,15,14,3,0.0,100,30
2026-05-21 04:30:45,2026-05-21,4,羽毛球馆-14号,12:55-13:50,1,1,已售/已满,已售,多云,15,12,4,0.0,100,29
2026-05-21 05:00:52,2026-05-21,4,羽毛球馆-14号,12:55-13:50,1,1,已售/已满,已售,多云,15,12,4,0.0,100,29
2026-05-21 05:30:49,2026-05-21,4,羽毛球馆-14号,12:55-13:50,1,1,已售/已满,已售,多云,15,13,3,0.0,100,28
2026-05-21 06:00:50,2026-05-21,4,羽毛球馆-14号,12:55-13:50,1,1,已售/已满,已售,多云,15,13,4,0.0,99,28
2026-05-21 06:30:38,2026-05-21,4,羽毛球馆-14号,12:55-13:50,1,1,已售/已满,已售,多云,15,13,3,0.0,97,28
2026-05-21 07:00:43,2026-05-21,4,羽毛球馆-14号,12:55-13:50,1,1,已售/已满,已售,晴,15,11,5,0.0,93,28
2026-05-21 07:30:39,2026-05-21,4,羽毛球馆-14号,12:55-13:50,1,1,已售/已满,已售,晴,17,13,4,0.0,89,29
2026-05-21 07:50:40,2026-05-21,4,羽毛球馆-14号,12:55-13:50,1,1,已售/已满,已售,晴,17,13,4,0.0,88,29
2026-05-21 07:53:31,2026-05-21,4,羽毛球馆-14号,12:55-13:50,1,1,已售/已满,已售,晴,17,12,5,0.0,86,29
2026-05-21 07:56:31,2026-05-21,4,羽毛球馆-14号,12:55-13:50,1,1,已售/已满,已售,晴,17,12,5,0.0,86,29
2026-05-21 07:59:26,2026-05-21,4,羽毛球馆-14号,12:55-13:50,1,1,已售/已满,已售,晴,17,12,5,0.0,86,29
2026-05-21 00:30:49,2026-05-21,4,羽毛球馆-14号,14:00-15:00,1,1,已售/已满,已售,多云,15,13,3,0.0,100,26
2026-05-21 01:00:55,2026-05-21,4,羽毛球馆-14号,14:00-15:00,1,1,已售/已满,已售,多云,15,12,4,0.0,100,26
2026-05-21 01:30:47,2026-05-21,4,羽毛球馆-14号,14:00-15:00,1,1,已售/已满,已售,多云,15,13,4,0.0,100,28
2026-05-21 02:00:53,2026-05-21,4,羽毛球馆-14号,14:00-15:00,1,1,已售/已满,已售,多云,15,12,4,0.0,100,28
2026-05-21 02:30:49,2026-05-21,4,羽毛球馆-14号,14:00-15:00,1,1,已售/已满,已售,多云,15,14,3,0.0,100,29
2026-05-21 03:00:55,2026-05-21,4,羽毛球馆-14号,14:00-15:00,1,1,已售/已满,已售,多云,15,12,4,0.0,100,29
2026-05-21 03:30:49,2026-05-21,4,羽毛球馆-14号,14:00-15:00,1,1,已售/已满,已售,多云,15,14,3,0.0,100,30
2026-05-21 04:30:45,2026-05-21,4,羽毛球馆-14号,14:00-15:00,1,1,已售/已满,已售,多云,15,12,4,0.0,100,29
2026-05-21 05:00:52,2026-05-21,4,羽毛球馆-14号,14:00-15:00,1,1,已售/已满,已售,多云,15,12,4,0.0,100,29
2026-05-21 05:30:49,2026-05-21,4,羽毛球馆-14号,14:00-15:00,1,1,已售/已满,已售,多云,15,13,3,0.0,100,28
2026-05-21 06:00:50,2026-05-21,4,羽毛球馆-14号,14:00-15:00,1,1,已售/已满,已售,多云,15,13,4,0.0,99,28
2026-05-21 06:30:38,2026-05-21,4,羽毛球馆-14号,14:00-15:00,1,1,已售/已满,已售,多云,15,13,3,0.0,97,28
2026-05-21 07:00:43,2026-05-21,4,羽毛球馆-14号,14:00-15:00,1,1,已售/已满,已售,晴,15,11,5,0.0,93,28
2026-05-21 07:30:39,2026-05-21,4,羽毛球馆-14号,14:00-15:00,1,1,已售/已满,已售,晴,17,13,4,0.0,89,29
2026-05-21 07:50:40,2026-05-21,4,羽毛球馆-14号,14:00-15:00,1,1,已售/已满,已售,晴,17,13,4,0.0,88,29
2026-05-21 07:53:31,2026-05-21,4,羽毛球馆-14号,14:00-15:00,1,1,已售/已满,已售,晴,17,12,5,0.0,86,29
2026-05-21 07:56:31,2026-05-21,4,羽毛球馆-14号,14:00-15:00,1,1,已售/已满,已售,晴,17,12,5,0.0,86,29
2026-05-21 07:59:26,2026-05-21,4,羽毛球馆-14号,14:00-15:00,1,1,已售/已满,已售,晴,17,12,5,0.0,86,29
2026-05-21 00:30:49,2026-05-21,4,羽毛球馆-14号,15:00-16:00,1,1,已售/已满,已售,多云,15,13,3,0.0,100,26
2026-05-21 01:00:55,2026-05-21,4,羽毛球馆-14号,15:00-16:00,1,1,已售/已满,已售,多云,15,12,4,0.0,100,26
2026-05-21 01:30:47,2026-05-21,4,羽毛球馆-14号,15:00-16:00,1,1,已售/已满,已售,多云,15,13,4,0.0,100,28
2026-05-21 02:00:53,2026-05-21,4,羽毛球馆-14号,15:00-16:00,1,1,已售/已满,已售,多云,15,12,4,0.0,100,28
2026-05-21 02:30:49,2026-05-21,4,羽毛球馆-14号,15:00-16:00,1,1,已售/已满,已售,多云,15,14,3,0.0,100,29
2026-05-21 03:00:55,2026-05-21,4,羽毛球馆-14号,15:00-16:00,1,1,已售/已满,已售,多云,15,12,4,0.0,100,29
2026-05-21 03:30:49,2026-05-21,4,羽毛球馆-14号,15:00-16:00,1,1,已售/已满,已售,多云,15,14,3,0.0,100,30
2026-05-21 04:30:45,2026-05-21,4,羽毛球馆-14号,15:00-16:00,1,1,已售/已满,已售,多云,15,12,4,0.0,100,29
2026-05-21 05:00:52,2026-05-21,4,羽毛球馆-14号,15:00-16:00,1,1,已售/已满,已售,多云,15,12,4,0.0,100,29
2026-05-21 05:30:49,2026-05-21,4,羽毛球馆-14号,15:00-16:00,1,1,已售/已满,已售,多云,15,13,3,0.0,100,28
2026-05-21 06:00:50,2026-05-21,4,羽毛球馆-14号,15:00-16:00,1,1,已售/已满,已售,多云,15,13,4,0.0,99,28
2026-05-21 06:30:38,2026-05-21,4,羽毛球馆-14号,15:00-16:00,1,1,已售/已满,已售,多云,15,13,3,0.0,97,28
2026-05-21 07:00:43,2026-05-21,4,羽毛球馆-14号,15:00-16:00,1,1,已售/已满,已售,晴,15,11,5,0.0,93,28
2026-05-21 07:30:39,2026-05-21,4,羽毛球馆-14号,15:00-16:00,1,1,已售/已满,已售,晴,17,13,4,0.0,89,29
2026-05-21 07:50:40,2026-05-21,4,羽毛球馆-14号,15:00-16:00,1,1,已售/已满,已售,晴,17,13,4,0.0,88,29
2026-05-21 07:53:31,2026-05-21,4,羽毛球馆-14号,15:00-16:00,1,1,已售/已满,已售,晴,17,12,5,0.0,86,29
2026-05-21 07:56:31,2026-05-21,4,羽毛球馆-14号,15:00-16:00,1,1,已售/已满,已售,晴,17,12,5,0.0,86,29
2026-05-21 07:59:26,2026-05-21,4,羽毛球馆-14号,15:00-16:00,1,1,已售/已满,已售,晴,17,12,5,0.0,86,29
2026-05-21 00:30:49,2026-05-21,4,羽毛球馆-14号,16:00-17:00,1,1,已售/已满,已售,多云,15,13,3,0.0,100,26
2026-05-21 01:00:55,2026-05-21,4,羽毛球馆-14号,16:00-17:00,1,1,已售/已满,已售,多云,15,12,4,0.0,100,26
2026-05-21 01:30:47,2026-05-21,4,羽毛球馆-14号,16:00-17:00,1,1,已售/已满,已售,多云,15,13,4,0.0,100,28
2026-05-21 02:00:53,2026-05-21,4,羽毛球馆-14号,16:00-17:00,1,1,已售/已满,已售,多云,15,12,4,0.0,100,28
2026-05-21 02:30:49,2026-05-21,4,羽毛球馆-14号,16:00-17:00,1,1,已售/已满,已售,多云,15,14,3,0.0,100,29
2026-05-21 03:00:55,2026-05-21,4,羽毛球馆-14号,16:00-17:00,1,1,已售/已满,已售,多云,15,12,4,0.0,100,29
2026-05-21 03:30:49,2026-05-21,4,羽毛球馆-14号,16:00-17:00,1,1,已售/已满,已售,多云,15,14,3,0.0,100,30
2026-05-21 04:30:45,2026-05-21,4,羽毛球馆-14号,16:00-17:00,1,1,已售/已满,已售,多云,15,12,4,0.0,100,29
2026-05-21 05:00:52,2026-05-21,4,羽毛球馆-14号,16:00-17:00,1,1,已售/已满,已售,多云,15,12,4,0.0,100,29
2026-05-21 05:30:49,2026-05-21,4,羽毛球馆-14号,16:00-17:00,1,1,已售/已满,已售,多云,15,13,3,0.0,100,28
2026-05-21 06:00:50,2026-05-21,4,羽毛球馆-14号,16:00-17:00,1,1,已售/已满,已售,多云,15,13,4,0.0,99,28
2026-05-21 06:30:38,2026-05-21,4,羽毛球馆-14号,16:00-17:00,1,1,已售/已满,已售,多云,15,13,3,0.0,97,28
2026-05-21 07:00:43,2026-05-21,4,羽毛球馆-14号,16:00-17:00,1,1,已售/已满,已售,晴,15,11,5,0.0,93,28
2026-05-21 07:30:39,2026-05-21,4,羽毛球馆-14号,16:00-17:00,1,1,已售/已满,已售,晴,17,13,4,0.0,89,29
2026-05-21 07:50:40,2026-05-21,4,羽毛球馆-14号,16:00-17:00,1,1,已售/已满,已售,晴,17,13,4,0.0,88,29
2026-05-21 07:53:31,2026-05-21,4,羽毛球馆-14号,16:00-17:00,1,1,已售/已满,已售,晴,17,12,5,0.0,86,29
2026-05-21 07:56:31,2026-05-21,4,羽毛球馆-14号,16:00-17:00,1,1,已售/已满,已售,晴,17,12,5,0.0,86,29
2026-05-21 07:59:26,2026-05-21,4,羽毛球馆-14号,16:00-17:00,1,1,已售/已满,已售,晴,17,12,5,0.0,86,29
2026-05-21 00:30:49,2026-05-21,4,羽毛球馆-14号,17:00-18:00,1,1,已售/已满,已售,多云,15,13,3,0.0,100,26
2026-05-21 01:00:55,2026-05-21,4,羽毛球馆-14号,17:00-18:00,1,1,已售/已满,已售,多云,15,12,4,0.0,100,26
2026-05-21 01:30:47,2026-05-21,4,羽毛球馆-14号,17:00-18:00,1,1,已售/已满,已售,多云,15,13,4,0.0,100,28
2026-05-21 02:00:53,2026-05-21,4,羽毛球馆-14号,17:00-18:00,1,1,已售/已满,已售,多云,15,12,4,0.0,100,28
2026-05-21 02:30:49,2026-05-21,4,羽毛球馆-14号,17:00-18:00,1,1,已售/已满,已售,多云,15,14,3,0.0,100,29
2026-05-21 03:00:55,2026-05-21,4,羽毛球馆-14号,17:00-18:00,1,1,已售/已满,已售,多云,15,12,4,0.0,100,29
2026-05-21 03:30:49,2026-05-21,4,羽毛球馆-14号,17:00-18:00,1,1,已售/已满,已售,多云,15,14,3,0.0,100,30
2026-05-21 04:30:45,2026-05-21,4,羽毛球馆-14号,17:00-18:00,1,1,已售/已满,已售,多云,15,12,4,0.0,100,29
2026-05-21 05:00:52,2026-05-21,4,羽毛球馆-14号,17:00-18:00,1,1,已售/已满,已售,多云,15,12,4,0.0,100,29
2026-05-21 05:30:49,2026-05-21,4,羽毛球馆-14号,17:00-18:00,1,1,已售/已满,已售,多云,15,13,3,0.0,100,28
2026-05-21 06:00:50,2026-05-21,4,羽毛球馆-14号,17:00-18:00,1,1,已售/已满,已售,多云,15,13,4,0.0,99,28
2026-05-21 06:30:38,2026-05-21,4,羽毛球馆-14号,17:00-18:00,1,1,已售/已满,已售,多云,15,13,3,0.0,97,28
2026-05-21 07:00:43,2026-05-21,4,羽毛球馆-14号,17:00-18:00,1,1,已售/已满,已售,晴,15,11,5,0.0,93,28
2026-05-21 07:30:39,2026-05-21,4,羽毛球馆-14号,17:00-18:00,1,1,已售/已满,已售,晴,17,13,4,0.0,89,29
2026-05-21 07:50:40,2026-05-21,4,羽毛球馆-14号,17:00-18:00,1,1,已售/已满,已售,晴,17,13,4,0.0,88,29
2026-05-21 07:53:31,2026-05-21,4,羽毛球馆-14号,17:00-18:00,1,1,已售/已满,已售,晴,17,12,5,0.0,86,29
2026-05-21 07:56:31,2026-05-21,4,羽毛球馆-14号,17:00-18:00,1,1,已售/已满,已售,晴,17,12,5,0.0,86,29
2026-05-21 07:59:26,2026-05-21,4,羽毛球馆-14号,17:00-18:00,1,1,已售/已满,已售,晴,17,12,5,0.0,86,29
2026-05-21 00:30:49,2026-05-21,4,羽毛球馆-14号,18:30-19:30,1,1,已售/已满,教工羽毛球赛,多云,15,13,3,0.0,100,26
2026-05-21 01:00:55,2026-05-21,4,羽毛球馆-14号,18:30-19:30,1,1,已售/已满,教工羽毛球赛,多云,15,12,4,0.0,100,26
2026-05-21 01:30:47,2026-05-21,4,羽毛球馆-14号,18:30-19:30,1,1,已售/已满,教工羽毛球赛,多云,15,13,4,0.0,100,28
2026-05-21 02:00:53,2026-05-21,4,羽毛球馆-14号,18:30-19:30,1,1,已售/已满,教工羽毛球赛,多云,15,12,4,0.0,100,28
2026-05-21 02:30:49,2026-05-21,4,羽毛球馆-14号,18:30-19:30,1,1,已售/已满,教工羽毛球赛,多云,15,14,3,0.0,100,29
2026-05-21 03:00:55,2026-05-21,4,羽毛球馆-14号,18:30-19:30,1,1,已售/已满,教工羽毛球赛,多云,15,12,4,0.0,100,29
2026-05-21 03:30:49,2026-05-21,4,羽毛球馆-14号,18:30-19:30,1,1,已售/已满,教工羽毛球赛,多云,15,14,3,0.0,100,30
2026-05-21 04:30:45,2026-05-21,4,羽毛球馆-14号,18:30-19:30,1,1,已售/已满,教工羽毛球赛,多云,15,12,4,0.0,100,29
2026-05-21 05:00:52,2026-05-21,4,羽毛球馆-14号,18:30-19:30,1,1,已售/已满,教工羽毛球赛,多云,15,12,4,0.0,100,29
2026-05-21 05:30:49,2026-05-21,4,羽毛球馆-14号,18:30-19:30,1,1,已售/已满,教工羽毛球赛,多云,15,13,3,0.0,100,28
2026-05-21 06:00:50,2026-05-21,4,羽毛球馆-14号,18:30-19:30,1,1,已售/已满,教工羽毛球赛,多云,15,13,4,0.0,99,28
2026-05-21 06:30:38,2026-05-21,4,羽毛球馆-14号,18:30-19:30,1,1,已售/已满,教工羽毛球赛,多云,15,13,3,0.0,97,28
2026-05-21 07:00:43,2026-05-21,4,羽毛球馆-14号,18:30-19:30,1,1,已售/已满,教工羽毛球赛,晴,15,11,5,0.0,93,28
2026-05-21 07:30:39,2026-05-21,4,羽毛球馆-14号,18:30-19:30,1,1,已售/已满,教工羽毛球赛,晴,17,13,4,0.0,89,29
2026-05-21 07:50:40,2026-05-21,4,羽毛球馆-14号,18:30-19:30,1,1,已售/已满,教工羽毛球赛,晴,17,13,4,0.0,88,29
2026-05-21 07:53:31,2026-05-21,4,羽毛球馆-14号,18:30-19:30,1,1,已售/已满,教工羽毛球赛,晴,17,12,5,0.0,86,29
2026-05-21 07:56:31,2026-05-21,4,羽毛球馆-14号,18:30-19:30,1,1,已售/已满,教工羽毛球赛,晴,17,12,5,0.0,86,29
2026-05-21 07:59:26,2026-05-21,4,羽毛球馆-14号,18:30-19:30,1,1,已售/已满,教工羽毛球赛,晴,17,12,5,0.0,86,29
2026-05-21 00:30:49,2026-05-21,4,羽毛球馆-14号,19:30-20:30,1,1,已售/已满,教工羽毛球赛,多云,15,13,3,0.0,100,26
2026-05-21 01:00:55,2026-05-21,4,羽毛球馆-14号,19:30-20:30,1,1,已售/已满,教工羽毛球赛,多云,15,12,4,0.0,100,26
2026-05-21 01:30:47,2026-05-21,4,羽毛球馆-14号,19:30-20:30,1,1,已售/已满,教工羽毛球赛,多云,15,13,4,0.0,100,28
2026-05-21 02:00:53,2026-05-21,4,羽毛球馆-14号,19:30-20:30,1,1,已售/已满,教工羽毛球赛,多云,15,12,4,0.0,100,28
2026-05-21 02:30:49,2026-05-21,4,羽毛球馆-14号,19:30-20:30,1,1,已售/已满,教工羽毛球赛,多云,15,14,3,0.0,100,29
2026-05-21 03:00:55,2026-05-21,4,羽毛球馆-14号,19:30-20:30,1,1,已售/已满,教工羽毛球赛,多云,15,12,4,0.0,100,29
2026-05-21 03:30:49,2026-05-21,4,羽毛球馆-14号,19:30-20:30,1,1,已售/已满,教工羽毛球赛,多云,15,14,3,0.0,100,30
2026-05-21 04:30:45,2026-05-21,4,羽毛球馆-14号,19:30-20:30,1,1,已售/已满,教工羽毛球赛,多云,15,12,4,0.0,100,29
2026-05-21 05:00:52,2026-05-21,4,羽毛球馆-14号,19:30-20:30,1,1,已售/已满,教工羽毛球赛,多云,15,12,4,0.0,100,29
2026-05-21 05:30:49,2026-05-21,4,羽毛球馆-14号,19:30-20:30,1,1,已售/已满,教工羽毛球赛,多云,15,13,3,0.0,100,28
2026-05-21 06:00:50,2026-05-21,4,羽毛球馆-14号,19:30-20:30,1,1,已售/已满,教工羽毛球赛,多云,15,13,4,0.0,99,28
2026-05-21 06:30:38,2026-05-21,4,羽毛球馆-14号,19:30-20:30,1,1,已售/已满,教工羽毛球赛,多云,15,13,3,0.0,97,28
2026-05-21 07:00:43,2026-05-21,4,羽毛球馆-14号,19:30-20:30,1,1,已售/已满,教工羽毛球赛,晴,15,11,5,0.0,93,28
2026-05-21 07:30:39,2026-05-21,4,羽毛球馆-14号,19:30-20:30,1,1,已售/已满,教工羽毛球赛,晴,17,13,4,0.0,89,29
2026-05-21 07:50:40,2026-05-21,4,羽毛球馆-14号,19:30-20:30,1,1,已售/已满,教工羽毛球赛,晴,17,13,4,0.0,88,29
2026-05-21 07:53:31,2026-05-21,4,羽毛球馆-14号,19:30-20:30,1,1,已售/已满,教工羽毛球赛,晴,17,12,5,0.0,86,29
2026-05-21 07:56:31,2026-05-21,4,羽毛球馆-14号,19:30-20:30,1,1,已售/已满,教工羽毛球赛,晴,17,12,5,0.0,86,29
2026-05-21 07:59:26,2026-05-21,4,羽毛球馆-14号,19:30-20:30,1,1,已售/已满,教工羽毛球赛,晴,17,12,5,0.0,86,29
2026-05-21 00:30:49,2026-05-21,4,羽毛球馆-14号,20:30-21:30,1,1,已售/已满,教工羽毛球赛,多云,15,13,3,0.0,100,26
2026-05-21 01:00:55,2026-05-21,4,羽毛球馆-14号,20:30-21:30,1,1,已售/已满,教工羽毛球赛,多云,15,12,4,0.0,100,26
2026-05-21 01:30:47,2026-05-21,4,羽毛球馆-14号,20:30-21:30,1,1,已售/已满,教工羽毛球赛,多云,15,13,4,0.0,100,28
2026-05-21 02:00:53,2026-05-21,4,羽毛球馆-14号,20:30-21:30,1,1,已售/已满,教工羽毛球赛,多云,15,12,4,0.0,100,28
2026-05-21 02:30:49,2026-05-21,4,羽毛球馆-14号,20:30-21:30,1,1,已售/已满,教工羽毛球赛,多云,15,14,3,0.0,100,29
2026-05-21 03:00:55,2026-05-21,4,羽毛球馆-14号,20:30-21:30,1,1,已售/已满,教工羽毛球赛,多云,15,12,4,0.0,100,29
2026-05-21 03:30:49,2026-05-21,4,羽毛球馆-14号,20:30-21:30,1,1,已售/已满,教工羽毛球赛,多云,15,14,3,0.0,100,30
2026-05-21 04:30:45,2026-05-21,4,羽毛球馆-14号,20:30-21:30,1,1,已售/已满,教工羽毛球赛,多云,15,12,4,0.0,100,29
2026-05-21 05:00:52,2026-05-21,4,羽毛球馆-14号,20:30-21:30,1,1,已售/已满,教工羽毛球赛,多云,15,12,4,0.0,100,29
2026-05-21 05:30:49,2026-05-21,4,羽毛球馆-14号,20:30-21:30,1,1,已售/已满,教工羽毛球赛,多云,15,13,3,0.0,100,28
2026-05-21 06:00:50,2026-05-21,4,羽毛球馆-14号,20:30-21:30,1,1,已售/已满,教工羽毛球赛,多云,15,13,4,0.0,99,28
2026-05-21 06:30:38,2026-05-21,4,羽毛球馆-14号,20:30-21:30,1,1,已售/已满,教工羽毛球赛,多云,15,13,3,0.0,97,28
2026-05-21 07:00:43,2026-05-21,4,羽毛球馆-14号,20:30-21:30,1,1,已售/已满,教工羽毛球赛,晴,15,11,5,0.0,93,28
2026-05-21 07:30:39,2026-05-21,4,羽毛球馆-14号,20:30-21:30,1,1,已售/已满,教工羽毛球赛,晴,17,13,4,0.0,89,29
2026-05-21 07:50:40,2026-05-21,4,羽毛球馆-14号,20:30-21:30,1,1,已售/已满,教工羽毛球赛,晴,17,13,4,0.0,88,29
2026-05-21 07:53:31,2026-05-21,4,羽毛球馆-14号,20:30-21:30,1,1,已售/已满,教工羽毛球赛,晴,17,12,5,0.0,86,29
2026-05-21 07:56:31,2026-05-21,4,羽毛球馆-14号,20:30-21:30,1,1,已售/已满,教工羽毛球赛,晴,17,12,5,0.0,86,29
2026-05-21 07:59:26,2026-05-21,4,羽毛球馆-14号,20:30-21:30,1,1,已售/已满,教工羽毛球赛,晴,17,12,5,0.0,86,29
2026-05-21 00:30:49,2026-05-21,4,羽毛球馆-15号,07:00-08:00,0,1,可预约,￥0.0,多云,15,13,3,0.0,100,26
2026-05-21 01:00:55,2026-05-21,4,羽毛球馆-15号,07:00-08:00,0,1,可预约,￥0.0,多云,15,12,4,0.0,100,26
2026-05-21 01:30:47,2026-05-21,4,羽毛球馆-15号,07:00-08:00,0,1,可预约,￥0.0,多云,15,13,4,0.0,100,28
2026-05-21 02:00:53,2026-05-21,4,羽毛球馆-15号,07:00-08:00,0,1,可预约,￥0.0,多云,15,12,4,0.0,100,28
2026-05-21 02:30:49,2026-05-21,4,羽毛球馆-15号,07:00-08:00,0,1,可预约,￥0.0,多云,15,14,3,0.0,100,29
2026-05-21 03:00:55,2026-05-21,4,羽毛球馆-15号,07:00-08:00,0,1,可预约,￥0.0,多云,15,12,4,0.0,100,29
2026-05-21 03:30:49,2026-05-21,4,羽毛球馆-15号,07:00-08:00,0,1,可预约,￥0.0,多云,15,14,3,0.0,100,30
2026-05-21 04:30:45,2026-05-21,4,羽毛球馆-15号,07:00-08:00,0,1,可预约,￥0.0,多云,15,12,4,0.0,100,29
2026-05-21 05:00:52,2026-05-21,4,羽毛球馆-15号,07:00-08:00,0,1,可预约,￥0.0,多云,15,12,4,0.0,100,29
2026-05-21 05:30:49,2026-05-21,4,羽毛球馆-15号,07:00-08:00,0,1,可预约,￥0.0,多云,15,13,3,0.0,100,28
2026-05-21 06:00:50,2026-05-21,4,羽毛球馆-15号,07:00-08:00,0,1,可预约,￥0.0,多云,15,13,4,0.0,99,28
2026-05-21 06:30:38,2026-05-21,4,羽毛球馆-15号,07:00-08:00,0,1,可预约,￥0.0,多云,15,13,3,0.0,97,28
2026-05-21 07:00:43,2026-05-21,4,羽毛球馆-15号,07:00-08:00,0,1,可预约,￥0.0,晴,15,11,5,0.0,93,28
2026-05-21 07:30:39,2026-05-21,4,羽毛球馆-15号,07:00-08:00,0,1,可预约,￥0.0,晴,17,13,4,0.0,89,29
2026-05-21 07:50:40,2026-05-21,4,羽毛球馆-15号,07:00-08:00,0,1,可预约,￥0.0,晴,17,13,4,0.0,88,29
2026-05-21 07:53:31,2026-05-21,4,羽毛球馆-15号,07:00-08:00,0,1,可预约,￥0.0,晴,17,12,5,0.0,86,29
2026-05-21 07:56:31,2026-05-21,4,羽毛球馆-15号,07:00-08:00,0,1,可预约,￥0.0,晴,17,12,5,0.0,86,29
2026-05-21 07:59:26,2026-05-21,4,羽毛球馆-15号,07:00-08:00,0,1,可预约,￥0.0,晴,17,12,5,0.0,86,29
2026-05-21 00:30:49,2026-05-21,4,羽毛球馆-15号,08:00-09:00,1,1,已售/已满,已售,多云,15,13,3,0.0,100,26
2026-05-21 01:00:55,2026-05-21,4,羽毛球馆-15号,08:00-09:00,1,1,已售/已满,已售,多云,15,12,4,0.0,100,26
2026-05-21 01:30:47,2026-05-21,4,羽毛球馆-15号,08:00-09:00,1,1,已售/已满,已售,多云,15,13,4,0.0,100,28
2026-05-21 02:00:53,2026-05-21,4,羽毛球馆-15号,08:00-09:00,1,1,已售/已满,已售,多云,15,12,4,0.0,100,28
2026-05-21 02:30:49,2026-05-21,4,羽毛球馆-15号,08:00-09:00,1,1,已售/已满,已售,多云,15,14,3,0.0,100,29
2026-05-21 03:00:55,2026-05-21,4,羽毛球馆-15号,08:00-09:00,1,1,已售/已满,已售,多云,15,12,4,0.0,100,29
2026-05-21 03:30:49,2026-05-21,4,羽毛球馆-15号,08:00-09:00,1,1,已售/已满,已售,多云,15,14,3,0.0,100,30
2026-05-21 04:30:45,2026-05-21,4,羽毛球馆-15号,08:00-09:00,1,1,已售/已满,已售,多云,15,12,4,0.0,100,29
2026-05-21 05:00:52,2026-05-21,4,羽毛球馆-15号,08:00-09:00,1,1,已售/已满,已售,多云,15,12,4,0.0,100,29
2026-05-21 05:30:49,2026-05-21,4,羽毛球馆-15号,08:00-09:00,1,1,已售/已满,已售,多云,15,13,3,0.0,100,28
2026-05-21 06:00:50,2026-05-21,4,羽毛球馆-15号,08:00-09:00,1,1,已售/已满,已售,多云,15,13,4,0.0,99,28
2026-05-21 06:30:38,2026-05-21,4,羽毛球馆-15号,08:00-09:00,1,1,已售/已满,已售,多云,15,13,3,0.0,97,28
2026-05-21 07:00:43,2026-05-21,4,羽毛球馆-15号,08:00-09:00,1,1,已售/已满,已售,晴,15,11,5,0.0,93,28
2026-05-21 07:30:39,2026-05-21,4,羽毛球馆-15号,08:00-09:00,1,1,已售/已满,已售,晴,17,13,4,0.0,89,29
2026-05-21 07:50:40,2026-05-21,4,羽毛球馆-15号,08:00-09:00,1,1,已售/已满,已售,晴,17,13,4,0.0,88,29
2026-05-21 07:53:31,2026-05-21,4,羽毛球馆-15号,08:00-09:00,1,1,已售/已满,已售,晴,17,12,5,0.0,86,29
2026-05-21 07:56:31,2026-05-21,4,羽毛球馆-15号,08:00-09:00,1,1,已售/已满,已售,晴,17,12,5,0.0,86,29
2026-05-21 07:59:26,2026-05-21,4,羽毛球馆-15号,08:00-09:00,1,1,已售/已满,已售,晴,17,12,5,0.0,86,29
2026-05-21 00:30:49,2026-05-21,4,羽毛球馆-15号,09:00-10:00,0,1,可预约,￥12.0,多云,15,13,3,0.0,100,26
2026-05-21 01:00:55,2026-05-21,4,羽毛球馆-15号,09:00-10:00,0,1,可预约,￥12.0,多云,15,12,4,0.0,100,26
2026-05-21 01:30:47,2026-05-21,4,羽毛球馆-15号,09:00-10:00,0,1,可预约,￥12.0,多云,15,13,4,0.0,100,28
2026-05-21 02:00:53,2026-05-21,4,羽毛球馆-15号,09:00-10:00,0,1,可预约,￥12.0,多云,15,12,4,0.0,100,28
2026-05-21 02:30:49,2026-05-21,4,羽毛球馆-15号,09:00-10:00,0,1,可预约,￥12.0,多云,15,14,3,0.0,100,29
2026-05-21 03:00:55,2026-05-21,4,羽毛球馆-15号,09:00-10:00,0,1,可预约,￥12.0,多云,15,12,4,0.0,100,29
2026-05-21 03:30:49,2026-05-21,4,羽毛球馆-15号,09:00-10:00,0,1,可预约,￥12.0,多云,15,14,3,0.0,100,30
2026-05-21 04:30:45,2026-05-21,4,羽毛球馆-15号,09:00-10:00,0,1,可预约,￥12.0,多云,15,12,4,0.0,100,29
2026-05-21 05:00:52,2026-05-21,4,羽毛球馆-15号,09:00-10:00,0,1,可预约,￥12.0,多云,15,12,4,0.0,100,29
2026-05-21 05:30:49,2026-05-21,4,羽毛球馆-15号,09:00-10:00,0,1,可预约,￥12.0,多云,15,13,3,0.0,100,28
2026-05-21 06:00:50,2026-05-21,4,羽毛球馆-15号,09:00-10:00,0,1,可预约,￥12.0,多云,15,13,4,0.0,99,28
2026-05-21 06:30:38,2026-05-21,4,羽毛球馆-15号,09:00-10:00,0,1,可预约,￥12.0,多云,15,13,3,0.0,97,28
2026-05-21 07:00:43,2026-05-21,4,羽毛球馆-15号,09:00-10:00,0,1,可预约,￥12.0,晴,15,11,5,0.0,93,28
2026-05-21 07:30:39,2026-05-21,4,羽毛球馆-15号,09:00-10:00,0,1,可预约,￥12.0,晴,17,13,4,0.0,89,29
2026-05-21 07:50:40,2026-05-21,4,羽毛球馆-15号,09:00-10:00,0,1,可预约,￥12.0,晴,17,13,4,0.0,88,29
2026-05-21 07:53:31,2026-05-21,4,羽毛球馆-15号,09:00-10:00,0,1,可预约,￥12.0,晴,17,12,5,0.0,86,29
2026-05-21 07:56:31,2026-05-21,4,羽毛球馆-15号,09:00-10:00,0,1,可预约,￥12.0,晴,17,12,5,0.0,86,29
2026-05-21 07:59:26,2026-05-21,4,羽毛球馆-15号,09:00-10:00,0,1,可预约,￥12.0,晴,17,12,5,0.0,86,29
2026-05-21 00:30:49,2026-05-21,4,羽毛球馆-15号,10:00-11:00,1,1,已售/已满,教学时间,多云,15,13,3,0.0,100,26
2026-05-21 01:00:55,2026-05-21,4,羽毛球馆-15号,10:00-11:00,1,1,已售/已满,教学时间,多云,15,12,4,0.0,100,26
2026-05-21 01:30:47,2026-05-21,4,羽毛球馆-15号,10:00-11:00,1,1,已售/已满,教学时间,多云,15,13,4,0.0,100,28
2026-05-21 02:00:53,2026-05-21,4,羽毛球馆-15号,10:00-11:00,1,1,已售/已满,教学时间,多云,15,12,4,0.0,100,28
2026-05-21 02:30:49,2026-05-21,4,羽毛球馆-15号,10:00-11:00,1,1,已售/已满,教学时间,多云,15,14,3,0.0,100,29
2026-05-21 03:00:55,2026-05-21,4,羽毛球馆-15号,10:00-11:00,1,1,已售/已满,教学时间,多云,15,12,4,0.0,100,29
2026-05-21 03:30:49,2026-05-21,4,羽毛球馆-15号,10:00-11:00,1,1,已售/已满,教学时间,多云,15,14,3,0.0,100,30
2026-05-21 04:30:45,2026-05-21,4,羽毛球馆-15号,10:00-11:00,1,1,已售/已满,教学时间,多云,15,12,4,0.0,100,29
2026-05-21 05:00:52,2026-05-21,4,羽毛球馆-15号,10:00-11:00,1,1,已售/已满,教学时间,多云,15,12,4,0.0,100,29
2026-05-21 05:30:49,2026-05-21,4,羽毛球馆-15号,10:00-11:00,1,1,已售/已满,教学时间,多云,15,13,3,0.0,100,28
2026-05-21 06:00:50,2026-05-21,4,羽毛球馆-15号,10:00-11:00,1,1,已售/已满,教学时间,多云,15,13,4,0.0,99,28
2026-05-21 06:30:38,2026-05-21,4,羽毛球馆-15号,10:00-11:00,1,1,已售/已满,教学时间,多云,15,13,3,0.0,97,28
2026-05-21 07:00:43,2026-05-21,4,羽毛球馆-15号,10:00-11:00,1,1,已售/已满,教学时间,晴,15,11,5,0.0,93,28
2026-05-21 07:30:39,2026-05-21,4,羽毛球馆-15号,10:00-11:00,1,1,已售/已满,教学时间,晴,17,13,4,0.0,89,29
2026-05-21 07:50:40,2026-05-21,4,羽毛球馆-15号,10:00-11:00,1,1,已售/已满,教学时间,晴,17,13,4,0.0,88,29
2026-05-21 07:53:31,2026-05-21,4,羽毛球馆-15号,10:00-11:00,1,1,已售/已满,教学时间,晴,17,12,5,0.0,86,29
2026-05-21 07:56:31,2026-05-21,4,羽毛球馆-15号,10:00-11:00,1,1,已售/已满,教学时间,晴,17,12,5,0.0,86,29
2026-05-21 07:59:26,2026-05-21,4,羽毛球馆-15号,10:00-11:00,1,1,已售/已满,教学时间,晴,17,12,5,0.0,86,29
2026-05-21 00:30:49,2026-05-21,4,羽毛球馆-15号,11:00-12:00,1,1,已售/已满,教学时间,多云,15,13,3,0.0,100,26
2026-05-21 01:00:55,2026-05-21,4,羽毛球馆-15号,11:00-12:00,1,1,已售/已满,教学时间,多云,15,12,4,0.0,100,26
2026-05-21 01:30:47,2026-05-21,4,羽毛球馆-15号,11:00-12:00,1,1,已售/已满,教学时间,多云,15,13,4,0.0,100,28
2026-05-21 02:00:53,2026-05-21,4,羽毛球馆-15号,11:00-12:00,1,1,已售/已满,教学时间,多云,15,12,4,0.0,100,28
2026-05-21 02:30:49,2026-05-21,4,羽毛球馆-15号,11:00-12:00,1,1,已售/已满,教学时间,多云,15,14,3,0.0,100,29
2026-05-21 03:00:55,2026-05-21,4,羽毛球馆-15号,11:00-12:00,1,1,已售/已满,教学时间,多云,15,12,4,0.0,100,29
2026-05-21 03:30:49,2026-05-21,4,羽毛球馆-15号,11:00-12:00,1,1,已售/已满,教学时间,多云,15,14,3,0.0,100,30
2026-05-21 04:30:45,2026-05-21,4,羽毛球馆-15号,11:00-12:00,1,1,已售/已满,教学时间,多云,15,12,4,0.0,100,29
2026-05-21 05:00:52,2026-05-21,4,羽毛球馆-15号,11:00-12:00,1,1,已售/已满,教学时间,多云,15,12,4,0.0,100,29
2026-05-21 05:30:49,2026-05-21,4,羽毛球馆-15号,11:00-12:00,1,1,已售/已满,教学时间,多云,15,13,3,0.0,100,28
2026-05-21 06:00:50,2026-05-21,4,羽毛球馆-15号,11:00-12:00,1,1,已售/已满,教学时间,多云,15,13,4,0.0,99,28
2026-05-21 06:30:38,2026-05-21,4,羽毛球馆-15号,11:00-12:00,1,1,已售/已满,教学时间,多云,15,13,3,0.0,97,28
2026-05-21 07:00:43,2026-05-21,4,羽毛球馆-15号,11:00-12:00,1,1,已售/已满,教学时间,晴,15,11,5,0.0,93,28
2026-05-21 07:30:39,2026-05-21,4,羽毛球馆-15号,11:00-12:00,1,1,已售/已满,教学时间,晴,17,13,4,0.0,89,29
2026-05-21 07:50:40,2026-05-21,4,羽毛球馆-15号,11:00-12:00,1,1,已售/已满,教学时间,晴,17,13,4,0.0,88,29
2026-05-21 07:53:31,2026-05-21,4,羽毛球馆-15号,11:00-12:00,1,1,已售/已满,教学时间,晴,17,12,5,0.0,86,29
2026-05-21 07:56:31,2026-05-21,4,羽毛球馆-15号,11:00-12:00,1,1,已售/已满,教学时间,晴,17,12,5,0.0,86,29
2026-05-21 07:59:26,2026-05-21,4,羽毛球馆-15号,11:00-12:00,1,1,已售/已满,教学时间,晴,17,12,5,0.0,86,29
2026-05-21 00:30:49,2026-05-21,4,羽毛球馆-15号,12:00-12:55,1,1,已售/已满,已售,多云,15,13,3,0.0,100,26
2026-05-21 01:00:55,2026-05-21,4,羽毛球馆-15号,12:00-12:55,1,1,已售/已满,已售,多云,15,12,4,0.0,100,26
2026-05-21 01:30:47,2026-05-21,4,羽毛球馆-15号,12:00-12:55,1,1,已售/已满,已售,多云,15,13,4,0.0,100,28
2026-05-21 02:00:53,2026-05-21,4,羽毛球馆-15号,12:00-12:55,1,1,已售/已满,已售,多云,15,12,4,0.0,100,28
2026-05-21 02:30:49,2026-05-21,4,羽毛球馆-15号,12:00-12:55,1,1,已售/已满,已售,多云,15,14,3,0.0,100,29
2026-05-21 03:00:55,2026-05-21,4,羽毛球馆-15号,12:00-12:55,1,1,已售/已满,已售,多云,15,12,4,0.0,100,29
2026-05-21 03:30:49,2026-05-21,4,羽毛球馆-15号,12:00-12:55,1,1,已售/已满,已售,多云,15,14,3,0.0,100,30
2026-05-21 04:30:45,2026-05-21,4,羽毛球馆-15号,12:00-12:55,1,1,已售/已满,已售,多云,15,12,4,0.0,100,29
2026-05-21 05:00:52,2026-05-21,4,羽毛球馆-15号,12:00-12:55,1,1,已售/已满,已售,多云,15,12,4,0.0,100,29
2026-05-21 05:30:49,2026-05-21,4,羽毛球馆-15号,12:00-12:55,1,1,已售/已满,已售,多云,15,13,3,0.0,100,28
2026-05-21 06:00:50,2026-05-21,4,羽毛球馆-15号,12:00-12:55,1,1,已售/已满,已售,多云,15,13,4,0.0,99,28
2026-05-21 06:30:38,2026-05-21,4,羽毛球馆-15号,12:00-12:55,1,1,已售/已满,已售,多云,15,13,3,0.0,97,28
2026-05-21 07:00:43,2026-05-21,4,羽毛球馆-15号,12:00-12:55,1,1,已售/已满,已售,晴,15,11,5,0.0,93,28
2026-05-21 07:30:39,2026-05-21,4,羽毛球馆-15号,12:00-12:55,1,1,已售/已满,已售,晴,17,13,4,0.0,89,29
2026-05-21 07:50:40,2026-05-21,4,羽毛球馆-15号,12:00-12:55,1,1,已售/已满,已售,晴,17,13,4,0.0,88,29
2026-05-21 07:53:31,2026-05-21,4,羽毛球馆-15号,12:00-12:55,1,1,已售/已满,已售,晴,17,12,5,0.0,86,29
2026-05-21 07:56:31,2026-05-21,4,羽毛球馆-15号,12:00-12:55,1,1,已售/已满,已售,晴,17,12,5,0.0,86,29
2026-05-21 07:59:26,2026-05-21,4,羽毛球馆-15号,12:00-12:55,1,1,已售/已满,已售,晴,17,12,5,0.0,86,29
2026-05-21 00:30:49,2026-05-21,4,羽毛球馆-15号,12:55-13:50,1,1,已售/已满,已售,多云,15,13,3,0.0,100,26
2026-05-21 01:00:55,2026-05-21,4,羽毛球馆-15号,12:55-13:50,1,1,已售/已满,已售,多云,15,12,4,0.0,100,26
2026-05-21 01:30:47,2026-05-21,4,羽毛球馆-15号,12:55-13:50,1,1,已售/已满,已售,多云,15,13,4,0.0,100,28
2026-05-21 02:00:53,2026-05-21,4,羽毛球馆-15号,12:55-13:50,1,1,已售/已满,已售,多云,15,12,4,0.0,100,28
2026-05-21 02:30:49,2026-05-21,4,羽毛球馆-15号,12:55-13:50,1,1,已售/已满,已售,多云,15,14,3,0.0,100,29
2026-05-21 03:00:55,2026-05-21,4,羽毛球馆-15号,12:55-13:50,1,1,已售/已满,已售,多云,15,12,4,0.0,100,29
2026-05-21 03:30:49,2026-05-21,4,羽毛球馆-15号,12:55-13:50,1,1,已售/已满,已售,多云,15,14,3,0.0,100,30
2026-05-21 04:30:45,2026-05-21,4,羽毛球馆-15号,12:55-13:50,1,1,已售/已满,已售,多云,15,12,4,0.0,100,29
2026-05-21 05:00:52,2026-05-21,4,羽毛球馆-15号,12:55-13:50,1,1,已售/已满,已售,多云,15,12,4,0.0,100,29
2026-05-21 05:30:49,2026-05-21,4,羽毛球馆-15号,12:55-13:50,1,1,已售/已满,已售,多云,15,13,3,0.0,100,28
2026-05-21 06:00:50,2026-05-21,4,羽毛球馆-15号,12:55-13:50,1,1,已售/已满,已售,多云,15,13,4,0.0,99,28
2026-05-21 06:30:38,2026-05-21,4,羽毛球馆-15号,12:55-13:50,1,1,已售/已满,已售,多云,15,13,3,0.0,97,28
2026-05-21 07:00:43,2026-05-21,4,羽毛球馆-15号,12:55-13:50,1,1,已售/已满,已售,晴,15,11,5,0.0,93,28
2026-05-21 07:30:39,2026-05-21,4,羽毛球馆-15号,12:55-13:50,1,1,已售/已满,已售,晴,17,13,4,0.0,89,29
2026-05-21 07:50:40,2026-05-21,4,羽毛球馆-15号,12:55-13:50,1,1,已售/已满,已售,晴,17,13,4,0.0,88,29
2026-05-21 07:53:31,2026-05-21,4,羽毛球馆-15号,12:55-13:50,1,1,已售/已满,已售,晴,17,12,5,0.0,86,29
2026-05-21 07:56:31,2026-05-21,4,羽毛球馆-15号,12:55-13:50,1,1,已售/已满,已售,晴,17,12,5,0.0,86,29
2026-05-21 07:59:26,2026-05-21,4,羽毛球馆-15号,12:55-13:50,1,1,已售/已满,已售,晴,17,12,5,0.0,86,29
2026-05-21 00:30:49,2026-05-21,4,羽毛球馆-15号,14:00-15:00,1,1,已售/已满,已售,多云,15,13,3,0.0,100,26
2026-05-21 01:00:55,2026-05-21,4,羽毛球馆-15号,14:00-15:00,1,1,已售/已满,已售,多云,15,12,4,0.0,100,26
2026-05-21 01:30:47,2026-05-21,4,羽毛球馆-15号,14:00-15:00,1,1,已售/已满,已售,多云,15,13,4,0.0,100,28
2026-05-21 02:00:53,2026-05-21,4,羽毛球馆-15号,14:00-15:00,1,1,已售/已满,已售,多云,15,12,4,0.0,100,28
2026-05-21 02:30:49,2026-05-21,4,羽毛球馆-15号,14:00-15:00,1,1,已售/已满,已售,多云,15,14,3,0.0,100,29
2026-05-21 03:00:55,2026-05-21,4,羽毛球馆-15号,14:00-15:00,1,1,已售/已满,已售,多云,15,12,4,0.0,100,29
2026-05-21 03:30:49,2026-05-21,4,羽毛球馆-15号,14:00-15:00,1,1,已售/已满,已售,多云,15,14,3,0.0,100,30
2026-05-21 04:30:45,2026-05-21,4,羽毛球馆-15号,14:00-15:00,1,1,已售/已满,已售,多云,15,12,4,0.0,100,29
2026-05-21 05:00:52,2026-05-21,4,羽毛球馆-15号,14:00-15:00,1,1,已售/已满,已售,多云,15,12,4,0.0,100,29
2026-05-21 05:30:49,2026-05-21,4,羽毛球馆-15号,14:00-15:00,1,1,已售/已满,已售,多云,15,13,3,0.0,100,28
2026-05-21 06:00:50,2026-05-21,4,羽毛球馆-15号,14:00-15:00,1,1,已售/已满,已售,多云,15,13,4,0.0,99,28
2026-05-21 06:30:38,2026-05-21,4,羽毛球馆-15号,14:00-15:00,1,1,已售/已满,已售,多云,15,13,3,0.0,97,28
2026-05-21 07:00:43,2026-05-21,4,羽毛球馆-15号,14:00-15:00,1,1,已售/已满,已售,晴,15,11,5,0.0,93,28
2026-05-21 07:30:39,2026-05-21,4,羽毛球馆-15号,14:00-15:00,1,1,已售/已满,已售,晴,17,13,4,0.0,89,29
2026-05-21 07:50:40,2026-05-21,4,羽毛球馆-15号,14:00-15:00,1,1,已售/已满,已售,晴,17,13,4,0.0,88,29
2026-05-21 07:53:31,2026-05-21,4,羽毛球馆-15号,14:00-15:00,1,1,已售/已满,已售,晴,17,12,5,0.0,86,29
2026-05-21 07:56:31,2026-05-21,4,羽毛球馆-15号,14:00-15:00,1,1,已售/已满,已售,晴,17,12,5,0.0,86,29
2026-05-21 07:59:26,2026-05-21,4,羽毛球馆-15号,14:00-15:00,1,1,已售/已满,已售,晴,17,12,5,0.0,86,29
2026-05-21 00:30:49,2026-05-21,4,羽毛球馆-15号,15:00-16:00,0,1,可预约,￥12.0,多云,15,13,3,0.0,100,26
2026-05-21 01:00:55,2026-05-21,4,羽毛球馆-15号,15:00-16:00,0,1,可预约,￥12.0,多云,15,12,4,0.0,100,26
2026-05-21 01:30:47,2026-05-21,4,羽毛球馆-15号,15:00-16:00,0,1,可预约,￥12.0,多云,15,13,4,0.0,100,28
2026-05-21 02:00:53,2026-05-21,4,羽毛球馆-15号,15:00-16:00,0,1,可预约,￥12.0,多云,15,12,4,0.0,100,28
2026-05-21 02:30:49,2026-05-21,4,羽毛球馆-15号,15:00-16:00,0,1,可预约,￥12.0,多云,15,14,3,0.0,100,29
2026-05-21 03:00:55,2026-05-21,4,羽毛球馆-15号,15:00-16:00,0,1,可预约,￥12.0,多云,15,12,4,0.0,100,29
2026-05-21 03:30:49,2026-05-21,4,羽毛球馆-15号,15:00-16:00,0,1,可预约,￥12.0,多云,15,14,3,0.0,100,30
2026-05-21 04:30:45,2026-05-21,4,羽毛球馆-15号,15:00-16:00,0,1,可预约,￥12.0,多云,15,12,4,0.0,100,29
2026-05-21 05:00:52,2026-05-21,4,羽毛球馆-15号,15:00-16:00,0,1,可预约,￥12.0,多云,15,12,4,0.0,100,29
2026-05-21 05:30:49,2026-05-21,4,羽毛球馆-15号,15:00-16:00,0,1,可预约,￥12.0,多云,15,13,3,0.0,100,28
2026-05-21 06:00:50,2026-05-21,4,羽毛球馆-15号,15:00-16:00,0,1,可预约,￥12.0,多云,15,13,4,0.0,99,28
2026-05-21 06:30:38,2026-05-21,4,羽毛球馆-15号,15:00-16:00,0,1,可预约,￥12.0,多云,15,13,3,0.0,97,28
2026-05-21 07:00:43,2026-05-21,4,羽毛球馆-15号,15:00-16:00,0,1,可预约,￥12.0,晴,15,11,5,0.0,93,28
2026-05-21 07:30:39,2026-05-21,4,羽毛球馆-15号,15:00-16:00,0,1,可预约,￥12.0,晴,17,13,4,0.0,89,29
2026-05-21 07:50:40,2026-05-21,4,羽毛球馆-15号,15:00-16:00,0,1,可预约,￥12.0,晴,17,13,4,0.0,88,29
2026-05-21 07:53:31,2026-05-21,4,羽毛球馆-15号,15:00-16:00,0,1,可预约,￥12.0,晴,17,12,5,0.0,86,29
2026-05-21 07:56:31,2026-05-21,4,羽毛球馆-15号,15:00-16:00,0,1,可预约,￥12.0,晴,17,12,5,0.0,86,29
2026-05-21 07:59:26,2026-05-21,4,羽毛球馆-15号,15:00-16:00,0,1,可预约,￥12.0,晴,17,12,5,0.0,86,29
2026-05-21 00:30:49,2026-05-21,4,羽毛球馆-15号,16:00-17:00,1,1,已售/已满,已售,多云,15,13,3,0.0,100,26
2026-05-21 01:00:55,2026-05-21,4,羽毛球馆-15号,16:00-17:00,1,1,已售/已满,已售,多云,15,12,4,0.0,100,26
2026-05-21 01:30:47,2026-05-21,4,羽毛球馆-15号,16:00-17:00,1,1,已售/已满,已售,多云,15,13,4,0.0,100,28
2026-05-21 02:00:53,2026-05-21,4,羽毛球馆-15号,16:00-17:00,1,1,已售/已满,已售,多云,15,12,4,0.0,100,28
2026-05-21 02:30:49,2026-05-21,4,羽毛球馆-15号,16:00-17:00,1,1,已售/已满,已售,多云,15,14,3,0.0,100,29
2026-05-21 03:00:55,2026-05-21,4,羽毛球馆-15号,16:00-17:00,1,1,已售/已满,已售,多云,15,12,4,0.0,100,29
2026-05-21 03:30:49,2026-05-21,4,羽毛球馆-15号,16:00-17:00,1,1,已售/已满,已售,多云,15,14,3,0.0,100,30
2026-05-21 04:30:45,2026-05-21,4,羽毛球馆-15号,16:00-17:00,1,1,已售/已满,已售,多云,15,12,4,0.0,100,29
2026-05-21 05:00:52,2026-05-21,4,羽毛球馆-15号,16:00-17:00,1,1,已售/已满,已售,多云,15,12,4,0.0,100,29
2026-05-21 05:30:49,2026-05-21,4,羽毛球馆-15号,16:00-17:00,1,1,已售/已满,已售,多云,15,13,3,0.0,100,28
2026-05-21 06:00:50,2026-05-21,4,羽毛球馆-15号,16:00-17:00,1,1,已售/已满,已售,多云,15,13,4,0.0,99,28
2026-05-21 06:30:38,2026-05-21,4,羽毛球馆-15号,16:00-17:00,1,1,已售/已满,已售,多云,15,13,3,0.0,97,28
2026-05-21 07:00:43,2026-05-21,4,羽毛球馆-15号,16:00-17:00,1,1,已售/已满,已售,晴,15,11,5,0.0,93,28
2026-05-21 07:30:39,2026-05-21,4,羽毛球馆-15号,16:00-17:00,1,1,已售/已满,已售,晴,17,13,4,0.0,89,29
2026-05-21 07:50:40,2026-05-21,4,羽毛球馆-15号,16:00-17:00,1,1,已售/已满,已售,晴,17,13,4,0.0,88,29
2026-05-21 07:53:31,2026-05-21,4,羽毛球馆-15号,16:00-17:00,1,1,已售/已满,已售,晴,17,12,5,0.0,86,29
2026-05-21 07:56:31,2026-05-21,4,羽毛球馆-15号,16:00-17:00,1,1,已售/已满,已售,晴,17,12,5,0.0,86,29
2026-05-21 07:59:26,2026-05-21,4,羽毛球馆-15号,16:00-17:00,1,1,已售/已满,已售,晴,17,12,5,0.0,86,29
2026-05-21 00:30:49,2026-05-21,4,羽毛球馆-15号,17:00-18:00,1,1,已售/已满,已售,多云,15,13,3,0.0,100,26
2026-05-21 01:00:55,2026-05-21,4,羽毛球馆-15号,17:00-18:00,1,1,已售/已满,已售,多云,15,12,4,0.0,100,26
2026-05-21 01:30:47,2026-05-21,4,羽毛球馆-15号,17:00-18:00,1,1,已售/已满,已售,多云,15,13,4,0.0,100,28
2026-05-21 02:00:53,2026-05-21,4,羽毛球馆-15号,17:00-18:00,1,1,已售/已满,已售,多云,15,12,4,0.0,100,28
2026-05-21 02:30:49,2026-05-21,4,羽毛球馆-15号,17:00-18:00,1,1,已售/已满,已售,多云,15,14,3,0.0,100,29
2026-05-21 03:00:55,2026-05-21,4,羽毛球馆-15号,17:00-18:00,1,1,已售/已满,已售,多云,15,12,4,0.0,100,29
2026-05-21 03:30:49,2026-05-21,4,羽毛球馆-15号,17:00-18:00,1,1,已售/已满,已售,多云,15,14,3,0.0,100,30
2026-05-21 04:30:45,2026-05-21,4,羽毛球馆-15号,17:00-18:00,1,1,已售/已满,已售,多云,15,12,4,0.0,100,29
2026-05-21 05:00:52,2026-05-21,4,羽毛球馆-15号,17:00-18:00,1,1,已售/已满,已售,多云,15,12,4,0.0,100,29
2026-05-21 05:30:49,2026-05-21,4,羽毛球馆-15号,17:00-18:00,1,1,已售/已满,已售,多云,15,13,3,0.0,100,28
2026-05-21 06:00:50,2026-05-21,4,羽毛球馆-15号,17:00-18:00,1,1,已售/已满,已售,多云,15,13,4,0.0,99,28
2026-05-21 06:30:38,2026-05-21,4,羽毛球馆-15号,17:00-18:00,1,1,已售/已满,已售,多云,15,13,3,0.0,97,28
2026-05-21 07:00:43,2026-05-21,4,羽毛球馆-15号,17:00-18:00,1,1,已售/已满,已售,晴,15,11,5,0.0,93,28
2026-05-21 07:30:39,2026-05-21,4,羽毛球馆-15号,17:00-18:00,1,1,已售/已满,已售,晴,17,13,4,0.0,89,29
2026-05-21 07:50:40,2026-05-21,4,羽毛球馆-15号,17:00-18:00,1,1,已售/已满,已售,晴,17,13,4,0.0,88,29
2026-05-21 07:53:31,2026-05-21,4,羽毛球馆-15号,17:00-18:00,1,1,已售/已满,已售,晴,17,12,5,0.0,86,29
2026-05-21 07:56:31,2026-05-21,4,羽毛球馆-15号,17:00-18:00,1,1,已售/已满,已售,晴,17,12,5,0.0,86,29
2026-05-21 07:59:26,2026-05-21,4,羽毛球馆-15号,17:00-18:00,1,1,已售/已满,已售,晴,17,12,5,0.0,86,29
2026-05-21 00:30:49,2026-05-21,4,羽毛球馆-15号,18:30-19:30,1,1,已售/已满,已售,多云,15,13,3,0.0,100,26
2026-05-21 01:00:55,2026-05-21,4,羽毛球馆-15号,18:30-19:30,1,1,已售/已满,已售,多云,15,12,4,0.0,100,26
2026-05-21 01:30:47,2026-05-21,4,羽毛球馆-15号,18:30-19:30,1,1,已售/已满,已售,多云,15,13,4,0.0,100,28
2026-05-21 02:00:53,2026-05-21,4,羽毛球馆-15号,18:30-19:30,1,1,已售/已满,已售,多云,15,12,4,0.0,100,28
2026-05-21 02:30:49,2026-05-21,4,羽毛球馆-15号,18:30-19:30,1,1,已售/已满,已售,多云,15,14,3,0.0,100,29
2026-05-21 03:00:55,2026-05-21,4,羽毛球馆-15号,18:30-19:30,1,1,已售/已满,已售,多云,15,12,4,0.0,100,29
2026-05-21 03:30:49,2026-05-21,4,羽毛球馆-15号,18:30-19:30,1,1,已售/已满,已售,多云,15,14,3,0.0,100,30
2026-05-21 04:30:45,2026-05-21,4,羽毛球馆-15号,18:30-19:30,1,1,已售/已满,已售,多云,15,12,4,0.0,100,29
2026-05-21 05:00:52,2026-05-21,4,羽毛球馆-15号,18:30-19:30,1,1,已售/已满,已售,多云,15,12,4,0.0,100,29
2026-05-21 05:30:49,2026-05-21,4,羽毛球馆-15号,18:30-19:30,1,1,已售/已满,已售,多云,15,13,3,0.0,100,28
2026-05-21 06:00:50,2026-05-21,4,羽毛球馆-15号,18:30-19:30,1,1,已售/已满,已售,多云,15,13,4,0.0,99,28
2026-05-21 06:30:38,2026-05-21,4,羽毛球馆-15号,18:30-19:30,1,1,已售/已满,已售,多云,15,13,3,0.0,97,28
2026-05-21 07:00:43,2026-05-21,4,羽毛球馆-15号,18:30-19:30,1,1,已售/已满,已售,晴,15,11,5,0.0,93,28
2026-05-21 07:30:39,2026-05-21,4,羽毛球馆-15号,18:30-19:30,1,1,已售/已满,已售,晴,17,13,4,0.0,89,29
2026-05-21 07:50:40,2026-05-21,4,羽毛球馆-15号,18:30-19:30,1,1,已售/已满,已售,晴,17,13,4,0.0,88,29
2026-05-21 07:53:31,2026-05-21,4,羽毛球馆-15号,18:30-19:30,1,1,已售/已满,已售,晴,17,12,5,0.0,86,29
2026-05-21 07:56:31,2026-05-21,4,羽毛球馆-15号,18:30-19:30,1,1,已售/已满,已售,晴,17,12,5,0.0,86,29
2026-05-21 07:59:26,2026-05-21,4,羽毛球馆-15号,18:30-19:30,1,1,已售/已满,已售,晴,17,12,5,0.0,86,29
2026-05-21 00:30:49,2026-05-21,4,羽毛球馆-15号,19:30-20:30,1,1,已售/已满,已售,多云,15,13,3,0.0,100,26
2026-05-21 01:00:55,2026-05-21,4,羽毛球馆-15号,19:30-20:30,1,1,已售/已满,已售,多云,15,12,4,0.0,100,26
2026-05-21 01:30:47,2026-05-21,4,羽毛球馆-15号,19:30-20:30,1,1,已售/已满,已售,多云,15,13,4,0.0,100,28
2026-05-21 02:00:53,2026-05-21,4,羽毛球馆-15号,19:30-20:30,1,1,已售/已满,已售,多云,15,12,4,0.0,100,28
2026-05-21 02:30:49,2026-05-21,4,羽毛球馆-15号,19:30-20:30,1,1,已售/已满,已售,多云,15,14,3,0.0,100,29
2026-05-21 03:00:55,2026-05-21,4,羽毛球馆-15号,19:30-20:30,1,1,已售/已满,已售,多云,15,12,4,0.0,100,29
2026-05-21 03:30:49,2026-05-21,4,羽毛球馆-15号,19:30-20:30,1,1,已售/已满,已售,多云,15,14,3,0.0,100,30
2026-05-21 04:30:45,2026-05-21,4,羽毛球馆-15号,19:30-20:30,1,1,已售/已满,已售,多云,15,12,4,0.0,100,29
2026-05-21 05:00:52,2026-05-21,4,羽毛球馆-15号,19:30-20:30,1,1,已售/已满,已售,多云,15,12,4,0.0,100,29
2026-05-21 05:30:49,2026-05-21,4,羽毛球馆-15号,19:30-20:30,1,1,已售/已满,已售,多云,15,13,3,0.0,100,28
2026-05-21 06:00:50,2026-05-21,4,羽毛球馆-15号,19:30-20:30,1,1,已售/已满,已售,多云,15,13,4,0.0,99,28
2026-05-21 06:30:38,2026-05-21,4,羽毛球馆-15号,19:30-20:30,1,1,已售/已满,已售,多云,15,13,3,0.0,97,28
2026-05-21 07:00:43,2026-05-21,4,羽毛球馆-15号,19:30-20:30,1,1,已售/已满,已售,晴,15,11,5,0.0,93,28
2026-05-21 07:30:39,2026-05-21,4,羽毛球馆-15号,19:30-20:30,1,1,已售/已满,已售,晴,17,13,4,0.0,89,29
2026-05-21 07:50:40,2026-05-21,4,羽毛球馆-15号,19:30-20:30,1,1,已售/已满,已售,晴,17,13,4,0.0,88,29
2026-05-21 07:53:31,2026-05-21,4,羽毛球馆-15号,19:30-20:30,1,1,已售/已满,已售,晴,17,12,5,0.0,86,29
2026-05-21 07:56:31,2026-05-21,4,羽毛球馆-15号,19:30-20:30,1,1,已售/已满,已售,晴,17,12,5,0.0,86,29
2026-05-21 07:59:26,2026-05-21,4,羽毛球馆-15号,19:30-20:30,1,1,已售/已满,已售,晴,17,12,5,0.0,86,29
2026-05-21 00:30:49,2026-05-21,4,羽毛球馆-15号,20:30-21:30,1,1,已售/已满,已售,多云,15,13,3,0.0,100,26
2026-05-21 01:00:55,2026-05-21,4,羽毛球馆-15号,20:30-21:30,1,1,已售/已满,已售,多云,15,12,4,0.0,100,26
2026-05-21 01:30:47,2026-05-21,4,羽毛球馆-15号,20:30-21:30,1,1,已售/已满,已售,多云,15,13,4,0.0,100,28
2026-05-21 02:00:53,2026-05-21,4,羽毛球馆-15号,20:30-21:30,1,1,已售/已满,已售,多云,15,12,4,0.0,100,28
2026-05-21 02:30:49,2026-05-21,4,羽毛球馆-15号,20:30-21:30,1,1,已售/已满,已售,多云,15,14,3,0.0,100,29
2026-05-21 03:00:55,2026-05-21,4,羽毛球馆-15号,20:30-21:30,1,1,已售/已满,已售,多云,15,12,4,0.0,100,29
2026-05-21 03:30:49,2026-05-21,4,羽毛球馆-15号,20:30-21:30,1,1,已售/已满,已售,多云,15,14,3,0.0,100,30
2026-05-21 04:30:45,2026-05-21,4,羽毛球馆-15号,20:30-21:30,1,1,已售/已满,已售,多云,15,12,4,0.0,100,29
2026-05-21 05:00:52,2026-05-21,4,羽毛球馆-15号,20:30-21:30,1,1,已售/已满,已售,多云,15,12,4,0.0,100,29
2026-05-21 05:30:49,2026-05-21,4,羽毛球馆-15号,20:30-21:30,1,1,已售/已满,已售,多云,15,13,3,0.0,100,28
2026-05-21 06:00:50,2026-05-21,4,羽毛球馆-15号,20:30-21:30,1,1,已售/已满,已售,多云,15,13,4,0.0,99,28
2026-05-21 06:30:38,2026-05-21,4,羽毛球馆-15号,20:30-21:30,1,1,已售/已满,已售,多云,15,13,3,0.0,97,28
2026-05-21 07:00:43,2026-05-21,4,羽毛球馆-15号,20:30-21:30,1,1,已售/已满,已售,晴,15,11,5,0.0,93,28
2026-05-21 07:30:39,2026-05-21,4,羽毛球馆-15号,20:30-21:30,1,1,已售/已满,已售,晴,17,13,4,0.0,89,29
2026-05-21 07:50:40,2026-05-21,4,羽毛球馆-15号,20:30-21:30,1,1,已售/已满,已售,晴,17,13,4,0.0,88,29
2026-05-21 07:53:31,2026-05-21,4,羽毛球馆-15号,20:30-21:30,1,1,已售/已满,已售,晴,17,12,5,0.0,86,29
2026-05-21 07:56:31,2026-05-21,4,羽毛球馆-15号,20:30-21:30,1,1,已售/已满,已售,晴,17,12,5,0.0,86,29
2026-05-21 07:59:26,2026-05-21,4,羽毛球馆-15号,20:30-21:30,1,1,已售/已满,已售,晴,17,12,5,0.0,86,29
2026-05-21 00:30:49,2026-05-21,4,羽毛球馆-16号,07:00-08:00,0,1,可预约,￥0.0,多云,15,13,3,0.0,100,26
2026-05-21 01:00:55,2026-05-21,4,羽毛球馆-16号,07:00-08:00,0,1,可预约,￥0.0,多云,15,12,4,0.0,100,26
2026-05-21 01:30:47,2026-05-21,4,羽毛球馆-16号,07:00-08:00,0,1,可预约,￥0.0,多云,15,13,4,0.0,100,28
2026-05-21 02:00:53,2026-05-21,4,羽毛球馆-16号,07:00-08:00,0,1,可预约,￥0.0,多云,15,12,4,0.0,100,28
2026-05-21 02:30:49,2026-05-21,4,羽毛球馆-16号,07:00-08:00,0,1,可预约,￥0.0,多云,15,14,3,0.0,100,29
2026-05-21 03:00:55,2026-05-21,4,羽毛球馆-16号,07:00-08:00,0,1,可预约,￥0.0,多云,15,12,4,0.0,100,29
2026-05-21 03:30:49,2026-05-21,4,羽毛球馆-16号,07:00-08:00,0,1,可预约,￥0.0,多云,15,14,3,0.0,100,30
2026-05-21 04:30:45,2026-05-21,4,羽毛球馆-16号,07:00-08:00,0,1,可预约,￥0.0,多云,15,12,4,0.0,100,29
2026-05-21 05:00:52,2026-05-21,4,羽毛球馆-16号,07:00-08:00,0,1,可预约,￥0.0,多云,15,12,4,0.0,100,29
2026-05-21 05:30:49,2026-05-21,4,羽毛球馆-16号,07:00-08:00,0,1,可预约,￥0.0,多云,15,13,3,0.0,100,28
2026-05-21 06:00:50,2026-05-21,4,羽毛球馆-16号,07:00-08:00,0,1,可预约,￥0.0,多云,15,13,4,0.0,99,28
2026-05-21 06:30:38,2026-05-21,4,羽毛球馆-16号,07:00-08:00,0,1,可预约,￥0.0,多云,15,13,3,0.0,97,28
2026-05-21 07:00:43,2026-05-21,4,羽毛球馆-16号,07:00-08:00,0,1,可预约,￥0.0,晴,15,11,5,0.0,93,28
2026-05-21 07:30:39,2026-05-21,4,羽毛球馆-16号,07:00-08:00,0,1,可预约,￥0.0,晴,17,13,4,0.0,89,29
2026-05-21 07:50:40,2026-05-21,4,羽毛球馆-16号,07:00-08:00,0,1,可预约,￥0.0,晴,17,13,4,0.0,88,29
2026-05-21 07:53:31,2026-05-21,4,羽毛球馆-16号,07:00-08:00,0,1,可预约,￥0.0,晴,17,12,5,0.0,86,29
2026-05-21 07:56:31,2026-05-21,4,羽毛球馆-16号,07:00-08:00,0,1,可预约,￥0.0,晴,17,12,5,0.0,86,29
2026-05-21 07:59:26,2026-05-21,4,羽毛球馆-16号,07:00-08:00,0,1,可预约,￥0.0,晴,17,12,5,0.0,86,29
2026-05-21 00:30:49,2026-05-21,4,羽毛球馆-16号,08:00-09:00,0,1,可预约,￥0.0,多云,15,13,3,0.0,100,26
2026-05-21 01:00:55,2026-05-21,4,羽毛球馆-16号,08:00-09:00,0,1,可预约,￥0.0,多云,15,12,4,0.0,100,26
2026-05-21 01:30:47,2026-05-21,4,羽毛球馆-16号,08:00-09:00,0,1,可预约,￥0.0,多云,15,13,4,0.0,100,28
2026-05-21 02:00:53,2026-05-21,4,羽毛球馆-16号,08:00-09:00,0,1,可预约,￥0.0,多云,15,12,4,0.0,100,28
2026-05-21 02:30:49,2026-05-21,4,羽毛球馆-16号,08:00-09:00,0,1,可预约,￥0.0,多云,15,14,3,0.0,100,29
2026-05-21 03:00:55,2026-05-21,4,羽毛球馆-16号,08:00-09:00,0,1,可预约,￥0.0,多云,15,12,4,0.0,100,29
2026-05-21 03:30:49,2026-05-21,4,羽毛球馆-16号,08:00-09:00,0,1,可预约,￥0.0,多云,15,14,3,0.0,100,30
2026-05-21 04:30:45,2026-05-21,4,羽毛球馆-16号,08:00-09:00,0,1,可预约,￥0.0,多云,15,12,4,0.0,100,29
2026-05-21 05:00:52,2026-05-21,4,羽毛球馆-16号,08:00-09:00,0,1,可预约,￥0.0,多云,15,12,4,0.0,100,29
2026-05-21 05:30:49,2026-05-21,4,羽毛球馆-16号,08:00-09:00,0,1,可预约,￥0.0,多云,15,13,3,0.0,100,28
2026-05-21 06:00:50,2026-05-21,4,羽毛球馆-16号,08:00-09:00,0,1,可预约,￥0.0,多云,15,13,4,0.0,99,28
2026-05-21 06:30:38,2026-05-21,4,羽毛球馆-16号,08:00-09:00,0,1,可预约,￥0.0,多云,15,13,3,0.0,97,28
2026-05-21 07:00:43,2026-05-21,4,羽毛球馆-16号,08:00-09:00,0,1,可预约,￥0.0,晴,15,11,5,0.0,93,28
2026-05-21 07:30:39,2026-05-21,4,羽毛球馆-16号,08:00-09:00,0,1,可预约,￥0.0,晴,17,13,4,0.0,89,29
2026-05-21 07:50:40,2026-05-21,4,羽毛球馆-16号,08:00-09:00,0,1,可预约,￥0.0,晴,17,13,4,0.0,88,29
2026-05-21 07:53:31,2026-05-21,4,羽毛球馆-16号,08:00-09:00,0,1,可预约,￥0.0,晴,17,12,5,0.0,86,29
2026-05-21 07:56:31,2026-05-21,4,羽毛球馆-16号,08:00-09:00,0,1,可预约,￥0.0,晴,17,12,5,0.0,86,29
2026-05-21 07:59:26,2026-05-21,4,羽毛球馆-16号,08:00-09:00,0,1,可预约,￥0.0,晴,17,12,5,0.0,86,29
2026-05-21 00:30:49,2026-05-21,4,羽毛球馆-16号,09:00-10:00,0,1,可预约,￥12.0,多云,15,13,3,0.0,100,26
2026-05-21 01:00:55,2026-05-21,4,羽毛球馆-16号,09:00-10:00,0,1,可预约,￥12.0,多云,15,12,4,0.0,100,26
2026-05-21 01:30:47,2026-05-21,4,羽毛球馆-16号,09:00-10:00,0,1,可预约,￥12.0,多云,15,13,4,0.0,100,28
2026-05-21 02:00:53,2026-05-21,4,羽毛球馆-16号,09:00-10:00,0,1,可预约,￥12.0,多云,15,12,4,0.0,100,28
2026-05-21 02:30:49,2026-05-21,4,羽毛球馆-16号,09:00-10:00,0,1,可预约,￥12.0,多云,15,14,3,0.0,100,29
2026-05-21 03:00:55,2026-05-21,4,羽毛球馆-16号,09:00-10:00,0,1,可预约,￥12.0,多云,15,12,4,0.0,100,29
2026-05-21 03:30:49,2026-05-21,4,羽毛球馆-16号,09:00-10:00,0,1,可预约,￥12.0,多云,15,14,3,0.0,100,30
2026-05-21 04:30:45,2026-05-21,4,羽毛球馆-16号,09:00-10:00,0,1,可预约,￥12.0,多云,15,12,4,0.0,100,29
2026-05-21 05:00:52,2026-05-21,4,羽毛球馆-16号,09:00-10:00,0,1,可预约,￥12.0,多云,15,12,4,0.0,100,29
2026-05-21 05:30:49,2026-05-21,4,羽毛球馆-16号,09:00-10:00,0,1,可预约,￥12.0,多云,15,13,3,0.0,100,28
2026-05-21 06:00:50,2026-05-21,4,羽毛球馆-16号,09:00-10:00,0,1,可预约,￥12.0,多云,15,13,4,0.0,99,28
2026-05-21 06:30:38,2026-05-21,4,羽毛球馆-16号,09:00-10:00,0,1,可预约,￥12.0,多云,15,13,3,0.0,97,28
2026-05-21 07:00:43,2026-05-21,4,羽毛球馆-16号,09:00-10:00,0,1,可预约,￥12.0,晴,15,11,5,0.0,93,28
2026-05-21 07:30:39,2026-05-21,4,羽毛球馆-16号,09:00-10:00,0,1,可预约,￥12.0,晴,17,13,4,0.0,89,29
2026-05-21 07:50:40,2026-05-21,4,羽毛球馆-16号,09:00-10:00,0,1,可预约,￥12.0,晴,17,13,4,0.0,88,29
2026-05-21 07:53:31,2026-05-21,4,羽毛球馆-16号,09:00-10:00,0,1,可预约,￥12.0,晴,17,12,5,0.0,86,29
2026-05-21 07:56:31,2026-05-21,4,羽毛球馆-16号,09:00-10:00,0,1,可预约,￥12.0,晴,17,12,5,0.0,86,29
2026-05-21 07:59:26,2026-05-21,4,羽毛球馆-16号,09:00-10:00,0,1,可预约,￥12.0,晴,17,12,5,0.0,86,29
2026-05-21 00:30:49,2026-05-21,4,羽毛球馆-16号,10:00-11:00,1,1,已售/已满,教学时间,多云,15,13,3,0.0,100,26
2026-05-21 01:00:55,2026-05-21,4,羽毛球馆-16号,10:00-11:00,1,1,已售/已满,教学时间,多云,15,12,4,0.0,100,26
2026-05-21 01:30:47,2026-05-21,4,羽毛球馆-16号,10:00-11:00,1,1,已售/已满,教学时间,多云,15,13,4,0.0,100,28
2026-05-21 02:00:53,2026-05-21,4,羽毛球馆-16号,10:00-11:00,1,1,已售/已满,教学时间,多云,15,12,4,0.0,100,28
2026-05-21 02:30:49,2026-05-21,4,羽毛球馆-16号,10:00-11:00,1,1,已售/已满,教学时间,多云,15,14,3,0.0,100,29
2026-05-21 03:00:55,2026-05-21,4,羽毛球馆-16号,10:00-11:00,1,1,已售/已满,教学时间,多云,15,12,4,0.0,100,29
2026-05-21 03:30:49,2026-05-21,4,羽毛球馆-16号,10:00-11:00,1,1,已售/已满,教学时间,多云,15,14,3,0.0,100,30
2026-05-21 04:30:45,2026-05-21,4,羽毛球馆-16号,10:00-11:00,1,1,已售/已满,教学时间,多云,15,12,4,0.0,100,29
2026-05-21 05:00:52,2026-05-21,4,羽毛球馆-16号,10:00-11:00,1,1,已售/已满,教学时间,多云,15,12,4,0.0,100,29
2026-05-21 05:30:49,2026-05-21,4,羽毛球馆-16号,10:00-11:00,1,1,已售/已满,教学时间,多云,15,13,3,0.0,100,28
2026-05-21 06:00:50,2026-05-21,4,羽毛球馆-16号,10:00-11:00,1,1,已售/已满,教学时间,多云,15,13,4,0.0,99,28
2026-05-21 06:30:38,2026-05-21,4,羽毛球馆-16号,10:00-11:00,1,1,已售/已满,教学时间,多云,15,13,3,0.0,97,28
2026-05-21 07:00:43,2026-05-21,4,羽毛球馆-16号,10:00-11:00,1,1,已售/已满,教学时间,晴,15,11,5,0.0,93,28
2026-05-21 07:30:39,2026-05-21,4,羽毛球馆-16号,10:00-11:00,1,1,已售/已满,教学时间,晴,17,13,4,0.0,89,29
2026-05-21 07:50:40,2026-05-21,4,羽毛球馆-16号,10:00-11:00,1,1,已售/已满,教学时间,晴,17,13,4,0.0,88,29
2026-05-21 07:53:31,2026-05-21,4,羽毛球馆-16号,10:00-11:00,1,1,已售/已满,教学时间,晴,17,12,5,0.0,86,29
2026-05-21 07:56:31,2026-05-21,4,羽毛球馆-16号,10:00-11:00,1,1,已售/已满,教学时间,晴,17,12,5,0.0,86,29
2026-05-21 07:59:26,2026-05-21,4,羽毛球馆-16号,10:00-11:00,1,1,已售/已满,教学时间,晴,17,12,5,0.0,86,29
2026-05-21 00:30:49,2026-05-21,4,羽毛球馆-16号,11:00-12:00,1,1,已售/已满,教学时间,多云,15,13,3,0.0,100,26
2026-05-21 01:00:55,2026-05-21,4,羽毛球馆-16号,11:00-12:00,1,1,已售/已满,教学时间,多云,15,12,4,0.0,100,26
2026-05-21 01:30:47,2026-05-21,4,羽毛球馆-16号,11:00-12:00,1,1,已售/已满,教学时间,多云,15,13,4,0.0,100,28
2026-05-21 02:00:53,2026-05-21,4,羽毛球馆-16号,11:00-12:00,1,1,已售/已满,教学时间,多云,15,12,4,0.0,100,28
2026-05-21 02:30:49,2026-05-21,4,羽毛球馆-16号,11:00-12:00,1,1,已售/已满,教学时间,多云,15,14,3,0.0,100,29
2026-05-21 03:00:55,2026-05-21,4,羽毛球馆-16号,11:00-12:00,1,1,已售/已满,教学时间,多云,15,12,4,0.0,100,29
2026-05-21 03:30:49,2026-05-21,4,羽毛球馆-16号,11:00-12:00,1,1,已售/已满,教学时间,多云,15,14,3,0.0,100,30
2026-05-21 04:30:45,2026-05-21,4,羽毛球馆-16号,11:00-12:00,1,1,已售/已满,教学时间,多云,15,12,4,0.0,100,29
2026-05-21 05:00:52,2026-05-21,4,羽毛球馆-16号,11:00-12:00,1,1,已售/已满,教学时间,多云,15,12,4,0.0,100,29
2026-05-21 05:30:49,2026-05-21,4,羽毛球馆-16号,11:00-12:00,1,1,已售/已满,教学时间,多云,15,13,3,0.0,100,28
2026-05-21 06:00:50,2026-05-21,4,羽毛球馆-16号,11:00-12:00,1,1,已售/已满,教学时间,多云,15,13,4,0.0,99,28
2026-05-21 06:30:38,2026-05-21,4,羽毛球馆-16号,11:00-12:00,1,1,已售/已满,教学时间,多云,15,13,3,0.0,97,28
2026-05-21 07:00:43,2026-05-21,4,羽毛球馆-16号,11:00-12:00,1,1,已售/已满,教学时间,晴,15,11,5,0.0,93,28
2026-05-21 07:30:39,2026-05-21,4,羽毛球馆-16号,11:00-12:00,1,1,已售/已满,教学时间,晴,17,13,4,0.0,89,29
2026-05-21 07:50:40,2026-05-21,4,羽毛球馆-16号,11:00-12:00,1,1,已售/已满,教学时间,晴,17,13,4,0.0,88,29
2026-05-21 07:53:31,2026-05-21,4,羽毛球馆-16号,11:00-12:00,1,1,已售/已满,教学时间,晴,17,12,5,0.0,86,29
2026-05-21 07:56:31,2026-05-21,4,羽毛球馆-16号,11:00-12:00,1,1,已售/已满,教学时间,晴,17,12,5,0.0,86,29
2026-05-21 07:59:26,2026-05-21,4,羽毛球馆-16号,11:00-12:00,1,1,已售/已满,教学时间,晴,17,12,5,0.0,86,29
2026-05-21 00:30:49,2026-05-21,4,羽毛球馆-16号,12:00-12:55,1,1,已售/已满,已售,多云,15,13,3,0.0,100,26
2026-05-21 01:00:55,2026-05-21,4,羽毛球馆-16号,12:00-12:55,1,1,已售/已满,已售,多云,15,12,4,0.0,100,26
2026-05-21 01:30:47,2026-05-21,4,羽毛球馆-16号,12:00-12:55,1,1,已售/已满,已售,多云,15,13,4,0.0,100,28
2026-05-21 02:00:53,2026-05-21,4,羽毛球馆-16号,12:00-12:55,1,1,已售/已满,已售,多云,15,12,4,0.0,100,28
2026-05-21 02:30:49,2026-05-21,4,羽毛球馆-16号,12:00-12:55,1,1,已售/已满,已售,多云,15,14,3,0.0,100,29
2026-05-21 03:00:55,2026-05-21,4,羽毛球馆-16号,12:00-12:55,1,1,已售/已满,已售,多云,15,12,4,0.0,100,29
2026-05-21 03:30:49,2026-05-21,4,羽毛球馆-16号,12:00-12:55,1,1,已售/已满,已售,多云,15,14,3,0.0,100,30
2026-05-21 04:30:45,2026-05-21,4,羽毛球馆-16号,12:00-12:55,1,1,已售/已满,已售,多云,15,12,4,0.0,100,29
2026-05-21 05:00:52,2026-05-21,4,羽毛球馆-16号,12:00-12:55,1,1,已售/已满,已售,多云,15,12,4,0.0,100,29
2026-05-21 05:30:49,2026-05-21,4,羽毛球馆-16号,12:00-12:55,1,1,已售/已满,已售,多云,15,13,3,0.0,100,28
2026-05-21 06:00:50,2026-05-21,4,羽毛球馆-16号,12:00-12:55,1,1,已售/已满,已售,多云,15,13,4,0.0,99,28
2026-05-21 06:30:38,2026-05-21,4,羽毛球馆-16号,12:00-12:55,1,1,已售/已满,已售,多云,15,13,3,0.0,97,28
2026-05-21 07:00:43,2026-05-21,4,羽毛球馆-16号,12:00-12:55,1,1,已售/已满,已售,晴,15,11,5,0.0,93,28
2026-05-21 07:30:39,2026-05-21,4,羽毛球馆-16号,12:00-12:55,1,1,已售/已满,已售,晴,17,13,4,0.0,89,29
2026-05-21 07:50:40,2026-05-21,4,羽毛球馆-16号,12:00-12:55,1,1,已售/已满,已售,晴,17,13,4,0.0,88,29
2026-05-21 07:53:31,2026-05-21,4,羽毛球馆-16号,12:00-12:55,1,1,已售/已满,已售,晴,17,12,5,0.0,86,29
2026-05-21 07:56:31,2026-05-21,4,羽毛球馆-16号,12:00-12:55,1,1,已售/已满,已售,晴,17,12,5,0.0,86,29
2026-05-21 07:59:26,2026-05-21,4,羽毛球馆-16号,12:00-12:55,1,1,已售/已满,已售,晴,17,12,5,0.0,86,29
2026-05-21 00:30:49,2026-05-21,4,羽毛球馆-16号,12:55-13:50,1,1,已售/已满,已售,多云,15,13,3,0.0,100,26
2026-05-21 01:00:55,2026-05-21,4,羽毛球馆-16号,12:55-13:50,1,1,已售/已满,已售,多云,15,12,4,0.0,100,26
2026-05-21 01:30:47,2026-05-21,4,羽毛球馆-16号,12:55-13:50,1,1,已售/已满,已售,多云,15,13,4,0.0,100,28
2026-05-21 02:00:53,2026-05-21,4,羽毛球馆-16号,12:55-13:50,1,1,已售/已满,已售,多云,15,12,4,0.0,100,28
2026-05-21 02:30:49,2026-05-21,4,羽毛球馆-16号,12:55-13:50,1,1,已售/已满,已售,多云,15,14,3,0.0,100,29
2026-05-21 03:00:55,2026-05-21,4,羽毛球馆-16号,12:55-13:50,1,1,已售/已满,已售,多云,15,12,4,0.0,100,29
2026-05-21 03:30:49,2026-05-21,4,羽毛球馆-16号,12:55-13:50,1,1,已售/已满,已售,多云,15,14,3,0.0,100,30
2026-05-21 04:30:45,2026-05-21,4,羽毛球馆-16号,12:55-13:50,1,1,已售/已满,已售,多云,15,12,4,0.0,100,29
2026-05-21 05:00:52,2026-05-21,4,羽毛球馆-16号,12:55-13:50,1,1,已售/已满,已售,多云,15,12,4,0.0,100,29
2026-05-21 05:30:49,2026-05-21,4,羽毛球馆-16号,12:55-13:50,1,1,已售/已满,已售,多云,15,13,3,0.0,100,28
2026-05-21 06:00:50,2026-05-21,4,羽毛球馆-16号,12:55-13:50,1,1,已售/已满,已售,多云,15,13,4,0.0,99,28
2026-05-21 06:30:38,2026-05-21,4,羽毛球馆-16号,12:55-13:50,1,1,已售/已满,已售,多云,15,13,3,0.0,97,28
2026-05-21 07:00:43,2026-05-21,4,羽毛球馆-16号,12:55-13:50,1,1,已售/已满,已售,晴,15,11,5,0.0,93,28
2026-05-21 07:30:39,2026-05-21,4,羽毛球馆-16号,12:55-13:50,1,1,已售/已满,已售,晴,17,13,4,0.0,89,29
2026-05-21 07:50:40,2026-05-21,4,羽毛球馆-16号,12:55-13:50,1,1,已售/已满,已售,晴,17,13,4,0.0,88,29
2026-05-21 07:53:31,2026-05-21,4,羽毛球馆-16号,12:55-13:50,1,1,已售/已满,已售,晴,17,12,5,0.0,86,29
2026-05-21 07:56:31,2026-05-21,4,羽毛球馆-16号,12:55-13:50,1,1,已售/已满,已售,晴,17,12,5,0.0,86,29
2026-05-21 07:59:26,2026-05-21,4,羽毛球馆-16号,12:55-13:50,1,1,已售/已满,已售,晴,17,12,5,0.0,86,29
2026-05-21 00:30:49,2026-05-21,4,羽毛球馆-16号,14:00-15:00,0,1,可预约,￥12.0,多云,15,13,3,0.0,100,26
2026-05-21 01:00:55,2026-05-21,4,羽毛球馆-16号,14:00-15:00,0,1,可预约,￥12.0,多云,15,12,4,0.0,100,26
2026-05-21 01:30:47,2026-05-21,4,羽毛球馆-16号,14:00-15:00,0,1,可预约,￥12.0,多云,15,13,4,0.0,100,28
2026-05-21 02:00:53,2026-05-21,4,羽毛球馆-16号,14:00-15:00,0,1,可预约,￥12.0,多云,15,12,4,0.0,100,28
2026-05-21 02:30:49,2026-05-21,4,羽毛球馆-16号,14:00-15:00,0,1,可预约,￥12.0,多云,15,14,3,0.0,100,29
2026-05-21 03:00:55,2026-05-21,4,羽毛球馆-16号,14:00-15:00,0,1,可预约,￥12.0,多云,15,12,4,0.0,100,29
2026-05-21 03:30:49,2026-05-21,4,羽毛球馆-16号,14:00-15:00,0,1,可预约,￥12.0,多云,15,14,3,0.0,100,30
2026-05-21 04:30:45,2026-05-21,4,羽毛球馆-16号,14:00-15:00,0,1,可预约,￥12.0,多云,15,12,4,0.0,100,29
2026-05-21 05:00:52,2026-05-21,4,羽毛球馆-16号,14:00-15:00,0,1,可预约,￥12.0,多云,15,12,4,0.0,100,29
2026-05-21 05:30:49,2026-05-21,4,羽毛球馆-16号,14:00-15:00,0,1,可预约,￥12.0,多云,15,13,3,0.0,100,28
2026-05-21 06:00:50,2026-05-21,4,羽毛球馆-16号,14:00-15:00,0,1,可预约,￥12.0,多云,15,13,4,0.0,99,28
2026-05-21 06:30:38,2026-05-21,4,羽毛球馆-16号,14:00-15:00,0,1,可预约,￥12.0,多云,15,13,3,0.0,97,28
2026-05-21 07:00:43,2026-05-21,4,羽毛球馆-16号,14:00-15:00,0,1,可预约,￥12.0,晴,15,11,5,0.0,93,28
2026-05-21 07:30:39,2026-05-21,4,羽毛球馆-16号,14:00-15:00,0,1,可预约,￥12.0,晴,17,13,4,0.0,89,29
2026-05-21 07:50:40,2026-05-21,4,羽毛球馆-16号,14:00-15:00,0,1,可预约,￥12.0,晴,17,13,4,0.0,88,29
2026-05-21 07:53:31,2026-05-21,4,羽毛球馆-16号,14:00-15:00,0,1,可预约,￥12.0,晴,17,12,5,0.0,86,29
2026-05-21 07:56:31,2026-05-21,4,羽毛球馆-16号,14:00-15:00,0,1,可预约,￥12.0,晴,17,12,5,0.0,86,29
2026-05-21 07:59:26,2026-05-21,4,羽毛球馆-16号,14:00-15:00,0,1,可预约,￥12.0,晴,17,12,5,0.0,86,29
2026-05-21 00:30:49,2026-05-21,4,羽毛球馆-16号,15:00-16:00,1,1,已售/已满,已售,多云,15,13,3,0.0,100,26
2026-05-21 01:00:55,2026-05-21,4,羽毛球馆-16号,15:00-16:00,1,1,已售/已满,已售,多云,15,12,4,0.0,100,26
2026-05-21 01:30:47,2026-05-21,4,羽毛球馆-16号,15:00-16:00,1,1,已售/已满,已售,多云,15,13,4,0.0,100,28
2026-05-21 02:00:53,2026-05-21,4,羽毛球馆-16号,15:00-16:00,1,1,已售/已满,已售,多云,15,12,4,0.0,100,28
2026-05-21 02:30:49,2026-05-21,4,羽毛球馆-16号,15:00-16:00,1,1,已售/已满,已售,多云,15,14,3,0.0,100,29
2026-05-21 03:00:55,2026-05-21,4,羽毛球馆-16号,15:00-16:00,1,1,已售/已满,已售,多云,15,12,4,0.0,100,29
2026-05-21 03:30:49,2026-05-21,4,羽毛球馆-16号,15:00-16:00,1,1,已售/已满,已售,多云,15,14,3,0.0,100,30
2026-05-21 04:30:45,2026-05-21,4,羽毛球馆-16号,15:00-16:00,1,1,已售/已满,已售,多云,15,12,4,0.0,100,29
2026-05-21 05:00:52,2026-05-21,4,羽毛球馆-16号,15:00-16:00,1,1,已售/已满,已售,多云,15,12,4,0.0,100,29
2026-05-21 05:30:49,2026-05-21,4,羽毛球馆-16号,15:00-16:00,1,1,已售/已满,已售,多云,15,13,3,0.0,100,28
2026-05-21 06:00:50,2026-05-21,4,羽毛球馆-16号,15:00-16:00,1,1,已售/已满,已售,多云,15,13,4,0.0,99,28
2026-05-21 06:30:38,2026-05-21,4,羽毛球馆-16号,15:00-16:00,1,1,已售/已满,已售,多云,15,13,3,0.0,97,28
2026-05-21 07:00:43,2026-05-21,4,羽毛球馆-16号,15:00-16:00,1,1,已售/已满,已售,晴,15,11,5,0.0,93,28
2026-05-21 07:30:39,2026-05-21,4,羽毛球馆-16号,15:00-16:00,1,1,已售/已满,已售,晴,17,13,4,0.0,89,29
2026-05-21 07:50:40,2026-05-21,4,羽毛球馆-16号,15:00-16:00,1,1,已售/已满,已售,晴,17,13,4,0.0,88,29
2026-05-21 07:53:31,2026-05-21,4,羽毛球馆-16号,15:00-16:00,1,1,已售/已满,已售,晴,17,12,5,0.0,86,29
2026-05-21 07:56:31,2026-05-21,4,羽毛球馆-16号,15:00-16:00,1,1,已售/已满,已售,晴,17,12,5,0.0,86,29
2026-05-21 07:59:26,2026-05-21,4,羽毛球馆-16号,15:00-16:00,1,1,已售/已满,已售,晴,17,12,5,0.0,86,29
2026-05-21 00:30:49,2026-05-21,4,羽毛球馆-16号,16:00-17:00,1,1,已售/已满,已售,多云,15,13,3,0.0,100,26
2026-05-21 01:00:55,2026-05-21,4,羽毛球馆-16号,16:00-17:00,1,1,已售/已满,已售,多云,15,12,4,0.0,100,26
2026-05-21 01:30:47,2026-05-21,4,羽毛球馆-16号,16:00-17:00,1,1,已售/已满,已售,多云,15,13,4,0.0,100,28
2026-05-21 02:00:53,2026-05-21,4,羽毛球馆-16号,16:00-17:00,1,1,已售/已满,已售,多云,15,12,4,0.0,100,28
2026-05-21 02:30:49,2026-05-21,4,羽毛球馆-16号,16:00-17:00,1,1,已售/已满,已售,多云,15,14,3,0.0,100,29
2026-05-21 03:00:55,2026-05-21,4,羽毛球馆-16号,16:00-17:00,1,1,已售/已满,已售,多云,15,12,4,0.0,100,29
2026-05-21 03:30:49,2026-05-21,4,羽毛球馆-16号,16:00-17:00,1,1,已售/已满,已售,多云,15,14,3,0.0,100,30
2026-05-21 04:30:45,2026-05-21,4,羽毛球馆-16号,16:00-17:00,1,1,已售/已满,已售,多云,15,12,4,0.0,100,29
2026-05-21 05:00:52,2026-05-21,4,羽毛球馆-16号,16:00-17:00,1,1,已售/已满,已售,多云,15,12,4,0.0,100,29
2026-05-21 05:30:49,2026-05-21,4,羽毛球馆-16号,16:00-17:00,1,1,已售/已满,已售,多云,15,13,3,0.0,100,28
2026-05-21 06:00:50,2026-05-21,4,羽毛球馆-16号,16:00-17:00,1,1,已售/已满,已售,多云,15,13,4,0.0,99,28
2026-05-21 06:30:38,2026-05-21,4,羽毛球馆-16号,16:00-17:00,1,1,已售/已满,已售,多云,15,13,3,0.0,97,28
2026-05-21 07:00:43,2026-05-21,4,羽毛球馆-16号,16:00-17:00,1,1,已售/已满,已售,晴,15,11,5,0.0,93,28
2026-05-21 07:30:39,2026-05-21,4,羽毛球馆-16号,16:00-17:00,1,1,已售/已满,已售,晴,17,13,4,0.0,89,29
2026-05-21 07:50:40,2026-05-21,4,羽毛球馆-16号,16:00-17:00,1,1,已售/已满,已售,晴,17,13,4,0.0,88,29
2026-05-21 07:53:31,2026-05-21,4,羽毛球馆-16号,16:00-17:00,1,1,已售/已满,已售,晴,17,12,5,0.0,86,29
2026-05-21 07:56:31,2026-05-21,4,羽毛球馆-16号,16:00-17:00,1,1,已售/已满,已售,晴,17,12,5,0.0,86,29
2026-05-21 07:59:26,2026-05-21,4,羽毛球馆-16号,16:00-17:00,1,1,已售/已满,已售,晴,17,12,5,0.0,86,29
2026-05-21 00:30:49,2026-05-21,4,羽毛球馆-16号,17:00-18:00,1,1,已售/已满,已售,多云,15,13,3,0.0,100,26
2026-05-21 01:00:55,2026-05-21,4,羽毛球馆-16号,17:00-18:00,1,1,已售/已满,已售,多云,15,12,4,0.0,100,26
2026-05-21 01:30:47,2026-05-21,4,羽毛球馆-16号,17:00-18:00,1,1,已售/已满,已售,多云,15,13,4,0.0,100,28
2026-05-21 02:00:53,2026-05-21,4,羽毛球馆-16号,17:00-18:00,1,1,已售/已满,已售,多云,15,12,4,0.0,100,28
2026-05-21 02:30:49,2026-05-21,4,羽毛球馆-16号,17:00-18:00,1,1,已售/已满,已售,多云,15,14,3,0.0,100,29
2026-05-21 03:00:55,2026-05-21,4,羽毛球馆-16号,17:00-18:00,1,1,已售/已满,已售,多云,15,12,4,0.0,100,29
2026-05-21 03:30:49,2026-05-21,4,羽毛球馆-16号,17:00-18:00,1,1,已售/已满,已售,多云,15,14,3,0.0,100,30
2026-05-21 04:30:45,2026-05-21,4,羽毛球馆-16号,17:00-18:00,1,1,已售/已满,已售,多云,15,12,4,0.0,100,29
2026-05-21 05:00:52,2026-05-21,4,羽毛球馆-16号,17:00-18:00,1,1,已售/已满,已售,多云,15,12,4,0.0,100,29
2026-05-21 05:30:49,2026-05-21,4,羽毛球馆-16号,17:00-18:00,1,1,已售/已满,已售,多云,15,13,3,0.0,100,28
2026-05-21 06:00:50,2026-05-21,4,羽毛球馆-16号,17:00-18:00,1,1,已售/已满,已售,多云,15,13,4,0.0,99,28
2026-05-21 06:30:38,2026-05-21,4,羽毛球馆-16号,17:00-18:00,1,1,已售/已满,已售,多云,15,13,3,0.0,97,28
2026-05-21 07:00:43,2026-05-21,4,羽毛球馆-16号,17:00-18:00,1,1,已售/已满,已售,晴,15,11,5,0.0,93,28
2026-05-21 07:30:39,2026-05-21,4,羽毛球馆-16号,17:00-18:00,1,1,已售/已满,已售,晴,17,13,4,0.0,89,29
2026-05-21 07:50:40,2026-05-21,4,羽毛球馆-16号,17:00-18:00,1,1,已售/已满,已售,晴,17,13,4,0.0,88,29
2026-05-21 07:53:31,2026-05-21,4,羽毛球馆-16号,17:00-18:00,1,1,已售/已满,已售,晴,17,12,5,0.0,86,29
2026-05-21 07:56:31,2026-05-21,4,羽毛球馆-16号,17:00-18:00,1,1,已售/已满,已售,晴,17,12,5,0.0,86,29
2026-05-21 07:59:26,2026-05-21,4,羽毛球馆-16号,17:00-18:00,1,1,已售/已满,已售,晴,17,12,5,0.0,86,29
2026-05-21 00:30:49,2026-05-21,4,羽毛球馆-16号,18:30-19:30,1,1,已售/已满,已售,多云,15,13,3,0.0,100,26
2026-05-21 01:00:55,2026-05-21,4,羽毛球馆-16号,18:30-19:30,1,1,已售/已满,已售,多云,15,12,4,0.0,100,26
2026-05-21 01:30:47,2026-05-21,4,羽毛球馆-16号,18:30-19:30,1,1,已售/已满,已售,多云,15,13,4,0.0,100,28
2026-05-21 02:00:53,2026-05-21,4,羽毛球馆-16号,18:30-19:30,1,1,已售/已满,已售,多云,15,12,4,0.0,100,28
2026-05-21 02:30:49,2026-05-21,4,羽毛球馆-16号,18:30-19:30,1,1,已售/已满,已售,多云,15,14,3,0.0,100,29
2026-05-21 03:00:55,2026-05-21,4,羽毛球馆-16号,18:30-19:30,1,1,已售/已满,已售,多云,15,12,4,0.0,100,29
2026-05-21 03:30:49,2026-05-21,4,羽毛球馆-16号,18:30-19:30,1,1,已售/已满,已售,多云,15,14,3,0.0,100,30
2026-05-21 04:30:45,2026-05-21,4,羽毛球馆-16号,18:30-19:30,1,1,已售/已满,已售,多云,15,12,4,0.0,100,29
2026-05-21 05:00:52,2026-05-21,4,羽毛球馆-16号,18:30-19:30,1,1,已售/已满,已售,多云,15,12,4,0.0,100,29
2026-05-21 05:30:49,2026-05-21,4,羽毛球馆-16号,18:30-19:30,1,1,已售/已满,已售,多云,15,13,3,0.0,100,28
2026-05-21 06:00:50,2026-05-21,4,羽毛球馆-16号,18:30-19:30,1,1,已售/已满,已售,多云,15,13,4,0.0,99,28
2026-05-21 06:30:38,2026-05-21,4,羽毛球馆-16号,18:30-19:30,1,1,已售/已满,已售,多云,15,13,3,0.0,97,28
2026-05-21 07:00:43,2026-05-21,4,羽毛球馆-16号,18:30-19:30,1,1,已售/已满,已售,晴,15,11,5,0.0,93,28
2026-05-21 07:30:39,2026-05-21,4,羽毛球馆-16号,18:30-19:30,1,1,已售/已满,已售,晴,17,13,4,0.0,89,29
2026-05-21 07:50:40,2026-05-21,4,羽毛球馆-16号,18:30-19:30,1,1,已售/已满,已售,晴,17,13,4,0.0,88,29
2026-05-21 07:53:31,2026-05-21,4,羽毛球馆-16号,18:30-19:30,1,1,已售/已满,已售,晴,17,12,5,0.0,86,29
2026-05-21 07:56:31,2026-05-21,4,羽毛球馆-16号,18:30-19:30,1,1,已售/已满,已售,晴,17,12,5,0.0,86,29
2026-05-21 07:59:26,2026-05-21,4,羽毛球馆-16号,18:30-19:30,1,1,已售/已满,已售,晴,17,12,5,0.0,86,29
2026-05-21 00:30:49,2026-05-21,4,羽毛球馆-16号,19:30-20:30,1,1,已售/已满,已售,多云,15,13,3,0.0,100,26
2026-05-21 01:00:55,2026-05-21,4,羽毛球馆-16号,19:30-20:30,1,1,已售/已满,已售,多云,15,12,4,0.0,100,26
2026-05-21 01:30:47,2026-05-21,4,羽毛球馆-16号,19:30-20:30,1,1,已售/已满,已售,多云,15,13,4,0.0,100,28
2026-05-21 02:00:53,2026-05-21,4,羽毛球馆-16号,19:30-20:30,1,1,已售/已满,已售,多云,15,12,4,0.0,100,28
2026-05-21 02:30:49,2026-05-21,4,羽毛球馆-16号,19:30-20:30,1,1,已售/已满,已售,多云,15,14,3,0.0,100,29
2026-05-21 03:00:55,2026-05-21,4,羽毛球馆-16号,19:30-20:30,1,1,已售/已满,已售,多云,15,12,4,0.0,100,29
2026-05-21 03:30:49,2026-05-21,4,羽毛球馆-16号,19:30-20:30,1,1,已售/已满,已售,多云,15,14,3,0.0,100,30
2026-05-21 04:30:45,2026-05-21,4,羽毛球馆-16号,19:30-20:30,1,1,已售/已满,已售,多云,15,12,4,0.0,100,29
2026-05-21 05:00:52,2026-05-21,4,羽毛球馆-16号,19:30-20:30,1,1,已售/已满,已售,多云,15,12,4,0.0,100,29
2026-05-21 05:30:49,2026-05-21,4,羽毛球馆-16号,19:30-20:30,1,1,已售/已满,已售,多云,15,13,3,0.0,100,28
2026-05-21 06:00:50,2026-05-21,4,羽毛球馆-16号,19:30-20:30,1,1,已售/已满,已售,多云,15,13,4,0.0,99,28
2026-05-21 06:30:38,2026-05-21,4,羽毛球馆-16号,19:30-20:30,1,1,已售/已满,已售,多云,15,13,3,0.0,97,28
2026-05-21 07:00:43,2026-05-21,4,羽毛球馆-16号,19:30-20:30,1,1,已售/已满,已售,晴,15,11,5,0.0,93,28
2026-05-21 07:30:39,2026-05-21,4,羽毛球馆-16号,19:30-20:30,1,1,已售/已满,已售,晴,17,13,4,0.0,89,29
2026-05-21 07:50:40,2026-05-21,4,羽毛球馆-16号,19:30-20:30,1,1,已售/已满,已售,晴,17,13,4,0.0,88,29
2026-05-21 07:53:31,2026-05-21,4,羽毛球馆-16号,19:30-20:30,1,1,已售/已满,已售,晴,17,12,5,0.0,86,29
2026-05-21 07:56:31,2026-05-21,4,羽毛球馆-16号,19:30-20:30,1,1,已售/已满,已售,晴,17,12,5,0.0,86,29
2026-05-21 07:59:26,2026-05-21,4,羽毛球馆-16号,19:30-20:30,1,1,已售/已满,已售,晴,17,12,5,0.0,86,29
2026-05-21 00:30:49,2026-05-21,4,羽毛球馆-16号,20:30-21:30,1,1,已售/已满,已售,多云,15,13,3,0.0,100,26
2026-05-21 01:00:55,2026-05-21,4,羽毛球馆-16号,20:30-21:30,1,1,已售/已满,已售,多云,15,12,4,0.0,100,26
2026-05-21 01:30:47,2026-05-21,4,羽毛球馆-16号,20:30-21:30,1,1,已售/已满,已售,多云,15,13,4,0.0,100,28
2026-05-21 02:00:53,2026-05-21,4,羽毛球馆-16号,20:30-21:30,1,1,已售/已满,已售,多云,15,12,4,0.0,100,28
2026-05-21 02:30:49,2026-05-21,4,羽毛球馆-16号,20:30-21:30,1,1,已售/已满,已售,多云,15,14,3,0.0,100,29
2026-05-21 03:00:55,2026-05-21,4,羽毛球馆-16号,20:30-21:30,1,1,已售/已满,已售,多云,15,12,4,0.0,100,29
2026-05-21 03:30:49,2026-05-21,4,羽毛球馆-16号,20:30-21:30,1,1,已售/已满,已售,多云,15,14,3,0.0,100,30
2026-05-21 04:30:45,2026-05-21,4,羽毛球馆-16号,20:30-21:30,1,1,已售/已满,已售,多云,15,12,4,0.0,100,29
2026-05-21 05:00:52,2026-05-21,4,羽毛球馆-16号,20:30-21:30,1,1,已售/已满,已售,多云,15,12,4,0.0,100,29
2026-05-21 05:30:49,2026-05-21,4,羽毛球馆-16号,20:30-21:30,1,1,已售/已满,已售,多云,15,13,3,0.0,100,28
2026-05-21 06:00:50,2026-05-21,4,羽毛球馆-16号,20:30-21:30,1,1,已售/已满,已售,多云,15,13,4,0.0,99,28
2026-05-21 06:30:38,2026-05-21,4,羽毛球馆-16号,20:30-21:30,1,1,已售/已满,已售,多云,15,13,3,0.0,97,28
2026-05-21 07:00:43,2026-05-21,4,羽毛球馆-16号,20:30-21:30,1,1,已售/已满,已售,晴,15,11,5,0.0,93,28
2026-05-21 07:30:39,2026-05-21,4,羽毛球馆-16号,20:30-21:30,1,1,已售/已满,已售,晴,17,13,4,0.0,89,29
2026-05-21 07:50:40,2026-05-21,4,羽毛球馆-16号,20:30-21:30,1,1,已售/已满,已售,晴,17,13,4,0.0,88,29
2026-05-21 07:53:31,2026-05-21,4,羽毛球馆-16号,20:30-21:30,1,1,已售/已满,已售,晴,17,12,5,0.0,86,29
2026-05-21 07:56:31,2026-05-21,4,羽毛球馆-16号,20:30-21:30,1,1,已售/已满,已售,晴,17,12,5,0.0,86,29
2026-05-21 07:59:26,2026-05-21,4,羽毛球馆-16号,20:30-21:30,1,1,已售/已满,已售,晴,17,12,5,0.0,86,29
2026-05-21 00:30:49,2026-05-21,4,羽毛球馆-17号,07:00-08:00,0,1,可预约,￥0.0,多云,15,13,3,0.0,100,26
2026-05-21 01:00:55,2026-05-21,4,羽毛球馆-17号,07:00-08:00,0,1,可预约,￥0.0,多云,15,12,4,0.0,100,26
2026-05-21 01:30:47,2026-05-21,4,羽毛球馆-17号,07:00-08:00,0,1,可预约,￥0.0,多云,15,13,4,0.0,100,28
2026-05-21 02:00:53,2026-05-21,4,羽毛球馆-17号,07:00-08:00,0,1,可预约,￥0.0,多云,15,12,4,0.0,100,28
2026-05-21 02:30:49,2026-05-21,4,羽毛球馆-17号,07:00-08:00,0,1,可预约,￥0.0,多云,15,14,3,0.0,100,29
2026-05-21 03:00:55,2026-05-21,4,羽毛球馆-17号,07:00-08:00,0,1,可预约,￥0.0,多云,15,12,4,0.0,100,29
2026-05-21 03:30:49,2026-05-21,4,羽毛球馆-17号,07:00-08:00,0,1,可预约,￥0.0,多云,15,14,3,0.0,100,30
2026-05-21 04:30:45,2026-05-21,4,羽毛球馆-17号,07:00-08:00,0,1,可预约,￥0.0,多云,15,12,4,0.0,100,29
2026-05-21 05:00:52,2026-05-21,4,羽毛球馆-17号,07:00-08:00,0,1,可预约,￥0.0,多云,15,12,4,0.0,100,29
2026-05-21 05:30:49,2026-05-21,4,羽毛球馆-17号,07:00-08:00,0,1,可预约,￥0.0,多云,15,13,3,0.0,100,28
2026-05-21 06:00:50,2026-05-21,4,羽毛球馆-17号,07:00-08:00,0,1,可预约,￥0.0,多云,15,13,4,0.0,99,28
2026-05-21 06:30:38,2026-05-21,4,羽毛球馆-17号,07:00-08:00,0,1,可预约,￥0.0,多云,15,13,3,0.0,97,28
2026-05-21 07:00:43,2026-05-21,4,羽毛球馆-17号,07:00-08:00,0,1,可预约,￥0.0,晴,15,11,5,0.0,93,28
2026-05-21 07:30:39,2026-05-21,4,羽毛球馆-17号,07:00-08:00,0,1,可预约,￥0.0,晴,17,13,4,0.0,89,29
2026-05-21 07:50:40,2026-05-21,4,羽毛球馆-17号,07:00-08:00,0,1,可预约,￥0.0,晴,17,13,4,0.0,88,29
2026-05-21 07:53:31,2026-05-21,4,羽毛球馆-17号,07:00-08:00,0,1,可预约,￥0.0,晴,17,12,5,0.0,86,29
2026-05-21 07:56:31,2026-05-21,4,羽毛球馆-17号,07:00-08:00,0,1,可预约,￥0.0,晴,17,12,5,0.0,86,29
2026-05-21 07:59:26,2026-05-21,4,羽毛球馆-17号,07:00-08:00,0,1,可预约,￥0.0,晴,17,12,5,0.0,86,29
2026-05-21 00:30:49,2026-05-21,4,羽毛球馆-17号,08:00-09:00,0,1,可预约,￥0.0,多云,15,13,3,0.0,100,26
2026-05-21 01:00:55,2026-05-21,4,羽毛球馆-17号,08:00-09:00,0,1,可预约,￥0.0,多云,15,12,4,0.0,100,26
2026-05-21 01:30:47,2026-05-21,4,羽毛球馆-17号,08:00-09:00,0,1,可预约,￥0.0,多云,15,13,4,0.0,100,28
2026-05-21 02:00:53,2026-05-21,4,羽毛球馆-17号,08:00-09:00,0,1,可预约,￥0.0,多云,15,12,4,0.0,100,28
2026-05-21 02:30:49,2026-05-21,4,羽毛球馆-17号,08:00-09:00,0,1,可预约,￥0.0,多云,15,14,3,0.0,100,29
2026-05-21 03:00:55,2026-05-21,4,羽毛球馆-17号,08:00-09:00,0,1,可预约,￥0.0,多云,15,12,4,0.0,100,29
2026-05-21 03:30:49,2026-05-21,4,羽毛球馆-17号,08:00-09:00,0,1,可预约,￥0.0,多云,15,14,3,0.0,100,30
2026-05-21 04:30:45,2026-05-21,4,羽毛球馆-17号,08:00-09:00,0,1,可预约,￥0.0,多云,15,12,4,0.0,100,29
2026-05-21 05:00:52,2026-05-21,4,羽毛球馆-17号,08:00-09:00,0,1,可预约,￥0.0,多云,15,12,4,0.0,100,29
2026-05-21 05:30:49,2026-05-21,4,羽毛球馆-17号,08:00-09:00,0,1,可预约,￥0.0,多云,15,13,3,0.0,100,28
2026-05-21 06:00:50,2026-05-21,4,羽毛球馆-17号,08:00-09:00,0,1,可预约,￥0.0,多云,15,13,4,0.0,99,28
2026-05-21 06:30:38,2026-05-21,4,羽毛球馆-17号,08:00-09:00,0,1,可预约,￥0.0,多云,15,13,3,0.0,97,28
2026-05-21 07:00:43,2026-05-21,4,羽毛球馆-17号,08:00-09:00,0,1,可预约,￥0.0,晴,15,11,5,0.0,93,28
2026-05-21 07:30:39,2026-05-21,4,羽毛球馆-17号,08:00-09:00,0,1,可预约,￥0.0,晴,17,13,4,0.0,89,29
2026-05-21 07:50:40,2026-05-21,4,羽毛球馆-17号,08:00-09:00,0,1,可预约,￥0.0,晴,17,13,4,0.0,88,29
2026-05-21 07:53:31,2026-05-21,4,羽毛球馆-17号,08:00-09:00,0,1,可预约,￥0.0,晴,17,12,5,0.0,86,29
2026-05-21 07:56:31,2026-05-21,4,羽毛球馆-17号,08:00-09:00,0,1,可预约,￥0.0,晴,17,12,5,0.0,86,29
2026-05-21 07:59:26,2026-05-21,4,羽毛球馆-17号,08:00-09:00,0,1,可预约,￥0.0,晴,17,12,5,0.0,86,29
2026-05-21 00:30:49,2026-05-21,4,羽毛球馆-17号,09:00-10:00,0,1,可预约,￥12.0,多云,15,13,3,0.0,100,26
2026-05-21 01:00:55,2026-05-21,4,羽毛球馆-17号,09:00-10:00,0,1,可预约,￥12.0,多云,15,12,4,0.0,100,26
2026-05-21 01:30:47,2026-05-21,4,羽毛球馆-17号,09:00-10:00,0,1,可预约,￥12.0,多云,15,13,4,0.0,100,28
2026-05-21 02:00:53,2026-05-21,4,羽毛球馆-17号,09:00-10:00,0,1,可预约,￥12.0,多云,15,12,4,0.0,100,28
2026-05-21 02:30:49,2026-05-21,4,羽毛球馆-17号,09:00-10:00,0,1,可预约,￥12.0,多云,15,14,3,0.0,100,29
2026-05-21 03:00:55,2026-05-21,4,羽毛球馆-17号,09:00-10:00,0,1,可预约,￥12.0,多云,15,12,4,0.0,100,29
2026-05-21 03:30:49,2026-05-21,4,羽毛球馆-17号,09:00-10:00,0,1,可预约,￥12.0,多云,15,14,3,0.0,100,30
2026-05-21 04:30:45,2026-05-21,4,羽毛球馆-17号,09:00-10:00,0,1,可预约,￥12.0,多云,15,12,4,0.0,100,29
2026-05-21 05:00:52,2026-05-21,4,羽毛球馆-17号,09:00-10:00,0,1,可预约,￥12.0,多云,15,12,4,0.0,100,29
2026-05-21 05:30:49,2026-05-21,4,羽毛球馆-17号,09:00-10:00,0,1,可预约,￥12.0,多云,15,13,3,0.0,100,28
2026-05-21 06:00:50,2026-05-21,4,羽毛球馆-17号,09:00-10:00,0,1,可预约,￥12.0,多云,15,13,4,0.0,99,28
2026-05-21 06:30:38,2026-05-21,4,羽毛球馆-17号,09:00-10:00,0,1,可预约,￥12.0,多云,15,13,3,0.0,97,28
2026-05-21 07:00:43,2026-05-21,4,羽毛球馆-17号,09:00-10:00,0,1,可预约,￥12.0,晴,15,11,5,0.0,93,28
2026-05-21 07:30:39,2026-05-21,4,羽毛球馆-17号,09:00-10:00,0,1,可预约,￥12.0,晴,17,13,4,0.0,89,29
2026-05-21 07:50:40,2026-05-21,4,羽毛球馆-17号,09:00-10:00,0,1,可预约,￥12.0,晴,17,13,4,0.0,88,29
2026-05-21 07:53:31,2026-05-21,4,羽毛球馆-17号,09:00-10:00,0,1,可预约,￥12.0,晴,17,12,5,0.0,86,29
2026-05-21 07:56:31,2026-05-21,4,羽毛球馆-17号,09:00-10:00,0,1,可预约,￥12.0,晴,17,12,5,0.0,86,29
2026-05-21 07:59:26,2026-05-21,4,羽毛球馆-17号,09:00-10:00,0,1,可预约,￥12.0,晴,17,12,5,0.0,86,29
2026-05-21 00:30:49,2026-05-21,4,羽毛球馆-17号,10:00-11:00,1,1,已售/已满,教学时间,多云,15,13,3,0.0,100,26
2026-05-21 01:00:55,2026-05-21,4,羽毛球馆-17号,10:00-11:00,1,1,已售/已满,教学时间,多云,15,12,4,0.0,100,26
2026-05-21 01:30:47,2026-05-21,4,羽毛球馆-17号,10:00-11:00,1,1,已售/已满,教学时间,多云,15,13,4,0.0,100,28
2026-05-21 02:00:53,2026-05-21,4,羽毛球馆-17号,10:00-11:00,1,1,已售/已满,教学时间,多云,15,12,4,0.0,100,28
2026-05-21 02:30:49,2026-05-21,4,羽毛球馆-17号,10:00-11:00,1,1,已售/已满,教学时间,多云,15,14,3,0.0,100,29
2026-05-21 03:00:55,2026-05-21,4,羽毛球馆-17号,10:00-11:00,1,1,已售/已满,教学时间,多云,15,12,4,0.0,100,29
2026-05-21 03:30:49,2026-05-21,4,羽毛球馆-17号,10:00-11:00,1,1,已售/已满,教学时间,多云,15,14,3,0.0,100,30
2026-05-21 04:30:45,2026-05-21,4,羽毛球馆-17号,10:00-11:00,1,1,已售/已满,教学时间,多云,15,12,4,0.0,100,29
2026-05-21 05:00:52,2026-05-21,4,羽毛球馆-17号,10:00-11:00,1,1,已售/已满,教学时间,多云,15,12,4,0.0,100,29
2026-05-21 05:30:49,2026-05-21,4,羽毛球馆-17号,10:00-11:00,1,1,已售/已满,教学时间,多云,15,13,3,0.0,100,28
2026-05-21 06:00:50,2026-05-21,4,羽毛球馆-17号,10:00-11:00,1,1,已售/已满,教学时间,多云,15,13,4,0.0,99,28
2026-05-21 06:30:38,2026-05-21,4,羽毛球馆-17号,10:00-11:00,1,1,已售/已满,教学时间,多云,15,13,3,0.0,97,28
2026-05-21 07:00:43,2026-05-21,4,羽毛球馆-17号,10:00-11:00,1,1,已售/已满,教学时间,晴,15,11,5,0.0,93,28
2026-05-21 07:30:39,2026-05-21,4,羽毛球馆-17号,10:00-11:00,1,1,已售/已满,教学时间,晴,17,13,4,0.0,89,29
2026-05-21 07:50:40,2026-05-21,4,羽毛球馆-17号,10:00-11:00,1,1,已售/已满,教学时间,晴,17,13,4,0.0,88,29
2026-05-21 07:53:31,2026-05-21,4,羽毛球馆-17号,10:00-11:00,1,1,已售/已满,教学时间,晴,17,12,5,0.0,86,29
2026-05-21 07:56:31,2026-05-21,4,羽毛球馆-17号,10:00-11:00,1,1,已售/已满,教学时间,晴,17,12,5,0.0,86,29
2026-05-21 07:59:26,2026-05-21,4,羽毛球馆-17号,10:00-11:00,1,1,已售/已满,教学时间,晴,17,12,5,0.0,86,29
2026-05-21 00:30:49,2026-05-21,4,羽毛球馆-17号,11:00-12:00,1,1,已售/已满,教学时间,多云,15,13,3,0.0,100,26
2026-05-21 01:00:55,2026-05-21,4,羽毛球馆-17号,11:00-12:00,1,1,已售/已满,教学时间,多云,15,12,4,0.0,100,26
2026-05-21 01:30:47,2026-05-21,4,羽毛球馆-17号,11:00-12:00,1,1,已售/已满,教学时间,多云,15,13,4,0.0,100,28
2026-05-21 02:00:53,2026-05-21,4,羽毛球馆-17号,11:00-12:00,1,1,已售/已满,教学时间,多云,15,12,4,0.0,100,28
2026-05-21 02:30:49,2026-05-21,4,羽毛球馆-17号,11:00-12:00,1,1,已售/已满,教学时间,多云,15,14,3,0.0,100,29
2026-05-21 03:00:55,2026-05-21,4,羽毛球馆-17号,11:00-12:00,1,1,已售/已满,教学时间,多云,15,12,4,0.0,100,29
2026-05-21 03:30:49,2026-05-21,4,羽毛球馆-17号,11:00-12:00,1,1,已售/已满,教学时间,多云,15,14,3,0.0,100,30
2026-05-21 04:30:45,2026-05-21,4,羽毛球馆-17号,11:00-12:00,1,1,已售/已满,教学时间,多云,15,12,4,0.0,100,29
2026-05-21 05:00:52,2026-05-21,4,羽毛球馆-17号,11:00-12:00,1,1,已售/已满,教学时间,多云,15,12,4,0.0,100,29
2026-05-21 05:30:49,2026-05-21,4,羽毛球馆-17号,11:00-12:00,1,1,已售/已满,教学时间,多云,15,13,3,0.0,100,28
2026-05-21 06:00:50,2026-05-21,4,羽毛球馆-17号,11:00-12:00,1,1,已售/已满,教学时间,多云,15,13,4,0.0,99,28
2026-05-21 06:30:38,2026-05-21,4,羽毛球馆-17号,11:00-12:00,1,1,已售/已满,教学时间,多云,15,13,3,0.0,97,28
2026-05-21 07:00:43,2026-05-21,4,羽毛球馆-17号,11:00-12:00,1,1,已售/已满,教学时间,晴,15,11,5,0.0,93,28
2026-05-21 07:30:39,2026-05-21,4,羽毛球馆-17号,11:00-12:00,1,1,已售/已满,教学时间,晴,17,13,4,0.0,89,29
2026-05-21 07:50:40,2026-05-21,4,羽毛球馆-17号,11:00-12:00,1,1,已售/已满,教学时间,晴,17,13,4,0.0,88,29
2026-05-21 07:53:31,2026-05-21,4,羽毛球馆-17号,11:00-12:00,1,1,已售/已满,教学时间,晴,17,12,5,0.0,86,29
2026-05-21 07:56:31,2026-05-21,4,羽毛球馆-17号,11:00-12:00,1,1,已售/已满,教学时间,晴,17,12,5,0.0,86,29
2026-05-21 07:59:26,2026-05-21,4,羽毛球馆-17号,11:00-12:00,1,1,已售/已满,教学时间,晴,17,12,5,0.0,86,29
2026-05-21 00:30:49,2026-05-21,4,羽毛球馆-17号,12:00-12:55,1,1,已售/已满,已售,多云,15,13,3,0.0,100,26
2026-05-21 01:00:55,2026-05-21,4,羽毛球馆-17号,12:00-12:55,1,1,已售/已满,已售,多云,15,12,4,0.0,100,26
2026-05-21 01:30:47,2026-05-21,4,羽毛球馆-17号,12:00-12:55,1,1,已售/已满,已售,多云,15,13,4,0.0,100,28
2026-05-21 02:00:53,2026-05-21,4,羽毛球馆-17号,12:00-12:55,1,1,已售/已满,已售,多云,15,12,4,0.0,100,28
2026-05-21 02:30:49,2026-05-21,4,羽毛球馆-17号,12:00-12:55,1,1,已售/已满,已售,多云,15,14,3,0.0,100,29
2026-05-21 03:00:55,2026-05-21,4,羽毛球馆-17号,12:00-12:55,1,1,已售/已满,已售,多云,15,12,4,0.0,100,29
2026-05-21 03:30:49,2026-05-21,4,羽毛球馆-17号,12:00-12:55,1,1,已售/已满,已售,多云,15,14,3,0.0,100,30
2026-05-21 04:30:45,2026-05-21,4,羽毛球馆-17号,12:00-12:55,1,1,已售/已满,已售,多云,15,12,4,0.0,100,29
2026-05-21 05:00:52,2026-05-21,4,羽毛球馆-17号,12:00-12:55,1,1,已售/已满,已售,多云,15,12,4,0.0,100,29
2026-05-21 05:30:49,2026-05-21,4,羽毛球馆-17号,12:00-12:55,1,1,已售/已满,已售,多云,15,13,3,0.0,100,28
2026-05-21 06:00:50,2026-05-21,4,羽毛球馆-17号,12:00-12:55,1,1,已售/已满,已售,多云,15,13,4,0.0,99,28
2026-05-21 06:30:38,2026-05-21,4,羽毛球馆-17号,12:00-12:55,1,1,已售/已满,已售,多云,15,13,3,0.0,97,28
2026-05-21 07:00:43,2026-05-21,4,羽毛球馆-17号,12:00-12:55,1,1,已售/已满,已售,晴,15,11,5,0.0,93,28
2026-05-21 07:30:39,2026-05-21,4,羽毛球馆-17号,12:00-12:55,1,1,已售/已满,已售,晴,17,13,4,0.0,89,29
2026-05-21 07:50:40,2026-05-21,4,羽毛球馆-17号,12:00-12:55,1,1,已售/已满,已售,晴,17,13,4,0.0,88,29
2026-05-21 07:53:31,2026-05-21,4,羽毛球馆-17号,12:00-12:55,1,1,已售/已满,已售,晴,17,12,5,0.0,86,29
2026-05-21 07:56:31,2026-05-21,4,羽毛球馆-17号,12:00-12:55,1,1,已售/已满,已售,晴,17,12,5,0.0,86,29
2026-05-21 07:59:26,2026-05-21,4,羽毛球馆-17号,12:00-12:55,1,1,已售/已满,已售,晴,17,12,5,0.0,86,29
2026-05-21 00:30:49,2026-05-21,4,羽毛球馆-17号,12:55-13:50,1,1,已售/已满,已售,多云,15,13,3,0.0,100,26
2026-05-21 01:00:55,2026-05-21,4,羽毛球馆-17号,12:55-13:50,1,1,已售/已满,已售,多云,15,12,4,0.0,100,26
2026-05-21 01:30:47,2026-05-21,4,羽毛球馆-17号,12:55-13:50,1,1,已售/已满,已售,多云,15,13,4,0.0,100,28
2026-05-21 02:00:53,2026-05-21,4,羽毛球馆-17号,12:55-13:50,1,1,已售/已满,已售,多云,15,12,4,0.0,100,28
2026-05-21 02:30:49,2026-05-21,4,羽毛球馆-17号,12:55-13:50,1,1,已售/已满,已售,多云,15,14,3,0.0,100,29
2026-05-21 03:00:55,2026-05-21,4,羽毛球馆-17号,12:55-13:50,1,1,已售/已满,已售,多云,15,12,4,0.0,100,29
2026-05-21 03:30:49,2026-05-21,4,羽毛球馆-17号,12:55-13:50,1,1,已售/已满,已售,多云,15,14,3,0.0,100,30
2026-05-21 04:30:45,2026-05-21,4,羽毛球馆-17号,12:55-13:50,1,1,已售/已满,已售,多云,15,12,4,0.0,100,29
2026-05-21 05:00:52,2026-05-21,4,羽毛球馆-17号,12:55-13:50,1,1,已售/已满,已售,多云,15,12,4,0.0,100,29
2026-05-21 05:30:49,2026-05-21,4,羽毛球馆-17号,12:55-13:50,1,1,已售/已满,已售,多云,15,13,3,0.0,100,28
2026-05-21 06:00:50,2026-05-21,4,羽毛球馆-17号,12:55-13:50,1,1,已售/已满,已售,多云,15,13,4,0.0,99,28
2026-05-21 06:30:38,2026-05-21,4,羽毛球馆-17号,12:55-13:50,1,1,已售/已满,已售,多云,15,13,3,0.0,97,28
2026-05-21 07:00:43,2026-05-21,4,羽毛球馆-17号,12:55-13:50,1,1,已售/已满,已售,晴,15,11,5,0.0,93,28
2026-05-21 07:30:39,2026-05-21,4,羽毛球馆-17号,12:55-13:50,1,1,已售/已满,已售,晴,17,13,4,0.0,89,29
2026-05-21 07:50:40,2026-05-21,4,羽毛球馆-17号,12:55-13:50,1,1,已售/已满,已售,晴,17,13,4,0.0,88,29
2026-05-21 07:53:31,2026-05-21,4,羽毛球馆-17号,12:55-13:50,1,1,已售/已满,已售,晴,17,12,5,0.0,86,29
2026-05-21 07:56:31,2026-05-21,4,羽毛球馆-17号,12:55-13:50,1,1,已售/已满,已售,晴,17,12,5,0.0,86,29
2026-05-21 07:59:26,2026-05-21,4,羽毛球馆-17号,12:55-13:50,1,1,已售/已满,已售,晴,17,12,5,0.0,86,29
2026-05-21 00:30:49,2026-05-21,4,羽毛球馆-17号,14:00-15:00,0,1,可预约,￥12.0,多云,15,13,3,0.0,100,26
2026-05-21 01:00:55,2026-05-21,4,羽毛球馆-17号,14:00-15:00,0,1,可预约,￥12.0,多云,15,12,4,0.0,100,26
2026-05-21 01:30:47,2026-05-21,4,羽毛球馆-17号,14:00-15:00,0,1,可预约,￥12.0,多云,15,13,4,0.0,100,28
2026-05-21 02:00:53,2026-05-21,4,羽毛球馆-17号,14:00-15:00,0,1,可预约,￥12.0,多云,15,12,4,0.0,100,28
2026-05-21 02:30:49,2026-05-21,4,羽毛球馆-17号,14:00-15:00,0,1,可预约,￥12.0,多云,15,14,3,0.0,100,29
2026-05-21 03:00:55,2026-05-21,4,羽毛球馆-17号,14:00-15:00,0,1,可预约,￥12.0,多云,15,12,4,0.0,100,29
2026-05-21 03:30:49,2026-05-21,4,羽毛球馆-17号,14:00-15:00,0,1,可预约,￥12.0,多云,15,14,3,0.0,100,30
2026-05-21 04:30:45,2026-05-21,4,羽毛球馆-17号,14:00-15:00,0,1,可预约,￥12.0,多云,15,12,4,0.0,100,29
2026-05-21 05:00:52,2026-05-21,4,羽毛球馆-17号,14:00-15:00,0,1,可预约,￥12.0,多云,15,12,4,0.0,100,29
2026-05-21 05:30:49,2026-05-21,4,羽毛球馆-17号,14:00-15:00,0,1,可预约,￥12.0,多云,15,13,3,0.0,100,28
2026-05-21 06:00:50,2026-05-21,4,羽毛球馆-17号,14:00-15:00,0,1,可预约,￥12.0,多云,15,13,4,0.0,99,28
2026-05-21 06:30:38,2026-05-21,4,羽毛球馆-17号,14:00-15:00,0,1,可预约,￥12.0,多云,15,13,3,0.0,97,28
2026-05-21 07:00:43,2026-05-21,4,羽毛球馆-17号,14:00-15:00,0,1,可预约,￥12.0,晴,15,11,5,0.0,93,28
2026-05-21 07:30:39,2026-05-21,4,羽毛球馆-17号,14:00-15:00,0,1,可预约,￥12.0,晴,17,13,4,0.0,89,29
2026-05-21 07:50:40,2026-05-21,4,羽毛球馆-17号,14:00-15:00,0,1,可预约,￥12.0,晴,17,13,4,0.0,88,29
2026-05-21 07:53:31,2026-05-21,4,羽毛球馆-17号,14:00-15:00,0,1,可预约,￥12.0,晴,17,12,5,0.0,86,29
2026-05-21 07:56:31,2026-05-21,4,羽毛球馆-17号,14:00-15:00,0,1,可预约,￥12.0,晴,17,12,5,0.0,86,29
2026-05-21 07:59:26,2026-05-21,4,羽毛球馆-17号,14:00-15:00,0,1,可预约,￥12.0,晴,17,12,5,0.0,86,29
2026-05-21 00:30:49,2026-05-21,4,羽毛球馆-17号,15:00-16:00,1,1,已售/已满,已售,多云,15,13,3,0.0,100,26
2026-05-21 01:00:55,2026-05-21,4,羽毛球馆-17号,15:00-16:00,1,1,已售/已满,已售,多云,15,12,4,0.0,100,26
2026-05-21 01:30:47,2026-05-21,4,羽毛球馆-17号,15:00-16:00,1,1,已售/已满,已售,多云,15,13,4,0.0,100,28
2026-05-21 02:00:53,2026-05-21,4,羽毛球馆-17号,15:00-16:00,1,1,已售/已满,已售,多云,15,12,4,0.0,100,28
2026-05-21 02:30:49,2026-05-21,4,羽毛球馆-17号,15:00-16:00,1,1,已售/已满,已售,多云,15,14,3,0.0,100,29
2026-05-21 03:00:55,2026-05-21,4,羽毛球馆-17号,15:00-16:00,1,1,已售/已满,已售,多云,15,12,4,0.0,100,29
2026-05-21 03:30:49,2026-05-21,4,羽毛球馆-17号,15:00-16:00,1,1,已售/已满,已售,多云,15,14,3,0.0,100,30
2026-05-21 04:30:45,2026-05-21,4,羽毛球馆-17号,15:00-16:00,1,1,已售/已满,已售,多云,15,12,4,0.0,100,29
2026-05-21 05:00:52,2026-05-21,4,羽毛球馆-17号,15:00-16:00,1,1,已售/已满,已售,多云,15,12,4,0.0,100,29
2026-05-21 05:30:49,2026-05-21,4,羽毛球馆-17号,15:00-16:00,1,1,已售/已满,已售,多云,15,13,3,0.0,100,28
2026-05-21 06:00:50,2026-05-21,4,羽毛球馆-17号,15:00-16:00,1,1,已售/已满,已售,多云,15,13,4,0.0,99,28
2026-05-21 06:30:38,2026-05-21,4,羽毛球馆-17号,15:00-16:00,1,1,已售/已满,已售,多云,15,13,3,0.0,97,28
2026-05-21 07:00:43,2026-05-21,4,羽毛球馆-17号,15:00-16:00,1,1,已售/已满,已售,晴,15,11,5,0.0,93,28
2026-05-21 07:30:39,2026-05-21,4,羽毛球馆-17号,15:00-16:00,1,1,已售/已满,已售,晴,17,13,4,0.0,89,29
2026-05-21 07:50:40,2026-05-21,4,羽毛球馆-17号,15:00-16:00,1,1,已售/已满,已售,晴,17,13,4,0.0,88,29
2026-05-21 07:53:31,2026-05-21,4,羽毛球馆-17号,15:00-16:00,1,1,已售/已满,已售,晴,17,12,5,0.0,86,29
2026-05-21 07:56:31,2026-05-21,4,羽毛球馆-17号,15:00-16:00,1,1,已售/已满,已售,晴,17,12,5,0.0,86,29
2026-05-21 07:59:26,2026-05-21,4,羽毛球馆-17号,15:00-16:00,1,1,已售/已满,已售,晴,17,12,5,0.0,86,29
2026-05-21 00:30:49,2026-05-21,4,羽毛球馆-17号,16:00-17:00,1,1,已售/已满,已售,多云,15,13,3,0.0,100,26
2026-05-21 01:00:55,2026-05-21,4,羽毛球馆-17号,16:00-17:00,1,1,已售/已满,已售,多云,15,12,4,0.0,100,26
2026-05-21 01:30:47,2026-05-21,4,羽毛球馆-17号,16:00-17:00,1,1,已售/已满,已售,多云,15,13,4,0.0,100,28
2026-05-21 02:00:53,2026-05-21,4,羽毛球馆-17号,16:00-17:00,1,1,已售/已满,已售,多云,15,12,4,0.0,100,28
2026-05-21 02:30:49,2026-05-21,4,羽毛球馆-17号,16:00-17:00,1,1,已售/已满,已售,多云,15,14,3,0.0,100,29
2026-05-21 03:00:55,2026-05-21,4,羽毛球馆-17号,16:00-17:00,1,1,已售/已满,已售,多云,15,12,4,0.0,100,29
2026-05-21 03:30:49,2026-05-21,4,羽毛球馆-17号,16:00-17:00,1,1,已售/已满,已售,多云,15,14,3,0.0,100,30
2026-05-21 04:30:45,2026-05-21,4,羽毛球馆-17号,16:00-17:00,1,1,已售/已满,已售,多云,15,12,4,0.0,100,29
2026-05-21 05:00:52,2026-05-21,4,羽毛球馆-17号,16:00-17:00,1,1,已售/已满,已售,多云,15,12,4,0.0,100,29
2026-05-21 05:30:49,2026-05-21,4,羽毛球馆-17号,16:00-17:00,1,1,已售/已满,已售,多云,15,13,3,0.0,100,28
2026-05-21 06:00:50,2026-05-21,4,羽毛球馆-17号,16:00-17:00,1,1,已售/已满,已售,多云,15,13,4,0.0,99,28
2026-05-21 06:30:38,2026-05-21,4,羽毛球馆-17号,16:00-17:00,1,1,已售/已满,已售,多云,15,13,3,0.0,97,28
2026-05-21 07:00:43,2026-05-21,4,羽毛球馆-17号,16:00-17:00,1,1,已售/已满,已售,晴,15,11,5,0.0,93,28
2026-05-21 07:30:39,2026-05-21,4,羽毛球馆-17号,16:00-17:00,1,1,已售/已满,已售,晴,17,13,4,0.0,89,29
2026-05-21 07:50:40,2026-05-21,4,羽毛球馆-17号,16:00-17:00,1,1,已售/已满,已售,晴,17,13,4,0.0,88,29
2026-05-21 07:53:31,2026-05-21,4,羽毛球馆-17号,16:00-17:00,1,1,已售/已满,已售,晴,17,12,5,0.0,86,29
2026-05-21 07:56:31,2026-05-21,4,羽毛球馆-17号,16:00-17:00,1,1,已售/已满,已售,晴,17,12,5,0.0,86,29
2026-05-21 07:59:26,2026-05-21,4,羽毛球馆-17号,16:00-17:00,1,1,已售/已满,已售,晴,17,12,5,0.0,86,29
2026-05-21 00:30:49,2026-05-21,4,羽毛球馆-17号,17:00-18:00,1,1,已售/已满,已售,多云,15,13,3,0.0,100,26
2026-05-21 01:00:55,2026-05-21,4,羽毛球馆-17号,17:00-18:00,1,1,已售/已满,已售,多云,15,12,4,0.0,100,26
2026-05-21 01:30:47,2026-05-21,4,羽毛球馆-17号,17:00-18:00,1,1,已售/已满,已售,多云,15,13,4,0.0,100,28
2026-05-21 02:00:53,2026-05-21,4,羽毛球馆-17号,17:00-18:00,1,1,已售/已满,已售,多云,15,12,4,0.0,100,28
2026-05-21 02:30:49,2026-05-21,4,羽毛球馆-17号,17:00-18:00,1,1,已售/已满,已售,多云,15,14,3,0.0,100,29
2026-05-21 03:00:55,2026-05-21,4,羽毛球馆-17号,17:00-18:00,1,1,已售/已满,已售,多云,15,12,4,0.0,100,29
2026-05-21 03:30:49,2026-05-21,4,羽毛球馆-17号,17:00-18:00,1,1,已售/已满,已售,多云,15,14,3,0.0,100,30
2026-05-21 04:30:45,2026-05-21,4,羽毛球馆-17号,17:00-18:00,1,1,已售/已满,已售,多云,15,12,4,0.0,100,29
2026-05-21 05:00:52,2026-05-21,4,羽毛球馆-17号,17:00-18:00,1,1,已售/已满,已售,多云,15,12,4,0.0,100,29
2026-05-21 05:30:49,2026-05-21,4,羽毛球馆-17号,17:00-18:00,1,1,已售/已满,已售,多云,15,13,3,0.0,100,28
2026-05-21 06:00:50,2026-05-21,4,羽毛球馆-17号,17:00-18:00,1,1,已售/已满,已售,多云,15,13,4,0.0,99,28
2026-05-21 06:30:38,2026-05-21,4,羽毛球馆-17号,17:00-18:00,1,1,已售/已满,已售,多云,15,13,3,0.0,97,28
2026-05-21 07:00:43,2026-05-21,4,羽毛球馆-17号,17:00-18:00,1,1,已售/已满,已售,晴,15,11,5,0.0,93,28
2026-05-21 07:30:39,2026-05-21,4,羽毛球馆-17号,17:00-18:00,1,1,已售/已满,已售,晴,17,13,4,0.0,89,29
2026-05-21 07:50:40,2026-05-21,4,羽毛球馆-17号,17:00-18:00,1,1,已售/已满,已售,晴,17,13,4,0.0,88,29
2026-05-21 07:53:31,2026-05-21,4,羽毛球馆-17号,17:00-18:00,1,1,已售/已满,已售,晴,17,12,5,0.0,86,29
2026-05-21 07:56:31,2026-05-21,4,羽毛球馆-17号,17:00-18:00,1,1,已售/已满,已售,晴,17,12,5,0.0,86,29
2026-05-21 07:59:26,2026-05-21,4,羽毛球馆-17号,17:00-18:00,1,1,已售/已满,已售,晴,17,12,5,0.0,86,29
2026-05-21 00:30:49,2026-05-21,4,羽毛球馆-17号,18:30-19:30,1,1,已售/已满,已售,多云,15,13,3,0.0,100,26
2026-05-21 01:00:55,2026-05-21,4,羽毛球馆-17号,18:30-19:30,1,1,已售/已满,已售,多云,15,12,4,0.0,100,26
2026-05-21 01:30:47,2026-05-21,4,羽毛球馆-17号,18:30-19:30,1,1,已售/已满,已售,多云,15,13,4,0.0,100,28
2026-05-21 02:00:53,2026-05-21,4,羽毛球馆-17号,18:30-19:30,1,1,已售/已满,已售,多云,15,12,4,0.0,100,28
2026-05-21 02:30:49,2026-05-21,4,羽毛球馆-17号,18:30-19:30,1,1,已售/已满,已售,多云,15,14,3,0.0,100,29
2026-05-21 03:00:55,2026-05-21,4,羽毛球馆-17号,18:30-19:30,1,1,已售/已满,已售,多云,15,12,4,0.0,100,29
2026-05-21 03:30:49,2026-05-21,4,羽毛球馆-17号,18:30-19:30,1,1,已售/已满,已售,多云,15,14,3,0.0,100,30
2026-05-21 04:30:45,2026-05-21,4,羽毛球馆-17号,18:30-19:30,1,1,已售/已满,已售,多云,15,12,4,0.0,100,29
2026-05-21 05:00:52,2026-05-21,4,羽毛球馆-17号,18:30-19:30,1,1,已售/已满,已售,多云,15,12,4,0.0,100,29
2026-05-21 05:30:49,2026-05-21,4,羽毛球馆-17号,18:30-19:30,1,1,已售/已满,已售,多云,15,13,3,0.0,100,28
2026-05-21 06:00:50,2026-05-21,4,羽毛球馆-17号,18:30-19:30,1,1,已售/已满,已售,多云,15,13,4,0.0,99,28
2026-05-21 06:30:38,2026-05-21,4,羽毛球馆-17号,18:30-19:30,1,1,已售/已满,已售,多云,15,13,3,0.0,97,28
2026-05-21 07:00:43,2026-05-21,4,羽毛球馆-17号,18:30-19:30,1,1,已售/已满,已售,晴,15,11,5,0.0,93,28
2026-05-21 07:30:39,2026-05-21,4,羽毛球馆-17号,18:30-19:30,1,1,已售/已满,已售,晴,17,13,4,0.0,89,29
2026-05-21 07:50:40,2026-05-21,4,羽毛球馆-17号,18:30-19:30,1,1,已售/已满,已售,晴,17,13,4,0.0,88,29
2026-05-21 07:53:31,2026-05-21,4,羽毛球馆-17号,18:30-19:30,1,1,已售/已满,已售,晴,17,12,5,0.0,86,29
2026-05-21 07:56:31,2026-05-21,4,羽毛球馆-17号,18:30-19:30,1,1,已售/已满,已售,晴,17,12,5,0.0,86,29
2026-05-21 07:59:26,2026-05-21,4,羽毛球馆-17号,18:30-19:30,1,1,已售/已满,已售,晴,17,12,5,0.0,86,29
2026-05-21 00:30:49,2026-05-21,4,羽毛球馆-17号,19:30-20:30,1,1,已售/已满,已售,多云,15,13,3,0.0,100,26
2026-05-21 01:00:55,2026-05-21,4,羽毛球馆-17号,19:30-20:30,1,1,已售/已满,已售,多云,15,12,4,0.0,100,26
2026-05-21 01:30:47,2026-05-21,4,羽毛球馆-17号,19:30-20:30,1,1,已售/已满,已售,多云,15,13,4,0.0,100,28
2026-05-21 02:00:53,2026-05-21,4,羽毛球馆-17号,19:30-20:30,1,1,已售/已满,已售,多云,15,12,4,0.0,100,28
2026-05-21 02:30:49,2026-05-21,4,羽毛球馆-17号,19:30-20:30,1,1,已售/已满,已售,多云,15,14,3,0.0,100,29
2026-05-21 03:00:55,2026-05-21,4,羽毛球馆-17号,19:30-20:30,1,1,已售/已满,已售,多云,15,12,4,0.0,100,29
2026-05-21 03:30:49,2026-05-21,4,羽毛球馆-17号,19:30-20:30,1,1,已售/已满,已售,多云,15,14,3,0.0,100,30
2026-05-21 04:30:45,2026-05-21,4,羽毛球馆-17号,19:30-20:30,1,1,已售/已满,已售,多云,15,12,4,0.0,100,29
2026-05-21 05:00:52,2026-05-21,4,羽毛球馆-17号,19:30-20:30,1,1,已售/已满,已售,多云,15,12,4,0.0,100,29
2026-05-21 05:30:49,2026-05-21,4,羽毛球馆-17号,19:30-20:30,1,1,已售/已满,已售,多云,15,13,3,0.0,100,28
2026-05-21 06:00:50,2026-05-21,4,羽毛球馆-17号,19:30-20:30,1,1,已售/已满,已售,多云,15,13,4,0.0,99,28
2026-05-21 06:30:38,2026-05-21,4,羽毛球馆-17号,19:30-20:30,1,1,已售/已满,已售,多云,15,13,3,0.0,97,28
2026-05-21 07:00:43,2026-05-21,4,羽毛球馆-17号,19:30-20:30,1,1,已售/已满,已售,晴,15,11,5,0.0,93,28
2026-05-21 07:30:39,2026-05-21,4,羽毛球馆-17号,19:30-20:30,1,1,已售/已满,已售,晴,17,13,4,0.0,89,29
2026-05-21 07:50:40,2026-05-21,4,羽毛球馆-17号,19:30-20:30,1,1,已售/已满,已售,晴,17,13,4,0.0,88,29
2026-05-21 07:53:31,2026-05-21,4,羽毛球馆-17号,19:30-20:30,1,1,已售/已满,已售,晴,17,12,5,0.0,86,29
2026-05-21 07:56:31,2026-05-21,4,羽毛球馆-17号,19:30-20:30,1,1,已售/已满,已售,晴,17,12,5,0.0,86,29
2026-05-21 07:59:26,2026-05-21,4,羽毛球馆-17号,19:30-20:30,1,1,已售/已满,已售,晴,17,12,5,0.0,86,29
2026-05-21 00:30:49,2026-05-21,4,羽毛球馆-17号,20:30-21:30,1,1,已售/已满,已售,多云,15,13,3,0.0,100,26
2026-05-21 01:00:55,2026-05-21,4,羽毛球馆-17号,20:30-21:30,1,1,已售/已满,已售,多云,15,12,4,0.0,100,26
2026-05-21 01:30:47,2026-05-21,4,羽毛球馆-17号,20:30-21:30,1,1,已售/已满,已售,多云,15,13,4,0.0,100,28
2026-05-21 02:00:53,2026-05-21,4,羽毛球馆-17号,20:30-21:30,1,1,已售/已满,已售,多云,15,12,4,0.0,100,28
2026-05-21 02:30:49,2026-05-21,4,羽毛球馆-17号,20:30-21:30,1,1,已售/已满,已售,多云,15,14,3,0.0,100,29
2026-05-21 03:00:55,2026-05-21,4,羽毛球馆-17号,20:30-21:30,1,1,已售/已满,已售,多云,15,12,4,0.0,100,29
2026-05-21 03:30:49,2026-05-21,4,羽毛球馆-17号,20:30-21:30,1,1,已售/已满,已售,多云,15,14,3,0.0,100,30
2026-05-21 04:30:45,2026-05-21,4,羽毛球馆-17号,20:30-21:30,1,1,已售/已满,已售,多云,15,12,4,0.0,100,29
2026-05-21 05:00:52,2026-05-21,4,羽毛球馆-17号,20:30-21:30,1,1,已售/已满,已售,多云,15,12,4,0.0,100,29
2026-05-21 05:30:49,2026-05-21,4,羽毛球馆-17号,20:30-21:30,1,1,已售/已满,已售,多云,15,13,3,0.0,100,28
2026-05-21 06:00:50,2026-05-21,4,羽毛球馆-17号,20:30-21:30,1,1,已售/已满,已售,多云,15,13,4,0.0,99,28
2026-05-21 06:30:38,2026-05-21,4,羽毛球馆-17号,20:30-21:30,1,1,已售/已满,已售,多云,15,13,3,0.0,97,28
2026-05-21 07:00:43,2026-05-21,4,羽毛球馆-17号,20:30-21:30,1,1,已售/已满,已售,晴,15,11,5,0.0,93,28
2026-05-21 07:30:39,2026-05-21,4,羽毛球馆-17号,20:30-21:30,1,1,已售/已满,已售,晴,17,13,4,0.0,89,29
2026-05-21 07:50:40,2026-05-21,4,羽毛球馆-17号,20:30-21:30,1,1,已售/已满,已售,晴,17,13,4,0.0,88,29
2026-05-21 07:53:31,2026-05-21,4,羽毛球馆-17号,20:30-21:30,1,1,已售/已满,已售,晴,17,12,5,0.0,86,29
2026-05-21 07:56:31,2026-05-21,4,羽毛球馆-17号,20:30-21:30,1,1,已售/已满,已售,晴,17,12,5,0.0,86,29
2026-05-21 07:59:26,2026-05-21,4,羽毛球馆-17号,20:30-21:30,1,1,已售/已满,已售,晴,17,12,5,0.0,86,29
2026-05-21 00:30:49,2026-05-21,4,羽毛球馆-18号,07:00-08:00,0,1,可预约,￥0.0,多云,15,13,3,0.0,100,26
2026-05-21 01:00:55,2026-05-21,4,羽毛球馆-18号,07:00-08:00,0,1,可预约,￥0.0,多云,15,12,4,0.0,100,26
2026-05-21 01:30:47,2026-05-21,4,羽毛球馆-18号,07:00-08:00,0,1,可预约,￥0.0,多云,15,13,4,0.0,100,28
2026-05-21 02:00:53,2026-05-21,4,羽毛球馆-18号,07:00-08:00,0,1,可预约,￥0.0,多云,15,12,4,0.0,100,28
2026-05-21 02:30:49,2026-05-21,4,羽毛球馆-18号,07:00-08:00,0,1,可预约,￥0.0,多云,15,14,3,0.0,100,29
2026-05-21 03:00:55,2026-05-21,4,羽毛球馆-18号,07:00-08:00,0,1,可预约,￥0.0,多云,15,12,4,0.0,100,29
2026-05-21 03:30:49,2026-05-21,4,羽毛球馆-18号,07:00-08:00,0,1,可预约,￥0.0,多云,15,14,3,0.0,100,30
2026-05-21 04:30:45,2026-05-21,4,羽毛球馆-18号,07:00-08:00,0,1,可预约,￥0.0,多云,15,12,4,0.0,100,29
2026-05-21 05:00:52,2026-05-21,4,羽毛球馆-18号,07:00-08:00,0,1,可预约,￥0.0,多云,15,12,4,0.0,100,29
2026-05-21 05:30:49,2026-05-21,4,羽毛球馆-18号,07:00-08:00,0,1,可预约,￥0.0,多云,15,13,3,0.0,100,28
2026-05-21 06:00:50,2026-05-21,4,羽毛球馆-18号,07:00-08:00,0,1,可预约,￥0.0,多云,15,13,4,0.0,99,28
2026-05-21 06:30:38,2026-05-21,4,羽毛球馆-18号,07:00-08:00,0,1,可预约,￥0.0,多云,15,13,3,0.0,97,28
2026-05-21 07:00:43,2026-05-21,4,羽毛球馆-18号,07:00-08:00,0,1,可预约,￥0.0,晴,15,11,5,0.0,93,28
2026-05-21 07:30:39,2026-05-21,4,羽毛球馆-18号,07:00-08:00,0,1,可预约,￥0.0,晴,17,13,4,0.0,89,29
2026-05-21 07:50:40,2026-05-21,4,羽毛球馆-18号,07:00-08:00,0,1,可预约,￥0.0,晴,17,13,4,0.0,88,29
2026-05-21 07:53:31,2026-05-21,4,羽毛球馆-18号,07:00-08:00,0,1,可预约,￥0.0,晴,17,12,5,0.0,86,29
2026-05-21 07:56:31,2026-05-21,4,羽毛球馆-18号,07:00-08:00,0,1,可预约,￥0.0,晴,17,12,5,0.0,86,29
2026-05-21 07:59:26,2026-05-21,4,羽毛球馆-18号,07:00-08:00,0,1,可预约,￥0.0,晴,17,12,5,0.0,86,29
2026-05-21 00:30:49,2026-05-21,4,羽毛球馆-18号,08:00-09:00,1,1,已售/已满,已售,多云,15,13,3,0.0,100,26
2026-05-21 01:00:55,2026-05-21,4,羽毛球馆-18号,08:00-09:00,1,1,已售/已满,已售,多云,15,12,4,0.0,100,26
2026-05-21 01:30:47,2026-05-21,4,羽毛球馆-18号,08:00-09:00,1,1,已售/已满,已售,多云,15,13,4,0.0,100,28
2026-05-21 02:00:53,2026-05-21,4,羽毛球馆-18号,08:00-09:00,1,1,已售/已满,已售,多云,15,12,4,0.0,100,28
2026-05-21 02:30:49,2026-05-21,4,羽毛球馆-18号,08:00-09:00,1,1,已售/已满,已售,多云,15,14,3,0.0,100,29
2026-05-21 03:00:55,2026-05-21,4,羽毛球馆-18号,08:00-09:00,1,1,已售/已满,已售,多云,15,12,4,0.0,100,29
2026-05-21 03:30:49,2026-05-21,4,羽毛球馆-18号,08:00-09:00,1,1,已售/已满,已售,多云,15,14,3,0.0,100,30
2026-05-21 04:30:45,2026-05-21,4,羽毛球馆-18号,08:00-09:00,1,1,已售/已满,已售,多云,15,12,4,0.0,100,29
2026-05-21 05:00:52,2026-05-21,4,羽毛球馆-18号,08:00-09:00,1,1,已售/已满,已售,多云,15,12,4,0.0,100,29
2026-05-21 05:30:49,2026-05-21,4,羽毛球馆-18号,08:00-09:00,1,1,已售/已满,已售,多云,15,13,3,0.0,100,28
2026-05-21 06:00:50,2026-05-21,4,羽毛球馆-18号,08:00-09:00,1,1,已售/已满,已售,多云,15,13,4,0.0,99,28
2026-05-21 06:30:38,2026-05-21,4,羽毛球馆-18号,08:00-09:00,1,1,已售/已满,已售,多云,15,13,3,0.0,97,28
2026-05-21 07:00:43,2026-05-21,4,羽毛球馆-18号,08:00-09:00,1,1,已售/已满,已售,晴,15,11,5,0.0,93,28
2026-05-21 07:30:39,2026-05-21,4,羽毛球馆-18号,08:00-09:00,1,1,已售/已满,已售,晴,17,13,4,0.0,89,29
2026-05-21 07:50:40,2026-05-21,4,羽毛球馆-18号,08:00-09:00,1,1,已售/已满,已售,晴,17,13,4,0.0,88,29
2026-05-21 07:53:31,2026-05-21,4,羽毛球馆-18号,08:00-09:00,1,1,已售/已满,已售,晴,17,12,5,0.0,86,29
2026-05-21 07:56:31,2026-05-21,4,羽毛球馆-18号,08:00-09:00,1,1,已售/已满,已售,晴,17,12,5,0.0,86,29
2026-05-21 07:59:26,2026-05-21,4,羽毛球馆-18号,08:00-09:00,1,1,已售/已满,已售,晴,17,12,5,0.0,86,29
2026-05-21 00:30:49,2026-05-21,4,羽毛球馆-18号,09:00-10:00,0,1,可预约,￥12.0,多云,15,13,3,0.0,100,26
2026-05-21 01:00:55,2026-05-21,4,羽毛球馆-18号,09:00-10:00,0,1,可预约,￥12.0,多云,15,12,4,0.0,100,26
2026-05-21 01:30:47,2026-05-21,4,羽毛球馆-18号,09:00-10:00,0,1,可预约,￥12.0,多云,15,13,4,0.0,100,28
2026-05-21 02:00:53,2026-05-21,4,羽毛球馆-18号,09:00-10:00,0,1,可预约,￥12.0,多云,15,12,4,0.0,100,28
2026-05-21 02:30:49,2026-05-21,4,羽毛球馆-18号,09:00-10:00,0,1,可预约,￥12.0,多云,15,14,3,0.0,100,29
2026-05-21 03:00:55,2026-05-21,4,羽毛球馆-18号,09:00-10:00,0,1,可预约,￥12.0,多云,15,12,4,0.0,100,29
2026-05-21 03:30:49,2026-05-21,4,羽毛球馆-18号,09:00-10:00,0,1,可预约,￥12.0,多云,15,14,3,0.0,100,30
2026-05-21 04:30:45,2026-05-21,4,羽毛球馆-18号,09:00-10:00,0,1,可预约,￥12.0,多云,15,12,4,0.0,100,29
2026-05-21 05:00:52,2026-05-21,4,羽毛球馆-18号,09:00-10:00,0,1,可预约,￥12.0,多云,15,12,4,0.0,100,29
2026-05-21 05:30:49,2026-05-21,4,羽毛球馆-18号,09:00-10:00,0,1,可预约,￥12.0,多云,15,13,3,0.0,100,28
2026-05-21 06:00:50,2026-05-21,4,羽毛球馆-18号,09:00-10:00,0,1,可预约,￥12.0,多云,15,13,4,0.0,99,28
2026-05-21 06:30:38,2026-05-21,4,羽毛球馆-18号,09:00-10:00,0,1,可预约,￥12.0,多云,15,13,3,0.0,97,28
2026-05-21 07:00:43,2026-05-21,4,羽毛球馆-18号,09:00-10:00,0,1,可预约,￥12.0,晴,15,11,5,0.0,93,28
2026-05-21 07:30:39,2026-05-21,4,羽毛球馆-18号,09:00-10:00,0,1,可预约,￥12.0,晴,17,13,4,0.0,89,29
2026-05-21 07:50:40,2026-05-21,4,羽毛球馆-18号,09:00-10:00,0,1,可预约,￥12.0,晴,17,13,4,0.0,88,29
2026-05-21 07:53:31,2026-05-21,4,羽毛球馆-18号,09:00-10:00,0,1,可预约,￥12.0,晴,17,12,5,0.0,86,29
2026-05-21 07:56:31,2026-05-21,4,羽毛球馆-18号,09:00-10:00,0,1,可预约,￥12.0,晴,17,12,5,0.0,86,29
2026-05-21 07:59:26,2026-05-21,4,羽毛球馆-18号,09:00-10:00,0,1,可预约,￥12.0,晴,17,12,5,0.0,86,29
2026-05-21 00:30:49,2026-05-21,4,羽毛球馆-18号,10:00-11:00,1,1,已售/已满,教学时间,多云,15,13,3,0.0,100,26
2026-05-21 01:00:55,2026-05-21,4,羽毛球馆-18号,10:00-11:00,1,1,已售/已满,教学时间,多云,15,12,4,0.0,100,26
2026-05-21 01:30:47,2026-05-21,4,羽毛球馆-18号,10:00-11:00,1,1,已售/已满,教学时间,多云,15,13,4,0.0,100,28
2026-05-21 02:00:53,2026-05-21,4,羽毛球馆-18号,10:00-11:00,1,1,已售/已满,教学时间,多云,15,12,4,0.0,100,28
2026-05-21 02:30:49,2026-05-21,4,羽毛球馆-18号,10:00-11:00,1,1,已售/已满,教学时间,多云,15,14,3,0.0,100,29
2026-05-21 03:00:55,2026-05-21,4,羽毛球馆-18号,10:00-11:00,1,1,已售/已满,教学时间,多云,15,12,4,0.0,100,29
2026-05-21 03:30:49,2026-05-21,4,羽毛球馆-18号,10:00-11:00,1,1,已售/已满,教学时间,多云,15,14,3,0.0,100,30
2026-05-21 04:30:45,2026-05-21,4,羽毛球馆-18号,10:00-11:00,1,1,已售/已满,教学时间,多云,15,12,4,0.0,100,29
2026-05-21 05:00:52,2026-05-21,4,羽毛球馆-18号,10:00-11:00,1,1,已售/已满,教学时间,多云,15,12,4,0.0,100,29
2026-05-21 05:30:49,2026-05-21,4,羽毛球馆-18号,10:00-11:00,1,1,已售/已满,教学时间,多云,15,13,3,0.0,100,28
2026-05-21 06:00:50,2026-05-21,4,羽毛球馆-18号,10:00-11:00,1,1,已售/已满,教学时间,多云,15,13,4,0.0,99,28
2026-05-21 06:30:38,2026-05-21,4,羽毛球馆-18号,10:00-11:00,1,1,已售/已满,教学时间,多云,15,13,3,0.0,97,28
2026-05-21 07:00:43,2026-05-21,4,羽毛球馆-18号,10:00-11:00,1,1,已售/已满,教学时间,晴,15,11,5,0.0,93,28
2026-05-21 07:30:39,2026-05-21,4,羽毛球馆-18号,10:00-11:00,1,1,已售/已满,教学时间,晴,17,13,4,0.0,89,29
2026-05-21 07:50:40,2026-05-21,4,羽毛球馆-18号,10:00-11:00,1,1,已售/已满,教学时间,晴,17,13,4,0.0,88,29
2026-05-21 07:53:31,2026-05-21,4,羽毛球馆-18号,10:00-11:00,1,1,已售/已满,教学时间,晴,17,12,5,0.0,86,29
2026-05-21 07:56:31,2026-05-21,4,羽毛球馆-18号,10:00-11:00,1,1,已售/已满,教学时间,晴,17,12,5,0.0,86,29
2026-05-21 07:59:26,2026-05-21,4,羽毛球馆-18号,10:00-11:00,1,1,已售/已满,教学时间,晴,17,12,5,0.0,86,29
2026-05-21 00:30:49,2026-05-21,4,羽毛球馆-18号,11:00-12:00,1,1,已售/已满,教学时间,多云,15,13,3,0.0,100,26
2026-05-21 01:00:55,2026-05-21,4,羽毛球馆-18号,11:00-12:00,1,1,已售/已满,教学时间,多云,15,12,4,0.0,100,26
2026-05-21 01:30:47,2026-05-21,4,羽毛球馆-18号,11:00-12:00,1,1,已售/已满,教学时间,多云,15,13,4,0.0,100,28
2026-05-21 02:00:53,2026-05-21,4,羽毛球馆-18号,11:00-12:00,1,1,已售/已满,教学时间,多云,15,12,4,0.0,100,28
2026-05-21 02:30:49,2026-05-21,4,羽毛球馆-18号,11:00-12:00,1,1,已售/已满,教学时间,多云,15,14,3,0.0,100,29
2026-05-21 03:00:55,2026-05-21,4,羽毛球馆-18号,11:00-12:00,1,1,已售/已满,教学时间,多云,15,12,4,0.0,100,29
2026-05-21 03:30:49,2026-05-21,4,羽毛球馆-18号,11:00-12:00,1,1,已售/已满,教学时间,多云,15,14,3,0.0,100,30
2026-05-21 04:30:45,2026-05-21,4,羽毛球馆-18号,11:00-12:00,1,1,已售/已满,教学时间,多云,15,12,4,0.0,100,29
2026-05-21 05:00:52,2026-05-21,4,羽毛球馆-18号,11:00-12:00,1,1,已售/已满,教学时间,多云,15,12,4,0.0,100,29
2026-05-21 05:30:49,2026-05-21,4,羽毛球馆-18号,11:00-12:00,1,1,已售/已满,教学时间,多云,15,13,3,0.0,100,28
2026-05-21 06:00:50,2026-05-21,4,羽毛球馆-18号,11:00-12:00,1,1,已售/已满,教学时间,多云,15,13,4,0.0,99,28
2026-05-21 06:30:38,2026-05-21,4,羽毛球馆-18号,11:00-12:00,1,1,已售/已满,教学时间,多云,15,13,3,0.0,97,28
2026-05-21 07:00:43,2026-05-21,4,羽毛球馆-18号,11:00-12:00,1,1,已售/已满,教学时间,晴,15,11,5,0.0,93,28
2026-05-21 07:30:39,2026-05-21,4,羽毛球馆-18号,11:00-12:00,1,1,已售/已满,教学时间,晴,17,13,4,0.0,89,29
2026-05-21 07:50:40,2026-05-21,4,羽毛球馆-18号,11:00-12:00,1,1,已售/已满,教学时间,晴,17,13,4,0.0,88,29
2026-05-21 07:53:31,2026-05-21,4,羽毛球馆-18号,11:00-12:00,1,1,已售/已满,教学时间,晴,17,12,5,0.0,86,29
2026-05-21 07:56:31,2026-05-21,4,羽毛球馆-18号,11:00-12:00,1,1,已售/已满,教学时间,晴,17,12,5,0.0,86,29
2026-05-21 07:59:26,2026-05-21,4,羽毛球馆-18号,11:00-12:00,1,1,已售/已满,教学时间,晴,17,12,5,0.0,86,29
2026-05-21 00:30:49,2026-05-21,4,羽毛球馆-18号,12:00-12:55,1,1,已售/已满,已售,多云,15,13,3,0.0,100,26
2026-05-21 01:00:55,2026-05-21,4,羽毛球馆-18号,12:00-12:55,1,1,已售/已满,已售,多云,15,12,4,0.0,100,26
2026-05-21 01:30:47,2026-05-21,4,羽毛球馆-18号,12:00-12:55,1,1,已售/已满,已售,多云,15,13,4,0.0,100,28
2026-05-21 02:00:53,2026-05-21,4,羽毛球馆-18号,12:00-12:55,1,1,已售/已满,已售,多云,15,12,4,0.0,100,28
2026-05-21 02:30:49,2026-05-21,4,羽毛球馆-18号,12:00-12:55,1,1,已售/已满,已售,多云,15,14,3,0.0,100,29
2026-05-21 03:00:55,2026-05-21,4,羽毛球馆-18号,12:00-12:55,1,1,已售/已满,已售,多云,15,12,4,0.0,100,29
2026-05-21 03:30:49,2026-05-21,4,羽毛球馆-18号,12:00-12:55,1,1,已售/已满,已售,多云,15,14,3,0.0,100,30
2026-05-21 04:30:45,2026-05-21,4,羽毛球馆-18号,12:00-12:55,1,1,已售/已满,已售,多云,15,12,4,0.0,100,29
2026-05-21 05:00:52,2026-05-21,4,羽毛球馆-18号,12:00-12:55,1,1,已售/已满,已售,多云,15,12,4,0.0,100,29
2026-05-21 05:30:49,2026-05-21,4,羽毛球馆-18号,12:00-12:55,1,1,已售/已满,已售,多云,15,13,3,0.0,100,28
2026-05-21 06:00:50,2026-05-21,4,羽毛球馆-18号,12:00-12:55,1,1,已售/已满,已售,多云,15,13,4,0.0,99,28
2026-05-21 06:30:38,2026-05-21,4,羽毛球馆-18号,12:00-12:55,1,1,已售/已满,已售,多云,15,13,3,0.0,97,28
2026-05-21 07:00:43,2026-05-21,4,羽毛球馆-18号,12:00-12:55,1,1,已售/已满,已售,晴,15,11,5,0.0,93,28
2026-05-21 07:30:39,2026-05-21,4,羽毛球馆-18号,12:00-12:55,1,1,已售/已满,已售,晴,17,13,4,0.0,89,29
2026-05-21 07:50:40,2026-05-21,4,羽毛球馆-18号,12:00-12:55,1,1,已售/已满,已售,晴,17,13,4,0.0,88,29
2026-05-21 07:53:31,2026-05-21,4,羽毛球馆-18号,12:00-12:55,1,1,已售/已满,已售,晴,17,12,5,0.0,86,29
2026-05-21 07:56:31,2026-05-21,4,羽毛球馆-18号,12:00-12:55,1,1,已售/已满,已售,晴,17,12,5,0.0,86,29
2026-05-21 07:59:26,2026-05-21,4,羽毛球馆-18号,12:00-12:55,1,1,已售/已满,已售,晴,17,12,5,0.0,86,29
2026-05-21 00:30:49,2026-05-21,4,羽毛球馆-18号,12:55-13:50,1,1,已售/已满,已售,多云,15,13,3,0.0,100,26
2026-05-21 01:00:55,2026-05-21,4,羽毛球馆-18号,12:55-13:50,1,1,已售/已满,已售,多云,15,12,4,0.0,100,26
2026-05-21 01:30:47,2026-05-21,4,羽毛球馆-18号,12:55-13:50,1,1,已售/已满,已售,多云,15,13,4,0.0,100,28
2026-05-21 02:00:53,2026-05-21,4,羽毛球馆-18号,12:55-13:50,1,1,已售/已满,已售,多云,15,12,4,0.0,100,28
2026-05-21 02:30:49,2026-05-21,4,羽毛球馆-18号,12:55-13:50,1,1,已售/已满,已售,多云,15,14,3,0.0,100,29
2026-05-21 03:00:55,2026-05-21,4,羽毛球馆-18号,12:55-13:50,1,1,已售/已满,已售,多云,15,12,4,0.0,100,29
2026-05-21 03:30:49,2026-05-21,4,羽毛球馆-18号,12:55-13:50,1,1,已售/已满,已售,多云,15,14,3,0.0,100,30
2026-05-21 04:30:45,2026-05-21,4,羽毛球馆-18号,12:55-13:50,1,1,已售/已满,已售,多云,15,12,4,0.0,100,29
2026-05-21 05:00:52,2026-05-21,4,羽毛球馆-18号,12:55-13:50,1,1,已售/已满,已售,多云,15,12,4,0.0,100,29
2026-05-21 05:30:49,2026-05-21,4,羽毛球馆-18号,12:55-13:50,1,1,已售/已满,已售,多云,15,13,3,0.0,100,28
2026-05-21 06:00:50,2026-05-21,4,羽毛球馆-18号,12:55-13:50,1,1,已售/已满,已售,多云,15,13,4,0.0,99,28
2026-05-21 06:30:38,2026-05-21,4,羽毛球馆-18号,12:55-13:50,1,1,已售/已满,已售,多云,15,13,3,0.0,97,28
2026-05-21 07:00:43,2026-05-21,4,羽毛球馆-18号,12:55-13:50,1,1,已售/已满,已售,晴,15,11,5,0.0,93,28
2026-05-21 07:30:39,2026-05-21,4,羽毛球馆-18号,12:55-13:50,1,1,已售/已满,已售,晴,17,13,4,0.0,89,29
2026-05-21 07:50:40,2026-05-21,4,羽毛球馆-18号,12:55-13:50,1,1,已售/已满,已售,晴,17,13,4,0.0,88,29
2026-05-21 07:53:31,2026-05-21,4,羽毛球馆-18号,12:55-13:50,1,1,已售/已满,已售,晴,17,12,5,0.0,86,29
2026-05-21 07:56:31,2026-05-21,4,羽毛球馆-18号,12:55-13:50,1,1,已售/已满,已售,晴,17,12,5,0.0,86,29
2026-05-21 07:59:26,2026-05-21,4,羽毛球馆-18号,12:55-13:50,1,1,已售/已满,已售,晴,17,12,5,0.0,86,29
2026-05-21 00:30:49,2026-05-21,4,羽毛球馆-18号,14:00-15:00,0,1,可预约,￥12.0,多云,15,13,3,0.0,100,26
2026-05-21 01:00:55,2026-05-21,4,羽毛球馆-18号,14:00-15:00,0,1,可预约,￥12.0,多云,15,12,4,0.0,100,26
2026-05-21 01:30:47,2026-05-21,4,羽毛球馆-18号,14:00-15:00,0,1,可预约,￥12.0,多云,15,13,4,0.0,100,28
2026-05-21 02:00:53,2026-05-21,4,羽毛球馆-18号,14:00-15:00,0,1,可预约,￥12.0,多云,15,12,4,0.0,100,28
2026-05-21 02:30:49,2026-05-21,4,羽毛球馆-18号,14:00-15:00,0,1,可预约,￥12.0,多云,15,14,3,0.0,100,29
2026-05-21 03:00:55,2026-05-21,4,羽毛球馆-18号,14:00-15:00,0,1,可预约,￥12.0,多云,15,12,4,0.0,100,29
2026-05-21 03:30:49,2026-05-21,4,羽毛球馆-18号,14:00-15:00,0,1,可预约,￥12.0,多云,15,14,3,0.0,100,30
2026-05-21 04:30:45,2026-05-21,4,羽毛球馆-18号,14:00-15:00,0,1,可预约,￥12.0,多云,15,12,4,0.0,100,29
2026-05-21 05:00:52,2026-05-21,4,羽毛球馆-18号,14:00-15:00,0,1,可预约,￥12.0,多云,15,12,4,0.0,100,29
2026-05-21 05:30:49,2026-05-21,4,羽毛球馆-18号,14:00-15:00,0,1,可预约,￥12.0,多云,15,13,3,0.0,100,28
2026-05-21 06:00:50,2026-05-21,4,羽毛球馆-18号,14:00-15:00,0,1,可预约,￥12.0,多云,15,13,4,0.0,99,28
2026-05-21 06:30:38,2026-05-21,4,羽毛球馆-18号,14:00-15:00,0,1,可预约,￥12.0,多云,15,13,3,0.0,97,28
2026-05-21 07:00:43,2026-05-21,4,羽毛球馆-18号,14:00-15:00,0,1,可预约,￥12.0,晴,15,11,5,0.0,93,28
2026-05-21 07:30:39,2026-05-21,4,羽毛球馆-18号,14:00-15:00,0,1,可预约,￥12.0,晴,17,13,4,0.0,89,29
2026-05-21 07:50:40,2026-05-21,4,羽毛球馆-18号,14:00-15:00,0,1,可预约,￥12.0,晴,17,13,4,0.0,88,29
2026-05-21 07:53:31,2026-05-21,4,羽毛球馆-18号,14:00-15:00,0,1,可预约,￥12.0,晴,17,12,5,0.0,86,29
2026-05-21 07:56:31,2026-05-21,4,羽毛球馆-18号,14:00-15:00,0,1,可预约,￥12.0,晴,17,12,5,0.0,86,29
2026-05-21 07:59:26,2026-05-21,4,羽毛球馆-18号,14:00-15:00,0,1,可预约,￥12.0,晴,17,12,5,0.0,86,29
2026-05-21 00:30:49,2026-05-21,4,羽毛球馆-18号,15:00-16:00,0,1,可预约,￥12.0,多云,15,13,3,0.0,100,26
2026-05-21 01:00:55,2026-05-21,4,羽毛球馆-18号,15:00-16:00,0,1,可预约,￥12.0,多云,15,12,4,0.0,100,26
2026-05-21 01:30:47,2026-05-21,4,羽毛球馆-18号,15:00-16:00,0,1,可预约,￥12.0,多云,15,13,4,0.0,100,28
2026-05-21 02:00:53,2026-05-21,4,羽毛球馆-18号,15:00-16:00,0,1,可预约,￥12.0,多云,15,12,4,0.0,100,28
2026-05-21 02:30:49,2026-05-21,4,羽毛球馆-18号,15:00-16:00,0,1,可预约,￥12.0,多云,15,14,3,0.0,100,29
2026-05-21 03:00:55,2026-05-21,4,羽毛球馆-18号,15:00-16:00,0,1,可预约,￥12.0,多云,15,12,4,0.0,100,29
2026-05-21 03:30:49,2026-05-21,4,羽毛球馆-18号,15:00-16:00,0,1,可预约,￥12.0,多云,15,14,3,0.0,100,30
2026-05-21 04:30:45,2026-05-21,4,羽毛球馆-18号,15:00-16:00,0,1,可预约,￥12.0,多云,15,12,4,0.0,100,29
2026-05-21 05:00:52,2026-05-21,4,羽毛球馆-18号,15:00-16:00,0,1,可预约,￥12.0,多云,15,12,4,0.0,100,29
2026-05-21 05:30:49,2026-05-21,4,羽毛球馆-18号,15:00-16:00,0,1,可预约,￥12.0,多云,15,13,3,0.0,100,28
2026-05-21 06:00:50,2026-05-21,4,羽毛球馆-18号,15:00-16:00,0,1,可预约,￥12.0,多云,15,13,4,0.0,99,28
2026-05-21 06:30:38,2026-05-21,4,羽毛球馆-18号,15:00-16:00,0,1,可预约,￥12.0,多云,15,13,3,0.0,97,28
2026-05-21 07:00:43,2026-05-21,4,羽毛球馆-18号,15:00-16:00,0,1,可预约,￥12.0,晴,15,11,5,0.0,93,28
2026-05-21 07:30:39,2026-05-21,4,羽毛球馆-18号,15:00-16:00,0,1,可预约,￥12.0,晴,17,13,4,0.0,89,29
2026-05-21 07:50:40,2026-05-21,4,羽毛球馆-18号,15:00-16:00,0,1,可预约,￥12.0,晴,17,13,4,0.0,88,29
2026-05-21 07:53:31,2026-05-21,4,羽毛球馆-18号,15:00-16:00,0,1,可预约,￥12.0,晴,17,12,5,0.0,86,29
2026-05-21 07:56:31,2026-05-21,4,羽毛球馆-18号,15:00-16:00,0,1,可预约,￥12.0,晴,17,12,5,0.0,86,29
2026-05-21 07:59:26,2026-05-21,4,羽毛球馆-18号,15:00-16:00,0,1,可预约,￥12.0,晴,17,12,5,0.0,86,29
2026-05-21 00:30:49,2026-05-21,4,羽毛球馆-18号,16:00-17:00,1,1,已售/已满,已售,多云,15,13,3,0.0,100,26
2026-05-21 01:00:55,2026-05-21,4,羽毛球馆-18号,16:00-17:00,1,1,已售/已满,已售,多云,15,12,4,0.0,100,26
2026-05-21 01:30:47,2026-05-21,4,羽毛球馆-18号,16:00-17:00,1,1,已售/已满,已售,多云,15,13,4,0.0,100,28
2026-05-21 02:00:53,2026-05-21,4,羽毛球馆-18号,16:00-17:00,1,1,已售/已满,已售,多云,15,12,4,0.0,100,28
2026-05-21 02:30:49,2026-05-21,4,羽毛球馆-18号,16:00-17:00,1,1,已售/已满,已售,多云,15,14,3,0.0,100,29
2026-05-21 03:00:55,2026-05-21,4,羽毛球馆-18号,16:00-17:00,1,1,已售/已满,已售,多云,15,12,4,0.0,100,29
2026-05-21 03:30:49,2026-05-21,4,羽毛球馆-18号,16:00-17:00,1,1,已售/已满,已售,多云,15,14,3,0.0,100,30
2026-05-21 04:30:45,2026-05-21,4,羽毛球馆-18号,16:00-17:00,1,1,已售/已满,已售,多云,15,12,4,0.0,100,29
2026-05-21 05:00:52,2026-05-21,4,羽毛球馆-18号,16:00-17:00,1,1,已售/已满,已售,多云,15,12,4,0.0,100,29
2026-05-21 05:30:49,2026-05-21,4,羽毛球馆-18号,16:00-17:00,1,1,已售/已满,已售,多云,15,13,3,0.0,100,28
2026-05-21 06:00:50,2026-05-21,4,羽毛球馆-18号,16:00-17:00,1,1,已售/已满,已售,多云,15,13,4,0.0,99,28
2026-05-21 06:30:38,2026-05-21,4,羽毛球馆-18号,16:00-17:00,1,1,已售/已满,已售,多云,15,13,3,0.0,97,28
2026-05-21 07:00:43,2026-05-21,4,羽毛球馆-18号,16:00-17:00,1,1,已售/已满,已售,晴,15,11,5,0.0,93,28
2026-05-21 07:30:39,2026-05-21,4,羽毛球馆-18号,16:00-17:00,1,1,已售/已满,已售,晴,17,13,4,0.0,89,29
2026-05-21 07:50:40,2026-05-21,4,羽毛球馆-18号,16:00-17:00,1,1,已售/已满,已售,晴,17,13,4,0.0,88,29
2026-05-21 07:53:31,2026-05-21,4,羽毛球馆-18号,16:00-17:00,1,1,已售/已满,已售,晴,17,12,5,0.0,86,29
2026-05-21 07:56:31,2026-05-21,4,羽毛球馆-18号,16:00-17:00,1,1,已售/已满,已售,晴,17,12,5,0.0,86,29
2026-05-21 07:59:26,2026-05-21,4,羽毛球馆-18号,16:00-17:00,1,1,已售/已满,已售,晴,17,12,5,0.0,86,29
2026-05-21 00:30:49,2026-05-21,4,羽毛球馆-18号,17:00-18:00,1,1,已售/已满,已售,多云,15,13,3,0.0,100,26
2026-05-21 01:00:55,2026-05-21,4,羽毛球馆-18号,17:00-18:00,1,1,已售/已满,已售,多云,15,12,4,0.0,100,26
2026-05-21 01:30:47,2026-05-21,4,羽毛球馆-18号,17:00-18:00,1,1,已售/已满,已售,多云,15,13,4,0.0,100,28
2026-05-21 02:00:53,2026-05-21,4,羽毛球馆-18号,17:00-18:00,1,1,已售/已满,已售,多云,15,12,4,0.0,100,28
2026-05-21 02:30:49,2026-05-21,4,羽毛球馆-18号,17:00-18:00,1,1,已售/已满,已售,多云,15,14,3,0.0,100,29
2026-05-21 03:00:55,2026-05-21,4,羽毛球馆-18号,17:00-18:00,1,1,已售/已满,已售,多云,15,12,4,0.0,100,29
2026-05-21 03:30:49,2026-05-21,4,羽毛球馆-18号,17:00-18:00,1,1,已售/已满,已售,多云,15,14,3,0.0,100,30
2026-05-21 04:30:45,2026-05-21,4,羽毛球馆-18号,17:00-18:00,1,1,已售/已满,已售,多云,15,12,4,0.0,100,29
2026-05-21 05:00:52,2026-05-21,4,羽毛球馆-18号,17:00-18:00,1,1,已售/已满,已售,多云,15,12,4,0.0,100,29
2026-05-21 05:30:49,2026-05-21,4,羽毛球馆-18号,17:00-18:00,1,1,已售/已满,已售,多云,15,13,3,0.0,100,28
2026-05-21 06:00:50,2026-05-21,4,羽毛球馆-18号,17:00-18:00,1,1,已售/已满,已售,多云,15,13,4,0.0,99,28
2026-05-21 06:30:38,2026-05-21,4,羽毛球馆-18号,17:00-18:00,1,1,已售/已满,已售,多云,15,13,3,0.0,97,28
2026-05-21 07:00:43,2026-05-21,4,羽毛球馆-18号,17:00-18:00,1,1,已售/已满,已售,晴,15,11,5,0.0,93,28
2026-05-21 07:30:39,2026-05-21,4,羽毛球馆-18号,17:00-18:00,1,1,已售/已满,已售,晴,17,13,4,0.0,89,29
2026-05-21 07:50:40,2026-05-21,4,羽毛球馆-18号,17:00-18:00,1,1,已售/已满,已售,晴,17,13,4,0.0,88,29
2026-05-21 07:53:31,2026-05-21,4,羽毛球馆-18号,17:00-18:00,1,1,已售/已满,已售,晴,17,12,5,0.0,86,29
2026-05-21 07:56:31,2026-05-21,4,羽毛球馆-18号,17:00-18:00,1,1,已售/已满,已售,晴,17,12,5,0.0,86,29
2026-05-21 07:59:26,2026-05-21,4,羽毛球馆-18号,17:00-18:00,1,1,已售/已满,已售,晴,17,12,5,0.0,86,29
2026-05-21 00:30:49,2026-05-21,4,羽毛球馆-18号,18:30-19:30,1,1,已售/已满,已售,多云,15,13,3,0.0,100,26
2026-05-21 01:00:55,2026-05-21,4,羽毛球馆-18号,18:30-19:30,1,1,已售/已满,已售,多云,15,12,4,0.0,100,26
2026-05-21 01:30:47,2026-05-21,4,羽毛球馆-18号,18:30-19:30,1,1,已售/已满,已售,多云,15,13,4,0.0,100,28
2026-05-21 02:00:53,2026-05-21,4,羽毛球馆-18号,18:30-19:30,1,1,已售/已满,已售,多云,15,12,4,0.0,100,28
2026-05-21 02:30:49,2026-05-21,4,羽毛球馆-18号,18:30-19:30,1,1,已售/已满,已售,多云,15,14,3,0.0,100,29
2026-05-21 03:00:55,2026-05-21,4,羽毛球馆-18号,18:30-19:30,1,1,已售/已满,已售,多云,15,12,4,0.0,100,29
2026-05-21 03:30:49,2026-05-21,4,羽毛球馆-18号,18:30-19:30,1,1,已售/已满,已售,多云,15,14,3,0.0,100,30
2026-05-21 04:30:45,2026-05-21,4,羽毛球馆-18号,18:30-19:30,1,1,已售/已满,已售,多云,15,12,4,0.0,100,29
2026-05-21 05:00:52,2026-05-21,4,羽毛球馆-18号,18:30-19:30,1,1,已售/已满,已售,多云,15,12,4,0.0,100,29
2026-05-21 05:30:49,2026-05-21,4,羽毛球馆-18号,18:30-19:30,1,1,已售/已满,已售,多云,15,13,3,0.0,100,28
2026-05-21 06:00:50,2026-05-21,4,羽毛球馆-18号,18:30-19:30,1,1,已售/已满,已售,多云,15,13,4,0.0,99,28
2026-05-21 06:30:38,2026-05-21,4,羽毛球馆-18号,18:30-19:30,1,1,已售/已满,已售,多云,15,13,3,0.0,97,28
2026-05-21 07:00:43,2026-05-21,4,羽毛球馆-18号,18:30-19:30,1,1,已售/已满,已售,晴,15,11,5,0.0,93,28
2026-05-21 07:30:39,2026-05-21,4,羽毛球馆-18号,18:30-19:30,1,1,已售/已满,已售,晴,17,13,4,0.0,89,29
2026-05-21 07:50:40,2026-05-21,4,羽毛球馆-18号,18:30-19:30,1,1,已售/已满,已售,晴,17,13,4,0.0,88,29
2026-05-21 07:53:31,2026-05-21,4,羽毛球馆-18号,18:30-19:30,1,1,已售/已满,已售,晴,17,12,5,0.0,86,29
2026-05-21 07:56:31,2026-05-21,4,羽毛球馆-18号,18:30-19:30,1,1,已售/已满,已售,晴,17,12,5,0.0,86,29
2026-05-21 07:59:26,2026-05-21,4,羽毛球馆-18号,18:30-19:30,1,1,已售/已满,已售,晴,17,12,5,0.0,86,29
2026-05-21 00:30:49,2026-05-21,4,羽毛球馆-18号,19:30-20:30,1,1,已售/已满,已售,多云,15,13,3,0.0,100,26
2026-05-21 01:00:55,2026-05-21,4,羽毛球馆-18号,19:30-20:30,1,1,已售/已满,已售,多云,15,12,4,0.0,100,26
2026-05-21 01:30:47,2026-05-21,4,羽毛球馆-18号,19:30-20:30,1,1,已售/已满,已售,多云,15,13,4,0.0,100,28
2026-05-21 02:00:53,2026-05-21,4,羽毛球馆-18号,19:30-20:30,1,1,已售/已满,已售,多云,15,12,4,0.0,100,28
2026-05-21 02:30:49,2026-05-21,4,羽毛球馆-18号,19:30-20:30,1,1,已售/已满,已售,多云,15,14,3,0.0,100,29
2026-05-21 03:00:55,2026-05-21,4,羽毛球馆-18号,19:30-20:30,1,1,已售/已满,已售,多云,15,12,4,0.0,100,29
2026-05-21 03:30:49,2026-05-21,4,羽毛球馆-18号,19:30-20:30,1,1,已售/已满,已售,多云,15,14,3,0.0,100,30
2026-05-21 04:30:45,2026-05-21,4,羽毛球馆-18号,19:30-20:30,1,1,已售/已满,已售,多云,15,12,4,0.0,100,29
2026-05-21 05:00:52,2026-05-21,4,羽毛球馆-18号,19:30-20:30,1,1,已售/已满,已售,多云,15,12,4,0.0,100,29
2026-05-21 05:30:49,2026-05-21,4,羽毛球馆-18号,19:30-20:30,1,1,已售/已满,已售,多云,15,13,3,0.0,100,28
2026-05-21 06:00:50,2026-05-21,4,羽毛球馆-18号,19:30-20:30,1,1,已售/已满,已售,多云,15,13,4,0.0,99,28
2026-05-21 06:30:38,2026-05-21,4,羽毛球馆-18号,19:30-20:30,1,1,已售/已满,已售,多云,15,13,3,0.0,97,28
2026-05-21 07:00:43,2026-05-21,4,羽毛球馆-18号,19:30-20:30,1,1,已售/已满,已售,晴,15,11,5,0.0,93,28
2026-05-21 07:30:39,2026-05-21,4,羽毛球馆-18号,19:30-20:30,1,1,已售/已满,已售,晴,17,13,4,0.0,89,29
2026-05-21 07:50:40,2026-05-21,4,羽毛球馆-18号,19:30-20:30,1,1,已售/已满,已售,晴,17,13,4,0.0,88,29
2026-05-21 07:53:31,2026-05-21,4,羽毛球馆-18号,19:30-20:30,1,1,已售/已满,已售,晴,17,12,5,0.0,86,29
2026-05-21 07:56:31,2026-05-21,4,羽毛球馆-18号,19:30-20:30,1,1,已售/已满,已售,晴,17,12,5,0.0,86,29
2026-05-21 07:59:26,2026-05-21,4,羽毛球馆-18号,19:30-20:30,1,1,已售/已满,已售,晴,17,12,5,0.0,86,29
2026-05-21 00:30:49,2026-05-21,4,羽毛球馆-18号,20:30-21:30,1,1,已售/已满,已售,多云,15,13,3,0.0,100,26
2026-05-21 01:00:55,2026-05-21,4,羽毛球馆-18号,20:30-21:30,1,1,已售/已满,已售,多云,15,12,4,0.0,100,26
2026-05-21 01:30:47,2026-05-21,4,羽毛球馆-18号,20:30-21:30,1,1,已售/已满,已售,多云,15,13,4,0.0,100,28
2026-05-21 02:00:53,2026-05-21,4,羽毛球馆-18号,20:30-21:30,1,1,已售/已满,已售,多云,15,12,4,0.0,100,28
2026-05-21 02:30:49,2026-05-21,4,羽毛球馆-18号,20:30-21:30,1,1,已售/已满,已售,多云,15,14,3,0.0,100,29
2026-05-21 03:00:55,2026-05-21,4,羽毛球馆-18号,20:30-21:30,1,1,已售/已满,已售,多云,15,12,4,0.0,100,29
2026-05-21 03:30:49,2026-05-21,4,羽毛球馆-18号,20:30-21:30,1,1,已售/已满,已售,多云,15,14,3,0.0,100,30
2026-05-21 04:30:45,2026-05-21,4,羽毛球馆-18号,20:30-21:30,1,1,已售/已满,已售,多云,15,12,4,0.0,100,29
2026-05-21 05:00:52,2026-05-21,4,羽毛球馆-18号,20:30-21:30,1,1,已售/已满,已售,多云,15,12,4,0.0,100,29
2026-05-21 05:30:49,2026-05-21,4,羽毛球馆-18号,20:30-21:30,1,1,已售/已满,已售,多云,15,13,3,0.0,100,28
2026-05-21 06:00:50,2026-05-21,4,羽毛球馆-18号,20:30-21:30,1,1,已售/已满,已售,多云,15,13,4,0.0,99,28
2026-05-21 06:30:38,2026-05-21,4,羽毛球馆-18号,20:30-21:30,1,1,已售/已满,已售,多云,15,13,3,0.0,97,28
2026-05-21 07:00:43,2026-05-21,4,羽毛球馆-18号,20:30-21:30,1,1,已售/已满,已售,晴,15,11,5,0.0,93,28
2026-05-21 07:30:39,2026-05-21,4,羽毛球馆-18号,20:30-21:30,1,1,已售/已满,已售,晴,17,13,4,0.0,89,29
2026-05-21 07:50:40,2026-05-21,4,羽毛球馆-18号,20:30-21:30,1,1,已售/已满,已售,晴,17,13,4,0.0,88,29
2026-05-21 07:53:31,2026-05-21,4,羽毛球馆-18号,20:30-21:30,1,1,已售/已满,已售,晴,17,12,5,0.0,86,29
2026-05-21 07:56:31,2026-05-21,4,羽毛球馆-18号,20:30-21:30,1,1,已售/已满,已售,晴,17,12,5,0.0,86,29
2026-05-21 07:59:26,2026-05-21,4,羽毛球馆-18号,20:30-21:30,1,1,已售/已满,已售,晴,17,12,5,0.0,86,29
2026-05-21 00:30:49,2026-05-21,4,羽毛球馆-19号,07:00-08:00,0,1,可预约,￥0.0,多云,15,13,3,0.0,100,26
2026-05-21 01:00:55,2026-05-21,4,羽毛球馆-19号,07:00-08:00,0,1,可预约,￥0.0,多云,15,12,4,0.0,100,26
2026-05-21 01:30:47,2026-05-21,4,羽毛球馆-19号,07:00-08:00,0,1,可预约,￥0.0,多云,15,13,4,0.0,100,28
2026-05-21 02:00:53,2026-05-21,4,羽毛球馆-19号,07:00-08:00,0,1,可预约,￥0.0,多云,15,12,4,0.0,100,28
2026-05-21 02:30:49,2026-05-21,4,羽毛球馆-19号,07:00-08:00,0,1,可预约,￥0.0,多云,15,14,3,0.0,100,29
2026-05-21 03:00:55,2026-05-21,4,羽毛球馆-19号,07:00-08:00,0,1,可预约,￥0.0,多云,15,12,4,0.0,100,29
2026-05-21 03:30:49,2026-05-21,4,羽毛球馆-19号,07:00-08:00,0,1,可预约,￥0.0,多云,15,14,3,0.0,100,30
2026-05-21 04:30:45,2026-05-21,4,羽毛球馆-19号,07:00-08:00,0,1,可预约,￥0.0,多云,15,12,4,0.0,100,29
2026-05-21 05:00:52,2026-05-21,4,羽毛球馆-19号,07:00-08:00,0,1,可预约,￥0.0,多云,15,12,4,0.0,100,29
2026-05-21 05:30:49,2026-05-21,4,羽毛球馆-19号,07:00-08:00,0,1,可预约,￥0.0,多云,15,13,3,0.0,100,28
2026-05-21 06:00:50,2026-05-21,4,羽毛球馆-19号,07:00-08:00,0,1,可预约,￥0.0,多云,15,13,4,0.0,99,28
2026-05-21 06:30:38,2026-05-21,4,羽毛球馆-19号,07:00-08:00,0,1,可预约,￥0.0,多云,15,13,3,0.0,97,28
2026-05-21 07:00:43,2026-05-21,4,羽毛球馆-19号,07:00-08:00,0,1,可预约,￥0.0,晴,15,11,5,0.0,93,28
2026-05-21 07:30:39,2026-05-21,4,羽毛球馆-19号,07:00-08:00,0,1,可预约,￥0.0,晴,17,13,4,0.0,89,29
2026-05-21 07:50:40,2026-05-21,4,羽毛球馆-19号,07:00-08:00,0,1,可预约,￥0.0,晴,17,13,4,0.0,88,29
2026-05-21 07:53:31,2026-05-21,4,羽毛球馆-19号,07:00-08:00,0,1,可预约,￥0.0,晴,17,12,5,0.0,86,29
2026-05-21 07:56:31,2026-05-21,4,羽毛球馆-19号,07:00-08:00,0,1,可预约,￥0.0,晴,17,12,5,0.0,86,29
2026-05-21 07:59:26,2026-05-21,4,羽毛球馆-19号,07:00-08:00,0,1,可预约,￥0.0,晴,17,12,5,0.0,86,29
2026-05-21 00:30:49,2026-05-21,4,羽毛球馆-19号,08:00-09:00,0,1,可预约,￥0.0,多云,15,13,3,0.0,100,26
2026-05-21 01:00:55,2026-05-21,4,羽毛球馆-19号,08:00-09:00,0,1,可预约,￥0.0,多云,15,12,4,0.0,100,26
2026-05-21 01:30:47,2026-05-21,4,羽毛球馆-19号,08:00-09:00,0,1,可预约,￥0.0,多云,15,13,4,0.0,100,28
2026-05-21 02:00:53,2026-05-21,4,羽毛球馆-19号,08:00-09:00,0,1,可预约,￥0.0,多云,15,12,4,0.0,100,28
2026-05-21 02:30:49,2026-05-21,4,羽毛球馆-19号,08:00-09:00,0,1,可预约,￥0.0,多云,15,14,3,0.0,100,29
2026-05-21 03:00:55,2026-05-21,4,羽毛球馆-19号,08:00-09:00,0,1,可预约,￥0.0,多云,15,12,4,0.0,100,29
2026-05-21 03:30:49,2026-05-21,4,羽毛球馆-19号,08:00-09:00,0,1,可预约,￥0.0,多云,15,14,3,0.0,100,30
2026-05-21 04:30:45,2026-05-21,4,羽毛球馆-19号,08:00-09:00,0,1,可预约,￥0.0,多云,15,12,4,0.0,100,29
2026-05-21 05:00:52,2026-05-21,4,羽毛球馆-19号,08:00-09:00,0,1,可预约,￥0.0,多云,15,12,4,0.0,100,29
2026-05-21 05:30:49,2026-05-21,4,羽毛球馆-19号,08:00-09:00,0,1,可预约,￥0.0,多云,15,13,3,0.0,100,28
2026-05-21 06:00:50,2026-05-21,4,羽毛球馆-19号,08:00-09:00,0,1,可预约,￥0.0,多云,15,13,4,0.0,99,28
2026-05-21 06:30:38,2026-05-21,4,羽毛球馆-19号,08:00-09:00,0,1,可预约,￥0.0,多云,15,13,3,0.0,97,28
2026-05-21 07:00:43,2026-05-21,4,羽毛球馆-19号,08:00-09:00,0,1,可预约,￥0.0,晴,15,11,5,0.0,93,28
2026-05-21 07:30:39,2026-05-21,4,羽毛球馆-19号,08:00-09:00,0,1,可预约,￥0.0,晴,17,13,4,0.0,89,29
2026-05-21 07:50:40,2026-05-21,4,羽毛球馆-19号,08:00-09:00,0,1,可预约,￥0.0,晴,17,13,4,0.0,88,29
2026-05-21 07:53:31,2026-05-21,4,羽毛球馆-19号,08:00-09:00,0,1,可预约,￥0.0,晴,17,12,5,0.0,86,29
2026-05-21 07:56:31,2026-05-21,4,羽毛球馆-19号,08:00-09:00,0,1,可预约,￥0.0,晴,17,12,5,0.0,86,29
2026-05-21 07:59:26,2026-05-21,4,羽毛球馆-19号,08:00-09:00,0,1,可预约,￥0.0,晴,17,12,5,0.0,86,29
2026-05-21 00:30:49,2026-05-21,4,羽毛球馆-19号,09:00-10:00,0,1,可预约,￥12.0,多云,15,13,3,0.0,100,26
2026-05-21 01:00:55,2026-05-21,4,羽毛球馆-19号,09:00-10:00,0,1,可预约,￥12.0,多云,15,12,4,0.0,100,26
2026-05-21 01:30:47,2026-05-21,4,羽毛球馆-19号,09:00-10:00,0,1,可预约,￥12.0,多云,15,13,4,0.0,100,28
2026-05-21 02:00:53,2026-05-21,4,羽毛球馆-19号,09:00-10:00,0,1,可预约,￥12.0,多云,15,12,4,0.0,100,28
2026-05-21 02:30:49,2026-05-21,4,羽毛球馆-19号,09:00-10:00,0,1,可预约,￥12.0,多云,15,14,3,0.0,100,29
2026-05-21 03:00:55,2026-05-21,4,羽毛球馆-19号,09:00-10:00,0,1,可预约,￥12.0,多云,15,12,4,0.0,100,29
2026-05-21 03:30:49,2026-05-21,4,羽毛球馆-19号,09:00-10:00,0,1,可预约,￥12.0,多云,15,14,3,0.0,100,30
2026-05-21 04:30:45,2026-05-21,4,羽毛球馆-19号,09:00-10:00,0,1,可预约,￥12.0,多云,15,12,4,0.0,100,29
2026-05-21 05:00:52,2026-05-21,4,羽毛球馆-19号,09:00-10:00,0,1,可预约,￥12.0,多云,15,12,4,0.0,100,29
2026-05-21 05:30:49,2026-05-21,4,羽毛球馆-19号,09:00-10:00,0,1,可预约,￥12.0,多云,15,13,3,0.0,100,28
2026-05-21 06:00:50,2026-05-21,4,羽毛球馆-19号,09:00-10:00,0,1,可预约,￥12.0,多云,15,13,4,0.0,99,28
2026-05-21 06:30:38,2026-05-21,4,羽毛球馆-19号,09:00-10:00,0,1,可预约,￥12.0,多云,15,13,3,0.0,97,28
2026-05-21 07:00:43,2026-05-21,4,羽毛球馆-19号,09:00-10:00,0,1,可预约,￥12.0,晴,15,11,5,0.0,93,28
2026-05-21 07:30:39,2026-05-21,4,羽毛球馆-19号,09:00-10:00,0,1,可预约,￥12.0,晴,17,13,4,0.0,89,29
2026-05-21 07:50:40,2026-05-21,4,羽毛球馆-19号,09:00-10:00,0,1,可预约,￥12.0,晴,17,13,4,0.0,88,29
2026-05-21 07:53:31,2026-05-21,4,羽毛球馆-19号,09:00-10:00,0,1,可预约,￥12.0,晴,17,12,5,0.0,86,29
2026-05-21 07:56:31,2026-05-21,4,羽毛球馆-19号,09:00-10:00,0,1,可预约,￥12.0,晴,17,12,5,0.0,86,29
2026-05-21 07:59:26,2026-05-21,4,羽毛球馆-19号,09:00-10:00,0,1,可预约,￥12.0,晴,17,12,5,0.0,86,29
2026-05-21 00:30:49,2026-05-21,4,羽毛球馆-19号,10:00-11:00,1,1,已售/已满,教学时间,多云,15,13,3,0.0,100,26
2026-05-21 01:00:55,2026-05-21,4,羽毛球馆-19号,10:00-11:00,1,1,已售/已满,教学时间,多云,15,12,4,0.0,100,26
2026-05-21 01:30:47,2026-05-21,4,羽毛球馆-19号,10:00-11:00,1,1,已售/已满,教学时间,多云,15,13,4,0.0,100,28
2026-05-21 02:00:53,2026-05-21,4,羽毛球馆-19号,10:00-11:00,1,1,已售/已满,教学时间,多云,15,12,4,0.0,100,28
2026-05-21 02:30:49,2026-05-21,4,羽毛球馆-19号,10:00-11:00,1,1,已售/已满,教学时间,多云,15,14,3,0.0,100,29
2026-05-21 03:00:55,2026-05-21,4,羽毛球馆-19号,10:00-11:00,1,1,已售/已满,教学时间,多云,15,12,4,0.0,100,29
2026-05-21 03:30:49,2026-05-21,4,羽毛球馆-19号,10:00-11:00,1,1,已售/已满,教学时间,多云,15,14,3,0.0,100,30
2026-05-21 04:30:45,2026-05-21,4,羽毛球馆-19号,10:00-11:00,1,1,已售/已满,教学时间,多云,15,12,4,0.0,100,29
2026-05-21 05:00:52,2026-05-21,4,羽毛球馆-19号,10:00-11:00,1,1,已售/已满,教学时间,多云,15,12,4,0.0,100,29
2026-05-21 05:30:49,2026-05-21,4,羽毛球馆-19号,10:00-11:00,1,1,已售/已满,教学时间,多云,15,13,3,0.0,100,28
2026-05-21 06:00:50,2026-05-21,4,羽毛球馆-19号,10:00-11:00,1,1,已售/已满,教学时间,多云,15,13,4,0.0,99,28
2026-05-21 06:30:38,2026-05-21,4,羽毛球馆-19号,10:00-11:00,1,1,已售/已满,教学时间,多云,15,13,3,0.0,97,28
2026-05-21 07:00:43,2026-05-21,4,羽毛球馆-19号,10:00-11:00,1,1,已售/已满,教学时间,晴,15,11,5,0.0,93,28
2026-05-21 07:30:39,2026-05-21,4,羽毛球馆-19号,10:00-11:00,1,1,已售/已满,教学时间,晴,17,13,4,0.0,89,29
2026-05-21 07:50:40,2026-05-21,4,羽毛球馆-19号,10:00-11:00,1,1,已售/已满,教学时间,晴,17,13,4,0.0,88,29
2026-05-21 07:53:31,2026-05-21,4,羽毛球馆-19号,10:00-11:00,1,1,已售/已满,教学时间,晴,17,12,5,0.0,86,29
2026-05-21 07:56:31,2026-05-21,4,羽毛球馆-19号,10:00-11:00,1,1,已售/已满,教学时间,晴,17,12,5,0.0,86,29
2026-05-21 07:59:26,2026-05-21,4,羽毛球馆-19号,10:00-11:00,1,1,已售/已满,教学时间,晴,17,12,5,0.0,86,29
2026-05-21 00:30:49,2026-05-21,4,羽毛球馆-19号,11:00-12:00,1,1,已售/已满,教学时间,多云,15,13,3,0.0,100,26
2026-05-21 01:00:55,2026-05-21,4,羽毛球馆-19号,11:00-12:00,1,1,已售/已满,教学时间,多云,15,12,4,0.0,100,26
2026-05-21 01:30:47,2026-05-21,4,羽毛球馆-19号,11:00-12:00,1,1,已售/已满,教学时间,多云,15,13,4,0.0,100,28
2026-05-21 02:00:53,2026-05-21,4,羽毛球馆-19号,11:00-12:00,1,1,已售/已满,教学时间,多云,15,12,4,0.0,100,28
2026-05-21 02:30:49,2026-05-21,4,羽毛球馆-19号,11:00-12:00,1,1,已售/已满,教学时间,多云,15,14,3,0.0,100,29
2026-05-21 03:00:55,2026-05-21,4,羽毛球馆-19号,11:00-12:00,1,1,已售/已满,教学时间,多云,15,12,4,0.0,100,29
2026-05-21 03:30:49,2026-05-21,4,羽毛球馆-19号,11:00-12:00,1,1,已售/已满,教学时间,多云,15,14,3,0.0,100,30
2026-05-21 04:30:45,2026-05-21,4,羽毛球馆-19号,11:00-12:00,1,1,已售/已满,教学时间,多云,15,12,4,0.0,100,29
2026-05-21 05:00:52,2026-05-21,4,羽毛球馆-19号,11:00-12:00,1,1,已售/已满,教学时间,多云,15,12,4,0.0,100,29
2026-05-21 05:30:49,2026-05-21,4,羽毛球馆-19号,11:00-12:00,1,1,已售/已满,教学时间,多云,15,13,3,0.0,100,28
2026-05-21 06:00:50,2026-05-21,4,羽毛球馆-19号,11:00-12:00,1,1,已售/已满,教学时间,多云,15,13,4,0.0,99,28
2026-05-21 06:30:38,2026-05-21,4,羽毛球馆-19号,11:00-12:00,1,1,已售/已满,教学时间,多云,15,13,3,0.0,97,28
2026-05-21 07:00:43,2026-05-21,4,羽毛球馆-19号,11:00-12:00,1,1,已售/已满,教学时间,晴,15,11,5,0.0,93,28
2026-05-21 07:30:39,2026-05-21,4,羽毛球馆-19号,11:00-12:00,1,1,已售/已满,教学时间,晴,17,13,4,0.0,89,29
2026-05-21 07:50:40,2026-05-21,4,羽毛球馆-19号,11:00-12:00,1,1,已售/已满,教学时间,晴,17,13,4,0.0,88,29
2026-05-21 07:53:31,2026-05-21,4,羽毛球馆-19号,11:00-12:00,1,1,已售/已满,教学时间,晴,17,12,5,0.0,86,29
2026-05-21 07:56:31,2026-05-21,4,羽毛球馆-19号,11:00-12:00,1,1,已售/已满,教学时间,晴,17,12,5,0.0,86,29
2026-05-21 07:59:26,2026-05-21,4,羽毛球馆-19号,11:00-12:00,1,1,已售/已满,教学时间,晴,17,12,5,0.0,86,29
2026-05-21 00:30:49,2026-05-21,4,羽毛球馆-19号,12:00-12:55,1,1,已售/已满,已售,多云,15,13,3,0.0,100,26
2026-05-21 01:00:55,2026-05-21,4,羽毛球馆-19号,12:00-12:55,1,1,已售/已满,已售,多云,15,12,4,0.0,100,26
2026-05-21 01:30:47,2026-05-21,4,羽毛球馆-19号,12:00-12:55,1,1,已售/已满,已售,多云,15,13,4,0.0,100,28
2026-05-21 02:00:53,2026-05-21,4,羽毛球馆-19号,12:00-12:55,1,1,已售/已满,已售,多云,15,12,4,0.0,100,28
2026-05-21 02:30:49,2026-05-21,4,羽毛球馆-19号,12:00-12:55,1,1,已售/已满,已售,多云,15,14,3,0.0,100,29
2026-05-21 03:00:55,2026-05-21,4,羽毛球馆-19号,12:00-12:55,1,1,已售/已满,已售,多云,15,12,4,0.0,100,29
2026-05-21 03:30:49,2026-05-21,4,羽毛球馆-19号,12:00-12:55,1,1,已售/已满,已售,多云,15,14,3,0.0,100,30
2026-05-21 04:30:45,2026-05-21,4,羽毛球馆-19号,12:00-12:55,1,1,已售/已满,已售,多云,15,12,4,0.0,100,29
2026-05-21 05:00:52,2026-05-21,4,羽毛球馆-19号,12:00-12:55,1,1,已售/已满,已售,多云,15,12,4,0.0,100,29
2026-05-21 05:30:49,2026-05-21,4,羽毛球馆-19号,12:00-12:55,1,1,已售/已满,已售,多云,15,13,3,0.0,100,28
2026-05-21 06:00:50,2026-05-21,4,羽毛球馆-19号,12:00-12:55,1,1,已售/已满,已售,多云,15,13,4,0.0,99,28
2026-05-21 06:30:38,2026-05-21,4,羽毛球馆-19号,12:00-12:55,1,1,已售/已满,已售,多云,15,13,3,0.0,97,28
2026-05-21 07:00:43,2026-05-21,4,羽毛球馆-19号,12:00-12:55,1,1,已售/已满,已售,晴,15,11,5,0.0,93,28
2026-05-21 07:30:39,2026-05-21,4,羽毛球馆-19号,12:00-12:55,1,1,已售/已满,已售,晴,17,13,4,0.0,89,29
2026-05-21 07:50:40,2026-05-21,4,羽毛球馆-19号,12:00-12:55,1,1,已售/已满,已售,晴,17,13,4,0.0,88,29
2026-05-21 07:53:31,2026-05-21,4,羽毛球馆-19号,12:00-12:55,1,1,已售/已满,已售,晴,17,12,5,0.0,86,29
2026-05-21 07:56:31,2026-05-21,4,羽毛球馆-19号,12:00-12:55,1,1,已售/已满,已售,晴,17,12,5,0.0,86,29
2026-05-21 07:59:26,2026-05-21,4,羽毛球馆-19号,12:00-12:55,1,1,已售/已满,已售,晴,17,12,5,0.0,86,29
2026-05-21 00:30:49,2026-05-21,4,羽毛球馆-19号,12:55-13:50,1,1,已售/已满,已售,多云,15,13,3,0.0,100,26
2026-05-21 01:00:55,2026-05-21,4,羽毛球馆-19号,12:55-13:50,1,1,已售/已满,已售,多云,15,12,4,0.0,100,26
2026-05-21 01:30:47,2026-05-21,4,羽毛球馆-19号,12:55-13:50,1,1,已售/已满,已售,多云,15,13,4,0.0,100,28
2026-05-21 02:00:53,2026-05-21,4,羽毛球馆-19号,12:55-13:50,1,1,已售/已满,已售,多云,15,12,4,0.0,100,28
2026-05-21 02:30:49,2026-05-21,4,羽毛球馆-19号,12:55-13:50,1,1,已售/已满,已售,多云,15,14,3,0.0,100,29
2026-05-21 03:00:55,2026-05-21,4,羽毛球馆-19号,12:55-13:50,1,1,已售/已满,已售,多云,15,12,4,0.0,100,29
2026-05-21 03:30:49,2026-05-21,4,羽毛球馆-19号,12:55-13:50,1,1,已售/已满,已售,多云,15,14,3,0.0,100,30
2026-05-21 04:30:45,2026-05-21,4,羽毛球馆-19号,12:55-13:50,1,1,已售/已满,已售,多云,15,12,4,0.0,100,29
2026-05-21 05:00:52,2026-05-21,4,羽毛球馆-19号,12:55-13:50,1,1,已售/已满,已售,多云,15,12,4,0.0,100,29
2026-05-21 05:30:49,2026-05-21,4,羽毛球馆-19号,12:55-13:50,1,1,已售/已满,已售,多云,15,13,3,0.0,100,28
2026-05-21 06:00:50,2026-05-21,4,羽毛球馆-19号,12:55-13:50,1,1,已售/已满,已售,多云,15,13,4,0.0,99,28
2026-05-21 06:30:38,2026-05-21,4,羽毛球馆-19号,12:55-13:50,1,1,已售/已满,已售,多云,15,13,3,0.0,97,28
2026-05-21 07:00:43,2026-05-21,4,羽毛球馆-19号,12:55-13:50,1,1,已售/已满,已售,晴,15,11,5,0.0,93,28
2026-05-21 07:30:39,2026-05-21,4,羽毛球馆-19号,12:55-13:50,1,1,已售/已满,已售,晴,17,13,4,0.0,89,29
2026-05-21 07:50:40,2026-05-21,4,羽毛球馆-19号,12:55-13:50,1,1,已售/已满,已售,晴,17,13,4,0.0,88,29
2026-05-21 07:53:31,2026-05-21,4,羽毛球馆-19号,12:55-13:50,1,1,已售/已满,已售,晴,17,12,5,0.0,86,29
2026-05-21 07:56:31,2026-05-21,4,羽毛球馆-19号,12:55-13:50,1,1,已售/已满,已售,晴,17,12,5,0.0,86,29
2026-05-21 07:59:26,2026-05-21,4,羽毛球馆-19号,12:55-13:50,1,1,已售/已满,已售,晴,17,12,5,0.0,86,29
2026-05-21 00:30:49,2026-05-21,4,羽毛球馆-19号,14:00-15:00,0,1,可预约,￥12.0,多云,15,13,3,0.0,100,26
2026-05-21 01:00:55,2026-05-21,4,羽毛球馆-19号,14:00-15:00,0,1,可预约,￥12.0,多云,15,12,4,0.0,100,26
2026-05-21 01:30:47,2026-05-21,4,羽毛球馆-19号,14:00-15:00,0,1,可预约,￥12.0,多云,15,13,4,0.0,100,28
2026-05-21 02:00:53,2026-05-21,4,羽毛球馆-19号,14:00-15:00,0,1,可预约,￥12.0,多云,15,12,4,0.0,100,28
2026-05-21 02:30:49,2026-05-21,4,羽毛球馆-19号,14:00-15:00,0,1,可预约,￥12.0,多云,15,14,3,0.0,100,29
2026-05-21 03:00:55,2026-05-21,4,羽毛球馆-19号,14:00-15:00,0,1,可预约,￥12.0,多云,15,12,4,0.0,100,29
2026-05-21 03:30:49,2026-05-21,4,羽毛球馆-19号,14:00-15:00,0,1,可预约,￥12.0,多云,15,14,3,0.0,100,30
2026-05-21 04:30:45,2026-05-21,4,羽毛球馆-19号,14:00-15:00,0,1,可预约,￥12.0,多云,15,12,4,0.0,100,29
2026-05-21 05:00:52,2026-05-21,4,羽毛球馆-19号,14:00-15:00,0,1,可预约,￥12.0,多云,15,12,4,0.0,100,29
2026-05-21 05:30:49,2026-05-21,4,羽毛球馆-19号,14:00-15:00,0,1,可预约,￥12.0,多云,15,13,3,0.0,100,28
2026-05-21 06:00:50,2026-05-21,4,羽毛球馆-19号,14:00-15:00,0,1,可预约,￥12.0,多云,15,13,4,0.0,99,28
2026-05-21 06:30:38,2026-05-21,4,羽毛球馆-19号,14:00-15:00,0,1,可预约,￥12.0,多云,15,13,3,0.0,97,28
2026-05-21 07:00:43,2026-05-21,4,羽毛球馆-19号,14:00-15:00,0,1,可预约,￥12.0,晴,15,11,5,0.0,93,28
2026-05-21 07:30:39,2026-05-21,4,羽毛球馆-19号,14:00-15:00,0,1,可预约,￥12.0,晴,17,13,4,0.0,89,29
2026-05-21 07:50:40,2026-05-21,4,羽毛球馆-19号,14:00-15:00,0,1,可预约,￥12.0,晴,17,13,4,0.0,88,29
2026-05-21 07:53:31,2026-05-21,4,羽毛球馆-19号,14:00-15:00,0,1,可预约,￥12.0,晴,17,12,5,0.0,86,29
2026-05-21 07:56:31,2026-05-21,4,羽毛球馆-19号,14:00-15:00,0,1,可预约,￥12.0,晴,17,12,5,0.0,86,29
2026-05-21 07:59:26,2026-05-21,4,羽毛球馆-19号,14:00-15:00,0,1,可预约,￥12.0,晴,17,12,5,0.0,86,29
2026-05-21 00:30:49,2026-05-21,4,羽毛球馆-19号,15:00-16:00,1,1,已售/已满,已售,多云,15,13,3,0.0,100,26
2026-05-21 01:00:55,2026-05-21,4,羽毛球馆-19号,15:00-16:00,1,1,已售/已满,已售,多云,15,12,4,0.0,100,26
2026-05-21 01:30:47,2026-05-21,4,羽毛球馆-19号,15:00-16:00,1,1,已售/已满,已售,多云,15,13,4,0.0,100,28
2026-05-21 02:00:53,2026-05-21,4,羽毛球馆-19号,15:00-16:00,1,1,已售/已满,已售,多云,15,12,4,0.0,100,28
2026-05-21 02:30:49,2026-05-21,4,羽毛球馆-19号,15:00-16:00,1,1,已售/已满,已售,多云,15,14,3,0.0,100,29
2026-05-21 03:00:55,2026-05-21,4,羽毛球馆-19号,15:00-16:00,1,1,已售/已满,已售,多云,15,12,4,0.0,100,29
2026-05-21 03:30:49,2026-05-21,4,羽毛球馆-19号,15:00-16:00,1,1,已售/已满,已售,多云,15,14,3,0.0,100,30
2026-05-21 04:30:45,2026-05-21,4,羽毛球馆-19号,15:00-16:00,1,1,已售/已满,已售,多云,15,12,4,0.0,100,29
2026-05-21 05:00:52,2026-05-21,4,羽毛球馆-19号,15:00-16:00,1,1,已售/已满,已售,多云,15,12,4,0.0,100,29
2026-05-21 05:30:49,2026-05-21,4,羽毛球馆-19号,15:00-16:00,1,1,已售/已满,已售,多云,15,13,3,0.0,100,28
2026-05-21 06:00:50,2026-05-21,4,羽毛球馆-19号,15:00-16:00,1,1,已售/已满,已售,多云,15,13,4,0.0,99,28
2026-05-21 06:30:38,2026-05-21,4,羽毛球馆-19号,15:00-16:00,1,1,已售/已满,已售,多云,15,13,3,0.0,97,28
2026-05-21 07:00:43,2026-05-21,4,羽毛球馆-19号,15:00-16:00,1,1,已售/已满,已售,晴,15,11,5,0.0,93,28
2026-05-21 07:30:39,2026-05-21,4,羽毛球馆-19号,15:00-16:00,1,1,已售/已满,已售,晴,17,13,4,0.0,89,29
2026-05-21 07:50:40,2026-05-21,4,羽毛球馆-19号,15:00-16:00,1,1,已售/已满,已售,晴,17,13,4,0.0,88,29
2026-05-21 07:53:31,2026-05-21,4,羽毛球馆-19号,15:00-16:00,1,1,已售/已满,已售,晴,17,12,5,0.0,86,29
2026-05-21 07:56:31,2026-05-21,4,羽毛球馆-19号,15:00-16:00,1,1,已售/已满,已售,晴,17,12,5,0.0,86,29
2026-05-21 07:59:26,2026-05-21,4,羽毛球馆-19号,15:00-16:00,1,1,已售/已满,已售,晴,17,12,5,0.0,86,29
2026-05-21 00:30:49,2026-05-21,4,羽毛球馆-19号,16:00-17:00,1,1,已售/已满,已售,多云,15,13,3,0.0,100,26
2026-05-21 01:00:55,2026-05-21,4,羽毛球馆-19号,16:00-17:00,1,1,已售/已满,已售,多云,15,12,4,0.0,100,26
2026-05-21 01:30:47,2026-05-21,4,羽毛球馆-19号,16:00-17:00,1,1,已售/已满,已售,多云,15,13,4,0.0,100,28
2026-05-21 02:00:53,2026-05-21,4,羽毛球馆-19号,16:00-17:00,1,1,已售/已满,已售,多云,15,12,4,0.0,100,28
2026-05-21 02:30:49,2026-05-21,4,羽毛球馆-19号,16:00-17:00,1,1,已售/已满,已售,多云,15,14,3,0.0,100,29
2026-05-21 03:00:55,2026-05-21,4,羽毛球馆-19号,16:00-17:00,1,1,已售/已满,已售,多云,15,12,4,0.0,100,29
2026-05-21 03:30:49,2026-05-21,4,羽毛球馆-19号,16:00-17:00,1,1,已售/已满,已售,多云,15,14,3,0.0,100,30
2026-05-21 04:30:45,2026-05-21,4,羽毛球馆-19号,16:00-17:00,1,1,已售/已满,已售,多云,15,12,4,0.0,100,29
2026-05-21 05:00:52,2026-05-21,4,羽毛球馆-19号,16:00-17:00,1,1,已售/已满,已售,多云,15,12,4,0.0,100,29
2026-05-21 05:30:49,2026-05-21,4,羽毛球馆-19号,16:00-17:00,1,1,已售/已满,已售,多云,15,13,3,0.0,100,28
2026-05-21 06:00:50,2026-05-21,4,羽毛球馆-19号,16:00-17:00,1,1,已售/已满,已售,多云,15,13,4,0.0,99,28
2026-05-21 06:30:38,2026-05-21,4,羽毛球馆-19号,16:00-17:00,1,1,已售/已满,已售,多云,15,13,3,0.0,97,28
2026-05-21 07:00:43,2026-05-21,4,羽毛球馆-19号,16:00-17:00,1,1,已售/已满,已售,晴,15,11,5,0.0,93,28
2026-05-21 07:30:39,2026-05-21,4,羽毛球馆-19号,16:00-17:00,1,1,已售/已满,已售,晴,17,13,4,0.0,89,29
2026-05-21 07:50:40,2026-05-21,4,羽毛球馆-19号,16:00-17:00,1,1,已售/已满,已售,晴,17,13,4,0.0,88,29
2026-05-21 07:53:31,2026-05-21,4,羽毛球馆-19号,16:00-17:00,1,1,已售/已满,已售,晴,17,12,5,0.0,86,29
2026-05-21 07:56:31,2026-05-21,4,羽毛球馆-19号,16:00-17:00,1,1,已售/已满,已售,晴,17,12,5,0.0,86,29
2026-05-21 07:59:26,2026-05-21,4,羽毛球馆-19号,16:00-17:00,1,1,已售/已满,已售,晴,17,12,5,0.0,86,29
2026-05-21 00:30:49,2026-05-21,4,羽毛球馆-19号,17:00-18:00,1,1,已售/已满,已售,多云,15,13,3,0.0,100,26
2026-05-21 01:00:55,2026-05-21,4,羽毛球馆-19号,17:00-18:00,1,1,已售/已满,已售,多云,15,12,4,0.0,100,26
2026-05-21 01:30:47,2026-05-21,4,羽毛球馆-19号,17:00-18:00,1,1,已售/已满,已售,多云,15,13,4,0.0,100,28
2026-05-21 02:00:53,2026-05-21,4,羽毛球馆-19号,17:00-18:00,1,1,已售/已满,已售,多云,15,12,4,0.0,100,28
2026-05-21 02:30:49,2026-05-21,4,羽毛球馆-19号,17:00-18:00,1,1,已售/已满,已售,多云,15,14,3,0.0,100,29
2026-05-21 03:00:55,2026-05-21,4,羽毛球馆-19号,17:00-18:00,1,1,已售/已满,已售,多云,15,12,4,0.0,100,29
2026-05-21 03:30:49,2026-05-21,4,羽毛球馆-19号,17:00-18:00,1,1,已售/已满,已售,多云,15,14,3,0.0,100,30
2026-05-21 04:30:45,2026-05-21,4,羽毛球馆-19号,17:00-18:00,1,1,已售/已满,已售,多云,15,12,4,0.0,100,29
2026-05-21 05:00:52,2026-05-21,4,羽毛球馆-19号,17:00-18:00,1,1,已售/已满,已售,多云,15,12,4,0.0,100,29
2026-05-21 05:30:49,2026-05-21,4,羽毛球馆-19号,17:00-18:00,1,1,已售/已满,已售,多云,15,13,3,0.0,100,28
2026-05-21 06:00:50,2026-05-21,4,羽毛球馆-19号,17:00-18:00,1,1,已售/已满,已售,多云,15,13,4,0.0,99,28
2026-05-21 06:30:38,2026-05-21,4,羽毛球馆-19号,17:00-18:00,1,1,已售/已满,已售,多云,15,13,3,0.0,97,28
2026-05-21 07:00:43,2026-05-21,4,羽毛球馆-19号,17:00-18:00,1,1,已售/已满,已售,晴,15,11,5,0.0,93,28
2026-05-21 07:30:39,2026-05-21,4,羽毛球馆-19号,17:00-18:00,1,1,已售/已满,已售,晴,17,13,4,0.0,89,29
2026-05-21 07:50:40,2026-05-21,4,羽毛球馆-19号,17:00-18:00,1,1,已售/已满,已售,晴,17,13,4,0.0,88,29
2026-05-21 07:53:31,2026-05-21,4,羽毛球馆-19号,17:00-18:00,1,1,已售/已满,已售,晴,17,12,5,0.0,86,29
2026-05-21 07:56:31,2026-05-21,4,羽毛球馆-19号,17:00-18:00,1,1,已售/已满,已售,晴,17,12,5,0.0,86,29
2026-05-21 07:59:26,2026-05-21,4,羽毛球馆-19号,17:00-18:00,1,1,已售/已满,已售,晴,17,12,5,0.0,86,29
2026-05-21 00:30:49,2026-05-21,4,羽毛球馆-19号,18:30-19:30,1,1,已售/已满,已售,多云,15,13,3,0.0,100,26
2026-05-21 01:00:55,2026-05-21,4,羽毛球馆-19号,18:30-19:30,1,1,已售/已满,已售,多云,15,12,4,0.0,100,26
2026-05-21 01:30:47,2026-05-21,4,羽毛球馆-19号,18:30-19:30,1,1,已售/已满,已售,多云,15,13,4,0.0,100,28
2026-05-21 02:00:53,2026-05-21,4,羽毛球馆-19号,18:30-19:30,1,1,已售/已满,已售,多云,15,12,4,0.0,100,28
2026-05-21 02:30:49,2026-05-21,4,羽毛球馆-19号,18:30-19:30,1,1,已售/已满,已售,多云,15,14,3,0.0,100,29
2026-05-21 03:00:55,2026-05-21,4,羽毛球馆-19号,18:30-19:30,1,1,已售/已满,已售,多云,15,12,4,0.0,100,29
2026-05-21 03:30:49,2026-05-21,4,羽毛球馆-19号,18:30-19:30,1,1,已售/已满,已售,多云,15,14,3,0.0,100,30
2026-05-21 04:30:45,2026-05-21,4,羽毛球馆-19号,18:30-19:30,1,1,已售/已满,已售,多云,15,12,4,0.0,100,29
2026-05-21 05:00:52,2026-05-21,4,羽毛球馆-19号,18:30-19:30,1,1,已售/已满,已售,多云,15,12,4,0.0,100,29
2026-05-21 05:30:49,2026-05-21,4,羽毛球馆-19号,18:30-19:30,1,1,已售/已满,已售,多云,15,13,3,0.0,100,28
2026-05-21 06:00:50,2026-05-21,4,羽毛球馆-19号,18:30-19:30,1,1,已售/已满,已售,多云,15,13,4,0.0,99,28
2026-05-21 06:30:38,2026-05-21,4,羽毛球馆-19号,18:30-19:30,1,1,已售/已满,已售,多云,15,13,3,0.0,97,28
2026-05-21 07:00:43,2026-05-21,4,羽毛球馆-19号,18:30-19:30,1,1,已售/已满,已售,晴,15,11,5,0.0,93,28
2026-05-21 07:30:39,2026-05-21,4,羽毛球馆-19号,18:30-19:30,1,1,已售/已满,已售,晴,17,13,4,0.0,89,29
2026-05-21 07:50:40,2026-05-21,4,羽毛球馆-19号,18:30-19:30,1,1,已售/已满,已售,晴,17,13,4,0.0,88,29
2026-05-21 07:53:31,2026-05-21,4,羽毛球馆-19号,18:30-19:30,1,1,已售/已满,已售,晴,17,12,5,0.0,86,29
2026-05-21 07:56:31,2026-05-21,4,羽毛球馆-19号,18:30-19:30,1,1,已售/已满,已售,晴,17,12,5,0.0,86,29
2026-05-21 07:59:26,2026-05-21,4,羽毛球馆-19号,18:30-19:30,1,1,已售/已满,已售,晴,17,12,5,0.0,86,29
2026-05-21 00:30:49,2026-05-21,4,羽毛球馆-19号,19:30-20:30,1,1,已售/已满,已售,多云,15,13,3,0.0,100,26
2026-05-21 01:00:55,2026-05-21,4,羽毛球馆-19号,19:30-20:30,1,1,已售/已满,已售,多云,15,12,4,0.0,100,26
2026-05-21 01:30:47,2026-05-21,4,羽毛球馆-19号,19:30-20:30,1,1,已售/已满,已售,多云,15,13,4,0.0,100,28
2026-05-21 02:00:53,2026-05-21,4,羽毛球馆-19号,19:30-20:30,1,1,已售/已满,已售,多云,15,12,4,0.0,100,28
2026-05-21 02:30:49,2026-05-21,4,羽毛球馆-19号,19:30-20:30,1,1,已售/已满,已售,多云,15,14,3,0.0,100,29
2026-05-21 03:00:55,2026-05-21,4,羽毛球馆-19号,19:30-20:30,1,1,已售/已满,已售,多云,15,12,4,0.0,100,29
2026-05-21 03:30:49,2026-05-21,4,羽毛球馆-19号,19:30-20:30,1,1,已售/已满,已售,多云,15,14,3,0.0,100,30
2026-05-21 04:30:45,2026-05-21,4,羽毛球馆-19号,19:30-20:30,1,1,已售/已满,已售,多云,15,12,4,0.0,100,29
2026-05-21 05:00:52,2026-05-21,4,羽毛球馆-19号,19:30-20:30,1,1,已售/已满,已售,多云,15,12,4,0.0,100,29
2026-05-21 05:30:49,2026-05-21,4,羽毛球馆-19号,19:30-20:30,1,1,已售/已满,已售,多云,15,13,3,0.0,100,28
2026-05-21 06:00:50,2026-05-21,4,羽毛球馆-19号,19:30-20:30,1,1,已售/已满,已售,多云,15,13,4,0.0,99,28
2026-05-21 06:30:38,2026-05-21,4,羽毛球馆-19号,19:30-20:30,1,1,已售/已满,已售,多云,15,13,3,0.0,97,28
2026-05-21 07:00:43,2026-05-21,4,羽毛球馆-19号,19:30-20:30,1,1,已售/已满,已售,晴,15,11,5,0.0,93,28
2026-05-21 07:30:39,2026-05-21,4,羽毛球馆-19号,19:30-20:30,1,1,已售/已满,已售,晴,17,13,4,0.0,89,29
2026-05-21 07:50:40,2026-05-21,4,羽毛球馆-19号,19:30-20:30,1,1,已售/已满,已售,晴,17,13,4,0.0,88,29
2026-05-21 07:53:31,2026-05-21,4,羽毛球馆-19号,19:30-20:30,1,1,已售/已满,已售,晴,17,12,5,0.0,86,29
2026-05-21 07:56:31,2026-05-21,4,羽毛球馆-19号,19:30-20:30,1,1,已售/已满,已售,晴,17,12,5,0.0,86,29
2026-05-21 07:59:26,2026-05-21,4,羽毛球馆-19号,19:30-20:30,1,1,已售/已满,已售,晴,17,12,5,0.0,86,29
2026-05-21 00:30:49,2026-05-21,4,羽毛球馆-19号,20:30-21:30,1,1,已售/已满,已售,多云,15,13,3,0.0,100,26
2026-05-21 01:00:55,2026-05-21,4,羽毛球馆-19号,20:30-21:30,1,1,已售/已满,已售,多云,15,12,4,0.0,100,26
2026-05-21 01:30:47,2026-05-21,4,羽毛球馆-19号,20:30-21:30,1,1,已售/已满,已售,多云,15,13,4,0.0,100,28
2026-05-21 02:00:53,2026-05-21,4,羽毛球馆-19号,20:30-21:30,1,1,已售/已满,已售,多云,15,12,4,0.0,100,28
2026-05-21 02:30:49,2026-05-21,4,羽毛球馆-19号,20:30-21:30,1,1,已售/已满,已售,多云,15,14,3,0.0,100,29
2026-05-21 03:00:55,2026-05-21,4,羽毛球馆-19号,20:30-21:30,1,1,已售/已满,已售,多云,15,12,4,0.0,100,29
2026-05-21 03:30:49,2026-05-21,4,羽毛球馆-19号,20:30-21:30,1,1,已售/已满,已售,多云,15,14,3,0.0,100,30
2026-05-21 04:30:45,2026-05-21,4,羽毛球馆-19号,20:30-21:30,1,1,已售/已满,已售,多云,15,12,4,0.0,100,29
2026-05-21 05:00:52,2026-05-21,4,羽毛球馆-19号,20:30-21:30,1,1,已售/已满,已售,多云,15,12,4,0.0,100,29
2026-05-21 05:30:49,2026-05-21,4,羽毛球馆-19号,20:30-21:30,1,1,已售/已满,已售,多云,15,13,3,0.0,100,28
2026-05-21 06:00:50,2026-05-21,4,羽毛球馆-19号,20:30-21:30,1,1,已售/已满,已售,多云,15,13,4,0.0,99,28
2026-05-21 06:30:38,2026-05-21,4,羽毛球馆-19号,20:30-21:30,1,1,已售/已满,已售,多云,15,13,3,0.0,97,28
2026-05-21 07:00:43,2026-05-21,4,羽毛球馆-19号,20:30-21:30,1,1,已售/已满,已售,晴,15,11,5,0.0,93,28
2026-05-21 07:30:39,2026-05-21,4,羽毛球馆-19号,20:30-21:30,1,1,已售/已满,已售,晴,17,13,4,0.0,89,29
2026-05-21 07:50:40,2026-05-21,4,羽毛球馆-19号,20:30-21:30,1,1,已售/已满,已售,晴,17,13,4,0.0,88,29
2026-05-21 07:53:31,2026-05-21,4,羽毛球馆-19号,20:30-21:30,1,1,已售/已满,已售,晴,17,12,5,0.0,86,29
2026-05-21 07:56:31,2026-05-21,4,羽毛球馆-19号,20:30-21:30,1,1,已售/已满,已售,晴,17,12,5,0.0,86,29
2026-05-21 07:59:26,2026-05-21,4,羽毛球馆-19号,20:30-21:30,1,1,已售/已满,已售,晴,17,12,5,0.0,86,29
2026-05-21 00:30:49,2026-05-21,4,羽毛球馆-1号,07:00-08:00,1,1,已售/已满,已售,多云,15,13,3,0.0,100,26
2026-05-21 01:00:55,2026-05-21,4,羽毛球馆-1号,07:00-08:00,1,1,已售/已满,已售,多云,15,12,4,0.0,100,26
2026-05-21 01:30:47,2026-05-21,4,羽毛球馆-1号,07:00-08:00,1,1,已售/已满,已售,多云,15,13,4,0.0,100,28
2026-05-21 02:00:53,2026-05-21,4,羽毛球馆-1号,07:00-08:00,1,1,已售/已满,已售,多云,15,12,4,0.0,100,28
2026-05-21 02:30:49,2026-05-21,4,羽毛球馆-1号,07:00-08:00,1,1,已售/已满,已售,多云,15,14,3,0.0,100,29
2026-05-21 03:00:55,2026-05-21,4,羽毛球馆-1号,07:00-08:00,1,1,已售/已满,已售,多云,15,12,4,0.0,100,29
2026-05-21 03:30:49,2026-05-21,4,羽毛球馆-1号,07:00-08:00,1,1,已售/已满,已售,多云,15,14,3,0.0,100,30
2026-05-21 04:30:45,2026-05-21,4,羽毛球馆-1号,07:00-08:00,1,1,已售/已满,已售,多云,15,12,4,0.0,100,29
2026-05-21 05:00:52,2026-05-21,4,羽毛球馆-1号,07:00-08:00,1,1,已售/已满,已售,多云,15,12,4,0.0,100,29
2026-05-21 05:30:49,2026-05-21,4,羽毛球馆-1号,07:00-08:00,1,1,已售/已满,已售,多云,15,13,3,0.0,100,28
2026-05-21 06:00:50,2026-05-21,4,羽毛球馆-1号,07:00-08:00,1,1,已售/已满,已售,多云,15,13,4,0.0,99,28
2026-05-21 06:30:38,2026-05-21,4,羽毛球馆-1号,07:00-08:00,1,1,已售/已满,已售,多云,15,13,3,0.0,97,28
2026-05-21 07:00:43,2026-05-21,4,羽毛球馆-1号,07:00-08:00,1,1,已售/已满,已售,晴,15,11,5,0.0,93,28
2026-05-21 07:30:39,2026-05-21,4,羽毛球馆-1号,07:00-08:00,1,1,已售/已满,已售,晴,17,13,4,0.0,89,29
2026-05-21 07:50:40,2026-05-21,4,羽毛球馆-1号,07:00-08:00,1,1,已售/已满,已售,晴,17,13,4,0.0,88,29
2026-05-21 07:53:31,2026-05-21,4,羽毛球馆-1号,07:00-08:00,1,1,已售/已满,已售,晴,17,12,5,0.0,86,29
2026-05-21 07:56:31,2026-05-21,4,羽毛球馆-1号,07:00-08:00,1,1,已售/已满,已售,晴,17,12,5,0.0,86,29
2026-05-21 07:59:26,2026-05-21,4,羽毛球馆-1号,07:00-08:00,1,1,已售/已满,已售,晴,17,12,5,0.0,86,29
2026-05-21 00:30:49,2026-05-21,4,羽毛球馆-1号,08:00-09:00,1,1,已售/已满,已售,多云,15,13,3,0.0,100,26
2026-05-21 01:00:55,2026-05-21,4,羽毛球馆-1号,08:00-09:00,1,1,已售/已满,已售,多云,15,12,4,0.0,100,26
2026-05-21 01:30:47,2026-05-21,4,羽毛球馆-1号,08:00-09:00,1,1,已售/已满,已售,多云,15,13,4,0.0,100,28
2026-05-21 02:00:53,2026-05-21,4,羽毛球馆-1号,08:00-09:00,1,1,已售/已满,已售,多云,15,12,4,0.0,100,28
2026-05-21 02:30:49,2026-05-21,4,羽毛球馆-1号,08:00-09:00,1,1,已售/已满,已售,多云,15,14,3,0.0,100,29
2026-05-21 03:00:55,2026-05-21,4,羽毛球馆-1号,08:00-09:00,1,1,已售/已满,已售,多云,15,12,4,0.0,100,29
2026-05-21 03:30:49,2026-05-21,4,羽毛球馆-1号,08:00-09:00,1,1,已售/已满,已售,多云,15,14,3,0.0,100,30
2026-05-21 04:30:45,2026-05-21,4,羽毛球馆-1号,08:00-09:00,1,1,已售/已满,已售,多云,15,12,4,0.0,100,29
2026-05-21 05:00:52,2026-05-21,4,羽毛球馆-1号,08:00-09:00,1,1,已售/已满,已售,多云,15,12,4,0.0,100,29
2026-05-21 05:30:49,2026-05-21,4,羽毛球馆-1号,08:00-09:00,1,1,已售/已满,已售,多云,15,13,3,0.0,100,28
2026-05-21 06:00:50,2026-05-21,4,羽毛球馆-1号,08:00-09:00,1,1,已售/已满,已售,多云,15,13,4,0.0,99,28
2026-05-21 06:30:38,2026-05-21,4,羽毛球馆-1号,08:00-09:00,1,1,已售/已满,已售,多云,15,13,3,0.0,97,28
2026-05-21 07:00:43,2026-05-21,4,羽毛球馆-1号,08:00-09:00,1,1,已售/已满,已售,晴,15,11,5,0.0,93,28
2026-05-21 07:30:39,2026-05-21,4,羽毛球馆-1号,08:00-09:00,1,1,已售/已满,已售,晴,17,13,4,0.0,89,29
2026-05-21 07:50:40,2026-05-21,4,羽毛球馆-1号,08:00-09:00,1,1,已售/已满,已售,晴,17,13,4,0.0,88,29
2026-05-21 07:53:31,2026-05-21,4,羽毛球馆-1号,08:00-09:00,1,1,已售/已满,已售,晴,17,12,5,0.0,86,29
2026-05-21 07:56:31,2026-05-21,4,羽毛球馆-1号,08:00-09:00,1,1,已售/已满,已售,晴,17,12,5,0.0,86,29
2026-05-21 07:59:26,2026-05-21,4,羽毛球馆-1号,08:00-09:00,1,1,已售/已满,已售,晴,17,12,5,0.0,86,29
2026-05-21 00:30:49,2026-05-21,4,羽毛球馆-1号,09:00-10:00,1,1,已售/已满,已售,多云,15,13,3,0.0,100,26
2026-05-21 01:00:55,2026-05-21,4,羽毛球馆-1号,09:00-10:00,1,1,已售/已满,已售,多云,15,12,4,0.0,100,26
2026-05-21 01:30:47,2026-05-21,4,羽毛球馆-1号,09:00-10:00,1,1,已售/已满,已售,多云,15,13,4,0.0,100,28
2026-05-21 02:00:53,2026-05-21,4,羽毛球馆-1号,09:00-10:00,1,1,已售/已满,已售,多云,15,12,4,0.0,100,28
2026-05-21 02:30:49,2026-05-21,4,羽毛球馆-1号,09:00-10:00,1,1,已售/已满,已售,多云,15,14,3,0.0,100,29
2026-05-21 03:00:55,2026-05-21,4,羽毛球馆-1号,09:00-10:00,1,1,已售/已满,已售,多云,15,12,4,0.0,100,29
2026-05-21 03:30:49,2026-05-21,4,羽毛球馆-1号,09:00-10:00,1,1,已售/已满,已售,多云,15,14,3,0.0,100,30
2026-05-21 04:30:45,2026-05-21,4,羽毛球馆-1号,09:00-10:00,1,1,已售/已满,已售,多云,15,12,4,0.0,100,29
2026-05-21 05:00:52,2026-05-21,4,羽毛球馆-1号,09:00-10:00,1,1,已售/已满,已售,多云,15,12,4,0.0,100,29
2026-05-21 05:30:49,2026-05-21,4,羽毛球馆-1号,09:00-10:00,1,1,已售/已满,已售,多云,15,13,3,0.0,100,28
2026-05-21 06:00:50,2026-05-21,4,羽毛球馆-1号,09:00-10:00,1,1,已售/已满,已售,多云,15,13,4,0.0,99,28
2026-05-21 06:30:38,2026-05-21,4,羽毛球馆-1号,09:00-10:00,1,1,已售/已满,已售,多云,15,13,3,0.0,97,28
2026-05-21 07:00:43,2026-05-21,4,羽毛球馆-1号,09:00-10:00,1,1,已售/已满,已售,晴,15,11,5,0.0,93,28
2026-05-21 07:30:39,2026-05-21,4,羽毛球馆-1号,09:00-10:00,1,1,已售/已满,已售,晴,17,13,4,0.0,89,29
2026-05-21 07:50:40,2026-05-21,4,羽毛球馆-1号,09:00-10:00,1,1,已售/已满,已售,晴,17,13,4,0.0,88,29
2026-05-21 07:53:31,2026-05-21,4,羽毛球馆-1号,09:00-10:00,1,1,已售/已满,已售,晴,17,12,5,0.0,86,29
2026-05-21 07:56:31,2026-05-21,4,羽毛球馆-1号,09:00-10:00,1,1,已售/已满,已售,晴,17,12,5,0.0,86,29
2026-05-21 07:59:26,2026-05-21,4,羽毛球馆-1号,09:00-10:00,1,1,已售/已满,已售,晴,17,12,5,0.0,86,29
2026-05-21 00:30:49,2026-05-21,4,羽毛球馆-1号,10:00-11:00,1,1,已售/已满,教学时间,多云,15,13,3,0.0,100,26
2026-05-21 01:00:55,2026-05-21,4,羽毛球馆-1号,10:00-11:00,1,1,已售/已满,教学时间,多云,15,12,4,0.0,100,26
2026-05-21 01:30:47,2026-05-21,4,羽毛球馆-1号,10:00-11:00,1,1,已售/已满,教学时间,多云,15,13,4,0.0,100,28
2026-05-21 02:00:53,2026-05-21,4,羽毛球馆-1号,10:00-11:00,1,1,已售/已满,教学时间,多云,15,12,4,0.0,100,28
2026-05-21 02:30:49,2026-05-21,4,羽毛球馆-1号,10:00-11:00,1,1,已售/已满,教学时间,多云,15,14,3,0.0,100,29
2026-05-21 03:00:55,2026-05-21,4,羽毛球馆-1号,10:00-11:00,1,1,已售/已满,教学时间,多云,15,12,4,0.0,100,29
2026-05-21 03:30:49,2026-05-21,4,羽毛球馆-1号,10:00-11:00,1,1,已售/已满,教学时间,多云,15,14,3,0.0,100,30
2026-05-21 04:30:45,2026-05-21,4,羽毛球馆-1号,10:00-11:00,1,1,已售/已满,教学时间,多云,15,12,4,0.0,100,29
2026-05-21 05:00:52,2026-05-21,4,羽毛球馆-1号,10:00-11:00,1,1,已售/已满,教学时间,多云,15,12,4,0.0,100,29
2026-05-21 05:30:49,2026-05-21,4,羽毛球馆-1号,10:00-11:00,1,1,已售/已满,教学时间,多云,15,13,3,0.0,100,28
2026-05-21 06:00:50,2026-05-21,4,羽毛球馆-1号,10:00-11:00,1,1,已售/已满,教学时间,多云,15,13,4,0.0,99,28
2026-05-21 06:30:38,2026-05-21,4,羽毛球馆-1号,10:00-11:00,1,1,已售/已满,教学时间,多云,15,13,3,0.0,97,28
2026-05-21 07:00:43,2026-05-21,4,羽毛球馆-1号,10:00-11:00,1,1,已售/已满,教学时间,晴,15,11,5,0.0,93,28
2026-05-21 07:30:39,2026-05-21,4,羽毛球馆-1号,10:00-11:00,1,1,已售/已满,教学时间,晴,17,13,4,0.0,89,29
2026-05-21 07:50:40,2026-05-21,4,羽毛球馆-1号,10:00-11:00,1,1,已售/已满,教学时间,晴,17,13,4,0.0,88,29
2026-05-21 07:53:31,2026-05-21,4,羽毛球馆-1号,10:00-11:00,1,1,已售/已满,教学时间,晴,17,12,5,0.0,86,29
2026-05-21 07:56:31,2026-05-21,4,羽毛球馆-1号,10:00-11:00,1,1,已售/已满,教学时间,晴,17,12,5,0.0,86,29
2026-05-21 07:59:26,2026-05-21,4,羽毛球馆-1号,10:00-11:00,1,1,已售/已满,教学时间,晴,17,12,5,0.0,86,29
2026-05-21 00:30:49,2026-05-21,4,羽毛球馆-1号,11:00-12:00,1,1,已售/已满,教学时间,多云,15,13,3,0.0,100,26
2026-05-21 01:00:55,2026-05-21,4,羽毛球馆-1号,11:00-12:00,1,1,已售/已满,教学时间,多云,15,12,4,0.0,100,26
2026-05-21 01:30:47,2026-05-21,4,羽毛球馆-1号,11:00-12:00,1,1,已售/已满,教学时间,多云,15,13,4,0.0,100,28
2026-05-21 02:00:53,2026-05-21,4,羽毛球馆-1号,11:00-12:00,1,1,已售/已满,教学时间,多云,15,12,4,0.0,100,28
2026-05-21 02:30:49,2026-05-21,4,羽毛球馆-1号,11:00-12:00,1,1,已售/已满,教学时间,多云,15,14,3,0.0,100,29
2026-05-21 03:00:55,2026-05-21,4,羽毛球馆-1号,11:00-12:00,1,1,已售/已满,教学时间,多云,15,12,4,0.0,100,29
2026-05-21 03:30:49,2026-05-21,4,羽毛球馆-1号,11:00-12:00,1,1,已售/已满,教学时间,多云,15,14,3,0.0,100,30
2026-05-21 04:30:45,2026-05-21,4,羽毛球馆-1号,11:00-12:00,1,1,已售/已满,教学时间,多云,15,12,4,0.0,100,29
2026-05-21 05:00:52,2026-05-21,4,羽毛球馆-1号,11:00-12:00,1,1,已售/已满,教学时间,多云,15,12,4,0.0,100,29
2026-05-21 05:30:49,2026-05-21,4,羽毛球馆-1号,11:00-12:00,1,1,已售/已满,教学时间,多云,15,13,3,0.0,100,28
2026-05-21 06:00:50,2026-05-21,4,羽毛球馆-1号,11:00-12:00,1,1,已售/已满,教学时间,多云,15,13,4,0.0,99,28
2026-05-21 06:30:38,2026-05-21,4,羽毛球馆-1号,11:00-12:00,1,1,已售/已满,教学时间,多云,15,13,3,0.0,97,28
2026-05-21 07:00:43,2026-05-21,4,羽毛球馆-1号,11:00-12:00,1,1,已售/已满,教学时间,晴,15,11,5,0.0,93,28
2026-05-21 07:30:39,2026-05-21,4,羽毛球馆-1号,11:00-12:00,1,1,已售/已满,教学时间,晴,17,13,4,0.0,89,29
2026-05-21 07:50:40,2026-05-21,4,羽毛球馆-1号,11:00-12:00,1,1,已售/已满,教学时间,晴,17,13,4,0.0,88,29
2026-05-21 07:53:31,2026-05-21,4,羽毛球馆-1号,11:00-12:00,1,1,已售/已满,教学时间,晴,17,12,5,0.0,86,29
2026-05-21 07:56:31,2026-05-21,4,羽毛球馆-1号,11:00-12:00,1,1,已售/已满,教学时间,晴,17,12,5,0.0,86,29
2026-05-21 07:59:26,2026-05-21,4,羽毛球馆-1号,11:00-12:00,1,1,已售/已满,教学时间,晴,17,12,5,0.0,86,29
2026-05-21 00:30:49,2026-05-21,4,羽毛球馆-1号,12:00-12:55,1,1,已售/已满,已售,多云,15,13,3,0.0,100,26
2026-05-21 01:00:55,2026-05-21,4,羽毛球馆-1号,12:00-12:55,1,1,已售/已满,已售,多云,15,12,4,0.0,100,26
2026-05-21 01:30:47,2026-05-21,4,羽毛球馆-1号,12:00-12:55,1,1,已售/已满,已售,多云,15,13,4,0.0,100,28
2026-05-21 02:00:53,2026-05-21,4,羽毛球馆-1号,12:00-12:55,1,1,已售/已满,已售,多云,15,12,4,0.0,100,28
2026-05-21 02:30:49,2026-05-21,4,羽毛球馆-1号,12:00-12:55,1,1,已售/已满,已售,多云,15,14,3,0.0,100,29
2026-05-21 03:00:55,2026-05-21,4,羽毛球馆-1号,12:00-12:55,1,1,已售/已满,已售,多云,15,12,4,0.0,100,29
2026-05-21 03:30:49,2026-05-21,4,羽毛球馆-1号,12:00-12:55,1,1,已售/已满,已售,多云,15,14,3,0.0,100,30
2026-05-21 04:30:45,2026-05-21,4,羽毛球馆-1号,12:00-12:55,1,1,已售/已满,已售,多云,15,12,4,0.0,100,29
2026-05-21 05:00:52,2026-05-21,4,羽毛球馆-1号,12:00-12:55,1,1,已售/已满,已售,多云,15,12,4,0.0,100,29
2026-05-21 05:30:49,2026-05-21,4,羽毛球馆-1号,12:00-12:55,1,1,已售/已满,已售,多云,15,13,3,0.0,100,28
2026-05-21 06:00:50,2026-05-21,4,羽毛球馆-1号,12:00-12:55,1,1,已售/已满,已售,多云,15,13,4,0.0,99,28
2026-05-21 06:30:38,2026-05-21,4,羽毛球馆-1号,12:00-12:55,1,1,已售/已满,已售,多云,15,13,3,0.0,97,28
2026-05-21 07:00:43,2026-05-21,4,羽毛球馆-1号,12:00-12:55,1,1,已售/已满,已售,晴,15,11,5,0.0,93,28
2026-05-21 07:30:39,2026-05-21,4,羽毛球馆-1号,12:00-12:55,1,1,已售/已满,已售,晴,17,13,4,0.0,89,29
2026-05-21 07:50:40,2026-05-21,4,羽毛球馆-1号,12:00-12:55,1,1,已售/已满,已售,晴,17,13,4,0.0,88,29
2026-05-21 07:53:31,2026-05-21,4,羽毛球馆-1号,12:00-12:55,1,1,已售/已满,已售,晴,17,12,5,0.0,86,29
2026-05-21 07:56:31,2026-05-21,4,羽毛球馆-1号,12:00-12:55,1,1,已售/已满,已售,晴,17,12,5,0.0,86,29
2026-05-21 07:59:26,2026-05-21,4,羽毛球馆-1号,12:00-12:55,1,1,已售/已满,已售,晴,17,12,5,0.0,86,29
2026-05-21 00:30:49,2026-05-21,4,羽毛球馆-1号,12:55-13:50,1,1,已售/已满,已售,多云,15,13,3,0.0,100,26
2026-05-21 01:00:55,2026-05-21,4,羽毛球馆-1号,12:55-13:50,1,1,已售/已满,已售,多云,15,12,4,0.0,100,26
2026-05-21 01:30:47,2026-05-21,4,羽毛球馆-1号,12:55-13:50,1,1,已售/已满,已售,多云,15,13,4,0.0,100,28
2026-05-21 02:00:53,2026-05-21,4,羽毛球馆-1号,12:55-13:50,1,1,已售/已满,已售,多云,15,12,4,0.0,100,28
2026-05-21 02:30:49,2026-05-21,4,羽毛球馆-1号,12:55-13:50,1,1,已售/已满,已售,多云,15,14,3,0.0,100,29
2026-05-21 03:00:55,2026-05-21,4,羽毛球馆-1号,12:55-13:50,1,1,已售/已满,已售,多云,15,12,4,0.0,100,29
2026-05-21 03:30:49,2026-05-21,4,羽毛球馆-1号,12:55-13:50,1,1,已售/已满,已售,多云,15,14,3,0.0,100,30
2026-05-21 04:30:45,2026-05-21,4,羽毛球馆-1号,12:55-13:50,1,1,已售/已满,已售,多云,15,12,4,0.0,100,29
2026-05-21 05:00:52,2026-05-21,4,羽毛球馆-1号,12:55-13:50,1,1,已售/已满,已售,多云,15,12,4,0.0,100,29
2026-05-21 05:30:49,2026-05-21,4,羽毛球馆-1号,12:55-13:50,1,1,已售/已满,已售,多云,15,13,3,0.0,100,28
2026-05-21 06:00:50,2026-05-21,4,羽毛球馆-1号,12:55-13:50,1,1,已售/已满,已售,多云,15,13,4,0.0,99,28
2026-05-21 06:30:38,2026-05-21,4,羽毛球馆-1号,12:55-13:50,1,1,已售/已满,已售,多云,15,13,3,0.0,97,28
2026-05-21 07:00:43,2026-05-21,4,羽毛球馆-1号,12:55-13:50,1,1,已售/已满,已售,晴,15,11,5,0.0,93,28
2026-05-21 07:30:39,2026-05-21,4,羽毛球馆-1号,12:55-13:50,1,1,已售/已满,已售,晴,17,13,4,0.0,89,29
2026-05-21 07:50:40,2026-05-21,4,羽毛球馆-1号,12:55-13:50,1,1,已售/已满,已售,晴,17,13,4,0.0,88,29
2026-05-21 07:53:31,2026-05-21,4,羽毛球馆-1号,12:55-13:50,1,1,已售/已满,已售,晴,17,12,5,0.0,86,29
2026-05-21 07:56:31,2026-05-21,4,羽毛球馆-1号,12:55-13:50,1,1,已售/已满,已售,晴,17,12,5,0.0,86,29
2026-05-21 07:59:26,2026-05-21,4,羽毛球馆-1号,12:55-13:50,1,1,已售/已满,已售,晴,17,12,5,0.0,86,29
2026-05-21 00:30:49,2026-05-21,4,羽毛球馆-1号,14:00-15:00,0,1,可预约,￥12.0,多云,15,13,3,0.0,100,26
2026-05-21 01:00:55,2026-05-21,4,羽毛球馆-1号,14:00-15:00,0,1,可预约,￥12.0,多云,15,12,4,0.0,100,26
2026-05-21 01:30:47,2026-05-21,4,羽毛球馆-1号,14:00-15:00,0,1,可预约,￥12.0,多云,15,13,4,0.0,100,28
2026-05-21 02:00:53,2026-05-21,4,羽毛球馆-1号,14:00-15:00,0,1,可预约,￥12.0,多云,15,12,4,0.0,100,28
2026-05-21 02:30:49,2026-05-21,4,羽毛球馆-1号,14:00-15:00,0,1,可预约,￥12.0,多云,15,14,3,0.0,100,29
2026-05-21 03:00:55,2026-05-21,4,羽毛球馆-1号,14:00-15:00,0,1,可预约,￥12.0,多云,15,12,4,0.0,100,29
2026-05-21 03:30:49,2026-05-21,4,羽毛球馆-1号,14:00-15:00,0,1,可预约,￥12.0,多云,15,14,3,0.0,100,30
2026-05-21 04:30:45,2026-05-21,4,羽毛球馆-1号,14:00-15:00,0,1,可预约,￥12.0,多云,15,12,4,0.0,100,29
2026-05-21 05:00:52,2026-05-21,4,羽毛球馆-1号,14:00-15:00,0,1,可预约,￥12.0,多云,15,12,4,0.0,100,29
2026-05-21 05:30:49,2026-05-21,4,羽毛球馆-1号,14:00-15:00,0,1,可预约,￥12.0,多云,15,13,3,0.0,100,28
2026-05-21 06:00:50,2026-05-21,4,羽毛球馆-1号,14:00-15:00,0,1,可预约,￥12.0,多云,15,13,4,0.0,99,28
2026-05-21 06:30:38,2026-05-21,4,羽毛球馆-1号,14:00-15:00,0,1,可预约,￥12.0,多云,15,13,3,0.0,97,28
2026-05-21 07:00:43,2026-05-21,4,羽毛球馆-1号,14:00-15:00,0,1,可预约,￥12.0,晴,15,11,5,0.0,93,28
2026-05-21 07:30:39,2026-05-21,4,羽毛球馆-1号,14:00-15:00,0,1,可预约,￥12.0,晴,17,13,4,0.0,89,29
2026-05-21 07:50:40,2026-05-21,4,羽毛球馆-1号,14:00-15:00,0,1,可预约,￥12.0,晴,17,13,4,0.0,88,29
2026-05-21 07:53:31,2026-05-21,4,羽毛球馆-1号,14:00-15:00,0,1,可预约,￥12.0,晴,17,12,5,0.0,86,29
2026-05-21 07:56:31,2026-05-21,4,羽毛球馆-1号,14:00-15:00,0,1,可预约,￥12.0,晴,17,12,5,0.0,86,29
2026-05-21 07:59:26,2026-05-21,4,羽毛球馆-1号,14:00-15:00,0,1,可预约,￥12.0,晴,17,12,5,0.0,86,29
2026-05-21 00:30:49,2026-05-21,4,羽毛球馆-1号,15:00-16:00,0,1,可预约,￥12.0,多云,15,13,3,0.0,100,26
2026-05-21 01:00:55,2026-05-21,4,羽毛球馆-1号,15:00-16:00,0,1,可预约,￥12.0,多云,15,12,4,0.0,100,26
2026-05-21 01:30:47,2026-05-21,4,羽毛球馆-1号,15:00-16:00,0,1,可预约,￥12.0,多云,15,13,4,0.0,100,28
2026-05-21 02:00:53,2026-05-21,4,羽毛球馆-1号,15:00-16:00,0,1,可预约,￥12.0,多云,15,12,4,0.0,100,28
2026-05-21 02:30:49,2026-05-21,4,羽毛球馆-1号,15:00-16:00,0,1,可预约,￥12.0,多云,15,14,3,0.0,100,29
2026-05-21 03:00:55,2026-05-21,4,羽毛球馆-1号,15:00-16:00,0,1,可预约,￥12.0,多云,15,12,4,0.0,100,29
2026-05-21 03:30:49,2026-05-21,4,羽毛球馆-1号,15:00-16:00,0,1,可预约,￥12.0,多云,15,14,3,0.0,100,30
2026-05-21 04:30:45,2026-05-21,4,羽毛球馆-1号,15:00-16:00,0,1,可预约,￥12.0,多云,15,12,4,0.0,100,29
2026-05-21 05:00:52,2026-05-21,4,羽毛球馆-1号,15:00-16:00,0,1,可预约,￥12.0,多云,15,12,4,0.0,100,29
2026-05-21 05:30:49,2026-05-21,4,羽毛球馆-1号,15:00-16:00,0,1,可预约,￥12.0,多云,15,13,3,0.0,100,28
2026-05-21 06:00:50,2026-05-21,4,羽毛球馆-1号,15:00-16:00,0,1,可预约,￥12.0,多云,15,13,4,0.0,99,28
2026-05-21 06:30:38,2026-05-21,4,羽毛球馆-1号,15:00-16:00,0,1,可预约,￥12.0,多云,15,13,3,0.0,97,28
2026-05-21 07:00:43,2026-05-21,4,羽毛球馆-1号,15:00-16:00,0,1,可预约,￥12.0,晴,15,11,5,0.0,93,28
2026-05-21 07:30:39,2026-05-21,4,羽毛球馆-1号,15:00-16:00,0,1,可预约,￥12.0,晴,17,13,4,0.0,89,29
2026-05-21 07:50:40,2026-05-21,4,羽毛球馆-1号,15:00-16:00,0,1,可预约,￥12.0,晴,17,13,4,0.0,88,29
2026-05-21 07:53:31,2026-05-21,4,羽毛球馆-1号,15:00-16:00,0,1,可预约,￥12.0,晴,17,12,5,0.0,86,29
2026-05-21 07:56:31,2026-05-21,4,羽毛球馆-1号,15:00-16:00,0,1,可预约,￥12.0,晴,17,12,5,0.0,86,29
2026-05-21 07:59:26,2026-05-21,4,羽毛球馆-1号,15:00-16:00,0,1,可预约,￥12.0,晴,17,12,5,0.0,86,29
2026-05-21 00:30:49,2026-05-21,4,羽毛球馆-1号,16:00-17:00,1,1,已售/已满,已售,多云,15,13,3,0.0,100,26
2026-05-21 01:00:55,2026-05-21,4,羽毛球馆-1号,16:00-17:00,1,1,已售/已满,已售,多云,15,12,4,0.0,100,26
2026-05-21 01:30:47,2026-05-21,4,羽毛球馆-1号,16:00-17:00,1,1,已售/已满,已售,多云,15,13,4,0.0,100,28
2026-05-21 02:00:53,2026-05-21,4,羽毛球馆-1号,16:00-17:00,1,1,已售/已满,已售,多云,15,12,4,0.0,100,28
2026-05-21 02:30:49,2026-05-21,4,羽毛球馆-1号,16:00-17:00,1,1,已售/已满,已售,多云,15,14,3,0.0,100,29
2026-05-21 03:00:55,2026-05-21,4,羽毛球馆-1号,16:00-17:00,1,1,已售/已满,已售,多云,15,12,4,0.0,100,29
2026-05-21 03:30:49,2026-05-21,4,羽毛球馆-1号,16:00-17:00,1,1,已售/已满,已售,多云,15,14,3,0.0,100,30
2026-05-21 04:30:45,2026-05-21,4,羽毛球馆-1号,16:00-17:00,1,1,已售/已满,已售,多云,15,12,4,0.0,100,29
2026-05-21 05:00:52,2026-05-21,4,羽毛球馆-1号,16:00-17:00,1,1,已售/已满,已售,多云,15,12,4,0.0,100,29
2026-05-21 05:30:49,2026-05-21,4,羽毛球馆-1号,16:00-17:00,1,1,已售/已满,已售,多云,15,13,3,0.0,100,28
2026-05-21 06:00:50,2026-05-21,4,羽毛球馆-1号,16:00-17:00,1,1,已售/已满,已售,多云,15,13,4,0.0,99,28
2026-05-21 06:30:38,2026-05-21,4,羽毛球馆-1号,16:00-17:00,1,1,已售/已满,已售,多云,15,13,3,0.0,97,28
2026-05-21 07:00:43,2026-05-21,4,羽毛球馆-1号,16:00-17:00,1,1,已售/已满,已售,晴,15,11,5,0.0,93,28
2026-05-21 07:30:39,2026-05-21,4,羽毛球馆-1号,16:00-17:00,1,1,已售/已满,已售,晴,17,13,4,0.0,89,29
2026-05-21 07:50:40,2026-05-21,4,羽毛球馆-1号,16:00-17:00,1,1,已售/已满,已售,晴,17,13,4,0.0,88,29
2026-05-21 07:53:31,2026-05-21,4,羽毛球馆-1号,16:00-17:00,1,1,已售/已满,已售,晴,17,12,5,0.0,86,29
2026-05-21 07:56:31,2026-05-21,4,羽毛球馆-1号,16:00-17:00,1,1,已售/已满,已售,晴,17,12,5,0.0,86,29
2026-05-21 07:59:26,2026-05-21,4,羽毛球馆-1号,16:00-17:00,1,1,已售/已满,已售,晴,17,12,5,0.0,86,29
2026-05-21 00:30:49,2026-05-21,4,羽毛球馆-1号,17:00-18:00,1,1,已售/已满,已售,多云,15,13,3,0.0,100,26
2026-05-21 01:00:55,2026-05-21,4,羽毛球馆-1号,17:00-18:00,1,1,已售/已满,已售,多云,15,12,4,0.0,100,26
2026-05-21 01:30:47,2026-05-21,4,羽毛球馆-1号,17:00-18:00,1,1,已售/已满,已售,多云,15,13,4,0.0,100,28
2026-05-21 02:00:53,2026-05-21,4,羽毛球馆-1号,17:00-18:00,1,1,已售/已满,已售,多云,15,12,4,0.0,100,28
2026-05-21 02:30:49,2026-05-21,4,羽毛球馆-1号,17:00-18:00,1,1,已售/已满,已售,多云,15,14,3,0.0,100,29
2026-05-21 03:00:55,2026-05-21,4,羽毛球馆-1号,17:00-18:00,1,1,已售/已满,已售,多云,15,12,4,0.0,100,29
2026-05-21 03:30:49,2026-05-21,4,羽毛球馆-1号,17:00-18:00,1,1,已售/已满,已售,多云,15,14,3,0.0,100,30
2026-05-21 04:30:45,2026-05-21,4,羽毛球馆-1号,17:00-18:00,1,1,已售/已满,已售,多云,15,12,4,0.0,100,29
2026-05-21 05:00:52,2026-05-21,4,羽毛球馆-1号,17:00-18:00,1,1,已售/已满,已售,多云,15,12,4,0.0,100,29
2026-05-21 05:30:49,2026-05-21,4,羽毛球馆-1号,17:00-18:00,1,1,已售/已满,已售,多云,15,13,3,0.0,100,28
2026-05-21 06:00:50,2026-05-21,4,羽毛球馆-1号,17:00-18:00,1,1,已售/已满,已售,多云,15,13,4,0.0,99,28
2026-05-21 06:30:38,2026-05-21,4,羽毛球馆-1号,17:00-18:00,1,1,已售/已满,已售,多云,15,13,3,0.0,97,28
2026-05-21 07:00:43,2026-05-21,4,羽毛球馆-1号,17:00-18:00,1,1,已售/已满,已售,晴,15,11,5,0.0,93,28
2026-05-21 07:30:39,2026-05-21,4,羽毛球馆-1号,17:00-18:00,1,1,已售/已满,已售,晴,17,13,4,0.0,89,29
2026-05-21 07:50:40,2026-05-21,4,羽毛球馆-1号,17:00-18:00,1,1,已售/已满,已售,晴,17,13,4,0.0,88,29
2026-05-21 07:53:31,2026-05-21,4,羽毛球馆-1号,17:00-18:00,1,1,已售/已满,已售,晴,17,12,5,0.0,86,29
2026-05-21 07:56:31,2026-05-21,4,羽毛球馆-1号,17:00-18:00,1,1,已售/已满,已售,晴,17,12,5,0.0,86,29
2026-05-21 07:59:26,2026-05-21,4,羽毛球馆-1号,17:00-18:00,1,1,已售/已满,已售,晴,17,12,5,0.0,86,29
2026-05-21 00:30:49,2026-05-21,4,羽毛球馆-1号,18:30-19:30,1,1,已售/已满,已售,多云,15,13,3,0.0,100,26
2026-05-21 01:00:55,2026-05-21,4,羽毛球馆-1号,18:30-19:30,1,1,已售/已满,已售,多云,15,12,4,0.0,100,26
2026-05-21 01:30:47,2026-05-21,4,羽毛球馆-1号,18:30-19:30,1,1,已售/已满,已售,多云,15,13,4,0.0,100,28
2026-05-21 02:00:53,2026-05-21,4,羽毛球馆-1号,18:30-19:30,1,1,已售/已满,已售,多云,15,12,4,0.0,100,28
2026-05-21 02:30:49,2026-05-21,4,羽毛球馆-1号,18:30-19:30,1,1,已售/已满,已售,多云,15,14,3,0.0,100,29
2026-05-21 03:00:55,2026-05-21,4,羽毛球馆-1号,18:30-19:30,1,1,已售/已满,已售,多云,15,12,4,0.0,100,29
2026-05-21 03:30:49,2026-05-21,4,羽毛球馆-1号,18:30-19:30,1,1,已售/已满,已售,多云,15,14,3,0.0,100,30
2026-05-21 04:30:45,2026-05-21,4,羽毛球馆-1号,18:30-19:30,1,1,已售/已满,已售,多云,15,12,4,0.0,100,29
2026-05-21 05:00:52,2026-05-21,4,羽毛球馆-1号,18:30-19:30,1,1,已售/已满,已售,多云,15,12,4,0.0,100,29
2026-05-21 05:30:49,2026-05-21,4,羽毛球馆-1号,18:30-19:30,1,1,已售/已满,已售,多云,15,13,3,0.0,100,28
2026-05-21 06:00:50,2026-05-21,4,羽毛球馆-1号,18:30-19:30,1,1,已售/已满,已售,多云,15,13,4,0.0,99,28
2026-05-21 06:30:38,2026-05-21,4,羽毛球馆-1号,18:30-19:30,1,1,已售/已满,已售,多云,15,13,3,0.0,97,28
2026-05-21 07:00:43,2026-05-21,4,羽毛球馆-1号,18:30-19:30,1,1,已售/已满,已售,晴,15,11,5,0.0,93,28
2026-05-21 07:30:39,2026-05-21,4,羽毛球馆-1号,18:30-19:30,1,1,已售/已满,已售,晴,17,13,4,0.0,89,29
2026-05-21 07:50:40,2026-05-21,4,羽毛球馆-1号,18:30-19:30,1,1,已售/已满,已售,晴,17,13,4,0.0,88,29
2026-05-21 07:53:31,2026-05-21,4,羽毛球馆-1号,18:30-19:30,1,1,已售/已满,已售,晴,17,12,5,0.0,86,29
2026-05-21 07:56:31,2026-05-21,4,羽毛球馆-1号,18:30-19:30,1,1,已售/已满,已售,晴,17,12,5,0.0,86,29
2026-05-21 07:59:26,2026-05-21,4,羽毛球馆-1号,18:30-19:30,1,1,已售/已满,已售,晴,17,12,5,0.0,86,29
2026-05-21 00:30:49,2026-05-21,4,羽毛球馆-1号,19:30-20:30,1,1,已售/已满,已售,多云,15,13,3,0.0,100,26
2026-05-21 01:00:55,2026-05-21,4,羽毛球馆-1号,19:30-20:30,1,1,已售/已满,已售,多云,15,12,4,0.0,100,26
2026-05-21 01:30:47,2026-05-21,4,羽毛球馆-1号,19:30-20:30,1,1,已售/已满,已售,多云,15,13,4,0.0,100,28
2026-05-21 02:00:53,2026-05-21,4,羽毛球馆-1号,19:30-20:30,1,1,已售/已满,已售,多云,15,12,4,0.0,100,28
2026-05-21 02:30:49,2026-05-21,4,羽毛球馆-1号,19:30-20:30,1,1,已售/已满,已售,多云,15,14,3,0.0,100,29
2026-05-21 03:00:55,2026-05-21,4,羽毛球馆-1号,19:30-20:30,1,1,已售/已满,已售,多云,15,12,4,0.0,100,29
2026-05-21 03:30:49,2026-05-21,4,羽毛球馆-1号,19:30-20:30,1,1,已售/已满,已售,多云,15,14,3,0.0,100,30
2026-05-21 04:30:45,2026-05-21,4,羽毛球馆-1号,19:30-20:30,1,1,已售/已满,已售,多云,15,12,4,0.0,100,29
2026-05-21 05:00:52,2026-05-21,4,羽毛球馆-1号,19:30-20:30,1,1,已售/已满,已售,多云,15,12,4,0.0,100,29
2026-05-21 05:30:49,2026-05-21,4,羽毛球馆-1号,19:30-20:30,1,1,已售/已满,已售,多云,15,13,3,0.0,100,28
2026-05-21 06:00:50,2026-05-21,4,羽毛球馆-1号,19:30-20:30,1,1,已售/已满,已售,多云,15,13,4,0.0,99,28
2026-05-21 06:30:38,2026-05-21,4,羽毛球馆-1号,19:30-20:30,1,1,已售/已满,已售,多云,15,13,3,0.0,97,28
2026-05-21 07:00:43,2026-05-21,4,羽毛球馆-1号,19:30-20:30,1,1,已售/已满,已售,晴,15,11,5,0.0,93,28
2026-05-21 07:30:39,2026-05-21,4,羽毛球馆-1号,19:30-20:30,1,1,已售/已满,已售,晴,17,13,4,0.0,89,29
2026-05-21 07:50:40,2026-05-21,4,羽毛球馆-1号,19:30-20:30,1,1,已售/已满,已售,晴,17,13,4,0.0,88,29
2026-05-21 07:53:31,2026-05-21,4,羽毛球馆-1号,19:30-20:30,1,1,已售/已满,已售,晴,17,12,5,0.0,86,29
2026-05-21 07:56:31,2026-05-21,4,羽毛球馆-1号,19:30-20:30,1,1,已售/已满,已售,晴,17,12,5,0.0,86,29
2026-05-21 07:59:26,2026-05-21,4,羽毛球馆-1号,19:30-20:30,1,1,已售/已满,已售,晴,17,12,5,0.0,86,29
2026-05-21 00:30:49,2026-05-21,4,羽毛球馆-1号,20:30-21:30,1,1,已售/已满,已售,多云,15,13,3,0.0,100,26
2026-05-21 01:00:55,2026-05-21,4,羽毛球馆-1号,20:30-21:30,1,1,已售/已满,已售,多云,15,12,4,0.0,100,26
2026-05-21 01:30:47,2026-05-21,4,羽毛球馆-1号,20:30-21:30,1,1,已售/已满,已售,多云,15,13,4,0.0,100,28
2026-05-21 02:00:53,2026-05-21,4,羽毛球馆-1号,20:30-21:30,1,1,已售/已满,已售,多云,15,12,4,0.0,100,28
2026-05-21 02:30:49,2026-05-21,4,羽毛球馆-1号,20:30-21:30,1,1,已售/已满,已售,多云,15,14,3,0.0,100,29
2026-05-21 03:00:55,2026-05-21,4,羽毛球馆-1号,20:30-21:30,1,1,已售/已满,已售,多云,15,12,4,0.0,100,29
2026-05-21 03:30:49,2026-05-21,4,羽毛球馆-1号,20:30-21:30,1,1,已售/已满,已售,多云,15,14,3,0.0,100,30
2026-05-21 04:30:45,2026-05-21,4,羽毛球馆-1号,20:30-21:30,1,1,已售/已满,已售,多云,15,12,4,0.0,100,29
2026-05-21 05:00:52,2026-05-21,4,羽毛球馆-1号,20:30-21:30,1,1,已售/已满,已售,多云,15,12,4,0.0,100,29
2026-05-21 05:30:49,2026-05-21,4,羽毛球馆-1号,20:30-21:30,1,1,已售/已满,已售,多云,15,13,3,0.0,100,28
2026-05-21 06:00:50,2026-05-21,4,羽毛球馆-1号,20:30-21:30,1,1,已售/已满,已售,多云,15,13,4,0.0,99,28
2026-05-21 06:30:38,2026-05-21,4,羽毛球馆-1号,20:30-21:30,1,1,已售/已满,已售,多云,15,13,3,0.0,97,28
2026-05-21 07:00:43,2026-05-21,4,羽毛球馆-1号,20:30-21:30,1,1,已售/已满,已售,晴,15,11,5,0.0,93,28
2026-05-21 07:30:39,2026-05-21,4,羽毛球馆-1号,20:30-21:30,1,1,已售/已满,已售,晴,17,13,4,0.0,89,29
2026-05-21 07:50:40,2026-05-21,4,羽毛球馆-1号,20:30-21:30,1,1,已售/已满,已售,晴,17,13,4,0.0,88,29
2026-05-21 07:53:31,2026-05-21,4,羽毛球馆-1号,20:30-21:30,1,1,已售/已满,已售,晴,17,12,5,0.0,86,29
2026-05-21 07:56:31,2026-05-21,4,羽毛球馆-1号,20:30-21:30,1,1,已售/已满,已售,晴,17,12,5,0.0,86,29
2026-05-21 07:59:26,2026-05-21,4,羽毛球馆-1号,20:30-21:30,1,1,已售/已满,已售,晴,17,12,5,0.0,86,29
2026-05-21 00:30:49,2026-05-21,4,羽毛球馆-20号,07:00-08:00,0,1,可预约,￥0.0,多云,15,13,3,0.0,100,26
2026-05-21 01:00:55,2026-05-21,4,羽毛球馆-20号,07:00-08:00,0,1,可预约,￥0.0,多云,15,12,4,0.0,100,26
2026-05-21 01:30:47,2026-05-21,4,羽毛球馆-20号,07:00-08:00,0,1,可预约,￥0.0,多云,15,13,4,0.0,100,28
2026-05-21 02:00:53,2026-05-21,4,羽毛球馆-20号,07:00-08:00,0,1,可预约,￥0.0,多云,15,12,4,0.0,100,28
2026-05-21 02:30:49,2026-05-21,4,羽毛球馆-20号,07:00-08:00,0,1,可预约,￥0.0,多云,15,14,3,0.0,100,29
2026-05-21 03:00:55,2026-05-21,4,羽毛球馆-20号,07:00-08:00,0,1,可预约,￥0.0,多云,15,12,4,0.0,100,29
2026-05-21 03:30:49,2026-05-21,4,羽毛球馆-20号,07:00-08:00,0,1,可预约,￥0.0,多云,15,14,3,0.0,100,30
2026-05-21 04:30:45,2026-05-21,4,羽毛球馆-20号,07:00-08:00,0,1,可预约,￥0.0,多云,15,12,4,0.0,100,29
2026-05-21 05:00:52,2026-05-21,4,羽毛球馆-20号,07:00-08:00,0,1,可预约,￥0.0,多云,15,12,4,0.0,100,29
2026-05-21 05:30:49,2026-05-21,4,羽毛球馆-20号,07:00-08:00,0,1,可预约,￥0.0,多云,15,13,3,0.0,100,28
2026-05-21 06:00:50,2026-05-21,4,羽毛球馆-20号,07:00-08:00,0,1,可预约,￥0.0,多云,15,13,4,0.0,99,28
2026-05-21 06:30:38,2026-05-21,4,羽毛球馆-20号,07:00-08:00,0,1,可预约,￥0.0,多云,15,13,3,0.0,97,28
2026-05-21 07:00:43,2026-05-21,4,羽毛球馆-20号,07:00-08:00,0,1,可预约,￥0.0,晴,15,11,5,0.0,93,28
2026-05-21 07:30:39,2026-05-21,4,羽毛球馆-20号,07:00-08:00,0,1,可预约,￥0.0,晴,17,13,4,0.0,89,29
2026-05-21 07:50:40,2026-05-21,4,羽毛球馆-20号,07:00-08:00,0,1,可预约,￥0.0,晴,17,13,4,0.0,88,29
2026-05-21 07:53:31,2026-05-21,4,羽毛球馆-20号,07:00-08:00,0,1,可预约,￥0.0,晴,17,12,5,0.0,86,29
2026-05-21 07:56:31,2026-05-21,4,羽毛球馆-20号,07:00-08:00,0,1,可预约,￥0.0,晴,17,12,5,0.0,86,29
2026-05-21 07:59:26,2026-05-21,4,羽毛球馆-20号,07:00-08:00,0,1,可预约,￥0.0,晴,17,12,5,0.0,86,29
2026-05-21 00:30:49,2026-05-21,4,羽毛球馆-20号,08:00-09:00,0,1,可预约,￥0.0,多云,15,13,3,0.0,100,26
2026-05-21 01:00:55,2026-05-21,4,羽毛球馆-20号,08:00-09:00,0,1,可预约,￥0.0,多云,15,12,4,0.0,100,26
2026-05-21 01:30:47,2026-05-21,4,羽毛球馆-20号,08:00-09:00,0,1,可预约,￥0.0,多云,15,13,4,0.0,100,28
2026-05-21 02:00:53,2026-05-21,4,羽毛球馆-20号,08:00-09:00,0,1,可预约,￥0.0,多云,15,12,4,0.0,100,28
2026-05-21 02:30:49,2026-05-21,4,羽毛球馆-20号,08:00-09:00,0,1,可预约,￥0.0,多云,15,14,3,0.0,100,29
2026-05-21 03:00:55,2026-05-21,4,羽毛球馆-20号,08:00-09:00,0,1,可预约,￥0.0,多云,15,12,4,0.0,100,29
2026-05-21 03:30:49,2026-05-21,4,羽毛球馆-20号,08:00-09:00,0,1,可预约,￥0.0,多云,15,14,3,0.0,100,30
2026-05-21 04:30:45,2026-05-21,4,羽毛球馆-20号,08:00-09:00,0,1,可预约,￥0.0,多云,15,12,4,0.0,100,29
2026-05-21 05:00:52,2026-05-21,4,羽毛球馆-20号,08:00-09:00,0,1,可预约,￥0.0,多云,15,12,4,0.0,100,29
2026-05-21 05:30:49,2026-05-21,4,羽毛球馆-20号,08:00-09:00,0,1,可预约,￥0.0,多云,15,13,3,0.0,100,28
2026-05-21 06:00:50,2026-05-21,4,羽毛球馆-20号,08:00-09:00,0,1,可预约,￥0.0,多云,15,13,4,0.0,99,28
2026-05-21 06:30:38,2026-05-21,4,羽毛球馆-20号,08:00-09:00,0,1,可预约,￥0.0,多云,15,13,3,0.0,97,28
2026-05-21 07:00:43,2026-05-21,4,羽毛球馆-20号,08:00-09:00,0,1,可预约,￥0.0,晴,15,11,5,0.0,93,28
2026-05-21 07:30:39,2026-05-21,4,羽毛球馆-20号,08:00-09:00,0,1,可预约,￥0.0,晴,17,13,4,0.0,89,29
2026-05-21 07:50:40,2026-05-21,4,羽毛球馆-20号,08:00-09:00,0,1,可预约,￥0.0,晴,17,13,4,0.0,88,29
2026-05-21 07:53:31,2026-05-21,4,羽毛球馆-20号,08:00-09:00,0,1,可预约,￥0.0,晴,17,12,5,0.0,86,29
2026-05-21 07:56:31,2026-05-21,4,羽毛球馆-20号,08:00-09:00,0,1,可预约,￥0.0,晴,17,12,5,0.0,86,29
2026-05-21 07:59:26,2026-05-21,4,羽毛球馆-20号,08:00-09:00,0,1,可预约,￥0.0,晴,17,12,5,0.0,86,29
2026-05-21 00:30:49,2026-05-21,4,羽毛球馆-20号,09:00-10:00,0,1,可预约,￥12.0,多云,15,13,3,0.0,100,26
2026-05-21 01:00:55,2026-05-21,4,羽毛球馆-20号,09:00-10:00,0,1,可预约,￥12.0,多云,15,12,4,0.0,100,26
2026-05-21 01:30:47,2026-05-21,4,羽毛球馆-20号,09:00-10:00,0,1,可预约,￥12.0,多云,15,13,4,0.0,100,28
2026-05-21 02:00:53,2026-05-21,4,羽毛球馆-20号,09:00-10:00,0,1,可预约,￥12.0,多云,15,12,4,0.0,100,28
2026-05-21 02:30:49,2026-05-21,4,羽毛球馆-20号,09:00-10:00,0,1,可预约,￥12.0,多云,15,14,3,0.0,100,29
2026-05-21 03:00:55,2026-05-21,4,羽毛球馆-20号,09:00-10:00,0,1,可预约,￥12.0,多云,15,12,4,0.0,100,29
2026-05-21 03:30:49,2026-05-21,4,羽毛球馆-20号,09:00-10:00,0,1,可预约,￥12.0,多云,15,14,3,0.0,100,30
2026-05-21 04:30:45,2026-05-21,4,羽毛球馆-20号,09:00-10:00,0,1,可预约,￥12.0,多云,15,12,4,0.0,100,29
2026-05-21 05:00:52,2026-05-21,4,羽毛球馆-20号,09:00-10:00,0,1,可预约,￥12.0,多云,15,12,4,0.0,100,29
2026-05-21 05:30:49,2026-05-21,4,羽毛球馆-20号,09:00-10:00,0,1,可预约,￥12.0,多云,15,13,3,0.0,100,28
2026-05-21 06:00:50,2026-05-21,4,羽毛球馆-20号,09:00-10:00,0,1,可预约,￥12.0,多云,15,13,4,0.0,99,28
2026-05-21 06:30:38,2026-05-21,4,羽毛球馆-20号,09:00-10:00,0,1,可预约,￥12.0,多云,15,13,3,0.0,97,28
2026-05-21 07:00:43,2026-05-21,4,羽毛球馆-20号,09:00-10:00,0,1,可预约,￥12.0,晴,15,11,5,0.0,93,28
2026-05-21 07:30:39,2026-05-21,4,羽毛球馆-20号,09:00-10:00,0,1,可预约,￥12.0,晴,17,13,4,0.0,89,29
2026-05-21 07:50:40,2026-05-21,4,羽毛球馆-20号,09:00-10:00,0,1,可预约,￥12.0,晴,17,13,4,0.0,88,29
2026-05-21 07:53:31,2026-05-21,4,羽毛球馆-20号,09:00-10:00,0,1,可预约,￥12.0,晴,17,12,5,0.0,86,29
2026-05-21 07:56:31,2026-05-21,4,羽毛球馆-20号,09:00-10:00,0,1,可预约,￥12.0,晴,17,12,5,0.0,86,29
2026-05-21 07:59:26,2026-05-21,4,羽毛球馆-20号,09:00-10:00,0,1,可预约,￥12.0,晴,17,12,5,0.0,86,29
2026-05-21 00:30:49,2026-05-21,4,羽毛球馆-20号,10:00-11:00,1,1,已售/已满,教学时间,多云,15,13,3,0.0,100,26
2026-05-21 01:00:55,2026-05-21,4,羽毛球馆-20号,10:00-11:00,1,1,已售/已满,教学时间,多云,15,12,4,0.0,100,26
2026-05-21 01:30:47,2026-05-21,4,羽毛球馆-20号,10:00-11:00,1,1,已售/已满,教学时间,多云,15,13,4,0.0,100,28
2026-05-21 02:00:53,2026-05-21,4,羽毛球馆-20号,10:00-11:00,1,1,已售/已满,教学时间,多云,15,12,4,0.0,100,28
2026-05-21 02:30:49,2026-05-21,4,羽毛球馆-20号,10:00-11:00,1,1,已售/已满,教学时间,多云,15,14,3,0.0,100,29
2026-05-21 03:00:55,2026-05-21,4,羽毛球馆-20号,10:00-11:00,1,1,已售/已满,教学时间,多云,15,12,4,0.0,100,29
2026-05-21 03:30:49,2026-05-21,4,羽毛球馆-20号,10:00-11:00,1,1,已售/已满,教学时间,多云,15,14,3,0.0,100,30
2026-05-21 04:30:45,2026-05-21,4,羽毛球馆-20号,10:00-11:00,1,1,已售/已满,教学时间,多云,15,12,4,0.0,100,29
2026-05-21 05:00:52,2026-05-21,4,羽毛球馆-20号,10:00-11:00,1,1,已售/已满,教学时间,多云,15,12,4,0.0,100,29
2026-05-21 05:30:49,2026-05-21,4,羽毛球馆-20号,10:00-11:00,1,1,已售/已满,教学时间,多云,15,13,3,0.0,100,28
2026-05-21 06:00:50,2026-05-21,4,羽毛球馆-20号,10:00-11:00,1,1,已售/已满,教学时间,多云,15,13,4,0.0,99,28
2026-05-21 06:30:38,2026-05-21,4,羽毛球馆-20号,10:00-11:00,1,1,已售/已满,教学时间,多云,15,13,3,0.0,97,28
2026-05-21 07:00:43,2026-05-21,4,羽毛球馆-20号,10:00-11:00,1,1,已售/已满,教学时间,晴,15,11,5,0.0,93,28
2026-05-21 07:30:39,2026-05-21,4,羽毛球馆-20号,10:00-11:00,1,1,已售/已满,教学时间,晴,17,13,4,0.0,89,29
2026-05-21 07:50:40,2026-05-21,4,羽毛球馆-20号,10:00-11:00,1,1,已售/已满,教学时间,晴,17,13,4,0.0,88,29
2026-05-21 07:53:31,2026-05-21,4,羽毛球馆-20号,10:00-11:00,1,1,已售/已满,教学时间,晴,17,12,5,0.0,86,29
2026-05-21 07:56:31,2026-05-21,4,羽毛球馆-20号,10:00-11:00,1,1,已售/已满,教学时间,晴,17,12,5,0.0,86,29
2026-05-21 07:59:26,2026-05-21,4,羽毛球馆-20号,10:00-11:00,1,1,已售/已满,教学时间,晴,17,12,5,0.0,86,29
2026-05-21 00:30:49,2026-05-21,4,羽毛球馆-20号,11:00-12:00,1,1,已售/已满,教学时间,多云,15,13,3,0.0,100,26
2026-05-21 01:00:55,2026-05-21,4,羽毛球馆-20号,11:00-12:00,1,1,已售/已满,教学时间,多云,15,12,4,0.0,100,26
2026-05-21 01:30:47,2026-05-21,4,羽毛球馆-20号,11:00-12:00,1,1,已售/已满,教学时间,多云,15,13,4,0.0,100,28
2026-05-21 02:00:53,2026-05-21,4,羽毛球馆-20号,11:00-12:00,1,1,已售/已满,教学时间,多云,15,12,4,0.0,100,28
2026-05-21 02:30:49,2026-05-21,4,羽毛球馆-20号,11:00-12:00,1,1,已售/已满,教学时间,多云,15,14,3,0.0,100,29
2026-05-21 03:00:55,2026-05-21,4,羽毛球馆-20号,11:00-12:00,1,1,已售/已满,教学时间,多云,15,12,4,0.0,100,29
2026-05-21 03:30:49,2026-05-21,4,羽毛球馆-20号,11:00-12:00,1,1,已售/已满,教学时间,多云,15,14,3,0.0,100,30
2026-05-21 04:30:45,2026-05-21,4,羽毛球馆-20号,11:00-12:00,1,1,已售/已满,教学时间,多云,15,12,4,0.0,100,29
2026-05-21 05:00:52,2026-05-21,4,羽毛球馆-20号,11:00-12:00,1,1,已售/已满,教学时间,多云,15,12,4,0.0,100,29
2026-05-21 05:30:49,2026-05-21,4,羽毛球馆-20号,11:00-12:00,1,1,已售/已满,教学时间,多云,15,13,3,0.0,100,28
2026-05-21 06:00:50,2026-05-21,4,羽毛球馆-20号,11:00-12:00,1,1,已售/已满,教学时间,多云,15,13,4,0.0,99,28
2026-05-21 06:30:38,2026-05-21,4,羽毛球馆-20号,11:00-12:00,1,1,已售/已满,教学时间,多云,15,13,3,0.0,97,28
2026-05-21 07:00:43,2026-05-21,4,羽毛球馆-20号,11:00-12:00,1,1,已售/已满,教学时间,晴,15,11,5,0.0,93,28
2026-05-21 07:30:39,2026-05-21,4,羽毛球馆-20号,11:00-12:00,1,1,已售/已满,教学时间,晴,17,13,4,0.0,89,29
2026-05-21 07:50:40,2026-05-21,4,羽毛球馆-20号,11:00-12:00,1,1,已售/已满,教学时间,晴,17,13,4,0.0,88,29
2026-05-21 07:53:31,2026-05-21,4,羽毛球馆-20号,11:00-12:00,1,1,已售/已满,教学时间,晴,17,12,5,0.0,86,29
2026-05-21 07:56:31,2026-05-21,4,羽毛球馆-20号,11:00-12:00,1,1,已售/已满,教学时间,晴,17,12,5,0.0,86,29
2026-05-21 07:59:26,2026-05-21,4,羽毛球馆-20号,11:00-12:00,1,1,已售/已满,教学时间,晴,17,12,5,0.0,86,29
2026-05-21 00:30:49,2026-05-21,4,羽毛球馆-20号,12:00-12:55,1,1,已售/已满,已售,多云,15,13,3,0.0,100,26
2026-05-21 01:00:55,2026-05-21,4,羽毛球馆-20号,12:00-12:55,1,1,已售/已满,已售,多云,15,12,4,0.0,100,26
2026-05-21 01:30:47,2026-05-21,4,羽毛球馆-20号,12:00-12:55,1,1,已售/已满,已售,多云,15,13,4,0.0,100,28
2026-05-21 02:00:53,2026-05-21,4,羽毛球馆-20号,12:00-12:55,1,1,已售/已满,已售,多云,15,12,4,0.0,100,28
2026-05-21 02:30:49,2026-05-21,4,羽毛球馆-20号,12:00-12:55,1,1,已售/已满,已售,多云,15,14,3,0.0,100,29
2026-05-21 03:00:55,2026-05-21,4,羽毛球馆-20号,12:00-12:55,1,1,已售/已满,已售,多云,15,12,4,0.0,100,29
2026-05-21 03:30:49,2026-05-21,4,羽毛球馆-20号,12:00-12:55,1,1,已售/已满,已售,多云,15,14,3,0.0,100,30
2026-05-21 04:30:45,2026-05-21,4,羽毛球馆-20号,12:00-12:55,1,1,已售/已满,已售,多云,15,12,4,0.0,100,29
2026-05-21 05:00:52,2026-05-21,4,羽毛球馆-20号,12:00-12:55,1,1,已售/已满,已售,多云,15,12,4,0.0,100,29
2026-05-21 05:30:49,2026-05-21,4,羽毛球馆-20号,12:00-12:55,1,1,已售/已满,已售,多云,15,13,3,0.0,100,28
2026-05-21 06:00:50,2026-05-21,4,羽毛球馆-20号,12:00-12:55,1,1,已售/已满,已售,多云,15,13,4,0.0,99,28
2026-05-21 06:30:38,2026-05-21,4,羽毛球馆-20号,12:00-12:55,1,1,已售/已满,已售,多云,15,13,3,0.0,97,28
2026-05-21 07:00:43,2026-05-21,4,羽毛球馆-20号,12:00-12:55,1,1,已售/已满,已售,晴,15,11,5,0.0,93,28
2026-05-21 07:30:39,2026-05-21,4,羽毛球馆-20号,12:00-12:55,1,1,已售/已满,已售,晴,17,13,4,0.0,89,29
2026-05-21 07:50:40,2026-05-21,4,羽毛球馆-20号,12:00-12:55,1,1,已售/已满,已售,晴,17,13,4,0.0,88,29
2026-05-21 07:53:31,2026-05-21,4,羽毛球馆-20号,12:00-12:55,1,1,已售/已满,已售,晴,17,12,5,0.0,86,29
2026-05-21 07:56:31,2026-05-21,4,羽毛球馆-20号,12:00-12:55,1,1,已售/已满,已售,晴,17,12,5,0.0,86,29
2026-05-21 07:59:26,2026-05-21,4,羽毛球馆-20号,12:00-12:55,1,1,已售/已满,已售,晴,17,12,5,0.0,86,29
2026-05-21 00:30:49,2026-05-21,4,羽毛球馆-20号,12:55-13:50,1,1,已售/已满,已售,多云,15,13,3,0.0,100,26
2026-05-21 01:00:55,2026-05-21,4,羽毛球馆-20号,12:55-13:50,1,1,已售/已满,已售,多云,15,12,4,0.0,100,26
2026-05-21 01:30:47,2026-05-21,4,羽毛球馆-20号,12:55-13:50,1,1,已售/已满,已售,多云,15,13,4,0.0,100,28
2026-05-21 02:00:53,2026-05-21,4,羽毛球馆-20号,12:55-13:50,1,1,已售/已满,已售,多云,15,12,4,0.0,100,28
2026-05-21 02:30:49,2026-05-21,4,羽毛球馆-20号,12:55-13:50,1,1,已售/已满,已售,多云,15,14,3,0.0,100,29
2026-05-21 03:00:55,2026-05-21,4,羽毛球馆-20号,12:55-13:50,1,1,已售/已满,已售,多云,15,12,4,0.0,100,29
2026-05-21 03:30:49,2026-05-21,4,羽毛球馆-20号,12:55-13:50,1,1,已售/已满,已售,多云,15,14,3,0.0,100,30
2026-05-21 04:30:45,2026-05-21,4,羽毛球馆-20号,12:55-13:50,1,1,已售/已满,已售,多云,15,12,4,0.0,100,29
2026-05-21 05:00:52,2026-05-21,4,羽毛球馆-20号,12:55-13:50,1,1,已售/已满,已售,多云,15,12,4,0.0,100,29
2026-05-21 05:30:49,2026-05-21,4,羽毛球馆-20号,12:55-13:50,1,1,已售/已满,已售,多云,15,13,3,0.0,100,28
2026-05-21 06:00:50,2026-05-21,4,羽毛球馆-20号,12:55-13:50,1,1,已售/已满,已售,多云,15,13,4,0.0,99,28
2026-05-21 06:30:38,2026-05-21,4,羽毛球馆-20号,12:55-13:50,1,1,已售/已满,已售,多云,15,13,3,0.0,97,28
2026-05-21 07:00:43,2026-05-21,4,羽毛球馆-20号,12:55-13:50,1,1,已售/已满,已售,晴,15,11,5,0.0,93,28
2026-05-21 07:30:39,2026-05-21,4,羽毛球馆-20号,12:55-13:50,1,1,已售/已满,已售,晴,17,13,4,0.0,89,29
2026-05-21 07:50:40,2026-05-21,4,羽毛球馆-20号,12:55-13:50,1,1,已售/已满,已售,晴,17,13,4,0.0,88,29
2026-05-21 07:53:31,2026-05-21,4,羽毛球馆-20号,12:55-13:50,1,1,已售/已满,已售,晴,17,12,5,0.0,86,29
2026-05-21 07:56:31,2026-05-21,4,羽毛球馆-20号,12:55-13:50,1,1,已售/已满,已售,晴,17,12,5,0.0,86,29
2026-05-21 07:59:26,2026-05-21,4,羽毛球馆-20号,12:55-13:50,1,1,已售/已满,已售,晴,17,12,5,0.0,86,29
2026-05-21 00:30:49,2026-05-21,4,羽毛球馆-20号,14:00-15:00,0,1,可预约,￥12.0,多云,15,13,3,0.0,100,26
2026-05-21 01:00:55,2026-05-21,4,羽毛球馆-20号,14:00-15:00,0,1,可预约,￥12.0,多云,15,12,4,0.0,100,26
2026-05-21 01:30:47,2026-05-21,4,羽毛球馆-20号,14:00-15:00,0,1,可预约,￥12.0,多云,15,13,4,0.0,100,28
2026-05-21 02:00:53,2026-05-21,4,羽毛球馆-20号,14:00-15:00,0,1,可预约,￥12.0,多云,15,12,4,0.0,100,28
2026-05-21 02:30:49,2026-05-21,4,羽毛球馆-20号,14:00-15:00,0,1,可预约,￥12.0,多云,15,14,3,0.0,100,29
2026-05-21 03:00:55,2026-05-21,4,羽毛球馆-20号,14:00-15:00,0,1,可预约,￥12.0,多云,15,12,4,0.0,100,29
2026-05-21 03:30:49,2026-05-21,4,羽毛球馆-20号,14:00-15:00,0,1,可预约,￥12.0,多云,15,14,3,0.0,100,30
2026-05-21 04:30:45,2026-05-21,4,羽毛球馆-20号,14:00-15:00,0,1,可预约,￥12.0,多云,15,12,4,0.0,100,29
2026-05-21 05:00:52,2026-05-21,4,羽毛球馆-20号,14:00-15:00,0,1,可预约,￥12.0,多云,15,12,4,0.0,100,29
2026-05-21 05:30:49,2026-05-21,4,羽毛球馆-20号,14:00-15:00,0,1,可预约,￥12.0,多云,15,13,3,0.0,100,28
2026-05-21 06:00:50,2026-05-21,4,羽毛球馆-20号,14:00-15:00,0,1,可预约,￥12.0,多云,15,13,4,0.0,99,28
2026-05-21 06:30:38,2026-05-21,4,羽毛球馆-20号,14:00-15:00,0,1,可预约,￥12.0,多云,15,13,3,0.0,97,28
2026-05-21 07:00:43,2026-05-21,4,羽毛球馆-20号,14:00-15:00,0,1,可预约,￥12.0,晴,15,11,5,0.0,93,28
2026-05-21 07:30:39,2026-05-21,4,羽毛球馆-20号,14:00-15:00,0,1,可预约,￥12.0,晴,17,13,4,0.0,89,29
2026-05-21 07:50:40,2026-05-21,4,羽毛球馆-20号,14:00-15:00,0,1,可预约,￥12.0,晴,17,13,4,0.0,88,29
2026-05-21 07:53:31,2026-05-21,4,羽毛球馆-20号,14:00-15:00,0,1,可预约,￥12.0,晴,17,12,5,0.0,86,29
2026-05-21 07:56:31,2026-05-21,4,羽毛球馆-20号,14:00-15:00,0,1,可预约,￥12.0,晴,17,12,5,0.0,86,29
2026-05-21 07:59:26,2026-05-21,4,羽毛球馆-20号,14:00-15:00,0,1,可预约,￥12.0,晴,17,12,5,0.0,86,29
2026-05-21 00:30:49,2026-05-21,4,羽毛球馆-20号,15:00-16:00,1,1,已售/已满,已售,多云,15,13,3,0.0,100,26
2026-05-21 01:00:55,2026-05-21,4,羽毛球馆-20号,15:00-16:00,1,1,已售/已满,已售,多云,15,12,4,0.0,100,26
2026-05-21 01:30:47,2026-05-21,4,羽毛球馆-20号,15:00-16:00,1,1,已售/已满,已售,多云,15,13,4,0.0,100,28
2026-05-21 02:00:53,2026-05-21,4,羽毛球馆-20号,15:00-16:00,1,1,已售/已满,已售,多云,15,12,4,0.0,100,28
2026-05-21 02:30:49,2026-05-21,4,羽毛球馆-20号,15:00-16:00,1,1,已售/已满,已售,多云,15,14,3,0.0,100,29
2026-05-21 03:00:55,2026-05-21,4,羽毛球馆-20号,15:00-16:00,1,1,已售/已满,已售,多云,15,12,4,0.0,100,29
2026-05-21 03:30:49,2026-05-21,4,羽毛球馆-20号,15:00-16:00,1,1,已售/已满,已售,多云,15,14,3,0.0,100,30
2026-05-21 04:30:45,2026-05-21,4,羽毛球馆-20号,15:00-16:00,1,1,已售/已满,已售,多云,15,12,4,0.0,100,29
2026-05-21 05:00:52,2026-05-21,4,羽毛球馆-20号,15:00-16:00,1,1,已售/已满,已售,多云,15,12,4,0.0,100,29
2026-05-21 05:30:49,2026-05-21,4,羽毛球馆-20号,15:00-16:00,1,1,已售/已满,已售,多云,15,13,3,0.0,100,28
2026-05-21 06:00:50,2026-05-21,4,羽毛球馆-20号,15:00-16:00,1,1,已售/已满,已售,多云,15,13,4,0.0,99,28
2026-05-21 06:30:38,2026-05-21,4,羽毛球馆-20号,15:00-16:00,1,1,已售/已满,已售,多云,15,13,3,0.0,97,28
2026-05-21 07:00:43,2026-05-21,4,羽毛球馆-20号,15:00-16:00,1,1,已售/已满,已售,晴,15,11,5,0.0,93,28
2026-05-21 07:30:39,2026-05-21,4,羽毛球馆-20号,15:00-16:00,1,1,已售/已满,已售,晴,17,13,4,0.0,89,29
2026-05-21 07:50:40,2026-05-21,4,羽毛球馆-20号,15:00-16:00,1,1,已售/已满,已售,晴,17,13,4,0.0,88,29
2026-05-21 07:53:31,2026-05-21,4,羽毛球馆-20号,15:00-16:00,1,1,已售/已满,已售,晴,17,12,5,0.0,86,29
2026-05-21 07:56:31,2026-05-21,4,羽毛球馆-20号,15:00-16:00,1,1,已售/已满,已售,晴,17,12,5,0.0,86,29
2026-05-21 07:59:26,2026-05-21,4,羽毛球馆-20号,15:00-16:00,1,1,已售/已满,已售,晴,17,12,5,0.0,86,29
2026-05-21 00:30:49,2026-05-21,4,羽毛球馆-20号,16:00-17:00,1,1,已售/已满,已售,多云,15,13,3,0.0,100,26
2026-05-21 01:00:55,2026-05-21,4,羽毛球馆-20号,16:00-17:00,1,1,已售/已满,已售,多云,15,12,4,0.0,100,26
2026-05-21 01:30:47,2026-05-21,4,羽毛球馆-20号,16:00-17:00,1,1,已售/已满,已售,多云,15,13,4,0.0,100,28
2026-05-21 02:00:53,2026-05-21,4,羽毛球馆-20号,16:00-17:00,1,1,已售/已满,已售,多云,15,12,4,0.0,100,28
2026-05-21 02:30:49,2026-05-21,4,羽毛球馆-20号,16:00-17:00,1,1,已售/已满,已售,多云,15,14,3,0.0,100,29
2026-05-21 03:00:55,2026-05-21,4,羽毛球馆-20号,16:00-17:00,1,1,已售/已满,已售,多云,15,12,4,0.0,100,29
2026-05-21 03:30:49,2026-05-21,4,羽毛球馆-20号,16:00-17:00,1,1,已售/已满,已售,多云,15,14,3,0.0,100,30
2026-05-21 04:30:45,2026-05-21,4,羽毛球馆-20号,16:00-17:00,1,1,已售/已满,已售,多云,15,12,4,0.0,100,29
2026-05-21 05:00:52,2026-05-21,4,羽毛球馆-20号,16:00-17:00,1,1,已售/已满,已售,多云,15,12,4,0.0,100,29
2026-05-21 05:30:49,2026-05-21,4,羽毛球馆-20号,16:00-17:00,1,1,已售/已满,已售,多云,15,13,3,0.0,100,28
2026-05-21 06:00:50,2026-05-21,4,羽毛球馆-20号,16:00-17:00,1,1,已售/已满,已售,多云,15,13,4,0.0,99,28
2026-05-21 06:30:38,2026-05-21,4,羽毛球馆-20号,16:00-17:00,1,1,已售/已满,已售,多云,15,13,3,0.0,97,28
2026-05-21 07:00:43,2026-05-21,4,羽毛球馆-20号,16:00-17:00,1,1,已售/已满,已售,晴,15,11,5,0.0,93,28
2026-05-21 07:30:39,2026-05-21,4,羽毛球馆-20号,16:00-17:00,1,1,已售/已满,已售,晴,17,13,4,0.0,89,29
2026-05-21 07:50:40,2026-05-21,4,羽毛球馆-20号,16:00-17:00,1,1,已售/已满,已售,晴,17,13,4,0.0,88,29
2026-05-21 07:53:31,2026-05-21,4,羽毛球馆-20号,16:00-17:00,1,1,已售/已满,已售,晴,17,12,5,0.0,86,29
2026-05-21 07:56:31,2026-05-21,4,羽毛球馆-20号,16:00-17:00,1,1,已售/已满,已售,晴,17,12,5,0.0,86,29
2026-05-21 07:59:26,2026-05-21,4,羽毛球馆-20号,16:00-17:00,1,1,已售/已满,已售,晴,17,12,5,0.0,86,29
2026-05-21 00:30:49,2026-05-21,4,羽毛球馆-20号,17:00-18:00,1,1,已售/已满,已售,多云,15,13,3,0.0,100,26
2026-05-21 01:00:55,2026-05-21,4,羽毛球馆-20号,17:00-18:00,1,1,已售/已满,已售,多云,15,12,4,0.0,100,26
2026-05-21 01:30:47,2026-05-21,4,羽毛球馆-20号,17:00-18:00,1,1,已售/已满,已售,多云,15,13,4,0.0,100,28
2026-05-21 02:00:53,2026-05-21,4,羽毛球馆-20号,17:00-18:00,1,1,已售/已满,已售,多云,15,12,4,0.0,100,28
2026-05-21 02:30:49,2026-05-21,4,羽毛球馆-20号,17:00-18:00,1,1,已售/已满,已售,多云,15,14,3,0.0,100,29
2026-05-21 03:00:55,2026-05-21,4,羽毛球馆-20号,17:00-18:00,1,1,已售/已满,已售,多云,15,12,4,0.0,100,29
2026-05-21 03:30:49,2026-05-21,4,羽毛球馆-20号,17:00-18:00,1,1,已售/已满,已售,多云,15,14,3,0.0,100,30
2026-05-21 04:30:45,2026-05-21,4,羽毛球馆-20号,17:00-18:00,1,1,已售/已满,已售,多云,15,12,4,0.0,100,29
2026-05-21 05:00:52,2026-05-21,4,羽毛球馆-20号,17:00-18:00,1,1,已售/已满,已售,多云,15,12,4,0.0,100,29
2026-05-21 05:30:49,2026-05-21,4,羽毛球馆-20号,17:00-18:00,1,1,已售/已满,已售,多云,15,13,3,0.0,100,28
2026-05-21 06:00:50,2026-05-21,4,羽毛球馆-20号,17:00-18:00,1,1,已售/已满,已售,多云,15,13,4,0.0,99,28
2026-05-21 06:30:38,2026-05-21,4,羽毛球馆-20号,17:00-18:00,1,1,已售/已满,已售,多云,15,13,3,0.0,97,28
2026-05-21 07:00:43,2026-05-21,4,羽毛球馆-20号,17:00-18:00,1,1,已售/已满,已售,晴,15,11,5,0.0,93,28
2026-05-21 07:30:39,2026-05-21,4,羽毛球馆-20号,17:00-18:00,1,1,已售/已满,已售,晴,17,13,4,0.0,89,29
2026-05-21 07:50:40,2026-05-21,4,羽毛球馆-20号,17:00-18:00,1,1,已售/已满,已售,晴,17,13,4,0.0,88,29
2026-05-21 07:53:31,2026-05-21,4,羽毛球馆-20号,17:00-18:00,1,1,已售/已满,已售,晴,17,12,5,0.0,86,29
2026-05-21 07:56:31,2026-05-21,4,羽毛球馆-20号,17:00-18:00,1,1,已售/已满,已售,晴,17,12,5,0.0,86,29
2026-05-21 07:59:26,2026-05-21,4,羽毛球馆-20号,17:00-18:00,1,1,已售/已满,已售,晴,17,12,5,0.0,86,29
2026-05-21 00:30:49,2026-05-21,4,羽毛球馆-20号,18:30-19:30,1,1,已售/已满,已售,多云,15,13,3,0.0,100,26
2026-05-21 01:00:55,2026-05-21,4,羽毛球馆-20号,18:30-19:30,1,1,已售/已满,已售,多云,15,12,4,0.0,100,26
2026-05-21 01:30:47,2026-05-21,4,羽毛球馆-20号,18:30-19:30,1,1,已售/已满,已售,多云,15,13,4,0.0,100,28
2026-05-21 02:00:53,2026-05-21,4,羽毛球馆-20号,18:30-19:30,1,1,已售/已满,已售,多云,15,12,4,0.0,100,28
2026-05-21 02:30:49,2026-05-21,4,羽毛球馆-20号,18:30-19:30,1,1,已售/已满,已售,多云,15,14,3,0.0,100,29
2026-05-21 03:00:55,2026-05-21,4,羽毛球馆-20号,18:30-19:30,1,1,已售/已满,已售,多云,15,12,4,0.0,100,29
2026-05-21 03:30:49,2026-05-21,4,羽毛球馆-20号,18:30-19:30,1,1,已售/已满,已售,多云,15,14,3,0.0,100,30
2026-05-21 04:30:45,2026-05-21,4,羽毛球馆-20号,18:30-19:30,1,1,已售/已满,已售,多云,15,12,4,0.0,100,29
2026-05-21 05:00:52,2026-05-21,4,羽毛球馆-20号,18:30-19:30,1,1,已售/已满,已售,多云,15,12,4,0.0,100,29
2026-05-21 05:30:49,2026-05-21,4,羽毛球馆-20号,18:30-19:30,1,1,已售/已满,已售,多云,15,13,3,0.0,100,28
2026-05-21 06:00:50,2026-05-21,4,羽毛球馆-20号,18:30-19:30,1,1,已售/已满,已售,多云,15,13,4,0.0,99,28
2026-05-21 06:30:38,2026-05-21,4,羽毛球馆-20号,18:30-19:30,1,1,已售/已满,已售,多云,15,13,3,0.0,97,28
2026-05-21 07:00:43,2026-05-21,4,羽毛球馆-20号,18:30-19:30,1,1,已售/已满,已售,晴,15,11,5,0.0,93,28
2026-05-21 07:30:39,2026-05-21,4,羽毛球馆-20号,18:30-19:30,1,1,已售/已满,已售,晴,17,13,4,0.0,89,29
2026-05-21 07:50:40,2026-05-21,4,羽毛球馆-20号,18:30-19:30,1,1,已售/已满,已售,晴,17,13,4,0.0,88,29
2026-05-21 07:53:31,2026-05-21,4,羽毛球馆-20号,18:30-19:30,1,1,已售/已满,已售,晴,17,12,5,0.0,86,29
2026-05-21 07:56:31,2026-05-21,4,羽毛球馆-20号,18:30-19:30,1,1,已售/已满,已售,晴,17,12,5,0.0,86,29
2026-05-21 07:59:26,2026-05-21,4,羽毛球馆-20号,18:30-19:30,1,1,已售/已满,已售,晴,17,12,5,0.0,86,29
2026-05-21 00:30:49,2026-05-21,4,羽毛球馆-20号,19:30-20:30,1,1,已售/已满,已售,多云,15,13,3,0.0,100,26
2026-05-21 01:00:55,2026-05-21,4,羽毛球馆-20号,19:30-20:30,1,1,已售/已满,已售,多云,15,12,4,0.0,100,26
2026-05-21 01:30:47,2026-05-21,4,羽毛球馆-20号,19:30-20:30,1,1,已售/已满,已售,多云,15,13,4,0.0,100,28
2026-05-21 02:00:53,2026-05-21,4,羽毛球馆-20号,19:30-20:30,1,1,已售/已满,已售,多云,15,12,4,0.0,100,28
2026-05-21 02:30:49,2026-05-21,4,羽毛球馆-20号,19:30-20:30,1,1,已售/已满,已售,多云,15,14,3,0.0,100,29
2026-05-21 03:00:55,2026-05-21,4,羽毛球馆-20号,19:30-20:30,1,1,已售/已满,已售,多云,15,12,4,0.0,100,29
2026-05-21 03:30:49,2026-05-21,4,羽毛球馆-20号,19:30-20:30,1,1,已售/已满,已售,多云,15,14,3,0.0,100,30
2026-05-21 04:30:45,2026-05-21,4,羽毛球馆-20号,19:30-20:30,1,1,已售/已满,已售,多云,15,12,4,0.0,100,29
2026-05-21 05:00:52,2026-05-21,4,羽毛球馆-20号,19:30-20:30,1,1,已售/已满,已售,多云,15,12,4,0.0,100,29
2026-05-21 05:30:49,2026-05-21,4,羽毛球馆-20号,19:30-20:30,1,1,已售/已满,已售,多云,15,13,3,0.0,100,28
2026-05-21 06:00:50,2026-05-21,4,羽毛球馆-20号,19:30-20:30,1,1,已售/已满,已售,多云,15,13,4,0.0,99,28
2026-05-21 06:30:38,2026-05-21,4,羽毛球馆-20号,19:30-20:30,1,1,已售/已满,已售,多云,15,13,3,0.0,97,28
2026-05-21 07:00:43,2026-05-21,4,羽毛球馆-20号,19:30-20:30,1,1,已售/已满,已售,晴,15,11,5,0.0,93,28
2026-05-21 07:30:39,2026-05-21,4,羽毛球馆-20号,19:30-20:30,1,1,已售/已满,已售,晴,17,13,4,0.0,89,29
2026-05-21 07:50:40,2026-05-21,4,羽毛球馆-20号,19:30-20:30,1,1,已售/已满,已售,晴,17,13,4,0.0,88,29
2026-05-21 07:53:31,2026-05-21,4,羽毛球馆-20号,19:30-20:30,1,1,已售/已满,已售,晴,17,12,5,0.0,86,29
2026-05-21 07:56:31,2026-05-21,4,羽毛球馆-20号,19:30-20:30,1,1,已售/已满,已售,晴,17,12,5,0.0,86,29
2026-05-21 07:59:26,2026-05-21,4,羽毛球馆-20号,19:30-20:30,1,1,已售/已满,已售,晴,17,12,5,0.0,86,29
2026-05-21 00:30:49,2026-05-21,4,羽毛球馆-20号,20:30-21:30,1,1,已售/已满,已售,多云,15,13,3,0.0,100,26
2026-05-21 01:00:55,2026-05-21,4,羽毛球馆-20号,20:30-21:30,1,1,已售/已满,已售,多云,15,12,4,0.0,100,26
2026-05-21 01:30:47,2026-05-21,4,羽毛球馆-20号,20:30-21:30,1,1,已售/已满,已售,多云,15,13,4,0.0,100,28
2026-05-21 02:00:53,2026-05-21,4,羽毛球馆-20号,20:30-21:30,1,1,已售/已满,已售,多云,15,12,4,0.0,100,28
2026-05-21 02:30:49,2026-05-21,4,羽毛球馆-20号,20:30-21:30,1,1,已售/已满,已售,多云,15,14,3,0.0,100,29
2026-05-21 03:00:55,2026-05-21,4,羽毛球馆-20号,20:30-21:30,1,1,已售/已满,已售,多云,15,12,4,0.0,100,29
2026-05-21 03:30:49,2026-05-21,4,羽毛球馆-20号,20:30-21:30,1,1,已售/已满,已售,多云,15,14,3,0.0,100,30
2026-05-21 04:30:45,2026-05-21,4,羽毛球馆-20号,20:30-21:30,1,1,已售/已满,已售,多云,15,12,4,0.0,100,29
2026-05-21 05:00:52,2026-05-21,4,羽毛球馆-20号,20:30-21:30,1,1,已售/已满,已售,多云,15,12,4,0.0,100,29
2026-05-21 05:30:49,2026-05-21,4,羽毛球馆-20号,20:30-21:30,1,1,已售/已满,已售,多云,15,13,3,0.0,100,28
2026-05-21 06:00:50,2026-05-21,4,羽毛球馆-20号,20:30-21:30,1,1,已售/已满,已售,多云,15,13,4,0.0,99,28
2026-05-21 06:30:38,2026-05-21,4,羽毛球馆-20号,20:30-21:30,1,1,已售/已满,已售,多云,15,13,3,0.0,97,28
2026-05-21 07:00:43,2026-05-21,4,羽毛球馆-20号,20:30-21:30,1,1,已售/已满,已售,晴,15,11,5,0.0,93,28
2026-05-21 07:30:39,2026-05-21,4,羽毛球馆-20号,20:30-21:30,1,1,已售/已满,已售,晴,17,13,4,0.0,89,29
2026-05-21 07:50:40,2026-05-21,4,羽毛球馆-20号,20:30-21:30,1,1,已售/已满,已售,晴,17,13,4,0.0,88,29
2026-05-21 07:53:31,2026-05-21,4,羽毛球馆-20号,20:30-21:30,1,1,已售/已满,已售,晴,17,12,5,0.0,86,29
2026-05-21 07:56:31,2026-05-21,4,羽毛球馆-20号,20:30-21:30,1,1,已售/已满,已售,晴,17,12,5,0.0,86,29
2026-05-21 07:59:26,2026-05-21,4,羽毛球馆-20号,20:30-21:30,1,1,已售/已满,已售,晴,17,12,5,0.0,86,29
2026-05-21 00:30:49,2026-05-21,4,羽毛球馆-2号,07:00-08:00,0,1,可预约,￥0.0,多云,15,13,3,0.0,100,26
2026-05-21 01:00:55,2026-05-21,4,羽毛球馆-2号,07:00-08:00,0,1,可预约,￥0.0,多云,15,12,4,0.0,100,26
2026-05-21 01:30:47,2026-05-21,4,羽毛球馆-2号,07:00-08:00,0,1,可预约,￥0.0,多云,15,13,4,0.0,100,28
2026-05-21 02:00:53,2026-05-21,4,羽毛球馆-2号,07:00-08:00,0,1,可预约,￥0.0,多云,15,12,4,0.0,100,28
2026-05-21 02:30:49,2026-05-21,4,羽毛球馆-2号,07:00-08:00,0,1,可预约,￥0.0,多云,15,14,3,0.0,100,29
2026-05-21 03:00:55,2026-05-21,4,羽毛球馆-2号,07:00-08:00,0,1,可预约,￥0.0,多云,15,12,4,0.0,100,29
2026-05-21 03:30:49,2026-05-21,4,羽毛球馆-2号,07:00-08:00,0,1,可预约,￥0.0,多云,15,14,3,0.0,100,30
2026-05-21 04:30:45,2026-05-21,4,羽毛球馆-2号,07:00-08:00,0,1,可预约,￥0.0,多云,15,12,4,0.0,100,29
2026-05-21 05:00:52,2026-05-21,4,羽毛球馆-2号,07:00-08:00,0,1,可预约,￥0.0,多云,15,12,4,0.0,100,29
2026-05-21 05:30:49,2026-05-21,4,羽毛球馆-2号,07:00-08:00,0,1,可预约,￥0.0,多云,15,13,3,0.0,100,28
2026-05-21 06:00:50,2026-05-21,4,羽毛球馆-2号,07:00-08:00,0,1,可预约,￥0.0,多云,15,13,4,0.0,99,28
2026-05-21 06:30:38,2026-05-21,4,羽毛球馆-2号,07:00-08:00,0,1,可预约,￥0.0,多云,15,13,3,0.0,97,28
2026-05-21 07:00:43,2026-05-21,4,羽毛球馆-2号,07:00-08:00,0,1,可预约,￥0.0,晴,15,11,5,0.0,93,28
2026-05-21 07:30:39,2026-05-21,4,羽毛球馆-2号,07:00-08:00,0,1,可预约,￥0.0,晴,17,13,4,0.0,89,29
2026-05-21 07:50:40,2026-05-21,4,羽毛球馆-2号,07:00-08:00,0,1,可预约,￥0.0,晴,17,13,4,0.0,88,29
2026-05-21 07:53:31,2026-05-21,4,羽毛球馆-2号,07:00-08:00,0,1,可预约,￥0.0,晴,17,12,5,0.0,86,29
2026-05-21 07:56:31,2026-05-21,4,羽毛球馆-2号,07:00-08:00,0,1,可预约,￥0.0,晴,17,12,5,0.0,86,29
2026-05-21 07:59:26,2026-05-21,4,羽毛球馆-2号,07:00-08:00,0,1,可预约,￥0.0,晴,17,12,5,0.0,86,29
2026-05-21 00:30:49,2026-05-21,4,羽毛球馆-2号,08:00-09:00,0,1,可预约,￥0.0,多云,15,13,3,0.0,100,26
2026-05-21 01:00:55,2026-05-21,4,羽毛球馆-2号,08:00-09:00,0,1,可预约,￥0.0,多云,15,12,4,0.0,100,26
2026-05-21 01:30:47,2026-05-21,4,羽毛球馆-2号,08:00-09:00,0,1,可预约,￥0.0,多云,15,13,4,0.0,100,28
2026-05-21 02:00:53,2026-05-21,4,羽毛球馆-2号,08:00-09:00,0,1,可预约,￥0.0,多云,15,12,4,0.0,100,28
2026-05-21 02:30:49,2026-05-21,4,羽毛球馆-2号,08:00-09:00,0,1,可预约,￥0.0,多云,15,14,3,0.0,100,29
2026-05-21 03:00:55,2026-05-21,4,羽毛球馆-2号,08:00-09:00,0,1,可预约,￥0.0,多云,15,12,4,0.0,100,29
2026-05-21 03:30:49,2026-05-21,4,羽毛球馆-2号,08:00-09:00,0,1,可预约,￥0.0,多云,15,14,3,0.0,100,30
2026-05-21 04:30:45,2026-05-21,4,羽毛球馆-2号,08:00-09:00,0,1,可预约,￥0.0,多云,15,12,4,0.0,100,29
2026-05-21 05:00:52,2026-05-21,4,羽毛球馆-2号,08:00-09:00,0,1,可预约,￥0.0,多云,15,12,4,0.0,100,29
2026-05-21 05:30:49,2026-05-21,4,羽毛球馆-2号,08:00-09:00,0,1,可预约,￥0.0,多云,15,13,3,0.0,100,28
2026-05-21 06:00:50,2026-05-21,4,羽毛球馆-2号,08:00-09:00,0,1,可预约,￥0.0,多云,15,13,4,0.0,99,28
2026-05-21 06:30:38,2026-05-21,4,羽毛球馆-2号,08:00-09:00,0,1,可预约,￥0.0,多云,15,13,3,0.0,97,28
2026-05-21 07:00:43,2026-05-21,4,羽毛球馆-2号,08:00-09:00,0,1,可预约,￥0.0,晴,15,11,5,0.0,93,28
2026-05-21 07:30:39,2026-05-21,4,羽毛球馆-2号,08:00-09:00,0,1,可预约,￥0.0,晴,17,13,4,0.0,89,29
2026-05-21 07:50:40,2026-05-21,4,羽毛球馆-2号,08:00-09:00,0,1,可预约,￥0.0,晴,17,13,4,0.0,88,29
2026-05-21 07:53:31,2026-05-21,4,羽毛球馆-2号,08:00-09:00,0,1,可预约,￥0.0,晴,17,12,5,0.0,86,29
2026-05-21 07:56:31,2026-05-21,4,羽毛球馆-2号,08:00-09:00,0,1,可预约,￥0.0,晴,17,12,5,0.0,86,29
2026-05-21 07:59:26,2026-05-21,4,羽毛球馆-2号,08:00-09:00,0,1,可预约,￥0.0,晴,17,12,5,0.0,86,29
2026-05-21 00:30:49,2026-05-21,4,羽毛球馆-2号,09:00-10:00,0,1,可预约,￥12.0,多云,15,13,3,0.0,100,26
2026-05-21 01:00:55,2026-05-21,4,羽毛球馆-2号,09:00-10:00,0,1,可预约,￥12.0,多云,15,12,4,0.0,100,26
2026-05-21 01:30:47,2026-05-21,4,羽毛球馆-2号,09:00-10:00,0,1,可预约,￥12.0,多云,15,13,4,0.0,100,28
2026-05-21 02:00:53,2026-05-21,4,羽毛球馆-2号,09:00-10:00,0,1,可预约,￥12.0,多云,15,12,4,0.0,100,28
2026-05-21 02:30:49,2026-05-21,4,羽毛球馆-2号,09:00-10:00,0,1,可预约,￥12.0,多云,15,14,3,0.0,100,29
2026-05-21 03:00:55,2026-05-21,4,羽毛球馆-2号,09:00-10:00,0,1,可预约,￥12.0,多云,15,12,4,0.0,100,29
2026-05-21 03:30:49,2026-05-21,4,羽毛球馆-2号,09:00-10:00,0,1,可预约,￥12.0,多云,15,14,3,0.0,100,30
2026-05-21 04:30:45,2026-05-21,4,羽毛球馆-2号,09:00-10:00,0,1,可预约,￥12.0,多云,15,12,4,0.0,100,29
2026-05-21 05:00:52,2026-05-21,4,羽毛球馆-2号,09:00-10:00,0,1,可预约,￥12.0,多云,15,12,4,0.0,100,29
2026-05-21 05:30:49,2026-05-21,4,羽毛球馆-2号,09:00-10:00,0,1,可预约,￥12.0,多云,15,13,3,0.0,100,28
2026-05-21 06:00:50,2026-05-21,4,羽毛球馆-2号,09:00-10:00,0,1,可预约,￥12.0,多云,15,13,4,0.0,99,28
2026-05-21 06:30:38,2026-05-21,4,羽毛球馆-2号,09:00-10:00,0,1,可预约,￥12.0,多云,15,13,3,0.0,97,28
2026-05-21 07:00:43,2026-05-21,4,羽毛球馆-2号,09:00-10:00,0,1,可预约,￥12.0,晴,15,11,5,0.0,93,28
2026-05-21 07:30:39,2026-05-21,4,羽毛球馆-2号,09:00-10:00,0,1,可预约,￥12.0,晴,17,13,4,0.0,89,29
2026-05-21 07:50:40,2026-05-21,4,羽毛球馆-2号,09:00-10:00,0,1,可预约,￥12.0,晴,17,13,4,0.0,88,29
2026-05-21 07:53:31,2026-05-21,4,羽毛球馆-2号,09:00-10:00,0,1,可预约,￥12.0,晴,17,12,5,0.0,86,29
2026-05-21 07:56:31,2026-05-21,4,羽毛球馆-2号,09:00-10:00,0,1,可预约,￥12.0,晴,17,12,5,0.0,86,29
2026-05-21 07:59:26,2026-05-21,4,羽毛球馆-2号,09:00-10:00,0,1,可预约,￥12.0,晴,17,12,5,0.0,86,29
2026-05-21 00:30:49,2026-05-21,4,羽毛球馆-2号,10:00-11:00,1,1,已售/已满,教学时间,多云,15,13,3,0.0,100,26
2026-05-21 01:00:55,2026-05-21,4,羽毛球馆-2号,10:00-11:00,1,1,已售/已满,教学时间,多云,15,12,4,0.0,100,26
2026-05-21 01:30:47,2026-05-21,4,羽毛球馆-2号,10:00-11:00,1,1,已售/已满,教学时间,多云,15,13,4,0.0,100,28
2026-05-21 02:00:53,2026-05-21,4,羽毛球馆-2号,10:00-11:00,1,1,已售/已满,教学时间,多云,15,12,4,0.0,100,28
2026-05-21 02:30:49,2026-05-21,4,羽毛球馆-2号,10:00-11:00,1,1,已售/已满,教学时间,多云,15,14,3,0.0,100,29
2026-05-21 03:00:55,2026-05-21,4,羽毛球馆-2号,10:00-11:00,1,1,已售/已满,教学时间,多云,15,12,4,0.0,100,29
2026-05-21 03:30:49,2026-05-21,4,羽毛球馆-2号,10:00-11:00,1,1,已售/已满,教学时间,多云,15,14,3,0.0,100,30
2026-05-21 04:30:45,2026-05-21,4,羽毛球馆-2号,10:00-11:00,1,1,已售/已满,教学时间,多云,15,12,4,0.0,100,29
2026-05-21 05:00:52,2026-05-21,4,羽毛球馆-2号,10:00-11:00,1,1,已售/已满,教学时间,多云,15,12,4,0.0,100,29
2026-05-21 05:30:49,2026-05-21,4,羽毛球馆-2号,10:00-11:00,1,1,已售/已满,教学时间,多云,15,13,3,0.0,100,28
2026-05-21 06:00:50,2026-05-21,4,羽毛球馆-2号,10:00-11:00,1,1,已售/已满,教学时间,多云,15,13,4,0.0,99,28
2026-05-21 06:30:38,2026-05-21,4,羽毛球馆-2号,10:00-11:00,1,1,已售/已满,教学时间,多云,15,13,3,0.0,97,28
2026-05-21 07:00:43,2026-05-21,4,羽毛球馆-2号,10:00-11:00,1,1,已售/已满,教学时间,晴,15,11,5,0.0,93,28
2026-05-21 07:30:39,2026-05-21,4,羽毛球馆-2号,10:00-11:00,1,1,已售/已满,教学时间,晴,17,13,4,0.0,89,29
2026-05-21 07:50:40,2026-05-21,4,羽毛球馆-2号,10:00-11:00,1,1,已售/已满,教学时间,晴,17,13,4,0.0,88,29
2026-05-21 07:53:31,2026-05-21,4,羽毛球馆-2号,10:00-11:00,1,1,已售/已满,教学时间,晴,17,12,5,0.0,86,29
2026-05-21 07:56:31,2026-05-21,4,羽毛球馆-2号,10:00-11:00,1,1,已售/已满,教学时间,晴,17,12,5,0.0,86,29
2026-05-21 07:59:26,2026-05-21,4,羽毛球馆-2号,10:00-11:00,1,1,已售/已满,教学时间,晴,17,12,5,0.0,86,29
2026-05-21 00:30:49,2026-05-21,4,羽毛球馆-2号,11:00-12:00,1,1,已售/已满,教学时间,多云,15,13,3,0.0,100,26
2026-05-21 01:00:55,2026-05-21,4,羽毛球馆-2号,11:00-12:00,1,1,已售/已满,教学时间,多云,15,12,4,0.0,100,26
2026-05-21 01:30:47,2026-05-21,4,羽毛球馆-2号,11:00-12:00,1,1,已售/已满,教学时间,多云,15,13,4,0.0,100,28
2026-05-21 02:00:53,2026-05-21,4,羽毛球馆-2号,11:00-12:00,1,1,已售/已满,教学时间,多云,15,12,4,0.0,100,28
2026-05-21 02:30:49,2026-05-21,4,羽毛球馆-2号,11:00-12:00,1,1,已售/已满,教学时间,多云,15,14,3,0.0,100,29
2026-05-21 03:00:55,2026-05-21,4,羽毛球馆-2号,11:00-12:00,1,1,已售/已满,教学时间,多云,15,12,4,0.0,100,29
2026-05-21 03:30:49,2026-05-21,4,羽毛球馆-2号,11:00-12:00,1,1,已售/已满,教学时间,多云,15,14,3,0.0,100,30
2026-05-21 04:30:45,2026-05-21,4,羽毛球馆-2号,11:00-12:00,1,1,已售/已满,教学时间,多云,15,12,4,0.0,100,29
2026-05-21 05:00:52,2026-05-21,4,羽毛球馆-2号,11:00-12:00,1,1,已售/已满,教学时间,多云,15,12,4,0.0,100,29
2026-05-21 05:30:49,2026-05-21,4,羽毛球馆-2号,11:00-12:00,1,1,已售/已满,教学时间,多云,15,13,3,0.0,100,28
2026-05-21 06:00:50,2026-05-21,4,羽毛球馆-2号,11:00-12:00,1,1,已售/已满,教学时间,多云,15,13,4,0.0,99,28
2026-05-21 06:30:38,2026-05-21,4,羽毛球馆-2号,11:00-12:00,1,1,已售/已满,教学时间,多云,15,13,3,0.0,97,28
2026-05-21 07:00:43,2026-05-21,4,羽毛球馆-2号,11:00-12:00,1,1,已售/已满,教学时间,晴,15,11,5,0.0,93,28
2026-05-21 07:30:39,2026-05-21,4,羽毛球馆-2号,11:00-12:00,1,1,已售/已满,教学时间,晴,17,13,4,0.0,89,29
2026-05-21 07:50:40,2026-05-21,4,羽毛球馆-2号,11:00-12:00,1,1,已售/已满,教学时间,晴,17,13,4,0.0,88,29
2026-05-21 07:53:31,2026-05-21,4,羽毛球馆-2号,11:00-12:00,1,1,已售/已满,教学时间,晴,17,12,5,0.0,86,29
2026-05-21 07:56:31,2026-05-21,4,羽毛球馆-2号,11:00-12:00,1,1,已售/已满,教学时间,晴,17,12,5,0.0,86,29
2026-05-21 07:59:26,2026-05-21,4,羽毛球馆-2号,11:00-12:00,1,1,已售/已满,教学时间,晴,17,12,5,0.0,86,29
2026-05-21 00:30:49,2026-05-21,4,羽毛球馆-2号,12:00-12:55,1,1,已售/已满,已售,多云,15,13,3,0.0,100,26
2026-05-21 01:00:55,2026-05-21,4,羽毛球馆-2号,12:00-12:55,1,1,已售/已满,已售,多云,15,12,4,0.0,100,26
2026-05-21 01:30:47,2026-05-21,4,羽毛球馆-2号,12:00-12:55,1,1,已售/已满,已售,多云,15,13,4,0.0,100,28
2026-05-21 02:00:53,2026-05-21,4,羽毛球馆-2号,12:00-12:55,1,1,已售/已满,已售,多云,15,12,4,0.0,100,28
2026-05-21 02:30:49,2026-05-21,4,羽毛球馆-2号,12:00-12:55,1,1,已售/已满,已售,多云,15,14,3,0.0,100,29
2026-05-21 03:00:55,2026-05-21,4,羽毛球馆-2号,12:00-12:55,1,1,已售/已满,已售,多云,15,12,4,0.0,100,29
2026-05-21 03:30:49,2026-05-21,4,羽毛球馆-2号,12:00-12:55,1,1,已售/已满,已售,多云,15,14,3,0.0,100,30
2026-05-21 04:30:45,2026-05-21,4,羽毛球馆-2号,12:00-12:55,1,1,已售/已满,已售,多云,15,12,4,0.0,100,29
2026-05-21 05:00:52,2026-05-21,4,羽毛球馆-2号,12:00-12:55,1,1,已售/已满,已售,多云,15,12,4,0.0,100,29
2026-05-21 05:30:49,2026-05-21,4,羽毛球馆-2号,12:00-12:55,1,1,已售/已满,已售,多云,15,13,3,0.0,100,28
2026-05-21 06:00:50,2026-05-21,4,羽毛球馆-2号,12:00-12:55,1,1,已售/已满,已售,多云,15,13,4,0.0,99,28
2026-05-21 06:30:38,2026-05-21,4,羽毛球馆-2号,12:00-12:55,1,1,已售/已满,已售,多云,15,13,3,0.0,97,28
2026-05-21 07:00:43,2026-05-21,4,羽毛球馆-2号,12:00-12:55,1,1,已售/已满,已售,晴,15,11,5,0.0,93,28
2026-05-21 07:30:39,2026-05-21,4,羽毛球馆-2号,12:00-12:55,1,1,已售/已满,已售,晴,17,13,4,0.0,89,29
2026-05-21 07:50:40,2026-05-21,4,羽毛球馆-2号,12:00-12:55,1,1,已售/已满,已售,晴,17,13,4,0.0,88,29
2026-05-21 07:53:31,2026-05-21,4,羽毛球馆-2号,12:00-12:55,1,1,已售/已满,已售,晴,17,12,5,0.0,86,29
2026-05-21 07:56:31,2026-05-21,4,羽毛球馆-2号,12:00-12:55,1,1,已售/已满,已售,晴,17,12,5,0.0,86,29
2026-05-21 07:59:26,2026-05-21,4,羽毛球馆-2号,12:00-12:55,1,1,已售/已满,已售,晴,17,12,5,0.0,86,29
2026-05-21 00:30:49,2026-05-21,4,羽毛球馆-2号,12:55-13:50,1,1,已售/已满,已售,多云,15,13,3,0.0,100,26
2026-05-21 01:00:55,2026-05-21,4,羽毛球馆-2号,12:55-13:50,1,1,已售/已满,已售,多云,15,12,4,0.0,100,26
2026-05-21 01:30:47,2026-05-21,4,羽毛球馆-2号,12:55-13:50,1,1,已售/已满,已售,多云,15,13,4,0.0,100,28
2026-05-21 02:00:53,2026-05-21,4,羽毛球馆-2号,12:55-13:50,1,1,已售/已满,已售,多云,15,12,4,0.0,100,28
2026-05-21 02:30:49,2026-05-21,4,羽毛球馆-2号,12:55-13:50,1,1,已售/已满,已售,多云,15,14,3,0.0,100,29
2026-05-21 03:00:55,2026-05-21,4,羽毛球馆-2号,12:55-13:50,1,1,已售/已满,已售,多云,15,12,4,0.0,100,29
2026-05-21 03:30:49,2026-05-21,4,羽毛球馆-2号,12:55-13:50,1,1,已售/已满,已售,多云,15,14,3,0.0,100,30
2026-05-21 04:30:45,2026-05-21,4,羽毛球馆-2号,12:55-13:50,1,1,已售/已满,已售,多云,15,12,4,0.0,100,29
2026-05-21 05:00:52,2026-05-21,4,羽毛球馆-2号,12:55-13:50,1,1,已售/已满,已售,多云,15,12,4,0.0,100,29
2026-05-21 05:30:49,2026-05-21,4,羽毛球馆-2号,12:55-13:50,1,1,已售/已满,已售,多云,15,13,3,0.0,100,28
2026-05-21 06:00:50,2026-05-21,4,羽毛球馆-2号,12:55-13:50,1,1,已售/已满,已售,多云,15,13,4,0.0,99,28
2026-05-21 06:30:38,2026-05-21,4,羽毛球馆-2号,12:55-13:50,1,1,已售/已满,已售,多云,15,13,3,0.0,97,28
2026-05-21 07:00:43,2026-05-21,4,羽毛球馆-2号,12:55-13:50,1,1,已售/已满,已售,晴,15,11,5,0.0,93,28
2026-05-21 07:30:39,2026-05-21,4,羽毛球馆-2号,12:55-13:50,1,1,已售/已满,已售,晴,17,13,4,0.0,89,29
2026-05-21 07:50:40,2026-05-21,4,羽毛球馆-2号,12:55-13:50,1,1,已售/已满,已售,晴,17,13,4,0.0,88,29
2026-05-21 07:53:31,2026-05-21,4,羽毛球馆-2号,12:55-13:50,1,1,已售/已满,已售,晴,17,12,5,0.0,86,29
2026-05-21 07:56:31,2026-05-21,4,羽毛球馆-2号,12:55-13:50,1,1,已售/已满,已售,晴,17,12,5,0.0,86,29
2026-05-21 07:59:26,2026-05-21,4,羽毛球馆-2号,12:55-13:50,1,1,已售/已满,已售,晴,17,12,5,0.0,86,29
2026-05-21 00:30:49,2026-05-21,4,羽毛球馆-2号,14:00-15:00,0,1,可预约,￥12.0,多云,15,13,3,0.0,100,26
2026-05-21 01:00:55,2026-05-21,4,羽毛球馆-2号,14:00-15:00,0,1,可预约,￥12.0,多云,15,12,4,0.0,100,26
2026-05-21 01:30:47,2026-05-21,4,羽毛球馆-2号,14:00-15:00,0,1,可预约,￥12.0,多云,15,13,4,0.0,100,28
2026-05-21 02:00:53,2026-05-21,4,羽毛球馆-2号,14:00-15:00,0,1,可预约,￥12.0,多云,15,12,4,0.0,100,28
2026-05-21 02:30:49,2026-05-21,4,羽毛球馆-2号,14:00-15:00,0,1,可预约,￥12.0,多云,15,14,3,0.0,100,29
2026-05-21 03:00:55,2026-05-21,4,羽毛球馆-2号,14:00-15:00,0,1,可预约,￥12.0,多云,15,12,4,0.0,100,29
2026-05-21 03:30:49,2026-05-21,4,羽毛球馆-2号,14:00-15:00,0,1,可预约,￥12.0,多云,15,14,3,0.0,100,30
2026-05-21 04:30:45,2026-05-21,4,羽毛球馆-2号,14:00-15:00,0,1,可预约,￥12.0,多云,15,12,4,0.0,100,29
2026-05-21 05:00:52,2026-05-21,4,羽毛球馆-2号,14:00-15:00,0,1,可预约,￥12.0,多云,15,12,4,0.0,100,29
2026-05-21 05:30:49,2026-05-21,4,羽毛球馆-2号,14:00-15:00,0,1,可预约,￥12.0,多云,15,13,3,0.0,100,28
2026-05-21 06:00:50,2026-05-21,4,羽毛球馆-2号,14:00-15:00,0,1,可预约,￥12.0,多云,15,13,4,0.0,99,28
2026-05-21 06:30:38,2026-05-21,4,羽毛球馆-2号,14:00-15:00,0,1,可预约,￥12.0,多云,15,13,3,0.0,97,28
2026-05-21 07:00:43,2026-05-21,4,羽毛球馆-2号,14:00-15:00,0,1,可预约,￥12.0,晴,15,11,5,0.0,93,28
2026-05-21 07:30:39,2026-05-21,4,羽毛球馆-2号,14:00-15:00,0,1,可预约,￥12.0,晴,17,13,4,0.0,89,29
2026-05-21 07:50:40,2026-05-21,4,羽毛球馆-2号,14:00-15:00,0,1,可预约,￥12.0,晴,17,13,4,0.0,88,29
2026-05-21 07:53:31,2026-05-21,4,羽毛球馆-2号,14:00-15:00,0,1,可预约,￥12.0,晴,17,12,5,0.0,86,29
2026-05-21 07:56:31,2026-05-21,4,羽毛球馆-2号,14:00-15:00,0,1,可预约,￥12.0,晴,17,12,5,0.0,86,29
2026-05-21 07:59:26,2026-05-21,4,羽毛球馆-2号,14:00-15:00,0,1,可预约,￥12.0,晴,17,12,5,0.0,86,29
2026-05-21 00:30:49,2026-05-21,4,羽毛球馆-2号,15:00-16:00,0,1,可预约,￥12.0,多云,15,13,3,0.0,100,26
2026-05-21 01:00:55,2026-05-21,4,羽毛球馆-2号,15:00-16:00,0,1,可预约,￥12.0,多云,15,12,4,0.0,100,26
2026-05-21 01:30:47,2026-05-21,4,羽毛球馆-2号,15:00-16:00,0,1,可预约,￥12.0,多云,15,13,4,0.0,100,28
2026-05-21 02:00:53,2026-05-21,4,羽毛球馆-2号,15:00-16:00,0,1,可预约,￥12.0,多云,15,12,4,0.0,100,28
2026-05-21 02:30:49,2026-05-21,4,羽毛球馆-2号,15:00-16:00,0,1,可预约,￥12.0,多云,15,14,3,0.0,100,29
2026-05-21 03:00:55,2026-05-21,4,羽毛球馆-2号,15:00-16:00,0,1,可预约,￥12.0,多云,15,12,4,0.0,100,29
2026-05-21 03:30:49,2026-05-21,4,羽毛球馆-2号,15:00-16:00,0,1,可预约,￥12.0,多云,15,14,3,0.0,100,30
2026-05-21 04:30:45,2026-05-21,4,羽毛球馆-2号,15:00-16:00,0,1,可预约,￥12.0,多云,15,12,4,0.0,100,29
2026-05-21 05:00:52,2026-05-21,4,羽毛球馆-2号,15:00-16:00,0,1,可预约,￥12.0,多云,15,12,4,0.0,100,29
2026-05-21 05:30:49,2026-05-21,4,羽毛球馆-2号,15:00-16:00,0,1,可预约,￥12.0,多云,15,13,3,0.0,100,28
2026-05-21 06:00:50,2026-05-21,4,羽毛球馆-2号,15:00-16:00,0,1,可预约,￥12.0,多云,15,13,4,0.0,99,28
2026-05-21 06:30:38,2026-05-21,4,羽毛球馆-2号,15:00-16:00,0,1,可预约,￥12.0,多云,15,13,3,0.0,97,28
2026-05-21 07:00:43,2026-05-21,4,羽毛球馆-2号,15:00-16:00,0,1,可预约,￥12.0,晴,15,11,5,0.0,93,28
2026-05-21 07:30:39,2026-05-21,4,羽毛球馆-2号,15:00-16:00,0,1,可预约,￥12.0,晴,17,13,4,0.0,89,29
2026-05-21 07:50:40,2026-05-21,4,羽毛球馆-2号,15:00-16:00,0,1,可预约,￥12.0,晴,17,13,4,0.0,88,29
2026-05-21 07:53:31,2026-05-21,4,羽毛球馆-2号,15:00-16:00,0,1,可预约,￥12.0,晴,17,12,5,0.0,86,29
2026-05-21 07:56:31,2026-05-21,4,羽毛球馆-2号,15:00-16:00,0,1,可预约,￥12.0,晴,17,12,5,0.0,86,29
2026-05-21 07:59:26,2026-05-21,4,羽毛球馆-2号,15:00-16:00,0,1,可预约,￥12.0,晴,17,12,5,0.0,86,29
2026-05-21 00:30:49,2026-05-21,4,羽毛球馆-2号,16:00-17:00,1,1,已售/已满,已售,多云,15,13,3,0.0,100,26
2026-05-21 01:00:55,2026-05-21,4,羽毛球馆-2号,16:00-17:00,0,1,可预约,￥12.0,多云,15,12,4,0.0,100,26
2026-05-21 01:30:47,2026-05-21,4,羽毛球馆-2号,16:00-17:00,0,1,可预约,￥12.0,多云,15,13,4,0.0,100,28
2026-05-21 02:00:53,2026-05-21,4,羽毛球馆-2号,16:00-17:00,0,1,可预约,￥12.0,多云,15,12,4,0.0,100,28
2026-05-21 02:30:49,2026-05-21,4,羽毛球馆-2号,16:00-17:00,0,1,可预约,￥12.0,多云,15,14,3,0.0,100,29
2026-05-21 03:00:55,2026-05-21,4,羽毛球馆-2号,16:00-17:00,0,1,可预约,￥12.0,多云,15,12,4,0.0,100,29
2026-05-21 03:30:49,2026-05-21,4,羽毛球馆-2号,16:00-17:00,0,1,可预约,￥12.0,多云,15,14,3,0.0,100,30
2026-05-21 04:30:45,2026-05-21,4,羽毛球馆-2号,16:00-17:00,0,1,可预约,￥12.0,多云,15,12,4,0.0,100,29
2026-05-21 05:00:52,2026-05-21,4,羽毛球馆-2号,16:00-17:00,0,1,可预约,￥12.0,多云,15,12,4,0.0,100,29
2026-05-21 05:30:49,2026-05-21,4,羽毛球馆-2号,16:00-17:00,0,1,可预约,￥12.0,多云,15,13,3,0.0,100,28
2026-05-21 06:00:50,2026-05-21,4,羽毛球馆-2号,16:00-17:00,0,1,可预约,￥12.0,多云,15,13,4,0.0,99,28
2026-05-21 06:30:38,2026-05-21,4,羽毛球馆-2号,16:00-17:00,0,1,可预约,￥12.0,多云,15,13,3,0.0,97,28
2026-05-21 07:00:43,2026-05-21,4,羽毛球馆-2号,16:00-17:00,0,1,可预约,￥12.0,晴,15,11,5,0.0,93,28
2026-05-21 07:30:39,2026-05-21,4,羽毛球馆-2号,16:00-17:00,0,1,可预约,￥12.0,晴,17,13,4,0.0,89,29
2026-05-21 07:50:40,2026-05-21,4,羽毛球馆-2号,16:00-17:00,0,1,可预约,￥12.0,晴,17,13,4,0.0,88,29
2026-05-21 07:53:31,2026-05-21,4,羽毛球馆-2号,16:00-17:00,0,1,可预约,￥12.0,晴,17,12,5,0.0,86,29
2026-05-21 07:56:31,2026-05-21,4,羽毛球馆-2号,16:00-17:00,0,1,可预约,￥12.0,晴,17,12,5,0.0,86,29
2026-05-21 07:59:26,2026-05-21,4,羽毛球馆-2号,16:00-17:00,0,1,可预约,￥12.0,晴,17,12,5,0.0,86,29
2026-05-21 00:30:49,2026-05-21,4,羽毛球馆-2号,17:00-18:00,1,1,已售/已满,已售,多云,15,13,3,0.0,100,26
2026-05-21 01:00:55,2026-05-21,4,羽毛球馆-2号,17:00-18:00,1,1,已售/已满,已售,多云,15,12,4,0.0,100,26
2026-05-21 01:30:47,2026-05-21,4,羽毛球馆-2号,17:00-18:00,1,1,已售/已满,已售,多云,15,13,4,0.0,100,28
2026-05-21 02:00:53,2026-05-21,4,羽毛球馆-2号,17:00-18:00,1,1,已售/已满,已售,多云,15,12,4,0.0,100,28
2026-05-21 02:30:49,2026-05-21,4,羽毛球馆-2号,17:00-18:00,1,1,已售/已满,已售,多云,15,14,3,0.0,100,29
2026-05-21 03:00:55,2026-05-21,4,羽毛球馆-2号,17:00-18:00,1,1,已售/已满,已售,多云,15,12,4,0.0,100,29
2026-05-21 03:30:49,2026-05-21,4,羽毛球馆-2号,17:00-18:00,1,1,已售/已满,已售,多云,15,14,3,0.0,100,30
2026-05-21 04:30:45,2026-05-21,4,羽毛球馆-2号,17:00-18:00,1,1,已售/已满,已售,多云,15,12,4,0.0,100,29
2026-05-21 05:00:52,2026-05-21,4,羽毛球馆-2号,17:00-18:00,1,1,已售/已满,已售,多云,15,12,4,0.0,100,29
2026-05-21 05:30:49,2026-05-21,4,羽毛球馆-2号,17:00-18:00,1,1,已售/已满,已售,多云,15,13,3,0.0,100,28
2026-05-21 06:00:50,2026-05-21,4,羽毛球馆-2号,17:00-18:00,1,1,已售/已满,已售,多云,15,13,4,0.0,99,28
2026-05-21 06:30:38,2026-05-21,4,羽毛球馆-2号,17:00-18:00,1,1,已售/已满,已售,多云,15,13,3,0.0,97,28
2026-05-21 07:00:43,2026-05-21,4,羽毛球馆-2号,17:00-18:00,1,1,已售/已满,已售,晴,15,11,5,0.0,93,28
2026-05-21 07:30:39,2026-05-21,4,羽毛球馆-2号,17:00-18:00,1,1,已售/已满,已售,晴,17,13,4,0.0,89,29
2026-05-21 07:50:40,2026-05-21,4,羽毛球馆-2号,17:00-18:00,1,1,已售/已满,已售,晴,17,13,4,0.0,88,29
2026-05-21 07:53:31,2026-05-21,4,羽毛球馆-2号,17:00-18:00,1,1,已售/已满,已售,晴,17,12,5,0.0,86,29
2026-05-21 07:56:31,2026-05-21,4,羽毛球馆-2号,17:00-18:00,1,1,已售/已满,已售,晴,17,12,5,0.0,86,29
2026-05-21 07:59:26,2026-05-21,4,羽毛球馆-2号,17:00-18:00,1,1,已售/已满,已售,晴,17,12,5,0.0,86,29
2026-05-21 00:30:49,2026-05-21,4,羽毛球馆-2号,18:30-19:30,1,1,已售/已满,已售,多云,15,13,3,0.0,100,26
2026-05-21 01:00:55,2026-05-21,4,羽毛球馆-2号,18:30-19:30,1,1,已售/已满,已售,多云,15,12,4,0.0,100,26
2026-05-21 01:30:47,2026-05-21,4,羽毛球馆-2号,18:30-19:30,1,1,已售/已满,已售,多云,15,13,4,0.0,100,28
2026-05-21 02:00:53,2026-05-21,4,羽毛球馆-2号,18:30-19:30,1,1,已售/已满,已售,多云,15,12,4,0.0,100,28
2026-05-21 02:30:49,2026-05-21,4,羽毛球馆-2号,18:30-19:30,1,1,已售/已满,已售,多云,15,14,3,0.0,100,29
2026-05-21 03:00:55,2026-05-21,4,羽毛球馆-2号,18:30-19:30,1,1,已售/已满,已售,多云,15,12,4,0.0,100,29
2026-05-21 03:30:49,2026-05-21,4,羽毛球馆-2号,18:30-19:30,1,1,已售/已满,已售,多云,15,14,3,0.0,100,30
2026-05-21 04:30:45,2026-05-21,4,羽毛球馆-2号,18:30-19:30,1,1,已售/已满,已售,多云,15,12,4,0.0,100,29
2026-05-21 05:00:52,2026-05-21,4,羽毛球馆-2号,18:30-19:30,1,1,已售/已满,已售,多云,15,12,4,0.0,100,29
2026-05-21 05:30:49,2026-05-21,4,羽毛球馆-2号,18:30-19:30,1,1,已售/已满,已售,多云,15,13,3,0.0,100,28
2026-05-21 06:00:50,2026-05-21,4,羽毛球馆-2号,18:30-19:30,1,1,已售/已满,已售,多云,15,13,4,0.0,99,28
2026-05-21 06:30:38,2026-05-21,4,羽毛球馆-2号,18:30-19:30,1,1,已售/已满,已售,多云,15,13,3,0.0,97,28
2026-05-21 07:00:43,2026-05-21,4,羽毛球馆-2号,18:30-19:30,1,1,已售/已满,已售,晴,15,11,5,0.0,93,28
2026-05-21 07:30:39,2026-05-21,4,羽毛球馆-2号,18:30-19:30,1,1,已售/已满,已售,晴,17,13,4,0.0,89,29
2026-05-21 07:50:40,2026-05-21,4,羽毛球馆-2号,18:30-19:30,1,1,已售/已满,已售,晴,17,13,4,0.0,88,29
2026-05-21 07:53:31,2026-05-21,4,羽毛球馆-2号,18:30-19:30,1,1,已售/已满,已售,晴,17,12,5,0.0,86,29
2026-05-21 07:56:31,2026-05-21,4,羽毛球馆-2号,18:30-19:30,1,1,已售/已满,已售,晴,17,12,5,0.0,86,29
2026-05-21 07:59:26,2026-05-21,4,羽毛球馆-2号,18:30-19:30,1,1,已售/已满,已售,晴,17,12,5,0.0,86,29
2026-05-21 00:30:49,2026-05-21,4,羽毛球馆-2号,19:30-20:30,1,1,已售/已满,已售,多云,15,13,3,0.0,100,26
2026-05-21 01:00:55,2026-05-21,4,羽毛球馆-2号,19:30-20:30,1,1,已售/已满,已售,多云,15,12,4,0.0,100,26
2026-05-21 01:30:47,2026-05-21,4,羽毛球馆-2号,19:30-20:30,1,1,已售/已满,已售,多云,15,13,4,0.0,100,28
2026-05-21 02:00:53,2026-05-21,4,羽毛球馆-2号,19:30-20:30,1,1,已售/已满,已售,多云,15,12,4,0.0,100,28
2026-05-21 02:30:49,2026-05-21,4,羽毛球馆-2号,19:30-20:30,1,1,已售/已满,已售,多云,15,14,3,0.0,100,29
2026-05-21 03:00:55,2026-05-21,4,羽毛球馆-2号,19:30-20:30,1,1,已售/已满,已售,多云,15,12,4,0.0,100,29
2026-05-21 03:30:49,2026-05-21,4,羽毛球馆-2号,19:30-20:30,1,1,已售/已满,已售,多云,15,14,3,0.0,100,30
2026-05-21 04:30:45,2026-05-21,4,羽毛球馆-2号,19:30-20:30,1,1,已售/已满,已售,多云,15,12,4,0.0,100,29
2026-05-21 05:00:52,2026-05-21,4,羽毛球馆-2号,19:30-20:30,1,1,已售/已满,已售,多云,15,12,4,0.0,100,29
2026-05-21 05:30:49,2026-05-21,4,羽毛球馆-2号,19:30-20:30,1,1,已售/已满,已售,多云,15,13,3,0.0,100,28
2026-05-21 06:00:50,2026-05-21,4,羽毛球馆-2号,19:30-20:30,1,1,已售/已满,已售,多云,15,13,4,0.0,99,28
2026-05-21 06:30:38,2026-05-21,4,羽毛球馆-2号,19:30-20:30,1,1,已售/已满,已售,多云,15,13,3,0.0,97,28
2026-05-21 07:00:43,2026-05-21,4,羽毛球馆-2号,19:30-20:30,1,1,已售/已满,已售,晴,15,11,5,0.0,93,28
2026-05-21 07:30:39,2026-05-21,4,羽毛球馆-2号,19:30-20:30,1,1,已售/已满,已售,晴,17,13,4,0.0,89,29
2026-05-21 07:50:40,2026-05-21,4,羽毛球馆-2号,19:30-20:30,1,1,已售/已满,已售,晴,17,13,4,0.0,88,29
2026-05-21 07:53:31,2026-05-21,4,羽毛球馆-2号,19:30-20:30,1,1,已售/已满,已售,晴,17,12,5,0.0,86,29
2026-05-21 07:56:31,2026-05-21,4,羽毛球馆-2号,19:30-20:30,1,1,已售/已满,已售,晴,17,12,5,0.0,86,29
2026-05-21 07:59:26,2026-05-21,4,羽毛球馆-2号,19:30-20:30,1,1,已售/已满,已售,晴,17,12,5,0.0,86,29
2026-05-21 00:30:49,2026-05-21,4,羽毛球馆-2号,20:30-21:30,1,1,已售/已满,已售,多云,15,13,3,0.0,100,26
2026-05-21 01:00:55,2026-05-21,4,羽毛球馆-2号,20:30-21:30,1,1,已售/已满,已售,多云,15,12,4,0.0,100,26
2026-05-21 01:30:47,2026-05-21,4,羽毛球馆-2号,20:30-21:30,1,1,已售/已满,已售,多云,15,13,4,0.0,100,28
2026-05-21 02:00:53,2026-05-21,4,羽毛球馆-2号,20:30-21:30,1,1,已售/已满,已售,多云,15,12,4,0.0,100,28
2026-05-21 02:30:49,2026-05-21,4,羽毛球馆-2号,20:30-21:30,1,1,已售/已满,已售,多云,15,14,3,0.0,100,29
2026-05-21 03:00:55,2026-05-21,4,羽毛球馆-2号,20:30-21:30,1,1,已售/已满,已售,多云,15,12,4,0.0,100,29
2026-05-21 03:30:49,2026-05-21,4,羽毛球馆-2号,20:30-21:30,1,1,已售/已满,已售,多云,15,14,3,0.0,100,30
2026-05-21 04:30:45,2026-05-21,4,羽毛球馆-2号,20:30-21:30,1,1,已售/已满,已售,多云,15,12,4,0.0,100,29
2026-05-21 05:00:52,2026-05-21,4,羽毛球馆-2号,20:30-21:30,1,1,已售/已满,已售,多云,15,12,4,0.0,100,29
2026-05-21 05:30:49,2026-05-21,4,羽毛球馆-2号,20:30-21:30,1,1,已售/已满,已售,多云,15,13,3,0.0,100,28
2026-05-21 06:00:50,2026-05-21,4,羽毛球馆-2号,20:30-21:30,1,1,已售/已满,已售,多云,15,13,4,0.0,99,28
2026-05-21 06:30:38,2026-05-21,4,羽毛球馆-2号,20:30-21:30,1,1,已售/已满,已售,多云,15,13,3,0.0,97,28
2026-05-21 07:00:43,2026-05-21,4,羽毛球馆-2号,20:30-21:30,1,1,已售/已满,已售,晴,15,11,5,0.0,93,28
2026-05-21 07:30:39,2026-05-21,4,羽毛球馆-2号,20:30-21:30,1,1,已售/已满,已售,晴,17,13,4,0.0,89,29
2026-05-21 07:50:40,2026-05-21,4,羽毛球馆-2号,20:30-21:30,1,1,已售/已满,已售,晴,17,13,4,0.0,88,29
2026-05-21 07:53:31,2026-05-21,4,羽毛球馆-2号,20:30-21:30,1,1,已售/已满,已售,晴,17,12,5,0.0,86,29
2026-05-21 07:56:31,2026-05-21,4,羽毛球馆-2号,20:30-21:30,1,1,已售/已满,已售,晴,17,12,5,0.0,86,29
2026-05-21 07:59:26,2026-05-21,4,羽毛球馆-2号,20:30-21:30,1,1,已售/已满,已售,晴,17,12,5,0.0,86,29
2026-05-21 00:30:49,2026-05-21,4,羽毛球馆-3号,07:00-08:00,0,1,可预约,￥0.0,多云,15,13,3,0.0,100,26
2026-05-21 01:00:55,2026-05-21,4,羽毛球馆-3号,07:00-08:00,0,1,可预约,￥0.0,多云,15,12,4,0.0,100,26
2026-05-21 01:30:47,2026-05-21,4,羽毛球馆-3号,07:00-08:00,0,1,可预约,￥0.0,多云,15,13,4,0.0,100,28
2026-05-21 02:00:53,2026-05-21,4,羽毛球馆-3号,07:00-08:00,0,1,可预约,￥0.0,多云,15,12,4,0.0,100,28
2026-05-21 02:30:49,2026-05-21,4,羽毛球馆-3号,07:00-08:00,0,1,可预约,￥0.0,多云,15,14,3,0.0,100,29
2026-05-21 03:00:55,2026-05-21,4,羽毛球馆-3号,07:00-08:00,0,1,可预约,￥0.0,多云,15,12,4,0.0,100,29
2026-05-21 03:30:49,2026-05-21,4,羽毛球馆-3号,07:00-08:00,0,1,可预约,￥0.0,多云,15,14,3,0.0,100,30
2026-05-21 04:30:45,2026-05-21,4,羽毛球馆-3号,07:00-08:00,0,1,可预约,￥0.0,多云,15,12,4,0.0,100,29
2026-05-21 05:00:52,2026-05-21,4,羽毛球馆-3号,07:00-08:00,0,1,可预约,￥0.0,多云,15,12,4,0.0,100,29
2026-05-21 05:30:49,2026-05-21,4,羽毛球馆-3号,07:00-08:00,0,1,可预约,￥0.0,多云,15,13,3,0.0,100,28
2026-05-21 06:00:50,2026-05-21,4,羽毛球馆-3号,07:00-08:00,0,1,可预约,￥0.0,多云,15,13,4,0.0,99,28
2026-05-21 06:30:38,2026-05-21,4,羽毛球馆-3号,07:00-08:00,0,1,可预约,￥0.0,多云,15,13,3,0.0,97,28
2026-05-21 07:00:43,2026-05-21,4,羽毛球馆-3号,07:00-08:00,0,1,可预约,￥0.0,晴,15,11,5,0.0,93,28
2026-05-21 07:30:39,2026-05-21,4,羽毛球馆-3号,07:00-08:00,0,1,可预约,￥0.0,晴,17,13,4,0.0,89,29
2026-05-21 07:50:40,2026-05-21,4,羽毛球馆-3号,07:00-08:00,0,1,可预约,￥0.0,晴,17,13,4,0.0,88,29
2026-05-21 07:53:31,2026-05-21,4,羽毛球馆-3号,07:00-08:00,0,1,可预约,￥0.0,晴,17,12,5,0.0,86,29
2026-05-21 07:56:31,2026-05-21,4,羽毛球馆-3号,07:00-08:00,0,1,可预约,￥0.0,晴,17,12,5,0.0,86,29
2026-05-21 07:59:26,2026-05-21,4,羽毛球馆-3号,07:00-08:00,0,1,可预约,￥0.0,晴,17,12,5,0.0,86,29
2026-05-21 00:30:49,2026-05-21,4,羽毛球馆-3号,08:00-09:00,1,1,已售/已满,已售,多云,15,13,3,0.0,100,26
2026-05-21 01:00:55,2026-05-21,4,羽毛球馆-3号,08:00-09:00,1,1,已售/已满,已售,多云,15,12,4,0.0,100,26
2026-05-21 01:30:47,2026-05-21,4,羽毛球馆-3号,08:00-09:00,1,1,已售/已满,已售,多云,15,13,4,0.0,100,28
2026-05-21 02:00:53,2026-05-21,4,羽毛球馆-3号,08:00-09:00,1,1,已售/已满,已售,多云,15,12,4,0.0,100,28
2026-05-21 02:30:49,2026-05-21,4,羽毛球馆-3号,08:00-09:00,1,1,已售/已满,已售,多云,15,14,3,0.0,100,29
2026-05-21 03:00:55,2026-05-21,4,羽毛球馆-3号,08:00-09:00,1,1,已售/已满,已售,多云,15,12,4,0.0,100,29
2026-05-21 03:30:49,2026-05-21,4,羽毛球馆-3号,08:00-09:00,1,1,已售/已满,已售,多云,15,14,3,0.0,100,30
2026-05-21 04:30:45,2026-05-21,4,羽毛球馆-3号,08:00-09:00,1,1,已售/已满,已售,多云,15,12,4,0.0,100,29
2026-05-21 05:00:52,2026-05-21,4,羽毛球馆-3号,08:00-09:00,1,1,已售/已满,已售,多云,15,12,4,0.0,100,29
2026-05-21 05:30:49,2026-05-21,4,羽毛球馆-3号,08:00-09:00,1,1,已售/已满,已售,多云,15,13,3,0.0,100,28
2026-05-21 06:00:50,2026-05-21,4,羽毛球馆-3号,08:00-09:00,1,1,已售/已满,已售,多云,15,13,4,0.0,99,28
2026-05-21 06:30:38,2026-05-21,4,羽毛球馆-3号,08:00-09:00,1,1,已售/已满,已售,多云,15,13,3,0.0,97,28
2026-05-21 07:00:43,2026-05-21,4,羽毛球馆-3号,08:00-09:00,1,1,已售/已满,已售,晴,15,11,5,0.0,93,28
2026-05-21 07:30:39,2026-05-21,4,羽毛球馆-3号,08:00-09:00,1,1,已售/已满,已售,晴,17,13,4,0.0,89,29
2026-05-21 07:50:40,2026-05-21,4,羽毛球馆-3号,08:00-09:00,1,1,已售/已满,已售,晴,17,13,4,0.0,88,29
2026-05-21 07:53:31,2026-05-21,4,羽毛球馆-3号,08:00-09:00,1,1,已售/已满,已售,晴,17,12,5,0.0,86,29
2026-05-21 07:56:31,2026-05-21,4,羽毛球馆-3号,08:00-09:00,1,1,已售/已满,已售,晴,17,12,5,0.0,86,29
2026-05-21 07:59:26,2026-05-21,4,羽毛球馆-3号,08:00-09:00,1,1,已售/已满,已售,晴,17,12,5,0.0,86,29
2026-05-21 00:30:49,2026-05-21,4,羽毛球馆-3号,09:00-10:00,0,1,可预约,￥12.0,多云,15,13,3,0.0,100,26
2026-05-21 01:00:55,2026-05-21,4,羽毛球馆-3号,09:00-10:00,0,1,可预约,￥12.0,多云,15,12,4,0.0,100,26
2026-05-21 01:30:47,2026-05-21,4,羽毛球馆-3号,09:00-10:00,0,1,可预约,￥12.0,多云,15,13,4,0.0,100,28
2026-05-21 02:00:53,2026-05-21,4,羽毛球馆-3号,09:00-10:00,0,1,可预约,￥12.0,多云,15,12,4,0.0,100,28
2026-05-21 02:30:49,2026-05-21,4,羽毛球馆-3号,09:00-10:00,0,1,可预约,￥12.0,多云,15,14,3,0.0,100,29
2026-05-21 03:00:55,2026-05-21,4,羽毛球馆-3号,09:00-10:00,0,1,可预约,￥12.0,多云,15,12,4,0.0,100,29
2026-05-21 03:30:49,2026-05-21,4,羽毛球馆-3号,09:00-10:00,0,1,可预约,￥12.0,多云,15,14,3,0.0,100,30
2026-05-21 04:30:45,2026-05-21,4,羽毛球馆-3号,09:00-10:00,0,1,可预约,￥12.0,多云,15,12,4,0.0,100,29
2026-05-21 05:00:52,2026-05-21,4,羽毛球馆-3号,09:00-10:00,0,1,可预约,￥12.0,多云,15,12,4,0.0,100,29
2026-05-21 05:30:49,2026-05-21,4,羽毛球馆-3号,09:00-10:00,0,1,可预约,￥12.0,多云,15,13,3,0.0,100,28
2026-05-21 06:00:50,2026-05-21,4,羽毛球馆-3号,09:00-10:00,0,1,可预约,￥12.0,多云,15,13,4,0.0,99,28
2026-05-21 06:30:38,2026-05-21,4,羽毛球馆-3号,09:00-10:00,0,1,可预约,￥12.0,多云,15,13,3,0.0,97,28
2026-05-21 07:00:43,2026-05-21,4,羽毛球馆-3号,09:00-10:00,0,1,可预约,￥12.0,晴,15,11,5,0.0,93,28
2026-05-21 07:30:39,2026-05-21,4,羽毛球馆-3号,09:00-10:00,0,1,可预约,￥12.0,晴,17,13,4,0.0,89,29
2026-05-21 07:50:40,2026-05-21,4,羽毛球馆-3号,09:00-10:00,0,1,可预约,￥12.0,晴,17,13,4,0.0,88,29
2026-05-21 07:53:31,2026-05-21,4,羽毛球馆-3号,09:00-10:00,0,1,可预约,￥12.0,晴,17,12,5,0.0,86,29
2026-05-21 07:56:31,2026-05-21,4,羽毛球馆-3号,09:00-10:00,0,1,可预约,￥12.0,晴,17,12,5,0.0,86,29
2026-05-21 07:59:26,2026-05-21,4,羽毛球馆-3号,09:00-10:00,0,1,可预约,￥12.0,晴,17,12,5,0.0,86,29
2026-05-21 00:30:49,2026-05-21,4,羽毛球馆-3号,10:00-11:00,1,1,已售/已满,教学时间,多云,15,13,3,0.0,100,26
2026-05-21 01:00:55,2026-05-21,4,羽毛球馆-3号,10:00-11:00,1,1,已售/已满,教学时间,多云,15,12,4,0.0,100,26
2026-05-21 01:30:47,2026-05-21,4,羽毛球馆-3号,10:00-11:00,1,1,已售/已满,教学时间,多云,15,13,4,0.0,100,28
2026-05-21 02:00:53,2026-05-21,4,羽毛球馆-3号,10:00-11:00,1,1,已售/已满,教学时间,多云,15,12,4,0.0,100,28
2026-05-21 02:30:49,2026-05-21,4,羽毛球馆-3号,10:00-11:00,1,1,已售/已满,教学时间,多云,15,14,3,0.0,100,29
2026-05-21 03:00:55,2026-05-21,4,羽毛球馆-3号,10:00-11:00,1,1,已售/已满,教学时间,多云,15,12,4,0.0,100,29
2026-05-21 03:30:49,2026-05-21,4,羽毛球馆-3号,10:00-11:00,1,1,已售/已满,教学时间,多云,15,14,3,0.0,100,30
2026-05-21 04:30:45,2026-05-21,4,羽毛球馆-3号,10:00-11:00,1,1,已售/已满,教学时间,多云,15,12,4,0.0,100,29
2026-05-21 05:00:52,2026-05-21,4,羽毛球馆-3号,10:00-11:00,1,1,已售/已满,教学时间,多云,15,12,4,0.0,100,29
2026-05-21 05:30:49,2026-05-21,4,羽毛球馆-3号,10:00-11:00,1,1,已售/已满,教学时间,多云,15,13,3,0.0,100,28
2026-05-21 06:00:50,2026-05-21,4,羽毛球馆-3号,10:00-11:00,1,1,已售/已满,教学时间,多云,15,13,4,0.0,99,28
2026-05-21 06:30:38,2026-05-21,4,羽毛球馆-3号,10:00-11:00,1,1,已售/已满,教学时间,多云,15,13,3,0.0,97,28
2026-05-21 07:00:43,2026-05-21,4,羽毛球馆-3号,10:00-11:00,1,1,已售/已满,教学时间,晴,15,11,5,0.0,93,28
2026-05-21 07:30:39,2026-05-21,4,羽毛球馆-3号,10:00-11:00,1,1,已售/已满,教学时间,晴,17,13,4,0.0,89,29
2026-05-21 07:50:40,2026-05-21,4,羽毛球馆-3号,10:00-11:00,1,1,已售/已满,教学时间,晴,17,13,4,0.0,88,29
2026-05-21 07:53:31,2026-05-21,4,羽毛球馆-3号,10:00-11:00,1,1,已售/已满,教学时间,晴,17,12,5,0.0,86,29
2026-05-21 07:56:31,2026-05-21,4,羽毛球馆-3号,10:00-11:00,1,1,已售/已满,教学时间,晴,17,12,5,0.0,86,29
2026-05-21 07:59:26,2026-05-21,4,羽毛球馆-3号,10:00-11:00,1,1,已售/已满,教学时间,晴,17,12,5,0.0,86,29
2026-05-21 00:30:49,2026-05-21,4,羽毛球馆-3号,11:00-12:00,1,1,已售/已满,教学时间,多云,15,13,3,0.0,100,26
2026-05-21 01:00:55,2026-05-21,4,羽毛球馆-3号,11:00-12:00,1,1,已售/已满,教学时间,多云,15,12,4,0.0,100,26
2026-05-21 01:30:47,2026-05-21,4,羽毛球馆-3号,11:00-12:00,1,1,已售/已满,教学时间,多云,15,13,4,0.0,100,28
2026-05-21 02:00:53,2026-05-21,4,羽毛球馆-3号,11:00-12:00,1,1,已售/已满,教学时间,多云,15,12,4,0.0,100,28
2026-05-21 02:30:49,2026-05-21,4,羽毛球馆-3号,11:00-12:00,1,1,已售/已满,教学时间,多云,15,14,3,0.0,100,29
2026-05-21 03:00:55,2026-05-21,4,羽毛球馆-3号,11:00-12:00,1,1,已售/已满,教学时间,多云,15,12,4,0.0,100,29
2026-05-21 03:30:49,2026-05-21,4,羽毛球馆-3号,11:00-12:00,1,1,已售/已满,教学时间,多云,15,14,3,0.0,100,30
2026-05-21 04:30:45,2026-05-21,4,羽毛球馆-3号,11:00-12:00,1,1,已售/已满,教学时间,多云,15,12,4,0.0,100,29
2026-05-21 05:00:52,2026-05-21,4,羽毛球馆-3号,11:00-12:00,1,1,已售/已满,教学时间,多云,15,12,4,0.0,100,29
2026-05-21 05:30:49,2026-05-21,4,羽毛球馆-3号,11:00-12:00,1,1,已售/已满,教学时间,多云,15,13,3,0.0,100,28
2026-05-21 06:00:50,2026-05-21,4,羽毛球馆-3号,11:00-12:00,1,1,已售/已满,教学时间,多云,15,13,4,0.0,99,28
2026-05-21 06:30:38,2026-05-21,4,羽毛球馆-3号,11:00-12:00,1,1,已售/已满,教学时间,多云,15,13,3,0.0,97,28
2026-05-21 07:00:43,2026-05-21,4,羽毛球馆-3号,11:00-12:00,1,1,已售/已满,教学时间,晴,15,11,5,0.0,93,28
2026-05-21 07:30:39,2026-05-21,4,羽毛球馆-3号,11:00-12:00,1,1,已售/已满,教学时间,晴,17,13,4,0.0,89,29
2026-05-21 07:50:40,2026-05-21,4,羽毛球馆-3号,11:00-12:00,1,1,已售/已满,教学时间,晴,17,13,4,0.0,88,29
2026-05-21 07:53:31,2026-05-21,4,羽毛球馆-3号,11:00-12:00,1,1,已售/已满,教学时间,晴,17,12,5,0.0,86,29
2026-05-21 07:56:31,2026-05-21,4,羽毛球馆-3号,11:00-12:00,1,1,已售/已满,教学时间,晴,17,12,5,0.0,86,29
2026-05-21 07:59:26,2026-05-21,4,羽毛球馆-3号,11:00-12:00,1,1,已售/已满,教学时间,晴,17,12,5,0.0,86,29
2026-05-21 00:30:49,2026-05-21,4,羽毛球馆-3号,12:00-12:55,1,1,已售/已满,已售,多云,15,13,3,0.0,100,26
2026-05-21 01:00:55,2026-05-21,4,羽毛球馆-3号,12:00-12:55,1,1,已售/已满,已售,多云,15,12,4,0.0,100,26
2026-05-21 01:30:47,2026-05-21,4,羽毛球馆-3号,12:00-12:55,1,1,已售/已满,已售,多云,15,13,4,0.0,100,28
2026-05-21 02:00:53,2026-05-21,4,羽毛球馆-3号,12:00-12:55,1,1,已售/已满,已售,多云,15,12,4,0.0,100,28
2026-05-21 02:30:49,2026-05-21,4,羽毛球馆-3号,12:00-12:55,1,1,已售/已满,已售,多云,15,14,3,0.0,100,29
2026-05-21 03:00:55,2026-05-21,4,羽毛球馆-3号,12:00-12:55,1,1,已售/已满,已售,多云,15,12,4,0.0,100,29
2026-05-21 03:30:49,2026-05-21,4,羽毛球馆-3号,12:00-12:55,1,1,已售/已满,已售,多云,15,14,3,0.0,100,30
2026-05-21 04:30:45,2026-05-21,4,羽毛球馆-3号,12:00-12:55,1,1,已售/已满,已售,多云,15,12,4,0.0,100,29
2026-05-21 05:00:52,2026-05-21,4,羽毛球馆-3号,12:00-12:55,1,1,已售/已满,已售,多云,15,12,4,0.0,100,29
2026-05-21 05:30:49,2026-05-21,4,羽毛球馆-3号,12:00-12:55,1,1,已售/已满,已售,多云,15,13,3,0.0,100,28
2026-05-21 06:00:50,2026-05-21,4,羽毛球馆-3号,12:00-12:55,1,1,已售/已满,已售,多云,15,13,4,0.0,99,28
2026-05-21 06:30:38,2026-05-21,4,羽毛球馆-3号,12:00-12:55,1,1,已售/已满,已售,多云,15,13,3,0.0,97,28
2026-05-21 07:00:43,2026-05-21,4,羽毛球馆-3号,12:00-12:55,1,1,已售/已满,已售,晴,15,11,5,0.0,93,28
2026-05-21 07:30:39,2026-05-21,4,羽毛球馆-3号,12:00-12:55,1,1,已售/已满,已售,晴,17,13,4,0.0,89,29
2026-05-21 07:50:40,2026-05-21,4,羽毛球馆-3号,12:00-12:55,1,1,已售/已满,已售,晴,17,13,4,0.0,88,29
2026-05-21 07:53:31,2026-05-21,4,羽毛球馆-3号,12:00-12:55,1,1,已售/已满,已售,晴,17,12,5,0.0,86,29
2026-05-21 07:56:31,2026-05-21,4,羽毛球馆-3号,12:00-12:55,1,1,已售/已满,已售,晴,17,12,5,0.0,86,29
2026-05-21 07:59:26,2026-05-21,4,羽毛球馆-3号,12:00-12:55,1,1,已售/已满,已售,晴,17,12,5,0.0,86,29
2026-05-21 00:30:49,2026-05-21,4,羽毛球馆-3号,12:55-13:50,1,1,已售/已满,已售,多云,15,13,3,0.0,100,26
2026-05-21 01:00:55,2026-05-21,4,羽毛球馆-3号,12:55-13:50,1,1,已售/已满,已售,多云,15,12,4,0.0,100,26
2026-05-21 01:30:47,2026-05-21,4,羽毛球馆-3号,12:55-13:50,1,1,已售/已满,已售,多云,15,13,4,0.0,100,28
2026-05-21 02:00:53,2026-05-21,4,羽毛球馆-3号,12:55-13:50,1,1,已售/已满,已售,多云,15,12,4,0.0,100,28
2026-05-21 02:30:49,2026-05-21,4,羽毛球馆-3号,12:55-13:50,1,1,已售/已满,已售,多云,15,14,3,0.0,100,29
2026-05-21 03:00:55,2026-05-21,4,羽毛球馆-3号,12:55-13:50,1,1,已售/已满,已售,多云,15,12,4,0.0,100,29
2026-05-21 03:30:49,2026-05-21,4,羽毛球馆-3号,12:55-13:50,1,1,已售/已满,已售,多云,15,14,3,0.0,100,30
2026-05-21 04:30:45,2026-05-21,4,羽毛球馆-3号,12:55-13:50,1,1,已售/已满,已售,多云,15,12,4,0.0,100,29
2026-05-21 05:00:52,2026-05-21,4,羽毛球馆-3号,12:55-13:50,1,1,已售/已满,已售,多云,15,12,4,0.0,100,29
2026-05-21 05:30:49,2026-05-21,4,羽毛球馆-3号,12:55-13:50,1,1,已售/已满,已售,多云,15,13,3,0.0,100,28
2026-05-21 06:00:50,2026-05-21,4,羽毛球馆-3号,12:55-13:50,1,1,已售/已满,已售,多云,15,13,4,0.0,99,28
2026-05-21 06:30:38,2026-05-21,4,羽毛球馆-3号,12:55-13:50,1,1,已售/已满,已售,多云,15,13,3,0.0,97,28
2026-05-21 07:00:43,2026-05-21,4,羽毛球馆-3号,12:55-13:50,1,1,已售/已满,已售,晴,15,11,5,0.0,93,28
2026-05-21 07:30:39,2026-05-21,4,羽毛球馆-3号,12:55-13:50,1,1,已售/已满,已售,晴,17,13,4,0.0,89,29
2026-05-21 07:50:40,2026-05-21,4,羽毛球馆-3号,12:55-13:50,1,1,已售/已满,已售,晴,17,13,4,0.0,88,29
2026-05-21 07:53:31,2026-05-21,4,羽毛球馆-3号,12:55-13:50,1,1,已售/已满,已售,晴,17,12,5,0.0,86,29
2026-05-21 07:56:31,2026-05-21,4,羽毛球馆-3号,12:55-13:50,1,1,已售/已满,已售,晴,17,12,5,0.0,86,29
2026-05-21 07:59:26,2026-05-21,4,羽毛球馆-3号,12:55-13:50,1,1,已售/已满,已售,晴,17,12,5,0.0,86,29
2026-05-21 00:30:49,2026-05-21,4,羽毛球馆-3号,14:00-15:00,0,1,可预约,￥12.0,多云,15,13,3,0.0,100,26
2026-05-21 01:00:55,2026-05-21,4,羽毛球馆-3号,14:00-15:00,0,1,可预约,￥12.0,多云,15,12,4,0.0,100,26
2026-05-21 01:30:47,2026-05-21,4,羽毛球馆-3号,14:00-15:00,0,1,可预约,￥12.0,多云,15,13,4,0.0,100,28
2026-05-21 02:00:53,2026-05-21,4,羽毛球馆-3号,14:00-15:00,0,1,可预约,￥12.0,多云,15,12,4,0.0,100,28
2026-05-21 02:30:49,2026-05-21,4,羽毛球馆-3号,14:00-15:00,0,1,可预约,￥12.0,多云,15,14,3,0.0,100,29
2026-05-21 03:00:55,2026-05-21,4,羽毛球馆-3号,14:00-15:00,0,1,可预约,￥12.0,多云,15,12,4,0.0,100,29
2026-05-21 03:30:49,2026-05-21,4,羽毛球馆-3号,14:00-15:00,0,1,可预约,￥12.0,多云,15,14,3,0.0,100,30
2026-05-21 04:30:45,2026-05-21,4,羽毛球馆-3号,14:00-15:00,0,1,可预约,￥12.0,多云,15,12,4,0.0,100,29
2026-05-21 05:00:52,2026-05-21,4,羽毛球馆-3号,14:00-15:00,0,1,可预约,￥12.0,多云,15,12,4,0.0,100,29
2026-05-21 05:30:49,2026-05-21,4,羽毛球馆-3号,14:00-15:00,0,1,可预约,￥12.0,多云,15,13,3,0.0,100,28
2026-05-21 06:00:50,2026-05-21,4,羽毛球馆-3号,14:00-15:00,0,1,可预约,￥12.0,多云,15,13,4,0.0,99,28
2026-05-21 06:30:38,2026-05-21,4,羽毛球馆-3号,14:00-15:00,0,1,可预约,￥12.0,多云,15,13,3,0.0,97,28
2026-05-21 07:00:43,2026-05-21,4,羽毛球馆-3号,14:00-15:00,0,1,可预约,￥12.0,晴,15,11,5,0.0,93,28
2026-05-21 07:30:39,2026-05-21,4,羽毛球馆-3号,14:00-15:00,0,1,可预约,￥12.0,晴,17,13,4,0.0,89,29
2026-05-21 07:50:40,2026-05-21,4,羽毛球馆-3号,14:00-15:00,0,1,可预约,￥12.0,晴,17,13,4,0.0,88,29
2026-05-21 07:53:31,2026-05-21,4,羽毛球馆-3号,14:00-15:00,0,1,可预约,￥12.0,晴,17,12,5,0.0,86,29
2026-05-21 07:56:31,2026-05-21,4,羽毛球馆-3号,14:00-15:00,0,1,可预约,￥12.0,晴,17,12,5,0.0,86,29
2026-05-21 07:59:26,2026-05-21,4,羽毛球馆-3号,14:00-15:00,0,1,可预约,￥12.0,晴,17,12,5,0.0,86,29
2026-05-21 00:30:49,2026-05-21,4,羽毛球馆-3号,15:00-16:00,0,1,可预约,￥12.0,多云,15,13,3,0.0,100,26
2026-05-21 01:00:55,2026-05-21,4,羽毛球馆-3号,15:00-16:00,0,1,可预约,￥12.0,多云,15,12,4,0.0,100,26
2026-05-21 01:30:47,2026-05-21,4,羽毛球馆-3号,15:00-16:00,0,1,可预约,￥12.0,多云,15,13,4,0.0,100,28
2026-05-21 02:00:53,2026-05-21,4,羽毛球馆-3号,15:00-16:00,0,1,可预约,￥12.0,多云,15,12,4,0.0,100,28
2026-05-21 02:30:49,2026-05-21,4,羽毛球馆-3号,15:00-16:00,0,1,可预约,￥12.0,多云,15,14,3,0.0,100,29
2026-05-21 03:00:55,2026-05-21,4,羽毛球馆-3号,15:00-16:00,0,1,可预约,￥12.0,多云,15,12,4,0.0,100,29
2026-05-21 03:30:49,2026-05-21,4,羽毛球馆-3号,15:00-16:00,0,1,可预约,￥12.0,多云,15,14,3,0.0,100,30
2026-05-21 04:30:45,2026-05-21,4,羽毛球馆-3号,15:00-16:00,0,1,可预约,￥12.0,多云,15,12,4,0.0,100,29
2026-05-21 05:00:52,2026-05-21,4,羽毛球馆-3号,15:00-16:00,0,1,可预约,￥12.0,多云,15,12,4,0.0,100,29
2026-05-21 05:30:49,2026-05-21,4,羽毛球馆-3号,15:00-16:00,0,1,可预约,￥12.0,多云,15,13,3,0.0,100,28
2026-05-21 06:00:50,2026-05-21,4,羽毛球馆-3号,15:00-16:00,0,1,可预约,￥12.0,多云,15,13,4,0.0,99,28
2026-05-21 06:30:38,2026-05-21,4,羽毛球馆-3号,15:00-16:00,0,1,可预约,￥12.0,多云,15,13,3,0.0,97,28
2026-05-21 07:00:43,2026-05-21,4,羽毛球馆-3号,15:00-16:00,0,1,可预约,￥12.0,晴,15,11,5,0.0,93,28
2026-05-21 07:30:39,2026-05-21,4,羽毛球馆-3号,15:00-16:00,0,1,可预约,￥12.0,晴,17,13,4,0.0,89,29
2026-05-21 07:50:40,2026-05-21,4,羽毛球馆-3号,15:00-16:00,0,1,可预约,￥12.0,晴,17,13,4,0.0,88,29
2026-05-21 07:53:31,2026-05-21,4,羽毛球馆-3号,15:00-16:00,0,1,可预约,￥12.0,晴,17,12,5,0.0,86,29
2026-05-21 07:56:31,2026-05-21,4,羽毛球馆-3号,15:00-16:00,0,1,可预约,￥12.0,晴,17,12,5,0.0,86,29
2026-05-21 07:59:26,2026-05-21,4,羽毛球馆-3号,15:00-16:00,0,1,可预约,￥12.0,晴,17,12,5,0.0,86,29
2026-05-21 00:30:49,2026-05-21,4,羽毛球馆-3号,16:00-17:00,1,1,已售/已满,已售,多云,15,13,3,0.0,100,26
2026-05-21 01:00:55,2026-05-21,4,羽毛球馆-3号,16:00-17:00,1,1,已售/已满,已售,多云,15,12,4,0.0,100,26
2026-05-21 01:30:47,2026-05-21,4,羽毛球馆-3号,16:00-17:00,1,1,已售/已满,已售,多云,15,13,4,0.0,100,28
2026-05-21 02:00:53,2026-05-21,4,羽毛球馆-3号,16:00-17:00,1,1,已售/已满,已售,多云,15,12,4,0.0,100,28
2026-05-21 02:30:49,2026-05-21,4,羽毛球馆-3号,16:00-17:00,1,1,已售/已满,已售,多云,15,14,3,0.0,100,29
2026-05-21 03:00:55,2026-05-21,4,羽毛球馆-3号,16:00-17:00,1,1,已售/已满,已售,多云,15,12,4,0.0,100,29
2026-05-21 03:30:49,2026-05-21,4,羽毛球馆-3号,16:00-17:00,1,1,已售/已满,已售,多云,15,14,3,0.0,100,30
2026-05-21 04:30:45,2026-05-21,4,羽毛球馆-3号,16:00-17:00,1,1,已售/已满,已售,多云,15,12,4,0.0,100,29
2026-05-21 05:00:52,2026-05-21,4,羽毛球馆-3号,16:00-17:00,1,1,已售/已满,已售,多云,15,12,4,0.0,100,29
2026-05-21 05:30:49,2026-05-21,4,羽毛球馆-3号,16:00-17:00,1,1,已售/已满,已售,多云,15,13,3,0.0,100,28
2026-05-21 06:00:50,2026-05-21,4,羽毛球馆-3号,16:00-17:00,1,1,已售/已满,已售,多云,15,13,4,0.0,99,28
2026-05-21 06:30:38,2026-05-21,4,羽毛球馆-3号,16:00-17:00,1,1,已售/已满,已售,多云,15,13,3,0.0,97,28
2026-05-21 07:00:43,2026-05-21,4,羽毛球馆-3号,16:00-17:00,1,1,已售/已满,已售,晴,15,11,5,0.0,93,28
2026-05-21 07:30:39,2026-05-21,4,羽毛球馆-3号,16:00-17:00,1,1,已售/已满,已售,晴,17,13,4,0.0,89,29
2026-05-21 07:50:40,2026-05-21,4,羽毛球馆-3号,16:00-17:00,1,1,已售/已满,已售,晴,17,13,4,0.0,88,29
2026-05-21 07:53:31,2026-05-21,4,羽毛球馆-3号,16:00-17:00,1,1,已售/已满,已售,晴,17,12,5,0.0,86,29
2026-05-21 07:56:31,2026-05-21,4,羽毛球馆-3号,16:00-17:00,1,1,已售/已满,已售,晴,17,12,5,0.0,86,29
2026-05-21 07:59:26,2026-05-21,4,羽毛球馆-3号,16:00-17:00,1,1,已售/已满,已售,晴,17,12,5,0.0,86,29
2026-05-21 00:30:49,2026-05-21,4,羽毛球馆-3号,17:00-18:00,1,1,已售/已满,已售,多云,15,13,3,0.0,100,26
2026-05-21 01:00:55,2026-05-21,4,羽毛球馆-3号,17:00-18:00,1,1,已售/已满,已售,多云,15,12,4,0.0,100,26
2026-05-21 01:30:47,2026-05-21,4,羽毛球馆-3号,17:00-18:00,1,1,已售/已满,已售,多云,15,13,4,0.0,100,28
2026-05-21 02:00:53,2026-05-21,4,羽毛球馆-3号,17:00-18:00,1,1,已售/已满,已售,多云,15,12,4,0.0,100,28
2026-05-21 02:30:49,2026-05-21,4,羽毛球馆-3号,17:00-18:00,1,1,已售/已满,已售,多云,15,14,3,0.0,100,29
2026-05-21 03:00:55,2026-05-21,4,羽毛球馆-3号,17:00-18:00,1,1,已售/已满,已售,多云,15,12,4,0.0,100,29
2026-05-21 03:30:49,2026-05-21,4,羽毛球馆-3号,17:00-18:00,1,1,已售/已满,已售,多云,15,14,3,0.0,100,30
2026-05-21 04:30:45,2026-05-21,4,羽毛球馆-3号,17:00-18:00,1,1,已售/已满,已售,多云,15,12,4,0.0,100,29
2026-05-21 05:00:52,2026-05-21,4,羽毛球馆-3号,17:00-18:00,1,1,已售/已满,已售,多云,15,12,4,0.0,100,29
2026-05-21 05:30:49,2026-05-21,4,羽毛球馆-3号,17:00-18:00,1,1,已售/已满,已售,多云,15,13,3,0.0,100,28
2026-05-21 06:00:50,2026-05-21,4,羽毛球馆-3号,17:00-18:00,1,1,已售/已满,已售,多云,15,13,4,0.0,99,28
2026-05-21 06:30:38,2026-05-21,4,羽毛球馆-3号,17:00-18:00,1,1,已售/已满,已售,多云,15,13,3,0.0,97,28
2026-05-21 07:00:43,2026-05-21,4,羽毛球馆-3号,17:00-18:00,1,1,已售/已满,已售,晴,15,11,5,0.0,93,28
2026-05-21 07:30:39,2026-05-21,4,羽毛球馆-3号,17:00-18:00,1,1,已售/已满,已售,晴,17,13,4,0.0,89,29
2026-05-21 07:50:40,2026-05-21,4,羽毛球馆-3号,17:00-18:00,1,1,已售/已满,已售,晴,17,13,4,0.0,88,29
2026-05-21 07:53:31,2026-05-21,4,羽毛球馆-3号,17:00-18:00,1,1,已售/已满,已售,晴,17,12,5,0.0,86,29
2026-05-21 07:56:31,2026-05-21,4,羽毛球馆-3号,17:00-18:00,1,1,已售/已满,已售,晴,17,12,5,0.0,86,29
2026-05-21 07:59:26,2026-05-21,4,羽毛球馆-3号,17:00-18:00,1,1,已售/已满,已售,晴,17,12,5,0.0,86,29
2026-05-21 00:30:49,2026-05-21,4,羽毛球馆-3号,18:30-19:30,1,1,已售/已满,已售,多云,15,13,3,0.0,100,26
2026-05-21 01:00:55,2026-05-21,4,羽毛球馆-3号,18:30-19:30,1,1,已售/已满,已售,多云,15,12,4,0.0,100,26
2026-05-21 01:30:47,2026-05-21,4,羽毛球馆-3号,18:30-19:30,1,1,已售/已满,已售,多云,15,13,4,0.0,100,28
2026-05-21 02:00:53,2026-05-21,4,羽毛球馆-3号,18:30-19:30,1,1,已售/已满,已售,多云,15,12,4,0.0,100,28
2026-05-21 02:30:49,2026-05-21,4,羽毛球馆-3号,18:30-19:30,1,1,已售/已满,已售,多云,15,14,3,0.0,100,29
2026-05-21 03:00:55,2026-05-21,4,羽毛球馆-3号,18:30-19:30,1,1,已售/已满,已售,多云,15,12,4,0.0,100,29
2026-05-21 03:30:49,2026-05-21,4,羽毛球馆-3号,18:30-19:30,1,1,已售/已满,已售,多云,15,14,3,0.0,100,30
2026-05-21 04:30:45,2026-05-21,4,羽毛球馆-3号,18:30-19:30,1,1,已售/已满,已售,多云,15,12,4,0.0,100,29
2026-05-21 05:00:52,2026-05-21,4,羽毛球馆-3号,18:30-19:30,1,1,已售/已满,已售,多云,15,12,4,0.0,100,29
2026-05-21 05:30:49,2026-05-21,4,羽毛球馆-3号,18:30-19:30,1,1,已售/已满,已售,多云,15,13,3,0.0,100,28
2026-05-21 06:00:50,2026-05-21,4,羽毛球馆-3号,18:30-19:30,1,1,已售/已满,已售,多云,15,13,4,0.0,99,28
2026-05-21 06:30:38,2026-05-21,4,羽毛球馆-3号,18:30-19:30,1,1,已售/已满,已售,多云,15,13,3,0.0,97,28
2026-05-21 07:00:43,2026-05-21,4,羽毛球馆-3号,18:30-19:30,1,1,已售/已满,已售,晴,15,11,5,0.0,93,28
2026-05-21 07:30:39,2026-05-21,4,羽毛球馆-3号,18:30-19:30,1,1,已售/已满,已售,晴,17,13,4,0.0,89,29
2026-05-21 07:50:40,2026-05-21,4,羽毛球馆-3号,18:30-19:30,1,1,已售/已满,已售,晴,17,13,4,0.0,88,29
2026-05-21 07:53:31,2026-05-21,4,羽毛球馆-3号,18:30-19:30,1,1,已售/已满,已售,晴,17,12,5,0.0,86,29
2026-05-21 07:56:31,2026-05-21,4,羽毛球馆-3号,18:30-19:30,1,1,已售/已满,已售,晴,17,12,5,0.0,86,29
2026-05-21 07:59:26,2026-05-21,4,羽毛球馆-3号,18:30-19:30,1,1,已售/已满,已售,晴,17,12,5,0.0,86,29
2026-05-21 00:30:49,2026-05-21,4,羽毛球馆-3号,19:30-20:30,1,1,已售/已满,已售,多云,15,13,3,0.0,100,26
2026-05-21 01:00:55,2026-05-21,4,羽毛球馆-3号,19:30-20:30,1,1,已售/已满,已售,多云,15,12,4,0.0,100,26
2026-05-21 01:30:47,2026-05-21,4,羽毛球馆-3号,19:30-20:30,1,1,已售/已满,已售,多云,15,13,4,0.0,100,28
2026-05-21 02:00:53,2026-05-21,4,羽毛球馆-3号,19:30-20:30,1,1,已售/已满,已售,多云,15,12,4,0.0,100,28
2026-05-21 02:30:49,2026-05-21,4,羽毛球馆-3号,19:30-20:30,1,1,已售/已满,已售,多云,15,14,3,0.0,100,29
2026-05-21 03:00:55,2026-05-21,4,羽毛球馆-3号,19:30-20:30,1,1,已售/已满,已售,多云,15,12,4,0.0,100,29
2026-05-21 03:30:49,2026-05-21,4,羽毛球馆-3号,19:30-20:30,1,1,已售/已满,已售,多云,15,14,3,0.0,100,30
2026-05-21 04:30:45,2026-05-21,4,羽毛球馆-3号,19:30-20:30,1,1,已售/已满,已售,多云,15,12,4,0.0,100,29
2026-05-21 05:00:52,2026-05-21,4,羽毛球馆-3号,19:30-20:30,1,1,已售/已满,已售,多云,15,12,4,0.0,100,29
2026-05-21 05:30:49,2026-05-21,4,羽毛球馆-3号,19:30-20:30,1,1,已售/已满,已售,多云,15,13,3,0.0,100,28
2026-05-21 06:00:50,2026-05-21,4,羽毛球馆-3号,19:30-20:30,1,1,已售/已满,已售,多云,15,13,4,0.0,99,28
2026-05-21 06:30:38,2026-05-21,4,羽毛球馆-3号,19:30-20:30,1,1,已售/已满,已售,多云,15,13,3,0.0,97,28
2026-05-21 07:00:43,2026-05-21,4,羽毛球馆-3号,19:30-20:30,1,1,已售/已满,已售,晴,15,11,5,0.0,93,28
2026-05-21 07:30:39,2026-05-21,4,羽毛球馆-3号,19:30-20:30,1,1,已售/已满,已售,晴,17,13,4,0.0,89,29
2026-05-21 07:50:40,2026-05-21,4,羽毛球馆-3号,19:30-20:30,1,1,已售/已满,已售,晴,17,13,4,0.0,88,29
2026-05-21 07:53:31,2026-05-21,4,羽毛球馆-3号,19:30-20:30,1,1,已售/已满,已售,晴,17,12,5,0.0,86,29
2026-05-21 07:56:31,2026-05-21,4,羽毛球馆-3号,19:30-20:30,1,1,已售/已满,已售,晴,17,12,5,0.0,86,29
2026-05-21 07:59:26,2026-05-21,4,羽毛球馆-3号,19:30-20:30,1,1,已售/已满,已售,晴,17,12,5,0.0,86,29
2026-05-21 00:30:49,2026-05-21,4,羽毛球馆-3号,20:30-21:30,1,1,已售/已满,已售,多云,15,13,3,0.0,100,26
2026-05-21 01:00:55,2026-05-21,4,羽毛球馆-3号,20:30-21:30,1,1,已售/已满,已售,多云,15,12,4,0.0,100,26
2026-05-21 01:30:47,2026-05-21,4,羽毛球馆-3号,20:30-21:30,1,1,已售/已满,已售,多云,15,13,4,0.0,100,28
2026-05-21 02:00:53,2026-05-21,4,羽毛球馆-3号,20:30-21:30,1,1,已售/已满,已售,多云,15,12,4,0.0,100,28
2026-05-21 02:30:49,2026-05-21,4,羽毛球馆-3号,20:30-21:30,1,1,已售/已满,已售,多云,15,14,3,0.0,100,29
2026-05-21 03:00:55,2026-05-21,4,羽毛球馆-3号,20:30-21:30,1,1,已售/已满,已售,多云,15,12,4,0.0,100,29
2026-05-21 03:30:49,2026-05-21,4,羽毛球馆-3号,20:30-21:30,1,1,已售/已满,已售,多云,15,14,3,0.0,100,30
2026-05-21 04:30:45,2026-05-21,4,羽毛球馆-3号,20:30-21:30,1,1,已售/已满,已售,多云,15,12,4,0.0,100,29
2026-05-21 05:00:52,2026-05-21,4,羽毛球馆-3号,20:30-21:30,1,1,已售/已满,已售,多云,15,12,4,0.0,100,29
2026-05-21 05:30:49,2026-05-21,4,羽毛球馆-3号,20:30-21:30,1,1,已售/已满,已售,多云,15,13,3,0.0,100,28
2026-05-21 06:00:50,2026-05-21,4,羽毛球馆-3号,20:30-21:30,1,1,已售/已满,已售,多云,15,13,4,0.0,99,28
2026-05-21 06:30:38,2026-05-21,4,羽毛球馆-3号,20:30-21:30,1,1,已售/已满,已售,多云,15,13,3,0.0,97,28
2026-05-21 07:00:43,2026-05-21,4,羽毛球馆-3号,20:30-21:30,1,1,已售/已满,已售,晴,15,11,5,0.0,93,28
2026-05-21 07:30:39,2026-05-21,4,羽毛球馆-3号,20:30-21:30,1,1,已售/已满,已售,晴,17,13,4,0.0,89,29
2026-05-21 07:50:40,2026-05-21,4,羽毛球馆-3号,20:30-21:30,1,1,已售/已满,已售,晴,17,13,4,0.0,88,29
2026-05-21 07:53:31,2026-05-21,4,羽毛球馆-3号,20:30-21:30,1,1,已售/已满,已售,晴,17,12,5,0.0,86,29
2026-05-21 07:56:31,2026-05-21,4,羽毛球馆-3号,20:30-21:30,1,1,已售/已满,已售,晴,17,12,5,0.0,86,29
2026-05-21 07:59:26,2026-05-21,4,羽毛球馆-3号,20:30-21:30,1,1,已售/已满,已售,晴,17,12,5,0.0,86,29
2026-05-21 00:30:49,2026-05-21,4,羽毛球馆-4号,07:00-08:00,0,1,可预约,￥0.0,多云,15,13,3,0.0,100,26
2026-05-21 01:00:55,2026-05-21,4,羽毛球馆-4号,07:00-08:00,0,1,可预约,￥0.0,多云,15,12,4,0.0,100,26
2026-05-21 01:30:47,2026-05-21,4,羽毛球馆-4号,07:00-08:00,0,1,可预约,￥0.0,多云,15,13,4,0.0,100,28
2026-05-21 02:00:53,2026-05-21,4,羽毛球馆-4号,07:00-08:00,0,1,可预约,￥0.0,多云,15,12,4,0.0,100,28
2026-05-21 02:30:49,2026-05-21,4,羽毛球馆-4号,07:00-08:00,0,1,可预约,￥0.0,多云,15,14,3,0.0,100,29
2026-05-21 03:00:55,2026-05-21,4,羽毛球馆-4号,07:00-08:00,0,1,可预约,￥0.0,多云,15,12,4,0.0,100,29
2026-05-21 03:30:49,2026-05-21,4,羽毛球馆-4号,07:00-08:00,0,1,可预约,￥0.0,多云,15,14,3,0.0,100,30
2026-05-21 04:30:45,2026-05-21,4,羽毛球馆-4号,07:00-08:00,0,1,可预约,￥0.0,多云,15,12,4,0.0,100,29
2026-05-21 05:00:52,2026-05-21,4,羽毛球馆-4号,07:00-08:00,0,1,可预约,￥0.0,多云,15,12,4,0.0,100,29
2026-05-21 05:30:49,2026-05-21,4,羽毛球馆-4号,07:00-08:00,0,1,可预约,￥0.0,多云,15,13,3,0.0,100,28
2026-05-21 06:00:50,2026-05-21,4,羽毛球馆-4号,07:00-08:00,0,1,可预约,￥0.0,多云,15,13,4,0.0,99,28
2026-05-21 06:30:38,2026-05-21,4,羽毛球馆-4号,07:00-08:00,0,1,可预约,￥0.0,多云,15,13,3,0.0,97,28
2026-05-21 07:00:43,2026-05-21,4,羽毛球馆-4号,07:00-08:00,0,1,可预约,￥0.0,晴,15,11,5,0.0,93,28
2026-05-21 07:30:39,2026-05-21,4,羽毛球馆-4号,07:00-08:00,0,1,可预约,￥0.0,晴,17,13,4,0.0,89,29
2026-05-21 07:50:40,2026-05-21,4,羽毛球馆-4号,07:00-08:00,0,1,可预约,￥0.0,晴,17,13,4,0.0,88,29
2026-05-21 07:53:31,2026-05-21,4,羽毛球馆-4号,07:00-08:00,0,1,可预约,￥0.0,晴,17,12,5,0.0,86,29
2026-05-21 07:56:31,2026-05-21,4,羽毛球馆-4号,07:00-08:00,0,1,可预约,￥0.0,晴,17,12,5,0.0,86,29
2026-05-21 07:59:26,2026-05-21,4,羽毛球馆-4号,07:00-08:00,0,1,可预约,￥0.0,晴,17,12,5,0.0,86,29
2026-05-21 00:30:49,2026-05-21,4,羽毛球馆-4号,08:00-09:00,0,1,可预约,￥0.0,多云,15,13,3,0.0,100,26
2026-05-21 01:00:55,2026-05-21,4,羽毛球馆-4号,08:00-09:00,1,1,已售/已满,已售,多云,15,12,4,0.0,100,26
2026-05-21 01:30:47,2026-05-21,4,羽毛球馆-4号,08:00-09:00,1,1,已售/已满,已售,多云,15,13,4,0.0,100,28
2026-05-21 02:00:53,2026-05-21,4,羽毛球馆-4号,08:00-09:00,1,1,已售/已满,已售,多云,15,12,4,0.0,100,28
2026-05-21 02:30:49,2026-05-21,4,羽毛球馆-4号,08:00-09:00,1,1,已售/已满,已售,多云,15,14,3,0.0,100,29
2026-05-21 03:00:55,2026-05-21,4,羽毛球馆-4号,08:00-09:00,1,1,已售/已满,已售,多云,15,12,4,0.0,100,29
2026-05-21 03:30:49,2026-05-21,4,羽毛球馆-4号,08:00-09:00,1,1,已售/已满,已售,多云,15,14,3,0.0,100,30
2026-05-21 04:30:45,2026-05-21,4,羽毛球馆-4号,08:00-09:00,1,1,已售/已满,已售,多云,15,12,4,0.0,100,29
2026-05-21 05:00:52,2026-05-21,4,羽毛球馆-4号,08:00-09:00,1,1,已售/已满,已售,多云,15,12,4,0.0,100,29
2026-05-21 05:30:49,2026-05-21,4,羽毛球馆-4号,08:00-09:00,1,1,已售/已满,已售,多云,15,13,3,0.0,100,28
2026-05-21 06:00:50,2026-05-21,4,羽毛球馆-4号,08:00-09:00,1,1,已售/已满,已售,多云,15,13,4,0.0,99,28
2026-05-21 06:30:38,2026-05-21,4,羽毛球馆-4号,08:00-09:00,1,1,已售/已满,已售,多云,15,13,3,0.0,97,28
2026-05-21 07:00:43,2026-05-21,4,羽毛球馆-4号,08:00-09:00,1,1,已售/已满,已售,晴,15,11,5,0.0,93,28
2026-05-21 07:30:39,2026-05-21,4,羽毛球馆-4号,08:00-09:00,1,1,已售/已满,已售,晴,17,13,4,0.0,89,29
2026-05-21 07:50:40,2026-05-21,4,羽毛球馆-4号,08:00-09:00,1,1,已售/已满,已售,晴,17,13,4,0.0,88,29
2026-05-21 07:53:31,2026-05-21,4,羽毛球馆-4号,08:00-09:00,1,1,已售/已满,已售,晴,17,12,5,0.0,86,29
2026-05-21 07:56:31,2026-05-21,4,羽毛球馆-4号,08:00-09:00,1,1,已售/已满,已售,晴,17,12,5,0.0,86,29
2026-05-21 07:59:26,2026-05-21,4,羽毛球馆-4号,08:00-09:00,1,1,已售/已满,已售,晴,17,12,5,0.0,86,29
2026-05-21 00:30:49,2026-05-21,4,羽毛球馆-4号,09:00-10:00,0,1,可预约,￥12.0,多云,15,13,3,0.0,100,26
2026-05-21 01:00:55,2026-05-21,4,羽毛球馆-4号,09:00-10:00,0,1,可预约,￥12.0,多云,15,12,4,0.0,100,26
2026-05-21 01:30:47,2026-05-21,4,羽毛球馆-4号,09:00-10:00,0,1,可预约,￥12.0,多云,15,13,4,0.0,100,28
2026-05-21 02:00:53,2026-05-21,4,羽毛球馆-4号,09:00-10:00,0,1,可预约,￥12.0,多云,15,12,4,0.0,100,28
2026-05-21 02:30:49,2026-05-21,4,羽毛球馆-4号,09:00-10:00,0,1,可预约,￥12.0,多云,15,14,3,0.0,100,29
2026-05-21 03:00:55,2026-05-21,4,羽毛球馆-4号,09:00-10:00,0,1,可预约,￥12.0,多云,15,12,4,0.0,100,29
2026-05-21 03:30:49,2026-05-21,4,羽毛球馆-4号,09:00-10:00,0,1,可预约,￥12.0,多云,15,14,3,0.0,100,30
2026-05-21 04:30:45,2026-05-21,4,羽毛球馆-4号,09:00-10:00,0,1,可预约,￥12.0,多云,15,12,4,0.0,100,29
2026-05-21 05:00:52,2026-05-21,4,羽毛球馆-4号,09:00-10:00,0,1,可预约,￥12.0,多云,15,12,4,0.0,100,29
2026-05-21 05:30:49,2026-05-21,4,羽毛球馆-4号,09:00-10:00,0,1,可预约,￥12.0,多云,15,13,3,0.0,100,28
2026-05-21 06:00:50,2026-05-21,4,羽毛球馆-4号,09:00-10:00,0,1,可预约,￥12.0,多云,15,13,4,0.0,99,28
2026-05-21 06:30:38,2026-05-21,4,羽毛球馆-4号,09:00-10:00,0,1,可预约,￥12.0,多云,15,13,3,0.0,97,28
2026-05-21 07:00:43,2026-05-21,4,羽毛球馆-4号,09:00-10:00,0,1,可预约,￥12.0,晴,15,11,5,0.0,93,28
2026-05-21 07:30:39,2026-05-21,4,羽毛球馆-4号,09:00-10:00,0,1,可预约,￥12.0,晴,17,13,4,0.0,89,29
2026-05-21 07:50:40,2026-05-21,4,羽毛球馆-4号,09:00-10:00,0,1,可预约,￥12.0,晴,17,13,4,0.0,88,29
2026-05-21 07:53:31,2026-05-21,4,羽毛球馆-4号,09:00-10:00,0,1,可预约,￥12.0,晴,17,12,5,0.0,86,29
2026-05-21 07:56:31,2026-05-21,4,羽毛球馆-4号,09:00-10:00,0,1,可预约,￥12.0,晴,17,12,5,0.0,86,29
2026-05-21 07:59:26,2026-05-21,4,羽毛球馆-4号,09:00-10:00,0,1,可预约,￥12.0,晴,17,12,5,0.0,86,29
2026-05-21 00:30:49,2026-05-21,4,羽毛球馆-4号,10:00-11:00,1,1,已售/已满,教学时间,多云,15,13,3,0.0,100,26
2026-05-21 01:00:55,2026-05-21,4,羽毛球馆-4号,10:00-11:00,1,1,已售/已满,教学时间,多云,15,12,4,0.0,100,26
2026-05-21 01:30:47,2026-05-21,4,羽毛球馆-4号,10:00-11:00,1,1,已售/已满,教学时间,多云,15,13,4,0.0,100,28
2026-05-21 02:00:53,2026-05-21,4,羽毛球馆-4号,10:00-11:00,1,1,已售/已满,教学时间,多云,15,12,4,0.0,100,28
2026-05-21 02:30:49,2026-05-21,4,羽毛球馆-4号,10:00-11:00,1,1,已售/已满,教学时间,多云,15,14,3,0.0,100,29
2026-05-21 03:00:55,2026-05-21,4,羽毛球馆-4号,10:00-11:00,1,1,已售/已满,教学时间,多云,15,12,4,0.0,100,29
2026-05-21 03:30:49,2026-05-21,4,羽毛球馆-4号,10:00-11:00,1,1,已售/已满,教学时间,多云,15,14,3,0.0,100,30
2026-05-21 04:30:45,2026-05-21,4,羽毛球馆-4号,10:00-11:00,1,1,已售/已满,教学时间,多云,15,12,4,0.0,100,29
2026-05-21 05:00:52,2026-05-21,4,羽毛球馆-4号,10:00-11:00,1,1,已售/已满,教学时间,多云,15,12,4,0.0,100,29
2026-05-21 05:30:49,2026-05-21,4,羽毛球馆-4号,10:00-11:00,1,1,已售/已满,教学时间,多云,15,13,3,0.0,100,28
2026-05-21 06:00:50,2026-05-21,4,羽毛球馆-4号,10:00-11:00,1,1,已售/已满,教学时间,多云,15,13,4,0.0,99,28
2026-05-21 06:30:38,2026-05-21,4,羽毛球馆-4号,10:00-11:00,1,1,已售/已满,教学时间,多云,15,13,3,0.0,97,28
2026-05-21 07:00:43,2026-05-21,4,羽毛球馆-4号,10:00-11:00,1,1,已售/已满,教学时间,晴,15,11,5,0.0,93,28
2026-05-21 07:30:39,2026-05-21,4,羽毛球馆-4号,10:00-11:00,1,1,已售/已满,教学时间,晴,17,13,4,0.0,89,29
2026-05-21 07:50:40,2026-05-21,4,羽毛球馆-4号,10:00-11:00,1,1,已售/已满,教学时间,晴,17,13,4,0.0,88,29
2026-05-21 07:53:31,2026-05-21,4,羽毛球馆-4号,10:00-11:00,1,1,已售/已满,教学时间,晴,17,12,5,0.0,86,29
2026-05-21 07:56:31,2026-05-21,4,羽毛球馆-4号,10:00-11:00,1,1,已售/已满,教学时间,晴,17,12,5,0.0,86,29
2026-05-21 07:59:26,2026-05-21,4,羽毛球馆-4号,10:00-11:00,1,1,已售/已满,教学时间,晴,17,12,5,0.0,86,29
2026-05-21 00:30:49,2026-05-21,4,羽毛球馆-4号,11:00-12:00,1,1,已售/已满,教学时间,多云,15,13,3,0.0,100,26
2026-05-21 01:00:55,2026-05-21,4,羽毛球馆-4号,11:00-12:00,1,1,已售/已满,教学时间,多云,15,12,4,0.0,100,26
2026-05-21 01:30:47,2026-05-21,4,羽毛球馆-4号,11:00-12:00,1,1,已售/已满,教学时间,多云,15,13,4,0.0,100,28
2026-05-21 02:00:53,2026-05-21,4,羽毛球馆-4号,11:00-12:00,1,1,已售/已满,教学时间,多云,15,12,4,0.0,100,28
2026-05-21 02:30:49,2026-05-21,4,羽毛球馆-4号,11:00-12:00,1,1,已售/已满,教学时间,多云,15,14,3,0.0,100,29
2026-05-21 03:00:55,2026-05-21,4,羽毛球馆-4号,11:00-12:00,1,1,已售/已满,教学时间,多云,15,12,4,0.0,100,29
2026-05-21 03:30:49,2026-05-21,4,羽毛球馆-4号,11:00-12:00,1,1,已售/已满,教学时间,多云,15,14,3,0.0,100,30
2026-05-21 04:30:45,2026-05-21,4,羽毛球馆-4号,11:00-12:00,1,1,已售/已满,教学时间,多云,15,12,4,0.0,100,29
2026-05-21 05:00:52,2026-05-21,4,羽毛球馆-4号,11:00-12:00,1,1,已售/已满,教学时间,多云,15,12,4,0.0,100,29
2026-05-21 05:30:49,2026-05-21,4,羽毛球馆-4号,11:00-12:00,1,1,已售/已满,教学时间,多云,15,13,3,0.0,100,28
2026-05-21 06:00:50,2026-05-21,4,羽毛球馆-4号,11:00-12:00,1,1,已售/已满,教学时间,多云,15,13,4,0.0,99,28
2026-05-21 06:30:38,2026-05-21,4,羽毛球馆-4号,11:00-12:00,1,1,已售/已满,教学时间,多云,15,13,3,0.0,97,28
2026-05-21 07:00:43,2026-05-21,4,羽毛球馆-4号,11:00-12:00,1,1,已售/已满,教学时间,晴,15,11,5,0.0,93,28
2026-05-21 07:30:39,2026-05-21,4,羽毛球馆-4号,11:00-12:00,1,1,已售/已满,教学时间,晴,17,13,4,0.0,89,29
2026-05-21 07:50:40,2026-05-21,4,羽毛球馆-4号,11:00-12:00,1,1,已售/已满,教学时间,晴,17,13,4,0.0,88,29
2026-05-21 07:53:31,2026-05-21,4,羽毛球馆-4号,11:00-12:00,1,1,已售/已满,教学时间,晴,17,12,5,0.0,86,29
2026-05-21 07:56:31,2026-05-21,4,羽毛球馆-4号,11:00-12:00,1,1,已售/已满,教学时间,晴,17,12,5,0.0,86,29
2026-05-21 07:59:26,2026-05-21,4,羽毛球馆-4号,11:00-12:00,1,1,已售/已满,教学时间,晴,17,12,5,0.0,86,29
2026-05-21 00:30:49,2026-05-21,4,羽毛球馆-4号,12:00-12:55,1,1,已售/已满,已售,多云,15,13,3,0.0,100,26
2026-05-21 01:00:55,2026-05-21,4,羽毛球馆-4号,12:00-12:55,1,1,已售/已满,已售,多云,15,12,4,0.0,100,26
2026-05-21 01:30:47,2026-05-21,4,羽毛球馆-4号,12:00-12:55,1,1,已售/已满,已售,多云,15,13,4,0.0,100,28
2026-05-21 02:00:53,2026-05-21,4,羽毛球馆-4号,12:00-12:55,1,1,已售/已满,已售,多云,15,12,4,0.0,100,28
2026-05-21 02:30:49,2026-05-21,4,羽毛球馆-4号,12:00-12:55,1,1,已售/已满,已售,多云,15,14,3,0.0,100,29
2026-05-21 03:00:55,2026-05-21,4,羽毛球馆-4号,12:00-12:55,1,1,已售/已满,已售,多云,15,12,4,0.0,100,29
2026-05-21 03:30:49,2026-05-21,4,羽毛球馆-4号,12:00-12:55,1,1,已售/已满,已售,多云,15,14,3,0.0,100,30
2026-05-21 04:30:45,2026-05-21,4,羽毛球馆-4号,12:00-12:55,1,1,已售/已满,已售,多云,15,12,4,0.0,100,29
2026-05-21 05:00:52,2026-05-21,4,羽毛球馆-4号,12:00-12:55,1,1,已售/已满,已售,多云,15,12,4,0.0,100,29
2026-05-21 05:30:49,2026-05-21,4,羽毛球馆-4号,12:00-12:55,1,1,已售/已满,已售,多云,15,13,3,0.0,100,28
2026-05-21 06:00:50,2026-05-21,4,羽毛球馆-4号,12:00-12:55,1,1,已售/已满,已售,多云,15,13,4,0.0,99,28
2026-05-21 06:30:38,2026-05-21,4,羽毛球馆-4号,12:00-12:55,1,1,已售/已满,已售,多云,15,13,3,0.0,97,28
2026-05-21 07:00:43,2026-05-21,4,羽毛球馆-4号,12:00-12:55,1,1,已售/已满,已售,晴,15,11,5,0.0,93,28
2026-05-21 07:30:39,2026-05-21,4,羽毛球馆-4号,12:00-12:55,1,1,已售/已满,已售,晴,17,13,4,0.0,89,29
2026-05-21 07:50:40,2026-05-21,4,羽毛球馆-4号,12:00-12:55,1,1,已售/已满,已售,晴,17,13,4,0.0,88,29
2026-05-21 07:53:31,2026-05-21,4,羽毛球馆-4号,12:00-12:55,1,1,已售/已满,已售,晴,17,12,5,0.0,86,29
2026-05-21 07:56:31,2026-05-21,4,羽毛球馆-4号,12:00-12:55,1,1,已售/已满,已售,晴,17,12,5,0.0,86,29
2026-05-21 07:59:26,2026-05-21,4,羽毛球馆-4号,12:00-12:55,1,1,已售/已满,已售,晴,17,12,5,0.0,86,29
2026-05-21 00:30:49,2026-05-21,4,羽毛球馆-4号,12:55-13:50,1,1,已售/已满,已售,多云,15,13,3,0.0,100,26
2026-05-21 01:00:55,2026-05-21,4,羽毛球馆-4号,12:55-13:50,1,1,已售/已满,已售,多云,15,12,4,0.0,100,26
2026-05-21 01:30:47,2026-05-21,4,羽毛球馆-4号,12:55-13:50,1,1,已售/已满,已售,多云,15,13,4,0.0,100,28
2026-05-21 02:00:53,2026-05-21,4,羽毛球馆-4号,12:55-13:50,1,1,已售/已满,已售,多云,15,12,4,0.0,100,28
2026-05-21 02:30:49,2026-05-21,4,羽毛球馆-4号,12:55-13:50,1,1,已售/已满,已售,多云,15,14,3,0.0,100,29
2026-05-21 03:00:55,2026-05-21,4,羽毛球馆-4号,12:55-13:50,1,1,已售/已满,已售,多云,15,12,4,0.0,100,29
2026-05-21 03:30:49,2026-05-21,4,羽毛球馆-4号,12:55-13:50,1,1,已售/已满,已售,多云,15,14,3,0.0,100,30
2026-05-21 04:30:45,2026-05-21,4,羽毛球馆-4号,12:55-13:50,1,1,已售/已满,已售,多云,15,12,4,0.0,100,29
2026-05-21 05:00:52,2026-05-21,4,羽毛球馆-4号,12:55-13:50,1,1,已售/已满,已售,多云,15,12,4,0.0,100,29
2026-05-21 05:30:49,2026-05-21,4,羽毛球馆-4号,12:55-13:50,1,1,已售/已满,已售,多云,15,13,3,0.0,100,28
2026-05-21 06:00:50,2026-05-21,4,羽毛球馆-4号,12:55-13:50,1,1,已售/已满,已售,多云,15,13,4,0.0,99,28
2026-05-21 06:30:38,2026-05-21,4,羽毛球馆-4号,12:55-13:50,1,1,已售/已满,已售,多云,15,13,3,0.0,97,28
2026-05-21 07:00:43,2026-05-21,4,羽毛球馆-4号,12:55-13:50,1,1,已售/已满,已售,晴,15,11,5,0.0,93,28
2026-05-21 07:30:39,2026-05-21,4,羽毛球馆-4号,12:55-13:50,1,1,已售/已满,已售,晴,17,13,4,0.0,89,29
2026-05-21 07:50:40,2026-05-21,4,羽毛球馆-4号,12:55-13:50,1,1,已售/已满,已售,晴,17,13,4,0.0,88,29
2026-05-21 07:53:31,2026-05-21,4,羽毛球馆-4号,12:55-13:50,1,1,已售/已满,已售,晴,17,12,5,0.0,86,29
2026-05-21 07:56:31,2026-05-21,4,羽毛球馆-4号,12:55-13:50,1,1,已售/已满,已售,晴,17,12,5,0.0,86,29
2026-05-21 07:59:26,2026-05-21,4,羽毛球馆-4号,12:55-13:50,1,1,已售/已满,已售,晴,17,12,5,0.0,86,29
2026-05-21 00:30:49,2026-05-21,4,羽毛球馆-4号,14:00-15:00,0,1,可预约,￥12.0,多云,15,13,3,0.0,100,26
2026-05-21 01:00:55,2026-05-21,4,羽毛球馆-4号,14:00-15:00,0,1,可预约,￥12.0,多云,15,12,4,0.0,100,26
2026-05-21 01:30:47,2026-05-21,4,羽毛球馆-4号,14:00-15:00,0,1,可预约,￥12.0,多云,15,13,4,0.0,100,28
2026-05-21 02:00:53,2026-05-21,4,羽毛球馆-4号,14:00-15:00,0,1,可预约,￥12.0,多云,15,12,4,0.0,100,28
2026-05-21 02:30:49,2026-05-21,4,羽毛球馆-4号,14:00-15:00,0,1,可预约,￥12.0,多云,15,14,3,0.0,100,29
2026-05-21 03:00:55,2026-05-21,4,羽毛球馆-4号,14:00-15:00,0,1,可预约,￥12.0,多云,15,12,4,0.0,100,29
2026-05-21 03:30:49,2026-05-21,4,羽毛球馆-4号,14:00-15:00,0,1,可预约,￥12.0,多云,15,14,3,0.0,100,30
2026-05-21 04:30:45,2026-05-21,4,羽毛球馆-4号,14:00-15:00,0,1,可预约,￥12.0,多云,15,12,4,0.0,100,29
2026-05-21 05:00:52,2026-05-21,4,羽毛球馆-4号,14:00-15:00,0,1,可预约,￥12.0,多云,15,12,4,0.0,100,29
2026-05-21 05:30:49,2026-05-21,4,羽毛球馆-4号,14:00-15:00,0,1,可预约,￥12.0,多云,15,13,3,0.0,100,28
2026-05-21 06:00:50,2026-05-21,4,羽毛球馆-4号,14:00-15:00,0,1,可预约,￥12.0,多云,15,13,4,0.0,99,28
2026-05-21 06:30:38,2026-05-21,4,羽毛球馆-4号,14:00-15:00,0,1,可预约,￥12.0,多云,15,13,3,0.0,97,28
2026-05-21 07:00:43,2026-05-21,4,羽毛球馆-4号,14:00-15:00,0,1,可预约,￥12.0,晴,15,11,5,0.0,93,28
2026-05-21 07:30:39,2026-05-21,4,羽毛球馆-4号,14:00-15:00,0,1,可预约,￥12.0,晴,17,13,4,0.0,89,29
2026-05-21 07:50:40,2026-05-21,4,羽毛球馆-4号,14:00-15:00,0,1,可预约,￥12.0,晴,17,13,4,0.0,88,29
2026-05-21 07:53:31,2026-05-21,4,羽毛球馆-4号,14:00-15:00,0,1,可预约,￥12.0,晴,17,12,5,0.0,86,29
2026-05-21 07:56:31,2026-05-21,4,羽毛球馆-4号,14:00-15:00,0,1,可预约,￥12.0,晴,17,12,5,0.0,86,29
2026-05-21 07:59:26,2026-05-21,4,羽毛球馆-4号,14:00-15:00,0,1,可预约,￥12.0,晴,17,12,5,0.0,86,29
2026-05-21 00:30:49,2026-05-21,4,羽毛球馆-4号,15:00-16:00,0,1,可预约,￥12.0,多云,15,13,3,0.0,100,26
2026-05-21 01:00:55,2026-05-21,4,羽毛球馆-4号,15:00-16:00,0,1,可预约,￥12.0,多云,15,12,4,0.0,100,26
2026-05-21 01:30:47,2026-05-21,4,羽毛球馆-4号,15:00-16:00,0,1,可预约,￥12.0,多云,15,13,4,0.0,100,28
2026-05-21 02:00:53,2026-05-21,4,羽毛球馆-4号,15:00-16:00,0,1,可预约,￥12.0,多云,15,12,4,0.0,100,28
2026-05-21 02:30:49,2026-05-21,4,羽毛球馆-4号,15:00-16:00,0,1,可预约,￥12.0,多云,15,14,3,0.0,100,29
2026-05-21 03:00:55,2026-05-21,4,羽毛球馆-4号,15:00-16:00,0,1,可预约,￥12.0,多云,15,12,4,0.0,100,29
2026-05-21 03:30:49,2026-05-21,4,羽毛球馆-4号,15:00-16:00,0,1,可预约,￥12.0,多云,15,14,3,0.0,100,30
2026-05-21 04:30:45,2026-05-21,4,羽毛球馆-4号,15:00-16:00,0,1,可预约,￥12.0,多云,15,12,4,0.0,100,29
2026-05-21 05:00:52,2026-05-21,4,羽毛球馆-4号,15:00-16:00,0,1,可预约,￥12.0,多云,15,12,4,0.0,100,29
2026-05-21 05:30:49,2026-05-21,4,羽毛球馆-4号,15:00-16:00,0,1,可预约,￥12.0,多云,15,13,3,0.0,100,28
2026-05-21 06:00:50,2026-05-21,4,羽毛球馆-4号,15:00-16:00,0,1,可预约,￥12.0,多云,15,13,4,0.0,99,28
2026-05-21 06:30:38,2026-05-21,4,羽毛球馆-4号,15:00-16:00,0,1,可预约,￥12.0,多云,15,13,3,0.0,97,28
2026-05-21 07:00:43,2026-05-21,4,羽毛球馆-4号,15:00-16:00,0,1,可预约,￥12.0,晴,15,11,5,0.0,93,28
2026-05-21 07:30:39,2026-05-21,4,羽毛球馆-4号,15:00-16:00,0,1,可预约,￥12.0,晴,17,13,4,0.0,89,29
2026-05-21 07:50:40,2026-05-21,4,羽毛球馆-4号,15:00-16:00,0,1,可预约,￥12.0,晴,17,13,4,0.0,88,29
2026-05-21 07:53:31,2026-05-21,4,羽毛球馆-4号,15:00-16:00,0,1,可预约,￥12.0,晴,17,12,5,0.0,86,29
2026-05-21 07:56:31,2026-05-21,4,羽毛球馆-4号,15:00-16:00,0,1,可预约,￥12.0,晴,17,12,5,0.0,86,29
2026-05-21 07:59:26,2026-05-21,4,羽毛球馆-4号,15:00-16:00,0,1,可预约,￥12.0,晴,17,12,5,0.0,86,29
2026-05-21 00:30:49,2026-05-21,4,羽毛球馆-4号,16:00-17:00,1,1,已售/已满,已售,多云,15,13,3,0.0,100,26
2026-05-21 01:00:55,2026-05-21,4,羽毛球馆-4号,16:00-17:00,1,1,已售/已满,已售,多云,15,12,4,0.0,100,26
2026-05-21 01:30:47,2026-05-21,4,羽毛球馆-4号,16:00-17:00,1,1,已售/已满,已售,多云,15,13,4,0.0,100,28
2026-05-21 02:00:53,2026-05-21,4,羽毛球馆-4号,16:00-17:00,1,1,已售/已满,已售,多云,15,12,4,0.0,100,28
2026-05-21 02:30:49,2026-05-21,4,羽毛球馆-4号,16:00-17:00,1,1,已售/已满,已售,多云,15,14,3,0.0,100,29
2026-05-21 03:00:55,2026-05-21,4,羽毛球馆-4号,16:00-17:00,1,1,已售/已满,已售,多云,15,12,4,0.0,100,29
2026-05-21 03:30:49,2026-05-21,4,羽毛球馆-4号,16:00-17:00,1,1,已售/已满,已售,多云,15,14,3,0.0,100,30
2026-05-21 04:30:45,2026-05-21,4,羽毛球馆-4号,16:00-17:00,1,1,已售/已满,已售,多云,15,12,4,0.0,100,29
2026-05-21 05:00:52,2026-05-21,4,羽毛球馆-4号,16:00-17:00,1,1,已售/已满,已售,多云,15,12,4,0.0,100,29
2026-05-21 05:30:49,2026-05-21,4,羽毛球馆-4号,16:00-17:00,1,1,已售/已满,已售,多云,15,13,3,0.0,100,28
2026-05-21 06:00:50,2026-05-21,4,羽毛球馆-4号,16:00-17:00,1,1,已售/已满,已售,多云,15,13,4,0.0,99,28
2026-05-21 06:30:38,2026-05-21,4,羽毛球馆-4号,16:00-17:00,1,1,已售/已满,已售,多云,15,13,3,0.0,97,28
2026-05-21 07:00:43,2026-05-21,4,羽毛球馆-4号,16:00-17:00,1,1,已售/已满,已售,晴,15,11,5,0.0,93,28
2026-05-21 07:30:39,2026-05-21,4,羽毛球馆-4号,16:00-17:00,1,1,已售/已满,已售,晴,17,13,4,0.0,89,29
2026-05-21 07:50:40,2026-05-21,4,羽毛球馆-4号,16:00-17:00,1,1,已售/已满,已售,晴,17,13,4,0.0,88,29
2026-05-21 07:53:31,2026-05-21,4,羽毛球馆-4号,16:00-17:00,1,1,已售/已满,已售,晴,17,12,5,0.0,86,29
2026-05-21 07:56:31,2026-05-21,4,羽毛球馆-4号,16:00-17:00,1,1,已售/已满,已售,晴,17,12,5,0.0,86,29
2026-05-21 07:59:26,2026-05-21,4,羽毛球馆-4号,16:00-17:00,1,1,已售/已满,已售,晴,17,12,5,0.0,86,29
2026-05-21 00:30:49,2026-05-21,4,羽毛球馆-4号,17:00-18:00,1,1,已售/已满,已售,多云,15,13,3,0.0,100,26
2026-05-21 01:00:55,2026-05-21,4,羽毛球馆-4号,17:00-18:00,1,1,已售/已满,已售,多云,15,12,4,0.0,100,26
2026-05-21 01:30:47,2026-05-21,4,羽毛球馆-4号,17:00-18:00,1,1,已售/已满,已售,多云,15,13,4,0.0,100,28
2026-05-21 02:00:53,2026-05-21,4,羽毛球馆-4号,17:00-18:00,1,1,已售/已满,已售,多云,15,12,4,0.0,100,28
2026-05-21 02:30:49,2026-05-21,4,羽毛球馆-4号,17:00-18:00,1,1,已售/已满,已售,多云,15,14,3,0.0,100,29
2026-05-21 03:00:55,2026-05-21,4,羽毛球馆-4号,17:00-18:00,1,1,已售/已满,已售,多云,15,12,4,0.0,100,29
2026-05-21 03:30:49,2026-05-21,4,羽毛球馆-4号,17:00-18:00,1,1,已售/已满,已售,多云,15,14,3,0.0,100,30
2026-05-21 04:30:45,2026-05-21,4,羽毛球馆-4号,17:00-18:00,1,1,已售/已满,已售,多云,15,12,4,0.0,100,29
2026-05-21 05:00:52,2026-05-21,4,羽毛球馆-4号,17:00-18:00,1,1,已售/已满,已售,多云,15,12,4,0.0,100,29
2026-05-21 05:30:49,2026-05-21,4,羽毛球馆-4号,17:00-18:00,1,1,已售/已满,已售,多云,15,13,3,0.0,100,28
2026-05-21 06:00:50,2026-05-21,4,羽毛球馆-4号,17:00-18:00,1,1,已售/已满,已售,多云,15,13,4,0.0,99,28
2026-05-21 06:30:38,2026-05-21,4,羽毛球馆-4号,17:00-18:00,1,1,已售/已满,已售,多云,15,13,3,0.0,97,28
2026-05-21 07:00:43,2026-05-21,4,羽毛球馆-4号,17:00-18:00,1,1,已售/已满,已售,晴,15,11,5,0.0,93,28
2026-05-21 07:30:39,2026-05-21,4,羽毛球馆-4号,17:00-18:00,1,1,已售/已满,已售,晴,17,13,4,0.0,89,29
2026-05-21 07:50:40,2026-05-21,4,羽毛球馆-4号,17:00-18:00,1,1,已售/已满,已售,晴,17,13,4,0.0,88,29
2026-05-21 07:53:31,2026-05-21,4,羽毛球馆-4号,17:00-18:00,1,1,已售/已满,已售,晴,17,12,5,0.0,86,29
2026-05-21 07:56:31,2026-05-21,4,羽毛球馆-4号,17:00-18:00,1,1,已售/已满,已售,晴,17,12,5,0.0,86,29
2026-05-21 07:59:26,2026-05-21,4,羽毛球馆-4号,17:00-18:00,1,1,已售/已满,已售,晴,17,12,5,0.0,86,29
2026-05-21 00:30:49,2026-05-21,4,羽毛球馆-4号,18:30-19:30,1,1,已售/已满,已售,多云,15,13,3,0.0,100,26
2026-05-21 01:00:55,2026-05-21,4,羽毛球馆-4号,18:30-19:30,1,1,已售/已满,已售,多云,15,12,4,0.0,100,26
2026-05-21 01:30:47,2026-05-21,4,羽毛球馆-4号,18:30-19:30,1,1,已售/已满,已售,多云,15,13,4,0.0,100,28
2026-05-21 02:00:53,2026-05-21,4,羽毛球馆-4号,18:30-19:30,1,1,已售/已满,已售,多云,15,12,4,0.0,100,28
2026-05-21 02:30:49,2026-05-21,4,羽毛球馆-4号,18:30-19:30,1,1,已售/已满,已售,多云,15,14,3,0.0,100,29
2026-05-21 03:00:55,2026-05-21,4,羽毛球馆-4号,18:30-19:30,1,1,已售/已满,已售,多云,15,12,4,0.0,100,29
2026-05-21 03:30:49,2026-05-21,4,羽毛球馆-4号,18:30-19:30,1,1,已售/已满,已售,多云,15,14,3,0.0,100,30
2026-05-21 04:30:45,2026-05-21,4,羽毛球馆-4号,18:30-19:30,1,1,已售/已满,已售,多云,15,12,4,0.0,100,29
2026-05-21 05:00:52,2026-05-21,4,羽毛球馆-4号,18:30-19:30,1,1,已售/已满,已售,多云,15,12,4,0.0,100,29
2026-05-21 05:30:49,2026-05-21,4,羽毛球馆-4号,18:30-19:30,1,1,已售/已满,已售,多云,15,13,3,0.0,100,28
2026-05-21 06:00:50,2026-05-21,4,羽毛球馆-4号,18:30-19:30,1,1,已售/已满,已售,多云,15,13,4,0.0,99,28
2026-05-21 06:30:38,2026-05-21,4,羽毛球馆-4号,18:30-19:30,1,1,已售/已满,已售,多云,15,13,3,0.0,97,28
2026-05-21 07:00:43,2026-05-21,4,羽毛球馆-4号,18:30-19:30,1,1,已售/已满,已售,晴,15,11,5,0.0,93,28
2026-05-21 07:30:39,2026-05-21,4,羽毛球馆-4号,18:30-19:30,1,1,已售/已满,已售,晴,17,13,4,0.0,89,29
2026-05-21 07:50:40,2026-05-21,4,羽毛球馆-4号,18:30-19:30,1,1,已售/已满,已售,晴,17,13,4,0.0,88,29
2026-05-21 07:53:31,2026-05-21,4,羽毛球馆-4号,18:30-19:30,1,1,已售/已满,已售,晴,17,12,5,0.0,86,29
2026-05-21 07:56:31,2026-05-21,4,羽毛球馆-4号,18:30-19:30,1,1,已售/已满,已售,晴,17,12,5,0.0,86,29
2026-05-21 07:59:26,2026-05-21,4,羽毛球馆-4号,18:30-19:30,1,1,已售/已满,已售,晴,17,12,5,0.0,86,29
2026-05-21 00:30:49,2026-05-21,4,羽毛球馆-4号,19:30-20:30,1,1,已售/已满,已售,多云,15,13,3,0.0,100,26
2026-05-21 01:00:55,2026-05-21,4,羽毛球馆-4号,19:30-20:30,1,1,已售/已满,已售,多云,15,12,4,0.0,100,26
2026-05-21 01:30:47,2026-05-21,4,羽毛球馆-4号,19:30-20:30,1,1,已售/已满,已售,多云,15,13,4,0.0,100,28
2026-05-21 02:00:53,2026-05-21,4,羽毛球馆-4号,19:30-20:30,1,1,已售/已满,已售,多云,15,12,4,0.0,100,28
2026-05-21 02:30:49,2026-05-21,4,羽毛球馆-4号,19:30-20:30,1,1,已售/已满,已售,多云,15,14,3,0.0,100,29
2026-05-21 03:00:55,2026-05-21,4,羽毛球馆-4号,19:30-20:30,1,1,已售/已满,已售,多云,15,12,4,0.0,100,29
2026-05-21 03:30:49,2026-05-21,4,羽毛球馆-4号,19:30-20:30,1,1,已售/已满,已售,多云,15,14,3,0.0,100,30
2026-05-21 04:30:45,2026-05-21,4,羽毛球馆-4号,19:30-20:30,1,1,已售/已满,已售,多云,15,12,4,0.0,100,29
2026-05-21 05:00:52,2026-05-21,4,羽毛球馆-4号,19:30-20:30,1,1,已售/已满,已售,多云,15,12,4,0.0,100,29
2026-05-21 05:30:49,2026-05-21,4,羽毛球馆-4号,19:30-20:30,1,1,已售/已满,已售,多云,15,13,3,0.0,100,28
2026-05-21 06:00:50,2026-05-21,4,羽毛球馆-4号,19:30-20:30,1,1,已售/已满,已售,多云,15,13,4,0.0,99,28
2026-05-21 06:30:38,2026-05-21,4,羽毛球馆-4号,19:30-20:30,1,1,已售/已满,已售,多云,15,13,3,0.0,97,28
2026-05-21 07:00:43,2026-05-21,4,羽毛球馆-4号,19:30-20:30,1,1,已售/已满,已售,晴,15,11,5,0.0,93,28
2026-05-21 07:30:39,2026-05-21,4,羽毛球馆-4号,19:30-20:30,1,1,已售/已满,已售,晴,17,13,4,0.0,89,29
2026-05-21 07:50:40,2026-05-21,4,羽毛球馆-4号,19:30-20:30,1,1,已售/已满,已售,晴,17,13,4,0.0,88,29
2026-05-21 07:53:31,2026-05-21,4,羽毛球馆-4号,19:30-20:30,1,1,已售/已满,已售,晴,17,12,5,0.0,86,29
2026-05-21 07:56:31,2026-05-21,4,羽毛球馆-4号,19:30-20:30,1,1,已售/已满,已售,晴,17,12,5,0.0,86,29
2026-05-21 07:59:26,2026-05-21,4,羽毛球馆-4号,19:30-20:30,1,1,已售/已满,已售,晴,17,12,5,0.0,86,29
2026-05-21 00:30:49,2026-05-21,4,羽毛球馆-4号,20:30-21:30,1,1,已售/已满,已售,多云,15,13,3,0.0,100,26
2026-05-21 01:00:55,2026-05-21,4,羽毛球馆-4号,20:30-21:30,1,1,已售/已满,已售,多云,15,12,4,0.0,100,26
2026-05-21 01:30:47,2026-05-21,4,羽毛球馆-4号,20:30-21:30,1,1,已售/已满,已售,多云,15,13,4,0.0,100,28
2026-05-21 02:00:53,2026-05-21,4,羽毛球馆-4号,20:30-21:30,1,1,已售/已满,已售,多云,15,12,4,0.0,100,28
2026-05-21 02:30:49,2026-05-21,4,羽毛球馆-4号,20:30-21:30,1,1,已售/已满,已售,多云,15,14,3,0.0,100,29
2026-05-21 03:00:55,2026-05-21,4,羽毛球馆-4号,20:30-21:30,1,1,已售/已满,已售,多云,15,12,4,0.0,100,29
2026-05-21 03:30:49,2026-05-21,4,羽毛球馆-4号,20:30-21:30,1,1,已售/已满,已售,多云,15,14,3,0.0,100,30
2026-05-21 04:30:45,2026-05-21,4,羽毛球馆-4号,20:30-21:30,1,1,已售/已满,已售,多云,15,12,4,0.0,100,29
2026-05-21 05:00:52,2026-05-21,4,羽毛球馆-4号,20:30-21:30,1,1,已售/已满,已售,多云,15,12,4,0.0,100,29
2026-05-21 05:30:49,2026-05-21,4,羽毛球馆-4号,20:30-21:30,1,1,已售/已满,已售,多云,15,13,3,0.0,100,28
2026-05-21 06:00:50,2026-05-21,4,羽毛球馆-4号,20:30-21:30,1,1,已售/已满,已售,多云,15,13,4,0.0,99,28
2026-05-21 06:30:38,2026-05-21,4,羽毛球馆-4号,20:30-21:30,1,1,已售/已满,已售,多云,15,13,3,0.0,97,28
2026-05-21 07:00:43,2026-05-21,4,羽毛球馆-4号,20:30-21:30,1,1,已售/已满,已售,晴,15,11,5,0.0,93,28
2026-05-21 07:30:39,2026-05-21,4,羽毛球馆-4号,20:30-21:30,1,1,已售/已满,已售,晴,17,13,4,0.0,89,29
2026-05-21 07:50:40,2026-05-21,4,羽毛球馆-4号,20:30-21:30,1,1,已售/已满,已售,晴,17,13,4,0.0,88,29
2026-05-21 07:53:31,2026-05-21,4,羽毛球馆-4号,20:30-21:30,1,1,已售/已满,已售,晴,17,12,5,0.0,86,29
2026-05-21 07:56:31,2026-05-21,4,羽毛球馆-4号,20:30-21:30,1,1,已售/已满,已售,晴,17,12,5,0.0,86,29
2026-05-21 07:59:26,2026-05-21,4,羽毛球馆-4号,20:30-21:30,1,1,已售/已满,已售,晴,17,12,5,0.0,86,29
2026-05-21 00:30:49,2026-05-21,4,羽毛球馆-5号,07:00-08:00,0,1,可预约,￥0.0,多云,15,13,3,0.0,100,26
2026-05-21 01:00:55,2026-05-21,4,羽毛球馆-5号,07:00-08:00,0,1,可预约,￥0.0,多云,15,12,4,0.0,100,26
2026-05-21 01:30:47,2026-05-21,4,羽毛球馆-5号,07:00-08:00,0,1,可预约,￥0.0,多云,15,13,4,0.0,100,28
2026-05-21 02:00:53,2026-05-21,4,羽毛球馆-5号,07:00-08:00,0,1,可预约,￥0.0,多云,15,12,4,0.0,100,28
2026-05-21 02:30:49,2026-05-21,4,羽毛球馆-5号,07:00-08:00,0,1,可预约,￥0.0,多云,15,14,3,0.0,100,29
2026-05-21 03:00:55,2026-05-21,4,羽毛球馆-5号,07:00-08:00,0,1,可预约,￥0.0,多云,15,12,4,0.0,100,29
2026-05-21 03:30:49,2026-05-21,4,羽毛球馆-5号,07:00-08:00,0,1,可预约,￥0.0,多云,15,14,3,0.0,100,30
2026-05-21 04:30:45,2026-05-21,4,羽毛球馆-5号,07:00-08:00,0,1,可预约,￥0.0,多云,15,12,4,0.0,100,29
2026-05-21 05:00:52,2026-05-21,4,羽毛球馆-5号,07:00-08:00,0,1,可预约,￥0.0,多云,15,12,4,0.0,100,29
2026-05-21 05:30:49,2026-05-21,4,羽毛球馆-5号,07:00-08:00,0,1,可预约,￥0.0,多云,15,13,3,0.0,100,28
2026-05-21 06:00:50,2026-05-21,4,羽毛球馆-5号,07:00-08:00,0,1,可预约,￥0.0,多云,15,13,4,0.0,99,28
2026-05-21 06:30:38,2026-05-21,4,羽毛球馆-5号,07:00-08:00,0,1,可预约,￥0.0,多云,15,13,3,0.0,97,28
2026-05-21 07:00:43,2026-05-21,4,羽毛球馆-5号,07:00-08:00,0,1,可预约,￥0.0,晴,15,11,5,0.0,93,28
2026-05-21 07:30:39,2026-05-21,4,羽毛球馆-5号,07:00-08:00,0,1,可预约,￥0.0,晴,17,13,4,0.0,89,29
2026-05-21 07:50:40,2026-05-21,4,羽毛球馆-5号,07:00-08:00,0,1,可预约,￥0.0,晴,17,13,4,0.0,88,29
2026-05-21 07:53:31,2026-05-21,4,羽毛球馆-5号,07:00-08:00,0,1,可预约,￥0.0,晴,17,12,5,0.0,86,29
2026-05-21 07:56:31,2026-05-21,4,羽毛球馆-5号,07:00-08:00,0,1,可预约,￥0.0,晴,17,12,5,0.0,86,29
2026-05-21 07:59:26,2026-05-21,4,羽毛球馆-5号,07:00-08:00,0,1,可预约,￥0.0,晴,17,12,5,0.0,86,29
2026-05-21 00:30:49,2026-05-21,4,羽毛球馆-5号,08:00-09:00,1,1,已售/已满,已售,多云,15,13,3,0.0,100,26
2026-05-21 01:00:55,2026-05-21,4,羽毛球馆-5号,08:00-09:00,1,1,已售/已满,已售,多云,15,12,4,0.0,100,26
2026-05-21 01:30:47,2026-05-21,4,羽毛球馆-5号,08:00-09:00,1,1,已售/已满,已售,多云,15,13,4,0.0,100,28
2026-05-21 02:00:53,2026-05-21,4,羽毛球馆-5号,08:00-09:00,1,1,已售/已满,已售,多云,15,12,4,0.0,100,28
2026-05-21 02:30:49,2026-05-21,4,羽毛球馆-5号,08:00-09:00,1,1,已售/已满,已售,多云,15,14,3,0.0,100,29
2026-05-21 03:00:55,2026-05-21,4,羽毛球馆-5号,08:00-09:00,1,1,已售/已满,已售,多云,15,12,4,0.0,100,29
2026-05-21 03:30:49,2026-05-21,4,羽毛球馆-5号,08:00-09:00,1,1,已售/已满,已售,多云,15,14,3,0.0,100,30
2026-05-21 04:30:45,2026-05-21,4,羽毛球馆-5号,08:00-09:00,1,1,已售/已满,已售,多云,15,12,4,0.0,100,29
2026-05-21 05:00:52,2026-05-21,4,羽毛球馆-5号,08:00-09:00,1,1,已售/已满,已售,多云,15,12,4,0.0,100,29
2026-05-21 05:30:49,2026-05-21,4,羽毛球馆-5号,08:00-09:00,1,1,已售/已满,已售,多云,15,13,3,0.0,100,28
2026-05-21 06:00:50,2026-05-21,4,羽毛球馆-5号,08:00-09:00,1,1,已售/已满,已售,多云,15,13,4,0.0,99,28
2026-05-21 06:30:38,2026-05-21,4,羽毛球馆-5号,08:00-09:00,1,1,已售/已满,已售,多云,15,13,3,0.0,97,28
2026-05-21 07:00:43,2026-05-21,4,羽毛球馆-5号,08:00-09:00,1,1,已售/已满,已售,晴,15,11,5,0.0,93,28
2026-05-21 07:30:39,2026-05-21,4,羽毛球馆-5号,08:00-09:00,1,1,已售/已满,已售,晴,17,13,4,0.0,89,29
2026-05-21 07:50:40,2026-05-21,4,羽毛球馆-5号,08:00-09:00,1,1,已售/已满,已售,晴,17,13,4,0.0,88,29
2026-05-21 07:53:31,2026-05-21,4,羽毛球馆-5号,08:00-09:00,1,1,已售/已满,已售,晴,17,12,5,0.0,86,29
2026-05-21 07:56:31,2026-05-21,4,羽毛球馆-5号,08:00-09:00,1,1,已售/已满,已售,晴,17,12,5,0.0,86,29
2026-05-21 07:59:26,2026-05-21,4,羽毛球馆-5号,08:00-09:00,1,1,已售/已满,已售,晴,17,12,5,0.0,86,29
2026-05-21 00:30:49,2026-05-21,4,羽毛球馆-5号,09:00-10:00,0,1,可预约,￥12.0,多云,15,13,3,0.0,100,26
2026-05-21 01:00:55,2026-05-21,4,羽毛球馆-5号,09:00-10:00,0,1,可预约,￥12.0,多云,15,12,4,0.0,100,26
2026-05-21 01:30:47,2026-05-21,4,羽毛球馆-5号,09:00-10:00,0,1,可预约,￥12.0,多云,15,13,4,0.0,100,28
2026-05-21 02:00:53,2026-05-21,4,羽毛球馆-5号,09:00-10:00,0,1,可预约,￥12.0,多云,15,12,4,0.0,100,28
2026-05-21 02:30:49,2026-05-21,4,羽毛球馆-5号,09:00-10:00,0,1,可预约,￥12.0,多云,15,14,3,0.0,100,29
2026-05-21 03:00:55,2026-05-21,4,羽毛球馆-5号,09:00-10:00,0,1,可预约,￥12.0,多云,15,12,4,0.0,100,29
2026-05-21 03:30:49,2026-05-21,4,羽毛球馆-5号,09:00-10:00,0,1,可预约,￥12.0,多云,15,14,3,0.0,100,30
2026-05-21 04:30:45,2026-05-21,4,羽毛球馆-5号,09:00-10:00,0,1,可预约,￥12.0,多云,15,12,4,0.0,100,29
2026-05-21 05:00:52,2026-05-21,4,羽毛球馆-5号,09:00-10:00,0,1,可预约,￥12.0,多云,15,12,4,0.0,100,29
2026-05-21 05:30:49,2026-05-21,4,羽毛球馆-5号,09:00-10:00,0,1,可预约,￥12.0,多云,15,13,3,0.0,100,28
2026-05-21 06:00:50,2026-05-21,4,羽毛球馆-5号,09:00-10:00,0,1,可预约,￥12.0,多云,15,13,4,0.0,99,28
2026-05-21 06:30:38,2026-05-21,4,羽毛球馆-5号,09:00-10:00,0,1,可预约,￥12.0,多云,15,13,3,0.0,97,28
2026-05-21 07:00:43,2026-05-21,4,羽毛球馆-5号,09:00-10:00,0,1,可预约,￥12.0,晴,15,11,5,0.0,93,28
2026-05-21 07:30:39,2026-05-21,4,羽毛球馆-5号,09:00-10:00,0,1,可预约,￥12.0,晴,17,13,4,0.0,89,29
2026-05-21 07:50:40,2026-05-21,4,羽毛球馆-5号,09:00-10:00,0,1,可预约,￥12.0,晴,17,13,4,0.0,88,29
2026-05-21 07:53:31,2026-05-21,4,羽毛球馆-5号,09:00-10:00,0,1,可预约,￥12.0,晴,17,12,5,0.0,86,29
2026-05-21 07:56:31,2026-05-21,4,羽毛球馆-5号,09:00-10:00,0,1,可预约,￥12.0,晴,17,12,5,0.0,86,29
2026-05-21 07:59:26,2026-05-21,4,羽毛球馆-5号,09:00-10:00,0,1,可预约,￥12.0,晴,17,12,5,0.0,86,29
2026-05-21 00:30:49,2026-05-21,4,羽毛球馆-5号,10:00-11:00,1,1,已售/已满,教学时间,多云,15,13,3,0.0,100,26
2026-05-21 01:00:55,2026-05-21,4,羽毛球馆-5号,10:00-11:00,1,1,已售/已满,教学时间,多云,15,12,4,0.0,100,26
2026-05-21 01:30:47,2026-05-21,4,羽毛球馆-5号,10:00-11:00,1,1,已售/已满,教学时间,多云,15,13,4,0.0,100,28
2026-05-21 02:00:53,2026-05-21,4,羽毛球馆-5号,10:00-11:00,1,1,已售/已满,教学时间,多云,15,12,4,0.0,100,28
2026-05-21 02:30:49,2026-05-21,4,羽毛球馆-5号,10:00-11:00,1,1,已售/已满,教学时间,多云,15,14,3,0.0,100,29
2026-05-21 03:00:55,2026-05-21,4,羽毛球馆-5号,10:00-11:00,1,1,已售/已满,教学时间,多云,15,12,4,0.0,100,29
2026-05-21 03:30:49,2026-05-21,4,羽毛球馆-5号,10:00-11:00,1,1,已售/已满,教学时间,多云,15,14,3,0.0,100,30
2026-05-21 04:30:45,2026-05-21,4,羽毛球馆-5号,10:00-11:00,1,1,已售/已满,教学时间,多云,15,12,4,0.0,100,29
2026-05-21 05:00:52,2026-05-21,4,羽毛球馆-5号,10:00-11:00,1,1,已售/已满,教学时间,多云,15,12,4,0.0,100,29
2026-05-21 05:30:49,2026-05-21,4,羽毛球馆-5号,10:00-11:00,1,1,已售/已满,教学时间,多云,15,13,3,0.0,100,28
2026-05-21 06:00:50,2026-05-21,4,羽毛球馆-5号,10:00-11:00,1,1,已售/已满,教学时间,多云,15,13,4,0.0,99,28
2026-05-21 06:30:38,2026-05-21,4,羽毛球馆-5号,10:00-11:00,1,1,已售/已满,教学时间,多云,15,13,3,0.0,97,28
2026-05-21 07:00:43,2026-05-21,4,羽毛球馆-5号,10:00-11:00,1,1,已售/已满,教学时间,晴,15,11,5,0.0,93,28
2026-05-21 07:30:39,2026-05-21,4,羽毛球馆-5号,10:00-11:00,1,1,已售/已满,教学时间,晴,17,13,4,0.0,89,29
2026-05-21 07:50:40,2026-05-21,4,羽毛球馆-5号,10:00-11:00,1,1,已售/已满,教学时间,晴,17,13,4,0.0,88,29
2026-05-21 07:53:31,2026-05-21,4,羽毛球馆-5号,10:00-11:00,1,1,已售/已满,教学时间,晴,17,12,5,0.0,86,29
2026-05-21 07:56:31,2026-05-21,4,羽毛球馆-5号,10:00-11:00,1,1,已售/已满,教学时间,晴,17,12,5,0.0,86,29
2026-05-21 07:59:26,2026-05-21,4,羽毛球馆-5号,10:00-11:00,1,1,已售/已满,教学时间,晴,17,12,5,0.0,86,29
2026-05-21 00:30:49,2026-05-21,4,羽毛球馆-5号,11:00-12:00,1,1,已售/已满,教学时间,多云,15,13,3,0.0,100,26
2026-05-21 01:00:55,2026-05-21,4,羽毛球馆-5号,11:00-12:00,1,1,已售/已满,教学时间,多云,15,12,4,0.0,100,26
2026-05-21 01:30:47,2026-05-21,4,羽毛球馆-5号,11:00-12:00,1,1,已售/已满,教学时间,多云,15,13,4,0.0,100,28
2026-05-21 02:00:53,2026-05-21,4,羽毛球馆-5号,11:00-12:00,1,1,已售/已满,教学时间,多云,15,12,4,0.0,100,28
2026-05-21 02:30:49,2026-05-21,4,羽毛球馆-5号,11:00-12:00,1,1,已售/已满,教学时间,多云,15,14,3,0.0,100,29
2026-05-21 03:00:55,2026-05-21,4,羽毛球馆-5号,11:00-12:00,1,1,已售/已满,教学时间,多云,15,12,4,0.0,100,29
2026-05-21 03:30:49,2026-05-21,4,羽毛球馆-5号,11:00-12:00,1,1,已售/已满,教学时间,多云,15,14,3,0.0,100,30
2026-05-21 04:30:45,2026-05-21,4,羽毛球馆-5号,11:00-12:00,1,1,已售/已满,教学时间,多云,15,12,4,0.0,100,29
2026-05-21 05:00:52,2026-05-21,4,羽毛球馆-5号,11:00-12:00,1,1,已售/已满,教学时间,多云,15,12,4,0.0,100,29
2026-05-21 05:30:49,2026-05-21,4,羽毛球馆-5号,11:00-12:00,1,1,已售/已满,教学时间,多云,15,13,3,0.0,100,28
2026-05-21 06:00:50,2026-05-21,4,羽毛球馆-5号,11:00-12:00,1,1,已售/已满,教学时间,多云,15,13,4,0.0,99,28
2026-05-21 06:30:38,2026-05-21,4,羽毛球馆-5号,11:00-12:00,1,1,已售/已满,教学时间,多云,15,13,3,0.0,97,28
2026-05-21 07:00:43,2026-05-21,4,羽毛球馆-5号,11:00-12:00,1,1,已售/已满,教学时间,晴,15,11,5,0.0,93,28
2026-05-21 07:30:39,2026-05-21,4,羽毛球馆-5号,11:00-12:00,1,1,已售/已满,教学时间,晴,17,13,4,0.0,89,29
2026-05-21 07:50:40,2026-05-21,4,羽毛球馆-5号,11:00-12:00,1,1,已售/已满,教学时间,晴,17,13,4,0.0,88,29
2026-05-21 07:53:31,2026-05-21,4,羽毛球馆-5号,11:00-12:00,1,1,已售/已满,教学时间,晴,17,12,5,0.0,86,29
2026-05-21 07:56:31,2026-05-21,4,羽毛球馆-5号,11:00-12:00,1,1,已售/已满,教学时间,晴,17,12,5,0.0,86,29
2026-05-21 07:59:26,2026-05-21,4,羽毛球馆-5号,11:00-12:00,1,1,已售/已满,教学时间,晴,17,12,5,0.0,86,29
2026-05-21 00:30:49,2026-05-21,4,羽毛球馆-5号,12:00-12:55,1,1,已售/已满,已售,多云,15,13,3,0.0,100,26
2026-05-21 01:00:55,2026-05-21,4,羽毛球馆-5号,12:00-12:55,1,1,已售/已满,已售,多云,15,12,4,0.0,100,26
2026-05-21 01:30:47,2026-05-21,4,羽毛球馆-5号,12:00-12:55,1,1,已售/已满,已售,多云,15,13,4,0.0,100,28
2026-05-21 02:00:53,2026-05-21,4,羽毛球馆-5号,12:00-12:55,1,1,已售/已满,已售,多云,15,12,4,0.0,100,28
2026-05-21 02:30:49,2026-05-21,4,羽毛球馆-5号,12:00-12:55,1,1,已售/已满,已售,多云,15,14,3,0.0,100,29
2026-05-21 03:00:55,2026-05-21,4,羽毛球馆-5号,12:00-12:55,1,1,已售/已满,已售,多云,15,12,4,0.0,100,29
2026-05-21 03:30:49,2026-05-21,4,羽毛球馆-5号,12:00-12:55,1,1,已售/已满,已售,多云,15,14,3,0.0,100,30
2026-05-21 04:30:45,2026-05-21,4,羽毛球馆-5号,12:00-12:55,1,1,已售/已满,已售,多云,15,12,4,0.0,100,29
2026-05-21 05:00:52,2026-05-21,4,羽毛球馆-5号,12:00-12:55,1,1,已售/已满,已售,多云,15,12,4,0.0,100,29
2026-05-21 05:30:49,2026-05-21,4,羽毛球馆-5号,12:00-12:55,1,1,已售/已满,已售,多云,15,13,3,0.0,100,28
2026-05-21 06:00:50,2026-05-21,4,羽毛球馆-5号,12:00-12:55,1,1,已售/已满,已售,多云,15,13,4,0.0,99,28
2026-05-21 06:30:38,2026-05-21,4,羽毛球馆-5号,12:00-12:55,1,1,已售/已满,已售,多云,15,13,3,0.0,97,28
2026-05-21 07:00:43,2026-05-21,4,羽毛球馆-5号,12:00-12:55,1,1,已售/已满,已售,晴,15,11,5,0.0,93,28
2026-05-21 07:30:39,2026-05-21,4,羽毛球馆-5号,12:00-12:55,1,1,已售/已满,已售,晴,17,13,4,0.0,89,29
2026-05-21 07:50:40,2026-05-21,4,羽毛球馆-5号,12:00-12:55,1,1,已售/已满,已售,晴,17,13,4,0.0,88,29
2026-05-21 07:53:31,2026-05-21,4,羽毛球馆-5号,12:00-12:55,1,1,已售/已满,已售,晴,17,12,5,0.0,86,29
2026-05-21 07:56:31,2026-05-21,4,羽毛球馆-5号,12:00-12:55,1,1,已售/已满,已售,晴,17,12,5,0.0,86,29
2026-05-21 07:59:26,2026-05-21,4,羽毛球馆-5号,12:00-12:55,1,1,已售/已满,已售,晴,17,12,5,0.0,86,29
2026-05-21 00:30:49,2026-05-21,4,羽毛球馆-5号,12:55-13:50,1,1,已售/已满,已售,多云,15,13,3,0.0,100,26
2026-05-21 01:00:55,2026-05-21,4,羽毛球馆-5号,12:55-13:50,1,1,已售/已满,已售,多云,15,12,4,0.0,100,26
2026-05-21 01:30:47,2026-05-21,4,羽毛球馆-5号,12:55-13:50,1,1,已售/已满,已售,多云,15,13,4,0.0,100,28
2026-05-21 02:00:53,2026-05-21,4,羽毛球馆-5号,12:55-13:50,1,1,已售/已满,已售,多云,15,12,4,0.0,100,28
2026-05-21 02:30:49,2026-05-21,4,羽毛球馆-5号,12:55-13:50,1,1,已售/已满,已售,多云,15,14,3,0.0,100,29
2026-05-21 03:00:55,2026-05-21,4,羽毛球馆-5号,12:55-13:50,1,1,已售/已满,已售,多云,15,12,4,0.0,100,29
2026-05-21 03:30:49,2026-05-21,4,羽毛球馆-5号,12:55-13:50,1,1,已售/已满,已售,多云,15,14,3,0.0,100,30
2026-05-21 04:30:45,2026-05-21,4,羽毛球馆-5号,12:55-13:50,1,1,已售/已满,已售,多云,15,12,4,0.0,100,29
2026-05-21 05:00:52,2026-05-21,4,羽毛球馆-5号,12:55-13:50,1,1,已售/已满,已售,多云,15,12,4,0.0,100,29
2026-05-21 05:30:49,2026-05-21,4,羽毛球馆-5号,12:55-13:50,1,1,已售/已满,已售,多云,15,13,3,0.0,100,28
2026-05-21 06:00:50,2026-05-21,4,羽毛球馆-5号,12:55-13:50,1,1,已售/已满,已售,多云,15,13,4,0.0,99,28
2026-05-21 06:30:38,2026-05-21,4,羽毛球馆-5号,12:55-13:50,1,1,已售/已满,已售,多云,15,13,3,0.0,97,28
2026-05-21 07:00:43,2026-05-21,4,羽毛球馆-5号,12:55-13:50,1,1,已售/已满,已售,晴,15,11,5,0.0,93,28
2026-05-21 07:30:39,2026-05-21,4,羽毛球馆-5号,12:55-13:50,1,1,已售/已满,已售,晴,17,13,4,0.0,89,29
2026-05-21 07:50:40,2026-05-21,4,羽毛球馆-5号,12:55-13:50,1,1,已售/已满,已售,晴,17,13,4,0.0,88,29
2026-05-21 07:53:31,2026-05-21,4,羽毛球馆-5号,12:55-13:50,1,1,已售/已满,已售,晴,17,12,5,0.0,86,29
2026-05-21 07:56:31,2026-05-21,4,羽毛球馆-5号,12:55-13:50,1,1,已售/已满,已售,晴,17,12,5,0.0,86,29
2026-05-21 07:59:26,2026-05-21,4,羽毛球馆-5号,12:55-13:50,1,1,已售/已满,已售,晴,17,12,5,0.0,86,29
2026-05-21 00:30:49,2026-05-21,4,羽毛球馆-5号,14:00-15:00,0,1,可预约,￥12.0,多云,15,13,3,0.0,100,26
2026-05-21 01:00:55,2026-05-21,4,羽毛球馆-5号,14:00-15:00,0,1,可预约,￥12.0,多云,15,12,4,0.0,100,26
2026-05-21 01:30:47,2026-05-21,4,羽毛球馆-5号,14:00-15:00,0,1,可预约,￥12.0,多云,15,13,4,0.0,100,28
2026-05-21 02:00:53,2026-05-21,4,羽毛球馆-5号,14:00-15:00,0,1,可预约,￥12.0,多云,15,12,4,0.0,100,28
2026-05-21 02:30:49,2026-05-21,4,羽毛球馆-5号,14:00-15:00,0,1,可预约,￥12.0,多云,15,14,3,0.0,100,29
2026-05-21 03:00:55,2026-05-21,4,羽毛球馆-5号,14:00-15:00,0,1,可预约,￥12.0,多云,15,12,4,0.0,100,29
2026-05-21 03:30:49,2026-05-21,4,羽毛球馆-5号,14:00-15:00,0,1,可预约,￥12.0,多云,15,14,3,0.0,100,30
2026-05-21 04:30:45,2026-05-21,4,羽毛球馆-5号,14:00-15:00,0,1,可预约,￥12.0,多云,15,12,4,0.0,100,29
2026-05-21 05:00:52,2026-05-21,4,羽毛球馆-5号,14:00-15:00,0,1,可预约,￥12.0,多云,15,12,4,0.0,100,29
2026-05-21 05:30:49,2026-05-21,4,羽毛球馆-5号,14:00-15:00,0,1,可预约,￥12.0,多云,15,13,3,0.0,100,28
2026-05-21 06:00:50,2026-05-21,4,羽毛球馆-5号,14:00-15:00,0,1,可预约,￥12.0,多云,15,13,4,0.0,99,28
2026-05-21 06:30:38,2026-05-21,4,羽毛球馆-5号,14:00-15:00,0,1,可预约,￥12.0,多云,15,13,3,0.0,97,28
2026-05-21 07:00:43,2026-05-21,4,羽毛球馆-5号,14:00-15:00,0,1,可预约,￥12.0,晴,15,11,5,0.0,93,28
2026-05-21 07:30:39,2026-05-21,4,羽毛球馆-5号,14:00-15:00,0,1,可预约,￥12.0,晴,17,13,4,0.0,89,29
2026-05-21 07:50:40,2026-05-21,4,羽毛球馆-5号,14:00-15:00,0,1,可预约,￥12.0,晴,17,13,4,0.0,88,29
2026-05-21 07:53:31,2026-05-21,4,羽毛球馆-5号,14:00-15:00,0,1,可预约,￥12.0,晴,17,12,5,0.0,86,29
2026-05-21 07:56:31,2026-05-21,4,羽毛球馆-5号,14:00-15:00,0,1,可预约,￥12.0,晴,17,12,5,0.0,86,29
2026-05-21 07:59:26,2026-05-21,4,羽毛球馆-5号,14:00-15:00,0,1,可预约,￥12.0,晴,17,12,5,0.0,86,29
2026-05-21 00:30:49,2026-05-21,4,羽毛球馆-5号,15:00-16:00,0,1,可预约,￥12.0,多云,15,13,3,0.0,100,26
2026-05-21 01:00:55,2026-05-21,4,羽毛球馆-5号,15:00-16:00,0,1,可预约,￥12.0,多云,15,12,4,0.0,100,26
2026-05-21 01:30:47,2026-05-21,4,羽毛球馆-5号,15:00-16:00,0,1,可预约,￥12.0,多云,15,13,4,0.0,100,28
2026-05-21 02:00:53,2026-05-21,4,羽毛球馆-5号,15:00-16:00,0,1,可预约,￥12.0,多云,15,12,4,0.0,100,28
2026-05-21 02:30:49,2026-05-21,4,羽毛球馆-5号,15:00-16:00,0,1,可预约,￥12.0,多云,15,14,3,0.0,100,29
2026-05-21 03:00:55,2026-05-21,4,羽毛球馆-5号,15:00-16:00,0,1,可预约,￥12.0,多云,15,12,4,0.0,100,29
2026-05-21 03:30:49,2026-05-21,4,羽毛球馆-5号,15:00-16:00,0,1,可预约,￥12.0,多云,15,14,3,0.0,100,30
2026-05-21 04:30:45,2026-05-21,4,羽毛球馆-5号,15:00-16:00,0,1,可预约,￥12.0,多云,15,12,4,0.0,100,29
2026-05-21 05:00:52,2026-05-21,4,羽毛球馆-5号,15:00-16:00,0,1,可预约,￥12.0,多云,15,12,4,0.0,100,29
2026-05-21 05:30:49,2026-05-21,4,羽毛球馆-5号,15:00-16:00,0,1,可预约,￥12.0,多云,15,13,3,0.0,100,28
2026-05-21 06:00:50,2026-05-21,4,羽毛球馆-5号,15:00-16:00,0,1,可预约,￥12.0,多云,15,13,4,0.0,99,28
2026-05-21 06:30:38,2026-05-21,4,羽毛球馆-5号,15:00-16:00,0,1,可预约,￥12.0,多云,15,13,3,0.0,97,28
2026-05-21 07:00:43,2026-05-21,4,羽毛球馆-5号,15:00-16:00,0,1,可预约,￥12.0,晴,15,11,5,0.0,93,28
2026-05-21 07:30:39,2026-05-21,4,羽毛球馆-5号,15:00-16:00,0,1,可预约,￥12.0,晴,17,13,4,0.0,89,29
2026-05-21 07:50:40,2026-05-21,4,羽毛球馆-5号,15:00-16:00,0,1,可预约,￥12.0,晴,17,13,4,0.0,88,29
2026-05-21 07:53:31,2026-05-21,4,羽毛球馆-5号,15:00-16:00,0,1,可预约,￥12.0,晴,17,12,5,0.0,86,29
2026-05-21 07:56:31,2026-05-21,4,羽毛球馆-5号,15:00-16:00,0,1,可预约,￥12.0,晴,17,12,5,0.0,86,29
2026-05-21 07:59:26,2026-05-21,4,羽毛球馆-5号,15:00-16:00,0,1,可预约,￥12.0,晴,17,12,5,0.0,86,29
2026-05-21 00:30:49,2026-05-21,4,羽毛球馆-5号,16:00-17:00,1,1,已售/已满,已售,多云,15,13,3,0.0,100,26
2026-05-21 01:00:55,2026-05-21,4,羽毛球馆-5号,16:00-17:00,1,1,已售/已满,已售,多云,15,12,4,0.0,100,26
2026-05-21 01:30:47,2026-05-21,4,羽毛球馆-5号,16:00-17:00,1,1,已售/已满,已售,多云,15,13,4,0.0,100,28
2026-05-21 02:00:53,2026-05-21,4,羽毛球馆-5号,16:00-17:00,1,1,已售/已满,已售,多云,15,12,4,0.0,100,28
2026-05-21 02:30:49,2026-05-21,4,羽毛球馆-5号,16:00-17:00,1,1,已售/已满,已售,多云,15,14,3,0.0,100,29
2026-05-21 03:00:55,2026-05-21,4,羽毛球馆-5号,16:00-17:00,1,1,已售/已满,已售,多云,15,12,4,0.0,100,29
2026-05-21 03:30:49,2026-05-21,4,羽毛球馆-5号,16:00-17:00,1,1,已售/已满,已售,多云,15,14,3,0.0,100,30
2026-05-21 04:30:45,2026-05-21,4,羽毛球馆-5号,16:00-17:00,1,1,已售/已满,已售,多云,15,12,4,0.0,100,29
2026-05-21 05:00:52,2026-05-21,4,羽毛球馆-5号,16:00-17:00,1,1,已售/已满,已售,多云,15,12,4,0.0,100,29
2026-05-21 05:30:49,2026-05-21,4,羽毛球馆-5号,16:00-17:00,1,1,已售/已满,已售,多云,15,13,3,0.0,100,28
2026-05-21 06:00:50,2026-05-21,4,羽毛球馆-5号,16:00-17:00,1,1,已售/已满,已售,多云,15,13,4,0.0,99,28
2026-05-21 06:30:38,2026-05-21,4,羽毛球馆-5号,16:00-17:00,1,1,已售/已满,已售,多云,15,13,3,0.0,97,28
2026-05-21 07:00:43,2026-05-21,4,羽毛球馆-5号,16:00-17:00,1,1,已售/已满,已售,晴,15,11,5,0.0,93,28
2026-05-21 07:30:39,2026-05-21,4,羽毛球馆-5号,16:00-17:00,1,1,已售/已满,已售,晴,17,13,4,0.0,89,29
2026-05-21 07:50:40,2026-05-21,4,羽毛球馆-5号,16:00-17:00,1,1,已售/已满,已售,晴,17,13,4,0.0,88,29
2026-05-21 07:53:31,2026-05-21,4,羽毛球馆-5号,16:00-17:00,1,1,已售/已满,已售,晴,17,12,5,0.0,86,29
2026-05-21 07:56:31,2026-05-21,4,羽毛球馆-5号,16:00-17:00,1,1,已售/已满,已售,晴,17,12,5,0.0,86,29
2026-05-21 07:59:26,2026-05-21,4,羽毛球馆-5号,16:00-17:00,1,1,已售/已满,已售,晴,17,12,5,0.0,86,29
2026-05-21 00:30:49,2026-05-21,4,羽毛球馆-5号,17:00-18:00,1,1,已售/已满,已售,多云,15,13,3,0.0,100,26
2026-05-21 01:00:55,2026-05-21,4,羽毛球馆-5号,17:00-18:00,1,1,已售/已满,已售,多云,15,12,4,0.0,100,26
2026-05-21 01:30:47,2026-05-21,4,羽毛球馆-5号,17:00-18:00,1,1,已售/已满,已售,多云,15,13,4,0.0,100,28
2026-05-21 02:00:53,2026-05-21,4,羽毛球馆-5号,17:00-18:00,1,1,已售/已满,已售,多云,15,12,4,0.0,100,28
2026-05-21 02:30:49,2026-05-21,4,羽毛球馆-5号,17:00-18:00,1,1,已售/已满,已售,多云,15,14,3,0.0,100,29
2026-05-21 03:00:55,2026-05-21,4,羽毛球馆-5号,17:00-18:00,1,1,已售/已满,已售,多云,15,12,4,0.0,100,29
2026-05-21 03:30:49,2026-05-21,4,羽毛球馆-5号,17:00-18:00,1,1,已售/已满,已售,多云,15,14,3,0.0,100,30
2026-05-21 04:30:45,2026-05-21,4,羽毛球馆-5号,17:00-18:00,1,1,已售/已满,已售,多云,15,12,4,0.0,100,29
2026-05-21 05:00:52,2026-05-21,4,羽毛球馆-5号,17:00-18:00,1,1,已售/已满,已售,多云,15,12,4,0.0,100,29
2026-05-21 05:30:49,2026-05-21,4,羽毛球馆-5号,17:00-18:00,1,1,已售/已满,已售,多云,15,13,3,0.0,100,28
2026-05-21 06:00:50,2026-05-21,4,羽毛球馆-5号,17:00-18:00,1,1,已售/已满,已售,多云,15,13,4,0.0,99,28
2026-05-21 06:30:38,2026-05-21,4,羽毛球馆-5号,17:00-18:00,1,1,已售/已满,已售,多云,15,13,3,0.0,97,28
2026-05-21 07:00:43,2026-05-21,4,羽毛球馆-5号,17:00-18:00,1,1,已售/已满,已售,晴,15,11,5,0.0,93,28
2026-05-21 07:30:39,2026-05-21,4,羽毛球馆-5号,17:00-18:00,1,1,已售/已满,已售,晴,17,13,4,0.0,89,29
2026-05-21 07:50:40,2026-05-21,4,羽毛球馆-5号,17:00-18:00,1,1,已售/已满,已售,晴,17,13,4,0.0,88,29
2026-05-21 07:53:31,2026-05-21,4,羽毛球馆-5号,17:00-18:00,1,1,已售/已满,已售,晴,17,12,5,0.0,86,29
2026-05-21 07:56:31,2026-05-21,4,羽毛球馆-5号,17:00-18:00,1,1,已售/已满,已售,晴,17,12,5,0.0,86,29
2026-05-21 07:59:26,2026-05-21,4,羽毛球馆-5号,17:00-18:00,1,1,已售/已满,已售,晴,17,12,5,0.0,86,29
2026-05-21 00:30:49,2026-05-21,4,羽毛球馆-5号,18:30-19:30,1,1,已售/已满,已售,多云,15,13,3,0.0,100,26
2026-05-21 01:00:55,2026-05-21,4,羽毛球馆-5号,18:30-19:30,1,1,已售/已满,已售,多云,15,12,4,0.0,100,26
2026-05-21 01:30:47,2026-05-21,4,羽毛球馆-5号,18:30-19:30,1,1,已售/已满,已售,多云,15,13,4,0.0,100,28
2026-05-21 02:00:53,2026-05-21,4,羽毛球馆-5号,18:30-19:30,1,1,已售/已满,已售,多云,15,12,4,0.0,100,28
2026-05-21 02:30:49,2026-05-21,4,羽毛球馆-5号,18:30-19:30,1,1,已售/已满,已售,多云,15,14,3,0.0,100,29
2026-05-21 03:00:55,2026-05-21,4,羽毛球馆-5号,18:30-19:30,1,1,已售/已满,已售,多云,15,12,4,0.0,100,29
2026-05-21 03:30:49,2026-05-21,4,羽毛球馆-5号,18:30-19:30,1,1,已售/已满,已售,多云,15,14,3,0.0,100,30
2026-05-21 04:30:45,2026-05-21,4,羽毛球馆-5号,18:30-19:30,1,1,已售/已满,已售,多云,15,12,4,0.0,100,29
2026-05-21 05:00:52,2026-05-21,4,羽毛球馆-5号,18:30-19:30,1,1,已售/已满,已售,多云,15,12,4,0.0,100,29
2026-05-21 05:30:49,2026-05-21,4,羽毛球馆-5号,18:30-19:30,1,1,已售/已满,已售,多云,15,13,3,0.0,100,28
2026-05-21 06:00:50,2026-05-21,4,羽毛球馆-5号,18:30-19:30,1,1,已售/已满,已售,多云,15,13,4,0.0,99,28
2026-05-21 06:30:38,2026-05-21,4,羽毛球馆-5号,18:30-19:30,1,1,已售/已满,已售,多云,15,13,3,0.0,97,28
2026-05-21 07:00:43,2026-05-21,4,羽毛球馆-5号,18:30-19:30,1,1,已售/已满,已售,晴,15,11,5,0.0,93,28
2026-05-21 07:30:39,2026-05-21,4,羽毛球馆-5号,18:30-19:30,1,1,已售/已满,已售,晴,17,13,4,0.0,89,29
2026-05-21 07:50:40,2026-05-21,4,羽毛球馆-5号,18:30-19:30,1,1,已售/已满,已售,晴,17,13,4,0.0,88,29
2026-05-21 07:53:31,2026-05-21,4,羽毛球馆-5号,18:30-19:30,1,1,已售/已满,已售,晴,17,12,5,0.0,86,29
2026-05-21 07:56:31,2026-05-21,4,羽毛球馆-5号,18:30-19:30,1,1,已售/已满,已售,晴,17,12,5,0.0,86,29
2026-05-21 07:59:26,2026-05-21,4,羽毛球馆-5号,18:30-19:30,1,1,已售/已满,已售,晴,17,12,5,0.0,86,29
2026-05-21 00:30:49,2026-05-21,4,羽毛球馆-5号,19:30-20:30,1,1,已售/已满,已售,多云,15,13,3,0.0,100,26
2026-05-21 01:00:55,2026-05-21,4,羽毛球馆-5号,19:30-20:30,1,1,已售/已满,已售,多云,15,12,4,0.0,100,26
2026-05-21 01:30:47,2026-05-21,4,羽毛球馆-5号,19:30-20:30,1,1,已售/已满,已售,多云,15,13,4,0.0,100,28
2026-05-21 02:00:53,2026-05-21,4,羽毛球馆-5号,19:30-20:30,1,1,已售/已满,已售,多云,15,12,4,0.0,100,28
2026-05-21 02:30:49,2026-05-21,4,羽毛球馆-5号,19:30-20:30,1,1,已售/已满,已售,多云,15,14,3,0.0,100,29
2026-05-21 03:00:55,2026-05-21,4,羽毛球馆-5号,19:30-20:30,1,1,已售/已满,已售,多云,15,12,4,0.0,100,29
2026-05-21 03:30:49,2026-05-21,4,羽毛球馆-5号,19:30-20:30,1,1,已售/已满,已售,多云,15,14,3,0.0,100,30
2026-05-21 04:30:45,2026-05-21,4,羽毛球馆-5号,19:30-20:30,1,1,已售/已满,已售,多云,15,12,4,0.0,100,29
2026-05-21 05:00:52,2026-05-21,4,羽毛球馆-5号,19:30-20:30,1,1,已售/已满,已售,多云,15,12,4,0.0,100,29
2026-05-21 05:30:49,2026-05-21,4,羽毛球馆-5号,19:30-20:30,1,1,已售/已满,已售,多云,15,13,3,0.0,100,28
2026-05-21 06:00:50,2026-05-21,4,羽毛球馆-5号,19:30-20:30,1,1,已售/已满,已售,多云,15,13,4,0.0,99,28
2026-05-21 06:30:38,2026-05-21,4,羽毛球馆-5号,19:30-20:30,1,1,已售/已满,已售,多云,15,13,3,0.0,97,28
2026-05-21 07:00:43,2026-05-21,4,羽毛球馆-5号,19:30-20:30,1,1,已售/已满,已售,晴,15,11,5,0.0,93,28
2026-05-21 07:30:39,2026-05-21,4,羽毛球馆-5号,19:30-20:30,1,1,已售/已满,已售,晴,17,13,4,0.0,89,29
2026-05-21 07:50:40,2026-05-21,4,羽毛球馆-5号,19:30-20:30,1,1,已售/已满,已售,晴,17,13,4,0.0,88,29
2026-05-21 07:53:31,2026-05-21,4,羽毛球馆-5号,19:30-20:30,1,1,已售/已满,已售,晴,17,12,5,0.0,86,29
2026-05-21 07:56:31,2026-05-21,4,羽毛球馆-5号,19:30-20:30,1,1,已售/已满,已售,晴,17,12,5,0.0,86,29
2026-05-21 07:59:26,2026-05-21,4,羽毛球馆-5号,19:30-20:30,1,1,已售/已满,已售,晴,17,12,5,0.0,86,29
2026-05-21 00:30:49,2026-05-21,4,羽毛球馆-5号,20:30-21:30,1,1,已售/已满,已售,多云,15,13,3,0.0,100,26
2026-05-21 01:00:55,2026-05-21,4,羽毛球馆-5号,20:30-21:30,1,1,已售/已满,已售,多云,15,12,4,0.0,100,26
2026-05-21 01:30:47,2026-05-21,4,羽毛球馆-5号,20:30-21:30,1,1,已售/已满,已售,多云,15,13,4,0.0,100,28
2026-05-21 02:00:53,2026-05-21,4,羽毛球馆-5号,20:30-21:30,1,1,已售/已满,已售,多云,15,12,4,0.0,100,28
2026-05-21 02:30:49,2026-05-21,4,羽毛球馆-5号,20:30-21:30,1,1,已售/已满,已售,多云,15,14,3,0.0,100,29
2026-05-21 03:00:55,2026-05-21,4,羽毛球馆-5号,20:30-21:30,1,1,已售/已满,已售,多云,15,12,4,0.0,100,29
2026-05-21 03:30:49,2026-05-21,4,羽毛球馆-5号,20:30-21:30,1,1,已售/已满,已售,多云,15,14,3,0.0,100,30
2026-05-21 04:30:45,2026-05-21,4,羽毛球馆-5号,20:30-21:30,1,1,已售/已满,已售,多云,15,12,4,0.0,100,29
2026-05-21 05:00:52,2026-05-21,4,羽毛球馆-5号,20:30-21:30,1,1,已售/已满,已售,多云,15,12,4,0.0,100,29
2026-05-21 05:30:49,2026-05-21,4,羽毛球馆-5号,20:30-21:30,1,1,已售/已满,已售,多云,15,13,3,0.0,100,28
2026-05-21 06:00:50,2026-05-21,4,羽毛球馆-5号,20:30-21:30,1,1,已售/已满,已售,多云,15,13,4,0.0,99,28
2026-05-21 06:30:38,2026-05-21,4,羽毛球馆-5号,20:30-21:30,1,1,已售/已满,已售,多云,15,13,3,0.0,97,28
2026-05-21 07:00:43,2026-05-21,4,羽毛球馆-5号,20:30-21:30,1,1,已售/已满,已售,晴,15,11,5,0.0,93,28
2026-05-21 07:30:39,2026-05-21,4,羽毛球馆-5号,20:30-21:30,1,1,已售/已满,已售,晴,17,13,4,0.0,89,29
2026-05-21 07:50:40,2026-05-21,4,羽毛球馆-5号,20:30-21:30,1,1,已售/已满,已售,晴,17,13,4,0.0,88,29
2026-05-21 07:53:31,2026-05-21,4,羽毛球馆-5号,20:30-21:30,1,1,已售/已满,已售,晴,17,12,5,0.0,86,29
2026-05-21 07:56:31,2026-05-21,4,羽毛球馆-5号,20:30-21:30,1,1,已售/已满,已售,晴,17,12,5,0.0,86,29
2026-05-21 07:59:26,2026-05-21,4,羽毛球馆-5号,20:30-21:30,1,1,已售/已满,已售,晴,17,12,5,0.0,86,29
2026-05-21 00:30:49,2026-05-21,4,羽毛球馆-6号,07:00-08:00,0,1,可预约,￥0.0,多云,15,13,3,0.0,100,26
2026-05-21 01:00:55,2026-05-21,4,羽毛球馆-6号,07:00-08:00,0,1,可预约,￥0.0,多云,15,12,4,0.0,100,26
2026-05-21 01:30:47,2026-05-21,4,羽毛球馆-6号,07:00-08:00,0,1,可预约,￥0.0,多云,15,13,4,0.0,100,28
2026-05-21 02:00:53,2026-05-21,4,羽毛球馆-6号,07:00-08:00,0,1,可预约,￥0.0,多云,15,12,4,0.0,100,28
2026-05-21 02:30:49,2026-05-21,4,羽毛球馆-6号,07:00-08:00,0,1,可预约,￥0.0,多云,15,14,3,0.0,100,29
2026-05-21 03:00:55,2026-05-21,4,羽毛球馆-6号,07:00-08:00,0,1,可预约,￥0.0,多云,15,12,4,0.0,100,29
2026-05-21 03:30:49,2026-05-21,4,羽毛球馆-6号,07:00-08:00,0,1,可预约,￥0.0,多云,15,14,3,0.0,100,30
2026-05-21 04:30:45,2026-05-21,4,羽毛球馆-6号,07:00-08:00,0,1,可预约,￥0.0,多云,15,12,4,0.0,100,29
2026-05-21 05:00:52,2026-05-21,4,羽毛球馆-6号,07:00-08:00,0,1,可预约,￥0.0,多云,15,12,4,0.0,100,29
2026-05-21 05:30:49,2026-05-21,4,羽毛球馆-6号,07:00-08:00,0,1,可预约,￥0.0,多云,15,13,3,0.0,100,28
2026-05-21 06:00:50,2026-05-21,4,羽毛球馆-6号,07:00-08:00,0,1,可预约,￥0.0,多云,15,13,4,0.0,99,28
2026-05-21 06:30:38,2026-05-21,4,羽毛球馆-6号,07:00-08:00,0,1,可预约,￥0.0,多云,15,13,3,0.0,97,28
2026-05-21 07:00:43,2026-05-21,4,羽毛球馆-6号,07:00-08:00,0,1,可预约,￥0.0,晴,15,11,5,0.0,93,28
2026-05-21 07:30:39,2026-05-21,4,羽毛球馆-6号,07:00-08:00,0,1,可预约,￥0.0,晴,17,13,4,0.0,89,29
2026-05-21 07:50:40,2026-05-21,4,羽毛球馆-6号,07:00-08:00,0,1,可预约,￥0.0,晴,17,13,4,0.0,88,29
2026-05-21 07:53:31,2026-05-21,4,羽毛球馆-6号,07:00-08:00,0,1,可预约,￥0.0,晴,17,12,5,0.0,86,29
2026-05-21 07:56:31,2026-05-21,4,羽毛球馆-6号,07:00-08:00,0,1,可预约,￥0.0,晴,17,12,5,0.0,86,29
2026-05-21 07:59:26,2026-05-21,4,羽毛球馆-6号,07:00-08:00,0,1,可预约,￥0.0,晴,17,12,5,0.0,86,29
2026-05-21 00:30:49,2026-05-21,4,羽毛球馆-6号,08:00-09:00,1,1,已售/已满,已售,多云,15,13,3,0.0,100,26
2026-05-21 01:00:55,2026-05-21,4,羽毛球馆-6号,08:00-09:00,1,1,已售/已满,已售,多云,15,12,4,0.0,100,26
2026-05-21 01:30:47,2026-05-21,4,羽毛球馆-6号,08:00-09:00,1,1,已售/已满,已售,多云,15,13,4,0.0,100,28
2026-05-21 02:00:53,2026-05-21,4,羽毛球馆-6号,08:00-09:00,1,1,已售/已满,已售,多云,15,12,4,0.0,100,28
2026-05-21 02:30:49,2026-05-21,4,羽毛球馆-6号,08:00-09:00,1,1,已售/已满,已售,多云,15,14,3,0.0,100,29
2026-05-21 03:00:55,2026-05-21,4,羽毛球馆-6号,08:00-09:00,1,1,已售/已满,已售,多云,15,12,4,0.0,100,29
2026-05-21 03:30:49,2026-05-21,4,羽毛球馆-6号,08:00-09:00,1,1,已售/已满,已售,多云,15,14,3,0.0,100,30
2026-05-21 04:30:45,2026-05-21,4,羽毛球馆-6号,08:00-09:00,1,1,已售/已满,已售,多云,15,12,4,0.0,100,29
2026-05-21 05:00:52,2026-05-21,4,羽毛球馆-6号,08:00-09:00,1,1,已售/已满,已售,多云,15,12,4,0.0,100,29
2026-05-21 05:30:49,2026-05-21,4,羽毛球馆-6号,08:00-09:00,1,1,已售/已满,已售,多云,15,13,3,0.0,100,28
2026-05-21 06:00:50,2026-05-21,4,羽毛球馆-6号,08:00-09:00,1,1,已售/已满,已售,多云,15,13,4,0.0,99,28
2026-05-21 06:30:38,2026-05-21,4,羽毛球馆-6号,08:00-09:00,1,1,已售/已满,已售,多云,15,13,3,0.0,97,28
2026-05-21 07:00:43,2026-05-21,4,羽毛球馆-6号,08:00-09:00,1,1,已售/已满,已售,晴,15,11,5,0.0,93,28
2026-05-21 07:30:39,2026-05-21,4,羽毛球馆-6号,08:00-09:00,1,1,已售/已满,已售,晴,17,13,4,0.0,89,29
2026-05-21 07:50:40,2026-05-21,4,羽毛球馆-6号,08:00-09:00,1,1,已售/已满,已售,晴,17,13,4,0.0,88,29
2026-05-21 07:53:31,2026-05-21,4,羽毛球馆-6号,08:00-09:00,1,1,已售/已满,已售,晴,17,12,5,0.0,86,29
2026-05-21 07:56:31,2026-05-21,4,羽毛球馆-6号,08:00-09:00,1,1,已售/已满,已售,晴,17,12,5,0.0,86,29
2026-05-21 07:59:26,2026-05-21,4,羽毛球馆-6号,08:00-09:00,1,1,已售/已满,已售,晴,17,12,5,0.0,86,29
2026-05-21 00:30:49,2026-05-21,4,羽毛球馆-6号,09:00-10:00,0,1,可预约,￥12.0,多云,15,13,3,0.0,100,26
2026-05-21 01:00:55,2026-05-21,4,羽毛球馆-6号,09:00-10:00,0,1,可预约,￥12.0,多云,15,12,4,0.0,100,26
2026-05-21 01:30:47,2026-05-21,4,羽毛球馆-6号,09:00-10:00,0,1,可预约,￥12.0,多云,15,13,4,0.0,100,28
2026-05-21 02:00:53,2026-05-21,4,羽毛球馆-6号,09:00-10:00,0,1,可预约,￥12.0,多云,15,12,4,0.0,100,28
2026-05-21 02:30:49,2026-05-21,4,羽毛球馆-6号,09:00-10:00,0,1,可预约,￥12.0,多云,15,14,3,0.0,100,29
2026-05-21 03:00:55,2026-05-21,4,羽毛球馆-6号,09:00-10:00,0,1,可预约,￥12.0,多云,15,12,4,0.0,100,29
2026-05-21 03:30:49,2026-05-21,4,羽毛球馆-6号,09:00-10:00,0,1,可预约,￥12.0,多云,15,14,3,0.0,100,30
2026-05-21 04:30:45,2026-05-21,4,羽毛球馆-6号,09:00-10:00,0,1,可预约,￥12.0,多云,15,12,4,0.0,100,29
2026-05-21 05:00:52,2026-05-21,4,羽毛球馆-6号,09:00-10:00,0,1,可预约,￥12.0,多云,15,12,4,0.0,100,29
2026-05-21 05:30:49,2026-05-21,4,羽毛球馆-6号,09:00-10:00,0,1,可预约,￥12.0,多云,15,13,3,0.0,100,28
2026-05-21 06:00:50,2026-05-21,4,羽毛球馆-6号,09:00-10:00,0,1,可预约,￥12.0,多云,15,13,4,0.0,99,28
2026-05-21 06:30:38,2026-05-21,4,羽毛球馆-6号,09:00-10:00,0,1,可预约,￥12.0,多云,15,13,3,0.0,97,28
2026-05-21 07:00:43,2026-05-21,4,羽毛球馆-6号,09:00-10:00,0,1,可预约,￥12.0,晴,15,11,5,0.0,93,28
2026-05-21 07:30:39,2026-05-21,4,羽毛球馆-6号,09:00-10:00,0,1,可预约,￥12.0,晴,17,13,4,0.0,89,29
2026-05-21 07:50:40,2026-05-21,4,羽毛球馆-6号,09:00-10:00,0,1,可预约,￥12.0,晴,17,13,4,0.0,88,29
2026-05-21 07:53:31,2026-05-21,4,羽毛球馆-6号,09:00-10:00,0,1,可预约,￥12.0,晴,17,12,5,0.0,86,29
2026-05-21 07:56:31,2026-05-21,4,羽毛球馆-6号,09:00-10:00,0,1,可预约,￥12.0,晴,17,12,5,0.0,86,29
2026-05-21 07:59:26,2026-05-21,4,羽毛球馆-6号,09:00-10:00,0,1,可预约,￥12.0,晴,17,12,5,0.0,86,29
2026-05-21 00:30:49,2026-05-21,4,羽毛球馆-6号,10:00-11:00,1,1,已售/已满,教学时间,多云,15,13,3,0.0,100,26
2026-05-21 01:00:55,2026-05-21,4,羽毛球馆-6号,10:00-11:00,1,1,已售/已满,教学时间,多云,15,12,4,0.0,100,26
2026-05-21 01:30:47,2026-05-21,4,羽毛球馆-6号,10:00-11:00,1,1,已售/已满,教学时间,多云,15,13,4,0.0,100,28
2026-05-21 02:00:53,2026-05-21,4,羽毛球馆-6号,10:00-11:00,1,1,已售/已满,教学时间,多云,15,12,4,0.0,100,28
2026-05-21 02:30:49,2026-05-21,4,羽毛球馆-6号,10:00-11:00,1,1,已售/已满,教学时间,多云,15,14,3,0.0,100,29
2026-05-21 03:00:55,2026-05-21,4,羽毛球馆-6号,10:00-11:00,1,1,已售/已满,教学时间,多云,15,12,4,0.0,100,29
2026-05-21 03:30:49,2026-05-21,4,羽毛球馆-6号,10:00-11:00,1,1,已售/已满,教学时间,多云,15,14,3,0.0,100,30
2026-05-21 04:30:45,2026-05-21,4,羽毛球馆-6号,10:00-11:00,1,1,已售/已满,教学时间,多云,15,12,4,0.0,100,29
2026-05-21 05:00:52,2026-05-21,4,羽毛球馆-6号,10:00-11:00,1,1,已售/已满,教学时间,多云,15,12,4,0.0,100,29
2026-05-21 05:30:49,2026-05-21,4,羽毛球馆-6号,10:00-11:00,1,1,已售/已满,教学时间,多云,15,13,3,0.0,100,28
2026-05-21 06:00:50,2026-05-21,4,羽毛球馆-6号,10:00-11:00,1,1,已售/已满,教学时间,多云,15,13,4,0.0,99,28
2026-05-21 06:30:38,2026-05-21,4,羽毛球馆-6号,10:00-11:00,1,1,已售/已满,教学时间,多云,15,13,3,0.0,97,28
2026-05-21 07:00:43,2026-05-21,4,羽毛球馆-6号,10:00-11:00,1,1,已售/已满,教学时间,晴,15,11,5,0.0,93,28
2026-05-21 07:30:39,2026-05-21,4,羽毛球馆-6号,10:00-11:00,1,1,已售/已满,教学时间,晴,17,13,4,0.0,89,29
2026-05-21 07:50:40,2026-05-21,4,羽毛球馆-6号,10:00-11:00,1,1,已售/已满,教学时间,晴,17,13,4,0.0,88,29
2026-05-21 07:53:31,2026-05-21,4,羽毛球馆-6号,10:00-11:00,1,1,已售/已满,教学时间,晴,17,12,5,0.0,86,29
2026-05-21 07:56:31,2026-05-21,4,羽毛球馆-6号,10:00-11:00,1,1,已售/已满,教学时间,晴,17,12,5,0.0,86,29
2026-05-21 07:59:26,2026-05-21,4,羽毛球馆-6号,10:00-11:00,1,1,已售/已满,教学时间,晴,17,12,5,0.0,86,29
2026-05-21 00:30:49,2026-05-21,4,羽毛球馆-6号,11:00-12:00,1,1,已售/已满,教学时间,多云,15,13,3,0.0,100,26
2026-05-21 01:00:55,2026-05-21,4,羽毛球馆-6号,11:00-12:00,1,1,已售/已满,教学时间,多云,15,12,4,0.0,100,26
2026-05-21 01:30:47,2026-05-21,4,羽毛球馆-6号,11:00-12:00,1,1,已售/已满,教学时间,多云,15,13,4,0.0,100,28
2026-05-21 02:00:53,2026-05-21,4,羽毛球馆-6号,11:00-12:00,1,1,已售/已满,教学时间,多云,15,12,4,0.0,100,28
2026-05-21 02:30:49,2026-05-21,4,羽毛球馆-6号,11:00-12:00,1,1,已售/已满,教学时间,多云,15,14,3,0.0,100,29
2026-05-21 03:00:55,2026-05-21,4,羽毛球馆-6号,11:00-12:00,1,1,已售/已满,教学时间,多云,15,12,4,0.0,100,29
2026-05-21 03:30:49,2026-05-21,4,羽毛球馆-6号,11:00-12:00,1,1,已售/已满,教学时间,多云,15,14,3,0.0,100,30
2026-05-21 04:30:45,2026-05-21,4,羽毛球馆-6号,11:00-12:00,1,1,已售/已满,教学时间,多云,15,12,4,0.0,100,29
2026-05-21 05:00:52,2026-05-21,4,羽毛球馆-6号,11:00-12:00,1,1,已售/已满,教学时间,多云,15,12,4,0.0,100,29
2026-05-21 05:30:49,2026-05-21,4,羽毛球馆-6号,11:00-12:00,1,1,已售/已满,教学时间,多云,15,13,3,0.0,100,28
2026-05-21 06:00:50,2026-05-21,4,羽毛球馆-6号,11:00-12:00,1,1,已售/已满,教学时间,多云,15,13,4,0.0,99,28
2026-05-21 06:30:38,2026-05-21,4,羽毛球馆-6号,11:00-12:00,1,1,已售/已满,教学时间,多云,15,13,3,0.0,97,28
2026-05-21 07:00:43,2026-05-21,4,羽毛球馆-6号,11:00-12:00,1,1,已售/已满,教学时间,晴,15,11,5,0.0,93,28
2026-05-21 07:30:39,2026-05-21,4,羽毛球馆-6号,11:00-12:00,1,1,已售/已满,教学时间,晴,17,13,4,0.0,89,29
2026-05-21 07:50:40,2026-05-21,4,羽毛球馆-6号,11:00-12:00,1,1,已售/已满,教学时间,晴,17,13,4,0.0,88,29
2026-05-21 07:53:31,2026-05-21,4,羽毛球馆-6号,11:00-12:00,1,1,已售/已满,教学时间,晴,17,12,5,0.0,86,29
2026-05-21 07:56:31,2026-05-21,4,羽毛球馆-6号,11:00-12:00,1,1,已售/已满,教学时间,晴,17,12,5,0.0,86,29
2026-05-21 07:59:26,2026-05-21,4,羽毛球馆-6号,11:00-12:00,1,1,已售/已满,教学时间,晴,17,12,5,0.0,86,29
2026-05-21 00:30:49,2026-05-21,4,羽毛球馆-6号,12:00-12:55,1,1,已售/已满,已售,多云,15,13,3,0.0,100,26
2026-05-21 01:00:55,2026-05-21,4,羽毛球馆-6号,12:00-12:55,1,1,已售/已满,已售,多云,15,12,4,0.0,100,26
2026-05-21 01:30:47,2026-05-21,4,羽毛球馆-6号,12:00-12:55,1,1,已售/已满,已售,多云,15,13,4,0.0,100,28
2026-05-21 02:00:53,2026-05-21,4,羽毛球馆-6号,12:00-12:55,1,1,已售/已满,已售,多云,15,12,4,0.0,100,28
2026-05-21 02:30:49,2026-05-21,4,羽毛球馆-6号,12:00-12:55,1,1,已售/已满,已售,多云,15,14,3,0.0,100,29
2026-05-21 03:00:55,2026-05-21,4,羽毛球馆-6号,12:00-12:55,1,1,已售/已满,已售,多云,15,12,4,0.0,100,29
2026-05-21 03:30:49,2026-05-21,4,羽毛球馆-6号,12:00-12:55,1,1,已售/已满,已售,多云,15,14,3,0.0,100,30
2026-05-21 04:30:45,2026-05-21,4,羽毛球馆-6号,12:00-12:55,1,1,已售/已满,已售,多云,15,12,4,0.0,100,29
2026-05-21 05:00:52,2026-05-21,4,羽毛球馆-6号,12:00-12:55,1,1,已售/已满,已售,多云,15,12,4,0.0,100,29
2026-05-21 05:30:49,2026-05-21,4,羽毛球馆-6号,12:00-12:55,1,1,已售/已满,已售,多云,15,13,3,0.0,100,28
2026-05-21 06:00:50,2026-05-21,4,羽毛球馆-6号,12:00-12:55,1,1,已售/已满,已售,多云,15,13,4,0.0,99,28
2026-05-21 06:30:38,2026-05-21,4,羽毛球馆-6号,12:00-12:55,1,1,已售/已满,已售,多云,15,13,3,0.0,97,28
2026-05-21 07:00:43,2026-05-21,4,羽毛球馆-6号,12:00-12:55,1,1,已售/已满,已售,晴,15,11,5,0.0,93,28
2026-05-21 07:30:39,2026-05-21,4,羽毛球馆-6号,12:00-12:55,1,1,已售/已满,已售,晴,17,13,4,0.0,89,29
2026-05-21 07:50:40,2026-05-21,4,羽毛球馆-6号,12:00-12:55,1,1,已售/已满,已售,晴,17,13,4,0.0,88,29
2026-05-21 07:53:31,2026-05-21,4,羽毛球馆-6号,12:00-12:55,1,1,已售/已满,已售,晴,17,12,5,0.0,86,29
2026-05-21 07:56:31,2026-05-21,4,羽毛球馆-6号,12:00-12:55,1,1,已售/已满,已售,晴,17,12,5,0.0,86,29
2026-05-21 07:59:26,2026-05-21,4,羽毛球馆-6号,12:00-12:55,1,1,已售/已满,已售,晴,17,12,5,0.0,86,29
2026-05-21 00:30:49,2026-05-21,4,羽毛球馆-6号,12:55-13:50,1,1,已售/已满,已售,多云,15,13,3,0.0,100,26
2026-05-21 01:00:55,2026-05-21,4,羽毛球馆-6号,12:55-13:50,1,1,已售/已满,已售,多云,15,12,4,0.0,100,26
2026-05-21 01:30:47,2026-05-21,4,羽毛球馆-6号,12:55-13:50,1,1,已售/已满,已售,多云,15,13,4,0.0,100,28
2026-05-21 02:00:53,2026-05-21,4,羽毛球馆-6号,12:55-13:50,1,1,已售/已满,已售,多云,15,12,4,0.0,100,28
2026-05-21 02:30:49,2026-05-21,4,羽毛球馆-6号,12:55-13:50,1,1,已售/已满,已售,多云,15,14,3,0.0,100,29
2026-05-21 03:00:55,2026-05-21,4,羽毛球馆-6号,12:55-13:50,1,1,已售/已满,已售,多云,15,12,4,0.0,100,29
2026-05-21 03:30:49,2026-05-21,4,羽毛球馆-6号,12:55-13:50,1,1,已售/已满,已售,多云,15,14,3,0.0,100,30
2026-05-21 04:30:45,2026-05-21,4,羽毛球馆-6号,12:55-13:50,1,1,已售/已满,已售,多云,15,12,4,0.0,100,29
2026-05-21 05:00:52,2026-05-21,4,羽毛球馆-6号,12:55-13:50,1,1,已售/已满,已售,多云,15,12,4,0.0,100,29
2026-05-21 05:30:49,2026-05-21,4,羽毛球馆-6号,12:55-13:50,1,1,已售/已满,已售,多云,15,13,3,0.0,100,28
2026-05-21 06:00:50,2026-05-21,4,羽毛球馆-6号,12:55-13:50,1,1,已售/已满,已售,多云,15,13,4,0.0,99,28
2026-05-21 06:30:38,2026-05-21,4,羽毛球馆-6号,12:55-13:50,1,1,已售/已满,已售,多云,15,13,3,0.0,97,28
2026-05-21 07:00:43,2026-05-21,4,羽毛球馆-6号,12:55-13:50,1,1,已售/已满,已售,晴,15,11,5,0.0,93,28
2026-05-21 07:30:39,2026-05-21,4,羽毛球馆-6号,12:55-13:50,1,1,已售/已满,已售,晴,17,13,4,0.0,89,29
2026-05-21 07:50:40,2026-05-21,4,羽毛球馆-6号,12:55-13:50,1,1,已售/已满,已售,晴,17,13,4,0.0,88,29
2026-05-21 07:53:31,2026-05-21,4,羽毛球馆-6号,12:55-13:50,1,1,已售/已满,已售,晴,17,12,5,0.0,86,29
2026-05-21 07:56:31,2026-05-21,4,羽毛球馆-6号,12:55-13:50,1,1,已售/已满,已售,晴,17,12,5,0.0,86,29
2026-05-21 07:59:26,2026-05-21,4,羽毛球馆-6号,12:55-13:50,1,1,已售/已满,已售,晴,17,12,5,0.0,86,29
2026-05-21 00:30:49,2026-05-21,4,羽毛球馆-6号,14:00-15:00,0,1,可预约,￥12.0,多云,15,13,3,0.0,100,26
2026-05-21 01:00:55,2026-05-21,4,羽毛球馆-6号,14:00-15:00,0,1,可预约,￥12.0,多云,15,12,4,0.0,100,26
2026-05-21 01:30:47,2026-05-21,4,羽毛球馆-6号,14:00-15:00,0,1,可预约,￥12.0,多云,15,13,4,0.0,100,28
2026-05-21 02:00:53,2026-05-21,4,羽毛球馆-6号,14:00-15:00,0,1,可预约,￥12.0,多云,15,12,4,0.0,100,28
2026-05-21 02:30:49,2026-05-21,4,羽毛球馆-6号,14:00-15:00,0,1,可预约,￥12.0,多云,15,14,3,0.0,100,29
2026-05-21 03:00:55,2026-05-21,4,羽毛球馆-6号,14:00-15:00,0,1,可预约,￥12.0,多云,15,12,4,0.0,100,29
2026-05-21 03:30:49,2026-05-21,4,羽毛球馆-6号,14:00-15:00,0,1,可预约,￥12.0,多云,15,14,3,0.0,100,30
2026-05-21 04:30:45,2026-05-21,4,羽毛球馆-6号,14:00-15:00,0,1,可预约,￥12.0,多云,15,12,4,0.0,100,29
2026-05-21 05:00:52,2026-05-21,4,羽毛球馆-6号,14:00-15:00,0,1,可预约,￥12.0,多云,15,12,4,0.0,100,29
2026-05-21 05:30:49,2026-05-21,4,羽毛球馆-6号,14:00-15:00,0,1,可预约,￥12.0,多云,15,13,3,0.0,100,28
2026-05-21 06:00:50,2026-05-21,4,羽毛球馆-6号,14:00-15:00,0,1,可预约,￥12.0,多云,15,13,4,0.0,99,28
2026-05-21 06:30:38,2026-05-21,4,羽毛球馆-6号,14:00-15:00,0,1,可预约,￥12.0,多云,15,13,3,0.0,97,28
2026-05-21 07:00:43,2026-05-21,4,羽毛球馆-6号,14:00-15:00,0,1,可预约,￥12.0,晴,15,11,5,0.0,93,28
2026-05-21 07:30:39,2026-05-21,4,羽毛球馆-6号,14:00-15:00,0,1,可预约,￥12.0,晴,17,13,4,0.0,89,29
2026-05-21 07:50:40,2026-05-21,4,羽毛球馆-6号,14:00-15:00,0,1,可预约,￥12.0,晴,17,13,4,0.0,88,29
2026-05-21 07:53:31,2026-05-21,4,羽毛球馆-6号,14:00-15:00,0,1,可预约,￥12.0,晴,17,12,5,0.0,86,29
2026-05-21 07:56:31,2026-05-21,4,羽毛球馆-6号,14:00-15:00,0,1,可预约,￥12.0,晴,17,12,5,0.0,86,29
2026-05-21 07:59:26,2026-05-21,4,羽毛球馆-6号,14:00-15:00,0,1,可预约,￥12.0,晴,17,12,5,0.0,86,29
2026-05-21 00:30:49,2026-05-21,4,羽毛球馆-6号,15:00-16:00,1,1,已售/已满,已售,多云,15,13,3,0.0,100,26
2026-05-21 01:00:55,2026-05-21,4,羽毛球馆-6号,15:00-16:00,1,1,已售/已满,已售,多云,15,12,4,0.0,100,26
2026-05-21 01:30:47,2026-05-21,4,羽毛球馆-6号,15:00-16:00,1,1,已售/已满,已售,多云,15,13,4,0.0,100,28
2026-05-21 02:00:53,2026-05-21,4,羽毛球馆-6号,15:00-16:00,1,1,已售/已满,已售,多云,15,12,4,0.0,100,28
2026-05-21 02:30:49,2026-05-21,4,羽毛球馆-6号,15:00-16:00,1,1,已售/已满,已售,多云,15,14,3,0.0,100,29
2026-05-21 03:00:55,2026-05-21,4,羽毛球馆-6号,15:00-16:00,1,1,已售/已满,已售,多云,15,12,4,0.0,100,29
2026-05-21 03:30:49,2026-05-21,4,羽毛球馆-6号,15:00-16:00,1,1,已售/已满,已售,多云,15,14,3,0.0,100,30
2026-05-21 04:30:45,2026-05-21,4,羽毛球馆-6号,15:00-16:00,1,1,已售/已满,已售,多云,15,12,4,0.0,100,29
2026-05-21 05:00:52,2026-05-21,4,羽毛球馆-6号,15:00-16:00,1,1,已售/已满,已售,多云,15,12,4,0.0,100,29
2026-05-21 05:30:49,2026-05-21,4,羽毛球馆-6号,15:00-16:00,1,1,已售/已满,已售,多云,15,13,3,0.0,100,28
2026-05-21 06:00:50,2026-05-21,4,羽毛球馆-6号,15:00-16:00,1,1,已售/已满,已售,多云,15,13,4,0.0,99,28
2026-05-21 06:30:38,2026-05-21,4,羽毛球馆-6号,15:00-16:00,1,1,已售/已满,已售,多云,15,13,3,0.0,97,28
2026-05-21 07:00:43,2026-05-21,4,羽毛球馆-6号,15:00-16:00,1,1,已售/已满,已售,晴,15,11,5,0.0,93,28
2026-05-21 07:30:39,2026-05-21,4,羽毛球馆-6号,15:00-16:00,1,1,已售/已满,已售,晴,17,13,4,0.0,89,29
2026-05-21 07:50:40,2026-05-21,4,羽毛球馆-6号,15:00-16:00,1,1,已售/已满,已售,晴,17,13,4,0.0,88,29
2026-05-21 07:53:31,2026-05-21,4,羽毛球馆-6号,15:00-16:00,1,1,已售/已满,已售,晴,17,12,5,0.0,86,29
2026-05-21 07:56:31,2026-05-21,4,羽毛球馆-6号,15:00-16:00,1,1,已售/已满,已售,晴,17,12,5,0.0,86,29
2026-05-21 07:59:26,2026-05-21,4,羽毛球馆-6号,15:00-16:00,1,1,已售/已满,已售,晴,17,12,5,0.0,86,29
2026-05-21 00:30:49,2026-05-21,4,羽毛球馆-6号,16:00-17:00,0,1,可预约,￥12.0,多云,15,13,3,0.0,100,26
2026-05-21 01:00:55,2026-05-21,4,羽毛球馆-6号,16:00-17:00,0,1,可预约,￥12.0,多云,15,12,4,0.0,100,26
2026-05-21 01:30:47,2026-05-21,4,羽毛球馆-6号,16:00-17:00,0,1,可预约,￥12.0,多云,15,13,4,0.0,100,28
2026-05-21 02:00:53,2026-05-21,4,羽毛球馆-6号,16:00-17:00,0,1,可预约,￥12.0,多云,15,12,4,0.0,100,28
2026-05-21 02:30:49,2026-05-21,4,羽毛球馆-6号,16:00-17:00,0,1,可预约,￥12.0,多云,15,14,3,0.0,100,29
2026-05-21 03:00:55,2026-05-21,4,羽毛球馆-6号,16:00-17:00,0,1,可预约,￥12.0,多云,15,12,4,0.0,100,29
2026-05-21 03:30:49,2026-05-21,4,羽毛球馆-6号,16:00-17:00,0,1,可预约,￥12.0,多云,15,14,3,0.0,100,30
2026-05-21 04:30:45,2026-05-21,4,羽毛球馆-6号,16:00-17:00,0,1,可预约,￥12.0,多云,15,12,4,0.0,100,29
2026-05-21 05:00:52,2026-05-21,4,羽毛球馆-6号,16:00-17:00,0,1,可预约,￥12.0,多云,15,12,4,0.0,100,29
2026-05-21 05:30:49,2026-05-21,4,羽毛球馆-6号,16:00-17:00,0,1,可预约,￥12.0,多云,15,13,3,0.0,100,28
2026-05-21 06:00:50,2026-05-21,4,羽毛球馆-6号,16:00-17:00,0,1,可预约,￥12.0,多云,15,13,4,0.0,99,28
2026-05-21 06:30:38,2026-05-21,4,羽毛球馆-6号,16:00-17:00,0,1,可预约,￥12.0,多云,15,13,3,0.0,97,28
2026-05-21 07:00:43,2026-05-21,4,羽毛球馆-6号,16:00-17:00,0,1,可预约,￥12.0,晴,15,11,5,0.0,93,28
2026-05-21 07:30:39,2026-05-21,4,羽毛球馆-6号,16:00-17:00,0,1,可预约,￥12.0,晴,17,13,4,0.0,89,29
2026-05-21 07:50:40,2026-05-21,4,羽毛球馆-6号,16:00-17:00,0,1,可预约,￥12.0,晴,17,13,4,0.0,88,29
2026-05-21 07:53:31,2026-05-21,4,羽毛球馆-6号,16:00-17:00,0,1,可预约,￥12.0,晴,17,12,5,0.0,86,29
2026-05-21 07:56:31,2026-05-21,4,羽毛球馆-6号,16:00-17:00,0,1,可预约,￥12.0,晴,17,12,5,0.0,86,29
2026-05-21 07:59:26,2026-05-21,4,羽毛球馆-6号,16:00-17:00,0,1,可预约,￥12.0,晴,17,12,5,0.0,86,29
2026-05-21 00:30:49,2026-05-21,4,羽毛球馆-6号,17:00-18:00,1,1,已售/已满,已售,多云,15,13,3,0.0,100,26
2026-05-21 01:00:55,2026-05-21,4,羽毛球馆-6号,17:00-18:00,1,1,已售/已满,已售,多云,15,12,4,0.0,100,26
2026-05-21 01:30:47,2026-05-21,4,羽毛球馆-6号,17:00-18:00,1,1,已售/已满,已售,多云,15,13,4,0.0,100,28
2026-05-21 02:00:53,2026-05-21,4,羽毛球馆-6号,17:00-18:00,1,1,已售/已满,已售,多云,15,12,4,0.0,100,28
2026-05-21 02:30:49,2026-05-21,4,羽毛球馆-6号,17:00-18:00,1,1,已售/已满,已售,多云,15,14,3,0.0,100,29
2026-05-21 03:00:55,2026-05-21,4,羽毛球馆-6号,17:00-18:00,1,1,已售/已满,已售,多云,15,12,4,0.0,100,29
2026-05-21 03:30:49,2026-05-21,4,羽毛球馆-6号,17:00-18:00,1,1,已售/已满,已售,多云,15,14,3,0.0,100,30
2026-05-21 04:30:45,2026-05-21,4,羽毛球馆-6号,17:00-18:00,1,1,已售/已满,已售,多云,15,12,4,0.0,100,29
2026-05-21 05:00:52,2026-05-21,4,羽毛球馆-6号,17:00-18:00,1,1,已售/已满,已售,多云,15,12,4,0.0,100,29
2026-05-21 05:30:49,2026-05-21,4,羽毛球馆-6号,17:00-18:00,1,1,已售/已满,已售,多云,15,13,3,0.0,100,28
2026-05-21 06:00:50,2026-05-21,4,羽毛球馆-6号,17:00-18:00,1,1,已售/已满,已售,多云,15,13,4,0.0,99,28
2026-05-21 06:30:38,2026-05-21,4,羽毛球馆-6号,17:00-18:00,1,1,已售/已满,已售,多云,15,13,3,0.0,97,28
2026-05-21 07:00:43,2026-05-21,4,羽毛球馆-6号,17:00-18:00,1,1,已售/已满,已售,晴,15,11,5,0.0,93,28
2026-05-21 07:30:39,2026-05-21,4,羽毛球馆-6号,17:00-18:00,1,1,已售/已满,已售,晴,17,13,4,0.0,89,29
2026-05-21 07:50:40,2026-05-21,4,羽毛球馆-6号,17:00-18:00,1,1,已售/已满,已售,晴,17,13,4,0.0,88,29
2026-05-21 07:53:31,2026-05-21,4,羽毛球馆-6号,17:00-18:00,1,1,已售/已满,已售,晴,17,12,5,0.0,86,29
2026-05-21 07:56:31,2026-05-21,4,羽毛球馆-6号,17:00-18:00,1,1,已售/已满,已售,晴,17,12,5,0.0,86,29
2026-05-21 07:59:26,2026-05-21,4,羽毛球馆-6号,17:00-18:00,1,1,已售/已满,已售,晴,17,12,5,0.0,86,29
2026-05-21 00:30:49,2026-05-21,4,羽毛球馆-6号,18:30-19:30,1,1,已售/已满,教工羽毛球赛,多云,15,13,3,0.0,100,26
2026-05-21 01:00:55,2026-05-21,4,羽毛球馆-6号,18:30-19:30,1,1,已售/已满,教工羽毛球赛,多云,15,12,4,0.0,100,26
2026-05-21 01:30:47,2026-05-21,4,羽毛球馆-6号,18:30-19:30,1,1,已售/已满,教工羽毛球赛,多云,15,13,4,0.0,100,28
2026-05-21 02:00:53,2026-05-21,4,羽毛球馆-6号,18:30-19:30,1,1,已售/已满,教工羽毛球赛,多云,15,12,4,0.0,100,28
2026-05-21 02:30:49,2026-05-21,4,羽毛球馆-6号,18:30-19:30,1,1,已售/已满,教工羽毛球赛,多云,15,14,3,0.0,100,29
2026-05-21 03:00:55,2026-05-21,4,羽毛球馆-6号,18:30-19:30,1,1,已售/已满,教工羽毛球赛,多云,15,12,4,0.0,100,29
2026-05-21 03:30:49,2026-05-21,4,羽毛球馆-6号,18:30-19:30,1,1,已售/已满,教工羽毛球赛,多云,15,14,3,0.0,100,30
2026-05-21 04:30:45,2026-05-21,4,羽毛球馆-6号,18:30-19:30,1,1,已售/已满,教工羽毛球赛,多云,15,12,4,0.0,100,29
2026-05-21 05:00:52,2026-05-21,4,羽毛球馆-6号,18:30-19:30,1,1,已售/已满,教工羽毛球赛,多云,15,12,4,0.0,100,29
2026-05-21 05:30:49,2026-05-21,4,羽毛球馆-6号,18:30-19:30,1,1,已售/已满,教工羽毛球赛,多云,15,13,3,0.0,100,28
2026-05-21 06:00:50,2026-05-21,4,羽毛球馆-6号,18:30-19:30,1,1,已售/已满,教工羽毛球赛,多云,15,13,4,0.0,99,28
2026-05-21 06:30:38,2026-05-21,4,羽毛球馆-6号,18:30-19:30,1,1,已售/已满,教工羽毛球赛,多云,15,13,3,0.0,97,28
2026-05-21 07:00:43,2026-05-21,4,羽毛球馆-6号,18:30-19:30,1,1,已售/已满,教工羽毛球赛,晴,15,11,5,0.0,93,28
2026-05-21 07:30:39,2026-05-21,4,羽毛球馆-6号,18:30-19:30,1,1,已售/已满,教工羽毛球赛,晴,17,13,4,0.0,89,29
2026-05-21 07:50:40,2026-05-21,4,羽毛球馆-6号,18:30-19:30,1,1,已售/已满,教工羽毛球赛,晴,17,13,4,0.0,88,29
2026-05-21 07:53:31,2026-05-21,4,羽毛球馆-6号,18:30-19:30,1,1,已售/已满,教工羽毛球赛,晴,17,12,5,0.0,86,29
2026-05-21 07:56:31,2026-05-21,4,羽毛球馆-6号,18:30-19:30,1,1,已售/已满,教工羽毛球赛,晴,17,12,5,0.0,86,29
2026-05-21 07:59:26,2026-05-21,4,羽毛球馆-6号,18:30-19:30,1,1,已售/已满,教工羽毛球赛,晴,17,12,5,0.0,86,29
2026-05-21 00:30:49,2026-05-21,4,羽毛球馆-6号,19:30-20:30,1,1,已售/已满,教工羽毛球赛,多云,15,13,3,0.0,100,26
2026-05-21 01:00:55,2026-05-21,4,羽毛球馆-6号,19:30-20:30,1,1,已售/已满,教工羽毛球赛,多云,15,12,4,0.0,100,26
2026-05-21 01:30:47,2026-05-21,4,羽毛球馆-6号,19:30-20:30,1,1,已售/已满,教工羽毛球赛,多云,15,13,4,0.0,100,28
2026-05-21 02:00:53,2026-05-21,4,羽毛球馆-6号,19:30-20:30,1,1,已售/已满,教工羽毛球赛,多云,15,12,4,0.0,100,28
2026-05-21 02:30:49,2026-05-21,4,羽毛球馆-6号,19:30-20:30,1,1,已售/已满,教工羽毛球赛,多云,15,14,3,0.0,100,29
2026-05-21 03:00:55,2026-05-21,4,羽毛球馆-6号,19:30-20:30,1,1,已售/已满,教工羽毛球赛,多云,15,12,4,0.0,100,29
2026-05-21 03:30:49,2026-05-21,4,羽毛球馆-6号,19:30-20:30,1,1,已售/已满,教工羽毛球赛,多云,15,14,3,0.0,100,30
2026-05-21 04:30:45,2026-05-21,4,羽毛球馆-6号,19:30-20:30,1,1,已售/已满,教工羽毛球赛,多云,15,12,4,0.0,100,29
2026-05-21 05:00:52,2026-05-21,4,羽毛球馆-6号,19:30-20:30,1,1,已售/已满,教工羽毛球赛,多云,15,12,4,0.0,100,29
2026-05-21 05:30:49,2026-05-21,4,羽毛球馆-6号,19:30-20:30,1,1,已售/已满,教工羽毛球赛,多云,15,13,3,0.0,100,28
2026-05-21 06:00:50,2026-05-21,4,羽毛球馆-6号,19:30-20:30,1,1,已售/已满,教工羽毛球赛,多云,15,13,4,0.0,99,28
2026-05-21 06:30:38,2026-05-21,4,羽毛球馆-6号,19:30-20:30,1,1,已售/已满,教工羽毛球赛,多云,15,13,3,0.0,97,28
2026-05-21 07:00:43,2026-05-21,4,羽毛球馆-6号,19:30-20:30,1,1,已售/已满,教工羽毛球赛,晴,15,11,5,0.0,93,28
2026-05-21 07:30:39,2026-05-21,4,羽毛球馆-6号,19:30-20:30,1,1,已售/已满,教工羽毛球赛,晴,17,13,4,0.0,89,29
2026-05-21 07:50:40,2026-05-21,4,羽毛球馆-6号,19:30-20:30,1,1,已售/已满,教工羽毛球赛,晴,17,13,4,0.0,88,29
2026-05-21 07:53:31,2026-05-21,4,羽毛球馆-6号,19:30-20:30,1,1,已售/已满,教工羽毛球赛,晴,17,12,5,0.0,86,29
2026-05-21 07:56:31,2026-05-21,4,羽毛球馆-6号,19:30-20:30,1,1,已售/已满,教工羽毛球赛,晴,17,12,5,0.0,86,29
2026-05-21 07:59:26,2026-05-21,4,羽毛球馆-6号,19:30-20:30,1,1,已售/已满,教工羽毛球赛,晴,17,12,5,0.0,86,29
2026-05-21 00:30:49,2026-05-21,4,羽毛球馆-6号,20:30-21:30,1,1,已售/已满,教工羽毛球赛,多云,15,13,3,0.0,100,26
2026-05-21 01:00:55,2026-05-21,4,羽毛球馆-6号,20:30-21:30,1,1,已售/已满,教工羽毛球赛,多云,15,12,4,0.0,100,26
2026-05-21 01:30:47,2026-05-21,4,羽毛球馆-6号,20:30-21:30,1,1,已售/已满,教工羽毛球赛,多云,15,13,4,0.0,100,28
2026-05-21 02:00:53,2026-05-21,4,羽毛球馆-6号,20:30-21:30,1,1,已售/已满,教工羽毛球赛,多云,15,12,4,0.0,100,28
2026-05-21 02:30:49,2026-05-21,4,羽毛球馆-6号,20:30-21:30,1,1,已售/已满,教工羽毛球赛,多云,15,14,3,0.0,100,29
2026-05-21 03:00:55,2026-05-21,4,羽毛球馆-6号,20:30-21:30,1,1,已售/已满,教工羽毛球赛,多云,15,12,4,0.0,100,29
2026-05-21 03:30:49,2026-05-21,4,羽毛球馆-6号,20:30-21:30,1,1,已售/已满,教工羽毛球赛,多云,15,14,3,0.0,100,30
2026-05-21 04:30:45,2026-05-21,4,羽毛球馆-6号,20:30-21:30,1,1,已售/已满,教工羽毛球赛,多云,15,12,4,0.0,100,29
2026-05-21 05:00:52,2026-05-21,4,羽毛球馆-6号,20:30-21:30,1,1,已售/已满,教工羽毛球赛,多云,15,12,4,0.0,100,29
2026-05-21 05:30:49,2026-05-21,4,羽毛球馆-6号,20:30-21:30,1,1,已售/已满,教工羽毛球赛,多云,15,13,3,0.0,100,28
2026-05-21 06:00:50,2026-05-21,4,羽毛球馆-6号,20:30-21:30,1,1,已售/已满,教工羽毛球赛,多云,15,13,4,0.0,99,28
2026-05-21 06:30:38,2026-05-21,4,羽毛球馆-6号,20:30-21:30,1,1,已售/已满,教工羽毛球赛,多云,15,13,3,0.0,97,28
2026-05-21 07:00:43,2026-05-21,4,羽毛球馆-6号,20:30-21:30,1,1,已售/已满,教工羽毛球赛,晴,15,11,5,0.0,93,28
2026-05-21 07:30:39,2026-05-21,4,羽毛球馆-6号,20:30-21:30,1,1,已售/已满,教工羽毛球赛,晴,17,13,4,0.0,89,29
2026-05-21 07:50:40,2026-05-21,4,羽毛球馆-6号,20:30-21:30,1,1,已售/已满,教工羽毛球赛,晴,17,13,4,0.0,88,29
2026-05-21 07:53:31,2026-05-21,4,羽毛球馆-6号,20:30-21:30,1,1,已售/已满,教工羽毛球赛,晴,17,12,5,0.0,86,29
2026-05-21 07:56:31,2026-05-21,4,羽毛球馆-6号,20:30-21:30,1,1,已售/已满,教工羽毛球赛,晴,17,12,5,0.0,86,29
2026-05-21 07:59:26,2026-05-21,4,羽毛球馆-6号,20:30-21:30,1,1,已售/已满,教工羽毛球赛,晴,17,12,5,0.0,86,29
2026-05-21 00:30:49,2026-05-21,4,羽毛球馆-7号,07:00-08:00,0,1,可预约,￥0.0,多云,15,13,3,0.0,100,26
2026-05-21 01:00:55,2026-05-21,4,羽毛球馆-7号,07:00-08:00,0,1,可预约,￥0.0,多云,15,12,4,0.0,100,26
2026-05-21 01:30:47,2026-05-21,4,羽毛球馆-7号,07:00-08:00,0,1,可预约,￥0.0,多云,15,13,4,0.0,100,28
2026-05-21 02:00:53,2026-05-21,4,羽毛球馆-7号,07:00-08:00,0,1,可预约,￥0.0,多云,15,12,4,0.0,100,28
2026-05-21 02:30:49,2026-05-21,4,羽毛球馆-7号,07:00-08:00,0,1,可预约,￥0.0,多云,15,14,3,0.0,100,29
2026-05-21 03:00:55,2026-05-21,4,羽毛球馆-7号,07:00-08:00,0,1,可预约,￥0.0,多云,15,12,4,0.0,100,29
2026-05-21 03:30:49,2026-05-21,4,羽毛球馆-7号,07:00-08:00,0,1,可预约,￥0.0,多云,15,14,3,0.0,100,30
2026-05-21 04:30:45,2026-05-21,4,羽毛球馆-7号,07:00-08:00,0,1,可预约,￥0.0,多云,15,12,4,0.0,100,29
2026-05-21 05:00:52,2026-05-21,4,羽毛球馆-7号,07:00-08:00,0,1,可预约,￥0.0,多云,15,12,4,0.0,100,29
2026-05-21 05:30:49,2026-05-21,4,羽毛球馆-7号,07:00-08:00,0,1,可预约,￥0.0,多云,15,13,3,0.0,100,28
2026-05-21 06:00:50,2026-05-21,4,羽毛球馆-7号,07:00-08:00,0,1,可预约,￥0.0,多云,15,13,4,0.0,99,28
2026-05-21 06:30:38,2026-05-21,4,羽毛球馆-7号,07:00-08:00,0,1,可预约,￥0.0,多云,15,13,3,0.0,97,28
2026-05-21 07:00:43,2026-05-21,4,羽毛球馆-7号,07:00-08:00,0,1,可预约,￥0.0,晴,15,11,5,0.0,93,28
2026-05-21 07:30:39,2026-05-21,4,羽毛球馆-7号,07:00-08:00,0,1,可预约,￥0.0,晴,17,13,4,0.0,89,29
2026-05-21 07:50:40,2026-05-21,4,羽毛球馆-7号,07:00-08:00,0,1,可预约,￥0.0,晴,17,13,4,0.0,88,29
2026-05-21 07:53:31,2026-05-21,4,羽毛球馆-7号,07:00-08:00,0,1,可预约,￥0.0,晴,17,12,5,0.0,86,29
2026-05-21 07:56:31,2026-05-21,4,羽毛球馆-7号,07:00-08:00,0,1,可预约,￥0.0,晴,17,12,5,0.0,86,29
2026-05-21 07:59:26,2026-05-21,4,羽毛球馆-7号,07:00-08:00,0,1,可预约,￥0.0,晴,17,12,5,0.0,86,29
2026-05-21 00:30:49,2026-05-21,4,羽毛球馆-7号,08:00-09:00,1,1,已售/已满,已售,多云,15,13,3,0.0,100,26
2026-05-21 01:00:55,2026-05-21,4,羽毛球馆-7号,08:00-09:00,1,1,已售/已满,已售,多云,15,12,4,0.0,100,26
2026-05-21 01:30:47,2026-05-21,4,羽毛球馆-7号,08:00-09:00,1,1,已售/已满,已售,多云,15,13,4,0.0,100,28
2026-05-21 02:00:53,2026-05-21,4,羽毛球馆-7号,08:00-09:00,1,1,已售/已满,已售,多云,15,12,4,0.0,100,28
2026-05-21 02:30:49,2026-05-21,4,羽毛球馆-7号,08:00-09:00,1,1,已售/已满,已售,多云,15,14,3,0.0,100,29
2026-05-21 03:00:55,2026-05-21,4,羽毛球馆-7号,08:00-09:00,1,1,已售/已满,已售,多云,15,12,4,0.0,100,29
2026-05-21 03:30:49,2026-05-21,4,羽毛球馆-7号,08:00-09:00,1,1,已售/已满,已售,多云,15,14,3,0.0,100,30
2026-05-21 04:30:45,2026-05-21,4,羽毛球馆-7号,08:00-09:00,1,1,已售/已满,已售,多云,15,12,4,0.0,100,29
2026-05-21 05:00:52,2026-05-21,4,羽毛球馆-7号,08:00-09:00,1,1,已售/已满,已售,多云,15,12,4,0.0,100,29
2026-05-21 05:30:49,2026-05-21,4,羽毛球馆-7号,08:00-09:00,1,1,已售/已满,已售,多云,15,13,3,0.0,100,28
2026-05-21 06:00:50,2026-05-21,4,羽毛球馆-7号,08:00-09:00,1,1,已售/已满,已售,多云,15,13,4,0.0,99,28
2026-05-21 06:30:38,2026-05-21,4,羽毛球馆-7号,08:00-09:00,1,1,已售/已满,已售,多云,15,13,3,0.0,97,28
2026-05-21 07:00:43,2026-05-21,4,羽毛球馆-7号,08:00-09:00,1,1,已售/已满,已售,晴,15,11,5,0.0,93,28
2026-05-21 07:30:39,2026-05-21,4,羽毛球馆-7号,08:00-09:00,1,1,已售/已满,已售,晴,17,13,4,0.0,89,29
2026-05-21 07:50:40,2026-05-21,4,羽毛球馆-7号,08:00-09:00,1,1,已售/已满,已售,晴,17,13,4,0.0,88,29
2026-05-21 07:53:31,2026-05-21,4,羽毛球馆-7号,08:00-09:00,1,1,已售/已满,已售,晴,17,12,5,0.0,86,29
2026-05-21 07:56:31,2026-05-21,4,羽毛球馆-7号,08:00-09:00,1,1,已售/已满,已售,晴,17,12,5,0.0,86,29
2026-05-21 07:59:26,2026-05-21,4,羽毛球馆-7号,08:00-09:00,1,1,已售/已满,已售,晴,17,12,5,0.0,86,29
2026-05-21 00:30:49,2026-05-21,4,羽毛球馆-7号,09:00-10:00,0,1,可预约,￥12.0,多云,15,13,3,0.0,100,26
2026-05-21 01:00:55,2026-05-21,4,羽毛球馆-7号,09:00-10:00,0,1,可预约,￥12.0,多云,15,12,4,0.0,100,26
2026-05-21 01:30:47,2026-05-21,4,羽毛球馆-7号,09:00-10:00,0,1,可预约,￥12.0,多云,15,13,4,0.0,100,28
2026-05-21 02:00:53,2026-05-21,4,羽毛球馆-7号,09:00-10:00,0,1,可预约,￥12.0,多云,15,12,4,0.0,100,28
2026-05-21 02:30:49,2026-05-21,4,羽毛球馆-7号,09:00-10:00,0,1,可预约,￥12.0,多云,15,14,3,0.0,100,29
2026-05-21 03:00:55,2026-05-21,4,羽毛球馆-7号,09:00-10:00,0,1,可预约,￥12.0,多云,15,12,4,0.0,100,29
2026-05-21 03:30:49,2026-05-21,4,羽毛球馆-7号,09:00-10:00,0,1,可预约,￥12.0,多云,15,14,3,0.0,100,30
2026-05-21 04:30:45,2026-05-21,4,羽毛球馆-7号,09:00-10:00,0,1,可预约,￥12.0,多云,15,12,4,0.0,100,29
2026-05-21 05:00:52,2026-05-21,4,羽毛球馆-7号,09:00-10:00,0,1,可预约,￥12.0,多云,15,12,4,0.0,100,29
2026-05-21 05:30:49,2026-05-21,4,羽毛球馆-7号,09:00-10:00,0,1,可预约,￥12.0,多云,15,13,3,0.0,100,28
2026-05-21 06:00:50,2026-05-21,4,羽毛球馆-7号,09:00-10:00,0,1,可预约,￥12.0,多云,15,13,4,0.0,99,28
2026-05-21 06:30:38,2026-05-21,4,羽毛球馆-7号,09:00-10:00,0,1,可预约,￥12.0,多云,15,13,3,0.0,97,28
2026-05-21 07:00:43,2026-05-21,4,羽毛球馆-7号,09:00-10:00,0,1,可预约,￥12.0,晴,15,11,5,0.0,93,28
2026-05-21 07:30:39,2026-05-21,4,羽毛球馆-7号,09:00-10:00,0,1,可预约,￥12.0,晴,17,13,4,0.0,89,29
2026-05-21 07:50:40,2026-05-21,4,羽毛球馆-7号,09:00-10:00,0,1,可预约,￥12.0,晴,17,13,4,0.0,88,29
2026-05-21 07:53:31,2026-05-21,4,羽毛球馆-7号,09:00-10:00,0,1,可预约,￥12.0,晴,17,12,5,0.0,86,29
2026-05-21 07:56:31,2026-05-21,4,羽毛球馆-7号,09:00-10:00,0,1,可预约,￥12.0,晴,17,12,5,0.0,86,29
2026-05-21 07:59:26,2026-05-21,4,羽毛球馆-7号,09:00-10:00,0,1,可预约,￥12.0,晴,17,12,5,0.0,86,29
2026-05-21 00:30:49,2026-05-21,4,羽毛球馆-7号,10:00-11:00,1,1,已售/已满,教学时间,多云,15,13,3,0.0,100,26
2026-05-21 01:00:55,2026-05-21,4,羽毛球馆-7号,10:00-11:00,1,1,已售/已满,教学时间,多云,15,12,4,0.0,100,26
2026-05-21 01:30:47,2026-05-21,4,羽毛球馆-7号,10:00-11:00,1,1,已售/已满,教学时间,多云,15,13,4,0.0,100,28
2026-05-21 02:00:53,2026-05-21,4,羽毛球馆-7号,10:00-11:00,1,1,已售/已满,教学时间,多云,15,12,4,0.0,100,28
2026-05-21 02:30:49,2026-05-21,4,羽毛球馆-7号,10:00-11:00,1,1,已售/已满,教学时间,多云,15,14,3,0.0,100,29
2026-05-21 03:00:55,2026-05-21,4,羽毛球馆-7号,10:00-11:00,1,1,已售/已满,教学时间,多云,15,12,4,0.0,100,29
2026-05-21 03:30:49,2026-05-21,4,羽毛球馆-7号,10:00-11:00,1,1,已售/已满,教学时间,多云,15,14,3,0.0,100,30
2026-05-21 04:30:45,2026-05-21,4,羽毛球馆-7号,10:00-11:00,1,1,已售/已满,教学时间,多云,15,12,4,0.0,100,29
2026-05-21 05:00:52,2026-05-21,4,羽毛球馆-7号,10:00-11:00,1,1,已售/已满,教学时间,多云,15,12,4,0.0,100,29
2026-05-21 05:30:49,2026-05-21,4,羽毛球馆-7号,10:00-11:00,1,1,已售/已满,教学时间,多云,15,13,3,0.0,100,28
2026-05-21 06:00:50,2026-05-21,4,羽毛球馆-7号,10:00-11:00,1,1,已售/已满,教学时间,多云,15,13,4,0.0,99,28
2026-05-21 06:30:38,2026-05-21,4,羽毛球馆-7号,10:00-11:00,1,1,已售/已满,教学时间,多云,15,13,3,0.0,97,28
2026-05-21 07:00:43,2026-05-21,4,羽毛球馆-7号,10:00-11:00,1,1,已售/已满,教学时间,晴,15,11,5,0.0,93,28
2026-05-21 07:30:39,2026-05-21,4,羽毛球馆-7号,10:00-11:00,1,1,已售/已满,教学时间,晴,17,13,4,0.0,89,29
2026-05-21 07:50:40,2026-05-21,4,羽毛球馆-7号,10:00-11:00,1,1,已售/已满,教学时间,晴,17,13,4,0.0,88,29
2026-05-21 07:53:31,2026-05-21,4,羽毛球馆-7号,10:00-11:00,1,1,已售/已满,教学时间,晴,17,12,5,0.0,86,29
2026-05-21 07:56:31,2026-05-21,4,羽毛球馆-7号,10:00-11:00,1,1,已售/已满,教学时间,晴,17,12,5,0.0,86,29
2026-05-21 07:59:26,2026-05-21,4,羽毛球馆-7号,10:00-11:00,1,1,已售/已满,教学时间,晴,17,12,5,0.0,86,29
2026-05-21 00:30:49,2026-05-21,4,羽毛球馆-7号,11:00-12:00,1,1,已售/已满,教学时间,多云,15,13,3,0.0,100,26
2026-05-21 01:00:55,2026-05-21,4,羽毛球馆-7号,11:00-12:00,1,1,已售/已满,教学时间,多云,15,12,4,0.0,100,26
2026-05-21 01:30:47,2026-05-21,4,羽毛球馆-7号,11:00-12:00,1,1,已售/已满,教学时间,多云,15,13,4,0.0,100,28
2026-05-21 02:00:53,2026-05-21,4,羽毛球馆-7号,11:00-12:00,1,1,已售/已满,教学时间,多云,15,12,4,0.0,100,28
2026-05-21 02:30:49,2026-05-21,4,羽毛球馆-7号,11:00-12:00,1,1,已售/已满,教学时间,多云,15,14,3,0.0,100,29
2026-05-21 03:00:55,2026-05-21,4,羽毛球馆-7号,11:00-12:00,1,1,已售/已满,教学时间,多云,15,12,4,0.0,100,29
2026-05-21 03:30:49,2026-05-21,4,羽毛球馆-7号,11:00-12:00,1,1,已售/已满,教学时间,多云,15,14,3,0.0,100,30
2026-05-21 04:30:45,2026-05-21,4,羽毛球馆-7号,11:00-12:00,1,1,已售/已满,教学时间,多云,15,12,4,0.0,100,29
2026-05-21 05:00:52,2026-05-21,4,羽毛球馆-7号,11:00-12:00,1,1,已售/已满,教学时间,多云,15,12,4,0.0,100,29
2026-05-21 05:30:49,2026-05-21,4,羽毛球馆-7号,11:00-12:00,1,1,已售/已满,教学时间,多云,15,13,3,0.0,100,28
2026-05-21 06:00:50,2026-05-21,4,羽毛球馆-7号,11:00-12:00,1,1,已售/已满,教学时间,多云,15,13,4,0.0,99,28
2026-05-21 06:30:38,2026-05-21,4,羽毛球馆-7号,11:00-12:00,1,1,已售/已满,教学时间,多云,15,13,3,0.0,97,28
2026-05-21 07:00:43,2026-05-21,4,羽毛球馆-7号,11:00-12:00,1,1,已售/已满,教学时间,晴,15,11,5,0.0,93,28
2026-05-21 07:30:39,2026-05-21,4,羽毛球馆-7号,11:00-12:00,1,1,已售/已满,教学时间,晴,17,13,4,0.0,89,29
2026-05-21 07:50:40,2026-05-21,4,羽毛球馆-7号,11:00-12:00,1,1,已售/已满,教学时间,晴,17,13,4,0.0,88,29
2026-05-21 07:53:31,2026-05-21,4,羽毛球馆-7号,11:00-12:00,1,1,已售/已满,教学时间,晴,17,12,5,0.0,86,29
2026-05-21 07:56:31,2026-05-21,4,羽毛球馆-7号,11:00-12:00,1,1,已售/已满,教学时间,晴,17,12,5,0.0,86,29
2026-05-21 07:59:26,2026-05-21,4,羽毛球馆-7号,11:00-12:00,1,1,已售/已满,教学时间,晴,17,12,5,0.0,86,29
2026-05-21 00:30:49,2026-05-21,4,羽毛球馆-7号,12:00-12:55,1,1,已售/已满,已售,多云,15,13,3,0.0,100,26
2026-05-21 01:00:55,2026-05-21,4,羽毛球馆-7号,12:00-12:55,1,1,已售/已满,已售,多云,15,12,4,0.0,100,26
2026-05-21 01:30:47,2026-05-21,4,羽毛球馆-7号,12:00-12:55,1,1,已售/已满,已售,多云,15,13,4,0.0,100,28
2026-05-21 02:00:53,2026-05-21,4,羽毛球馆-7号,12:00-12:55,1,1,已售/已满,已售,多云,15,12,4,0.0,100,28
2026-05-21 02:30:49,2026-05-21,4,羽毛球馆-7号,12:00-12:55,1,1,已售/已满,已售,多云,15,14,3,0.0,100,29
2026-05-21 03:00:55,2026-05-21,4,羽毛球馆-7号,12:00-12:55,1,1,已售/已满,已售,多云,15,12,4,0.0,100,29
2026-05-21 03:30:49,2026-05-21,4,羽毛球馆-7号,12:00-12:55,1,1,已售/已满,已售,多云,15,14,3,0.0,100,30
2026-05-21 04:30:45,2026-05-21,4,羽毛球馆-7号,12:00-12:55,1,1,已售/已满,已售,多云,15,12,4,0.0,100,29
2026-05-21 05:00:52,2026-05-21,4,羽毛球馆-7号,12:00-12:55,1,1,已售/已满,已售,多云,15,12,4,0.0,100,29
2026-05-21 05:30:49,2026-05-21,4,羽毛球馆-7号,12:00-12:55,1,1,已售/已满,已售,多云,15,13,3,0.0,100,28
2026-05-21 06:00:50,2026-05-21,4,羽毛球馆-7号,12:00-12:55,1,1,已售/已满,已售,多云,15,13,4,0.0,99,28
2026-05-21 06:30:38,2026-05-21,4,羽毛球馆-7号,12:00-12:55,1,1,已售/已满,已售,多云,15,13,3,0.0,97,28
2026-05-21 07:00:43,2026-05-21,4,羽毛球馆-7号,12:00-12:55,1,1,已售/已满,已售,晴,15,11,5,0.0,93,28
2026-05-21 07:30:39,2026-05-21,4,羽毛球馆-7号,12:00-12:55,1,1,已售/已满,已售,晴,17,13,4,0.0,89,29
2026-05-21 07:50:40,2026-05-21,4,羽毛球馆-7号,12:00-12:55,1,1,已售/已满,已售,晴,17,13,4,0.0,88,29
2026-05-21 07:53:31,2026-05-21,4,羽毛球馆-7号,12:00-12:55,1,1,已售/已满,已售,晴,17,12,5,0.0,86,29
2026-05-21 07:56:31,2026-05-21,4,羽毛球馆-7号,12:00-12:55,1,1,已售/已满,已售,晴,17,12,5,0.0,86,29
2026-05-21 07:59:26,2026-05-21,4,羽毛球馆-7号,12:00-12:55,1,1,已售/已满,已售,晴,17,12,5,0.0,86,29
2026-05-21 00:30:49,2026-05-21,4,羽毛球馆-7号,12:55-13:50,1,1,已售/已满,已售,多云,15,13,3,0.0,100,26
2026-05-21 01:00:55,2026-05-21,4,羽毛球馆-7号,12:55-13:50,1,1,已售/已满,已售,多云,15,12,4,0.0,100,26
2026-05-21 01:30:47,2026-05-21,4,羽毛球馆-7号,12:55-13:50,1,1,已售/已满,已售,多云,15,13,4,0.0,100,28
2026-05-21 02:00:53,2026-05-21,4,羽毛球馆-7号,12:55-13:50,1,1,已售/已满,已售,多云,15,12,4,0.0,100,28
2026-05-21 02:30:49,2026-05-21,4,羽毛球馆-7号,12:55-13:50,1,1,已售/已满,已售,多云,15,14,3,0.0,100,29
2026-05-21 03:00:55,2026-05-21,4,羽毛球馆-7号,12:55-13:50,1,1,已售/已满,已售,多云,15,12,4,0.0,100,29
2026-05-21 03:30:49,2026-05-21,4,羽毛球馆-7号,12:55-13:50,1,1,已售/已满,已售,多云,15,14,3,0.0,100,30
2026-05-21 04:30:45,2026-05-21,4,羽毛球馆-7号,12:55-13:50,1,1,已售/已满,已售,多云,15,12,4,0.0,100,29
2026-05-21 05:00:52,2026-05-21,4,羽毛球馆-7号,12:55-13:50,1,1,已售/已满,已售,多云,15,12,4,0.0,100,29
2026-05-21 05:30:49,2026-05-21,4,羽毛球馆-7号,12:55-13:50,1,1,已售/已满,已售,多云,15,13,3,0.0,100,28
2026-05-21 06:00:50,2026-05-21,4,羽毛球馆-7号,12:55-13:50,1,1,已售/已满,已售,多云,15,13,4,0.0,99,28
2026-05-21 06:30:38,2026-05-21,4,羽毛球馆-7号,12:55-13:50,1,1,已售/已满,已售,多云,15,13,3,0.0,97,28
2026-05-21 07:00:43,2026-05-21,4,羽毛球馆-7号,12:55-13:50,1,1,已售/已满,已售,晴,15,11,5,0.0,93,28
2026-05-21 07:30:39,2026-05-21,4,羽毛球馆-7号,12:55-13:50,1,1,已售/已满,已售,晴,17,13,4,0.0,89,29
2026-05-21 07:50:40,2026-05-21,4,羽毛球馆-7号,12:55-13:50,1,1,已售/已满,已售,晴,17,13,4,0.0,88,29
2026-05-21 07:53:31,2026-05-21,4,羽毛球馆-7号,12:55-13:50,1,1,已售/已满,已售,晴,17,12,5,0.0,86,29
2026-05-21 07:56:31,2026-05-21,4,羽毛球馆-7号,12:55-13:50,1,1,已售/已满,已售,晴,17,12,5,0.0,86,29
2026-05-21 07:59:26,2026-05-21,4,羽毛球馆-7号,12:55-13:50,1,1,已售/已满,已售,晴,17,12,5,0.0,86,29
2026-05-21 00:30:49,2026-05-21,4,羽毛球馆-7号,14:00-15:00,0,1,可预约,￥12.0,多云,15,13,3,0.0,100,26
2026-05-21 01:00:55,2026-05-21,4,羽毛球馆-7号,14:00-15:00,0,1,可预约,￥12.0,多云,15,12,4,0.0,100,26
2026-05-21 01:30:47,2026-05-21,4,羽毛球馆-7号,14:00-15:00,0,1,可预约,￥12.0,多云,15,13,4,0.0,100,28
2026-05-21 02:00:53,2026-05-21,4,羽毛球馆-7号,14:00-15:00,0,1,可预约,￥12.0,多云,15,12,4,0.0,100,28
2026-05-21 02:30:49,2026-05-21,4,羽毛球馆-7号,14:00-15:00,0,1,可预约,￥12.0,多云,15,14,3,0.0,100,29
2026-05-21 03:00:55,2026-05-21,4,羽毛球馆-7号,14:00-15:00,0,1,可预约,￥12.0,多云,15,12,4,0.0,100,29
2026-05-21 03:30:49,2026-05-21,4,羽毛球馆-7号,14:00-15:00,0,1,可预约,￥12.0,多云,15,14,3,0.0,100,30
2026-05-21 04:30:45,2026-05-21,4,羽毛球馆-7号,14:00-15:00,0,1,可预约,￥12.0,多云,15,12,4,0.0,100,29
2026-05-21 05:00:52,2026-05-21,4,羽毛球馆-7号,14:00-15:00,0,1,可预约,￥12.0,多云,15,12,4,0.0,100,29
2026-05-21 05:30:49,2026-05-21,4,羽毛球馆-7号,14:00-15:00,0,1,可预约,￥12.0,多云,15,13,3,0.0,100,28
2026-05-21 06:00:50,2026-05-21,4,羽毛球馆-7号,14:00-15:00,0,1,可预约,￥12.0,多云,15,13,4,0.0,99,28
2026-05-21 06:30:38,2026-05-21,4,羽毛球馆-7号,14:00-15:00,0,1,可预约,￥12.0,多云,15,13,3,0.0,97,28
2026-05-21 07:00:43,2026-05-21,4,羽毛球馆-7号,14:00-15:00,0,1,可预约,￥12.0,晴,15,11,5,0.0,93,28
2026-05-21 07:30:39,2026-05-21,4,羽毛球馆-7号,14:00-15:00,0,1,可预约,￥12.0,晴,17,13,4,0.0,89,29
2026-05-21 07:50:40,2026-05-21,4,羽毛球馆-7号,14:00-15:00,0,1,可预约,￥12.0,晴,17,13,4,0.0,88,29
2026-05-21 07:53:31,2026-05-21,4,羽毛球馆-7号,14:00-15:00,0,1,可预约,￥12.0,晴,17,12,5,0.0,86,29
2026-05-21 07:56:31,2026-05-21,4,羽毛球馆-7号,14:00-15:00,0,1,可预约,￥12.0,晴,17,12,5,0.0,86,29
2026-05-21 07:59:26,2026-05-21,4,羽毛球馆-7号,14:00-15:00,0,1,可预约,￥12.0,晴,17,12,5,0.0,86,29
2026-05-21 00:30:49,2026-05-21,4,羽毛球馆-7号,15:00-16:00,0,1,可预约,￥12.0,多云,15,13,3,0.0,100,26
2026-05-21 01:00:55,2026-05-21,4,羽毛球馆-7号,15:00-16:00,0,1,可预约,￥12.0,多云,15,12,4,0.0,100,26
2026-05-21 01:30:47,2026-05-21,4,羽毛球馆-7号,15:00-16:00,0,1,可预约,￥12.0,多云,15,13,4,0.0,100,28
2026-05-21 02:00:53,2026-05-21,4,羽毛球馆-7号,15:00-16:00,0,1,可预约,￥12.0,多云,15,12,4,0.0,100,28
2026-05-21 02:30:49,2026-05-21,4,羽毛球馆-7号,15:00-16:00,0,1,可预约,￥12.0,多云,15,14,3,0.0,100,29
2026-05-21 03:00:55,2026-05-21,4,羽毛球馆-7号,15:00-16:00,0,1,可预约,￥12.0,多云,15,12,4,0.0,100,29
2026-05-21 03:30:49,2026-05-21,4,羽毛球馆-7号,15:00-16:00,0,1,可预约,￥12.0,多云,15,14,3,0.0,100,30
2026-05-21 04:30:45,2026-05-21,4,羽毛球馆-7号,15:00-16:00,0,1,可预约,￥12.0,多云,15,12,4,0.0,100,29
2026-05-21 05:00:52,2026-05-21,4,羽毛球馆-7号,15:00-16:00,0,1,可预约,￥12.0,多云,15,12,4,0.0,100,29
2026-05-21 05:30:49,2026-05-21,4,羽毛球馆-7号,15:00-16:00,0,1,可预约,￥12.0,多云,15,13,3,0.0,100,28
2026-05-21 06:00:50,2026-05-21,4,羽毛球馆-7号,15:00-16:00,0,1,可预约,￥12.0,多云,15,13,4,0.0,99,28
2026-05-21 06:30:38,2026-05-21,4,羽毛球馆-7号,15:00-16:00,0,1,可预约,￥12.0,多云,15,13,3,0.0,97,28
2026-05-21 07:00:43,2026-05-21,4,羽毛球馆-7号,15:00-16:00,0,1,可预约,￥12.0,晴,15,11,5,0.0,93,28
2026-05-21 07:30:39,2026-05-21,4,羽毛球馆-7号,15:00-16:00,0,1,可预约,￥12.0,晴,17,13,4,0.0,89,29
2026-05-21 07:50:40,2026-05-21,4,羽毛球馆-7号,15:00-16:00,0,1,可预约,￥12.0,晴,17,13,4,0.0,88,29
2026-05-21 07:53:31,2026-05-21,4,羽毛球馆-7号,15:00-16:00,0,1,可预约,￥12.0,晴,17,12,5,0.0,86,29
2026-05-21 07:56:31,2026-05-21,4,羽毛球馆-7号,15:00-16:00,0,1,可预约,￥12.0,晴,17,12,5,0.0,86,29
2026-05-21 07:59:26,2026-05-21,4,羽毛球馆-7号,15:00-16:00,0,1,可预约,￥12.0,晴,17,12,5,0.0,86,29
2026-05-21 00:30:49,2026-05-21,4,羽毛球馆-7号,16:00-17:00,1,1,已售/已满,已售,多云,15,13,3,0.0,100,26
2026-05-21 01:00:55,2026-05-21,4,羽毛球馆-7号,16:00-17:00,1,1,已售/已满,已售,多云,15,12,4,0.0,100,26
2026-05-21 01:30:47,2026-05-21,4,羽毛球馆-7号,16:00-17:00,1,1,已售/已满,已售,多云,15,13,4,0.0,100,28
2026-05-21 02:00:53,2026-05-21,4,羽毛球馆-7号,16:00-17:00,1,1,已售/已满,已售,多云,15,12,4,0.0,100,28
2026-05-21 02:30:49,2026-05-21,4,羽毛球馆-7号,16:00-17:00,1,1,已售/已满,已售,多云,15,14,3,0.0,100,29
2026-05-21 03:00:55,2026-05-21,4,羽毛球馆-7号,16:00-17:00,1,1,已售/已满,已售,多云,15,12,4,0.0,100,29
2026-05-21 03:30:49,2026-05-21,4,羽毛球馆-7号,16:00-17:00,1,1,已售/已满,已售,多云,15,14,3,0.0,100,30
2026-05-21 04:30:45,2026-05-21,4,羽毛球馆-7号,16:00-17:00,1,1,已售/已满,已售,多云,15,12,4,0.0,100,29
2026-05-21 05:00:52,2026-05-21,4,羽毛球馆-7号,16:00-17:00,1,1,已售/已满,已售,多云,15,12,4,0.0,100,29
2026-05-21 05:30:49,2026-05-21,4,羽毛球馆-7号,16:00-17:00,1,1,已售/已满,已售,多云,15,13,3,0.0,100,28
2026-05-21 06:00:50,2026-05-21,4,羽毛球馆-7号,16:00-17:00,1,1,已售/已满,已售,多云,15,13,4,0.0,99,28
2026-05-21 06:30:38,2026-05-21,4,羽毛球馆-7号,16:00-17:00,1,1,已售/已满,已售,多云,15,13,3,0.0,97,28
2026-05-21 07:00:43,2026-05-21,4,羽毛球馆-7号,16:00-17:00,1,1,已售/已满,已售,晴,15,11,5,0.0,93,28
2026-05-21 07:30:39,2026-05-21,4,羽毛球馆-7号,16:00-17:00,1,1,已售/已满,已售,晴,17,13,4,0.0,89,29
2026-05-21 07:50:40,2026-05-21,4,羽毛球馆-7号,16:00-17:00,1,1,已售/已满,已售,晴,17,13,4,0.0,88,29
2026-05-21 07:53:31,2026-05-21,4,羽毛球馆-7号,16:00-17:00,1,1,已售/已满,已售,晴,17,12,5,0.0,86,29
2026-05-21 07:56:31,2026-05-21,4,羽毛球馆-7号,16:00-17:00,1,1,已售/已满,已售,晴,17,12,5,0.0,86,29
2026-05-21 07:59:26,2026-05-21,4,羽毛球馆-7号,16:00-17:00,1,1,已售/已满,已售,晴,17,12,5,0.0,86,29
2026-05-21 00:30:49,2026-05-21,4,羽毛球馆-7号,17:00-18:00,1,1,已售/已满,已售,多云,15,13,3,0.0,100,26
2026-05-21 01:00:55,2026-05-21,4,羽毛球馆-7号,17:00-18:00,1,1,已售/已满,已售,多云,15,12,4,0.0,100,26
2026-05-21 01:30:47,2026-05-21,4,羽毛球馆-7号,17:00-18:00,1,1,已售/已满,已售,多云,15,13,4,0.0,100,28
2026-05-21 02:00:53,2026-05-21,4,羽毛球馆-7号,17:00-18:00,1,1,已售/已满,已售,多云,15,12,4,0.0,100,28
2026-05-21 02:30:49,2026-05-21,4,羽毛球馆-7号,17:00-18:00,1,1,已售/已满,已售,多云,15,14,3,0.0,100,29
2026-05-21 03:00:55,2026-05-21,4,羽毛球馆-7号,17:00-18:00,1,1,已售/已满,已售,多云,15,12,4,0.0,100,29
2026-05-21 03:30:49,2026-05-21,4,羽毛球馆-7号,17:00-18:00,1,1,已售/已满,已售,多云,15,14,3,0.0,100,30
2026-05-21 04:30:45,2026-05-21,4,羽毛球馆-7号,17:00-18:00,1,1,已售/已满,已售,多云,15,12,4,0.0,100,29
2026-05-21 05:00:52,2026-05-21,4,羽毛球馆-7号,17:00-18:00,1,1,已售/已满,已售,多云,15,12,4,0.0,100,29
2026-05-21 05:30:49,2026-05-21,4,羽毛球馆-7号,17:00-18:00,1,1,已售/已满,已售,多云,15,13,3,0.0,100,28
2026-05-21 06:00:50,2026-05-21,4,羽毛球馆-7号,17:00-18:00,1,1,已售/已满,已售,多云,15,13,4,0.0,99,28
2026-05-21 06:30:38,2026-05-21,4,羽毛球馆-7号,17:00-18:00,1,1,已售/已满,已售,多云,15,13,3,0.0,97,28
2026-05-21 07:00:43,2026-05-21,4,羽毛球馆-7号,17:00-18:00,1,1,已售/已满,已售,晴,15,11,5,0.0,93,28
2026-05-21 07:30:39,2026-05-21,4,羽毛球馆-7号,17:00-18:00,1,1,已售/已满,已售,晴,17,13,4,0.0,89,29
2026-05-21 07:50:40,2026-05-21,4,羽毛球馆-7号,17:00-18:00,1,1,已售/已满,已售,晴,17,13,4,0.0,88,29
2026-05-21 07:53:31,2026-05-21,4,羽毛球馆-7号,17:00-18:00,1,1,已售/已满,已售,晴,17,12,5,0.0,86,29
2026-05-21 07:56:31,2026-05-21,4,羽毛球馆-7号,17:00-18:00,1,1,已售/已满,已售,晴,17,12,5,0.0,86,29
2026-05-21 07:59:26,2026-05-21,4,羽毛球馆-7号,17:00-18:00,1,1,已售/已满,已售,晴,17,12,5,0.0,86,29
2026-05-21 00:30:49,2026-05-21,4,羽毛球馆-7号,18:30-19:30,1,1,已售/已满,教工羽毛球赛,多云,15,13,3,0.0,100,26
2026-05-21 01:00:55,2026-05-21,4,羽毛球馆-7号,18:30-19:30,1,1,已售/已满,教工羽毛球赛,多云,15,12,4,0.0,100,26
2026-05-21 01:30:47,2026-05-21,4,羽毛球馆-7号,18:30-19:30,1,1,已售/已满,教工羽毛球赛,多云,15,13,4,0.0,100,28
2026-05-21 02:00:53,2026-05-21,4,羽毛球馆-7号,18:30-19:30,1,1,已售/已满,教工羽毛球赛,多云,15,12,4,0.0,100,28
2026-05-21 02:30:49,2026-05-21,4,羽毛球馆-7号,18:30-19:30,1,1,已售/已满,教工羽毛球赛,多云,15,14,3,0.0,100,29
2026-05-21 03:00:55,2026-05-21,4,羽毛球馆-7号,18:30-19:30,1,1,已售/已满,教工羽毛球赛,多云,15,12,4,0.0,100,29
2026-05-21 03:30:49,2026-05-21,4,羽毛球馆-7号,18:30-19:30,1,1,已售/已满,教工羽毛球赛,多云,15,14,3,0.0,100,30
2026-05-21 04:30:45,2026-05-21,4,羽毛球馆-7号,18:30-19:30,1,1,已售/已满,教工羽毛球赛,多云,15,12,4,0.0,100,29
2026-05-21 05:00:52,2026-05-21,4,羽毛球馆-7号,18:30-19:30,1,1,已售/已满,教工羽毛球赛,多云,15,12,4,0.0,100,29
2026-05-21 05:30:49,2026-05-21,4,羽毛球馆-7号,18:30-19:30,1,1,已售/已满,教工羽毛球赛,多云,15,13,3,0.0,100,28
2026-05-21 06:00:50,2026-05-21,4,羽毛球馆-7号,18:30-19:30,1,1,已售/已满,教工羽毛球赛,多云,15,13,4,0.0,99,28
2026-05-21 06:30:38,2026-05-21,4,羽毛球馆-7号,18:30-19:30,1,1,已售/已满,教工羽毛球赛,多云,15,13,3,0.0,97,28
2026-05-21 07:00:43,2026-05-21,4,羽毛球馆-7号,18:30-19:30,1,1,已售/已满,教工羽毛球赛,晴,15,11,5,0.0,93,28
2026-05-21 07:30:39,2026-05-21,4,羽毛球馆-7号,18:30-19:30,1,1,已售/已满,教工羽毛球赛,晴,17,13,4,0.0,89,29
2026-05-21 07:50:40,2026-05-21,4,羽毛球馆-7号,18:30-19:30,1,1,已售/已满,教工羽毛球赛,晴,17,13,4,0.0,88,29
2026-05-21 07:53:31,2026-05-21,4,羽毛球馆-7号,18:30-19:30,1,1,已售/已满,教工羽毛球赛,晴,17,12,5,0.0,86,29
2026-05-21 07:56:31,2026-05-21,4,羽毛球馆-7号,18:30-19:30,1,1,已售/已满,教工羽毛球赛,晴,17,12,5,0.0,86,29
2026-05-21 07:59:26,2026-05-21,4,羽毛球馆-7号,18:30-19:30,1,1,已售/已满,教工羽毛球赛,晴,17,12,5,0.0,86,29
2026-05-21 00:30:49,2026-05-21,4,羽毛球馆-7号,19:30-20:30,1,1,已售/已满,教工羽毛球赛,多云,15,13,3,0.0,100,26
2026-05-21 01:00:55,2026-05-21,4,羽毛球馆-7号,19:30-20:30,1,1,已售/已满,教工羽毛球赛,多云,15,12,4,0.0,100,26
2026-05-21 01:30:47,2026-05-21,4,羽毛球馆-7号,19:30-20:30,1,1,已售/已满,教工羽毛球赛,多云,15,13,4,0.0,100,28
2026-05-21 02:00:53,2026-05-21,4,羽毛球馆-7号,19:30-20:30,1,1,已售/已满,教工羽毛球赛,多云,15,12,4,0.0,100,28
2026-05-21 02:30:49,2026-05-21,4,羽毛球馆-7号,19:30-20:30,1,1,已售/已满,教工羽毛球赛,多云,15,14,3,0.0,100,29
2026-05-21 03:00:55,2026-05-21,4,羽毛球馆-7号,19:30-20:30,1,1,已售/已满,教工羽毛球赛,多云,15,12,4,0.0,100,29
2026-05-21 03:30:49,2026-05-21,4,羽毛球馆-7号,19:30-20:30,1,1,已售/已满,教工羽毛球赛,多云,15,14,3,0.0,100,30
2026-05-21 04:30:45,2026-05-21,4,羽毛球馆-7号,19:30-20:30,1,1,已售/已满,教工羽毛球赛,多云,15,12,4,0.0,100,29
2026-05-21 05:00:52,2026-05-21,4,羽毛球馆-7号,19:30-20:30,1,1,已售/已满,教工羽毛球赛,多云,15,12,4,0.0,100,29
2026-05-21 05:30:49,2026-05-21,4,羽毛球馆-7号,19:30-20:30,1,1,已售/已满,教工羽毛球赛,多云,15,13,3,0.0,100,28
2026-05-21 06:00:50,2026-05-21,4,羽毛球馆-7号,19:30-20:30,1,1,已售/已满,教工羽毛球赛,多云,15,13,4,0.0,99,28
2026-05-21 06:30:38,2026-05-21,4,羽毛球馆-7号,19:30-20:30,1,1,已售/已满,教工羽毛球赛,多云,15,13,3,0.0,97,28
2026-05-21 07:00:43,2026-05-21,4,羽毛球馆-7号,19:30-20:30,1,1,已售/已满,教工羽毛球赛,晴,15,11,5,0.0,93,28
2026-05-21 07:30:39,2026-05-21,4,羽毛球馆-7号,19:30-20:30,1,1,已售/已满,教工羽毛球赛,晴,17,13,4,0.0,89,29
2026-05-21 07:50:40,2026-05-21,4,羽毛球馆-7号,19:30-20:30,1,1,已售/已满,教工羽毛球赛,晴,17,13,4,0.0,88,29
2026-05-21 07:53:31,2026-05-21,4,羽毛球馆-7号,19:30-20:30,1,1,已售/已满,教工羽毛球赛,晴,17,12,5,0.0,86,29
2026-05-21 07:56:31,2026-05-21,4,羽毛球馆-7号,19:30-20:30,1,1,已售/已满,教工羽毛球赛,晴,17,12,5,0.0,86,29
2026-05-21 07:59:26,2026-05-21,4,羽毛球馆-7号,19:30-20:30,1,1,已售/已满,教工羽毛球赛,晴,17,12,5,0.0,86,29
2026-05-21 00:30:49,2026-05-21,4,羽毛球馆-7号,20:30-21:30,1,1,已售/已满,教工羽毛球赛,多云,15,13,3,0.0,100,26
2026-05-21 01:00:55,2026-05-21,4,羽毛球馆-7号,20:30-21:30,1,1,已售/已满,教工羽毛球赛,多云,15,12,4,0.0,100,26
2026-05-21 01:30:47,2026-05-21,4,羽毛球馆-7号,20:30-21:30,1,1,已售/已满,教工羽毛球赛,多云,15,13,4,0.0,100,28
2026-05-21 02:00:53,2026-05-21,4,羽毛球馆-7号,20:30-21:30,1,1,已售/已满,教工羽毛球赛,多云,15,12,4,0.0,100,28
2026-05-21 02:30:49,2026-05-21,4,羽毛球馆-7号,20:30-21:30,1,1,已售/已满,教工羽毛球赛,多云,15,14,3,0.0,100,29
2026-05-21 03:00:55,2026-05-21,4,羽毛球馆-7号,20:30-21:30,1,1,已售/已满,教工羽毛球赛,多云,15,12,4,0.0,100,29
2026-05-21 03:30:49,2026-05-21,4,羽毛球馆-7号,20:30-21:30,1,1,已售/已满,教工羽毛球赛,多云,15,14,3,0.0,100,30
2026-05-21 04:30:45,2026-05-21,4,羽毛球馆-7号,20:30-21:30,1,1,已售/已满,教工羽毛球赛,多云,15,12,4,0.0,100,29
2026-05-21 05:00:52,2026-05-21,4,羽毛球馆-7号,20:30-21:30,1,1,已售/已满,教工羽毛球赛,多云,15,12,4,0.0,100,29
2026-05-21 05:30:49,2026-05-21,4,羽毛球馆-7号,20:30-21:30,1,1,已售/已满,教工羽毛球赛,多云,15,13,3,0.0,100,28
2026-05-21 06:00:50,2026-05-21,4,羽毛球馆-7号,20:30-21:30,1,1,已售/已满,教工羽毛球赛,多云,15,13,4,0.0,99,28
2026-05-21 06:30:38,2026-05-21,4,羽毛球馆-7号,20:30-21:30,1,1,已售/已满,教工羽毛球赛,多云,15,13,3,0.0,97,28
2026-05-21 07:00:43,2026-05-21,4,羽毛球馆-7号,20:30-21:30,1,1,已售/已满,教工羽毛球赛,晴,15,11,5,0.0,93,28
2026-05-21 07:30:39,2026-05-21,4,羽毛球馆-7号,20:30-21:30,1,1,已售/已满,教工羽毛球赛,晴,17,13,4,0.0,89,29
2026-05-21 07:50:40,2026-05-21,4,羽毛球馆-7号,20:30-21:30,1,1,已售/已满,教工羽毛球赛,晴,17,13,4,0.0,88,29
2026-05-21 07:53:31,2026-05-21,4,羽毛球馆-7号,20:30-21:30,1,1,已售/已满,教工羽毛球赛,晴,17,12,5,0.0,86,29
2026-05-21 07:56:31,2026-05-21,4,羽毛球馆-7号,20:30-21:30,1,1,已售/已满,教工羽毛球赛,晴,17,12,5,0.0,86,29
2026-05-21 07:59:26,2026-05-21,4,羽毛球馆-7号,20:30-21:30,1,1,已售/已满,教工羽毛球赛,晴,17,12,5,0.0,86,29
2026-05-21 00:30:49,2026-05-21,4,羽毛球馆-8号,07:00-08:00,0,1,可预约,￥0.0,多云,15,13,3,0.0,100,26
2026-05-21 01:00:55,2026-05-21,4,羽毛球馆-8号,07:00-08:00,0,1,可预约,￥0.0,多云,15,12,4,0.0,100,26
2026-05-21 01:30:47,2026-05-21,4,羽毛球馆-8号,07:00-08:00,0,1,可预约,￥0.0,多云,15,13,4,0.0,100,28
2026-05-21 02:00:53,2026-05-21,4,羽毛球馆-8号,07:00-08:00,0,1,可预约,￥0.0,多云,15,12,4,0.0,100,28
2026-05-21 02:30:49,2026-05-21,4,羽毛球馆-8号,07:00-08:00,0,1,可预约,￥0.0,多云,15,14,3,0.0,100,29
2026-05-21 03:00:55,2026-05-21,4,羽毛球馆-8号,07:00-08:00,0,1,可预约,￥0.0,多云,15,12,4,0.0,100,29
2026-05-21 03:30:49,2026-05-21,4,羽毛球馆-8号,07:00-08:00,0,1,可预约,￥0.0,多云,15,14,3,0.0,100,30
2026-05-21 04:30:45,2026-05-21,4,羽毛球馆-8号,07:00-08:00,0,1,可预约,￥0.0,多云,15,12,4,0.0,100,29
2026-05-21 05:00:52,2026-05-21,4,羽毛球馆-8号,07:00-08:00,0,1,可预约,￥0.0,多云,15,12,4,0.0,100,29
2026-05-21 05:30:49,2026-05-21,4,羽毛球馆-8号,07:00-08:00,0,1,可预约,￥0.0,多云,15,13,3,0.0,100,28
2026-05-21 06:00:50,2026-05-21,4,羽毛球馆-8号,07:00-08:00,0,1,可预约,￥0.0,多云,15,13,4,0.0,99,28
2026-05-21 06:30:38,2026-05-21,4,羽毛球馆-8号,07:00-08:00,0,1,可预约,￥0.0,多云,15,13,3,0.0,97,28
2026-05-21 07:00:43,2026-05-21,4,羽毛球馆-8号,07:00-08:00,0,1,可预约,￥0.0,晴,15,11,5,0.0,93,28
2026-05-21 07:30:39,2026-05-21,4,羽毛球馆-8号,07:00-08:00,0,1,可预约,￥0.0,晴,17,13,4,0.0,89,29
2026-05-21 07:50:40,2026-05-21,4,羽毛球馆-8号,07:00-08:00,0,1,可预约,￥0.0,晴,17,13,4,0.0,88,29
2026-05-21 07:53:31,2026-05-21,4,羽毛球馆-8号,07:00-08:00,0,1,可预约,￥0.0,晴,17,12,5,0.0,86,29
2026-05-21 07:56:31,2026-05-21,4,羽毛球馆-8号,07:00-08:00,0,1,可预约,￥0.0,晴,17,12,5,0.0,86,29
2026-05-21 07:59:26,2026-05-21,4,羽毛球馆-8号,07:00-08:00,0,1,可预约,￥0.0,晴,17,12,5,0.0,86,29
2026-05-21 00:30:49,2026-05-21,4,羽毛球馆-8号,08:00-09:00,0,1,可预约,￥0.0,多云,15,13,3,0.0,100,26
2026-05-21 01:00:55,2026-05-21,4,羽毛球馆-8号,08:00-09:00,0,1,可预约,￥0.0,多云,15,12,4,0.0,100,26
2026-05-21 01:30:47,2026-05-21,4,羽毛球馆-8号,08:00-09:00,0,1,可预约,￥0.0,多云,15,13,4,0.0,100,28
2026-05-21 02:00:53,2026-05-21,4,羽毛球馆-8号,08:00-09:00,0,1,可预约,￥0.0,多云,15,12,4,0.0,100,28
2026-05-21 02:30:49,2026-05-21,4,羽毛球馆-8号,08:00-09:00,0,1,可预约,￥0.0,多云,15,14,3,0.0,100,29
2026-05-21 03:00:55,2026-05-21,4,羽毛球馆-8号,08:00-09:00,0,1,可预约,￥0.0,多云,15,12,4,0.0,100,29
2026-05-21 03:30:49,2026-05-21,4,羽毛球馆-8号,08:00-09:00,0,1,可预约,￥0.0,多云,15,14,3,0.0,100,30
2026-05-21 04:30:45,2026-05-21,4,羽毛球馆-8号,08:00-09:00,0,1,可预约,￥0.0,多云,15,12,4,0.0,100,29
2026-05-21 05:00:52,2026-05-21,4,羽毛球馆-8号,08:00-09:00,0,1,可预约,￥0.0,多云,15,12,4,0.0,100,29
2026-05-21 05:30:49,2026-05-21,4,羽毛球馆-8号,08:00-09:00,0,1,可预约,￥0.0,多云,15,13,3,0.0,100,28
2026-05-21 06:00:50,2026-05-21,4,羽毛球馆-8号,08:00-09:00,0,1,可预约,￥0.0,多云,15,13,4,0.0,99,28
2026-05-21 06:30:38,2026-05-21,4,羽毛球馆-8号,08:00-09:00,0,1,可预约,￥0.0,多云,15,13,3,0.0,97,28
2026-05-21 07:00:43,2026-05-21,4,羽毛球馆-8号,08:00-09:00,0,1,可预约,￥0.0,晴,15,11,5,0.0,93,28
2026-05-21 07:30:39,2026-05-21,4,羽毛球馆-8号,08:00-09:00,0,1,可预约,￥0.0,晴,17,13,4,0.0,89,29
2026-05-21 07:50:40,2026-05-21,4,羽毛球馆-8号,08:00-09:00,0,1,可预约,￥0.0,晴,17,13,4,0.0,88,29
2026-05-21 07:53:31,2026-05-21,4,羽毛球馆-8号,08:00-09:00,0,1,可预约,￥0.0,晴,17,12,5,0.0,86,29
2026-05-21 07:56:31,2026-05-21,4,羽毛球馆-8号,08:00-09:00,0,1,可预约,￥0.0,晴,17,12,5,0.0,86,29
2026-05-21 07:59:26,2026-05-21,4,羽毛球馆-8号,08:00-09:00,0,1,可预约,￥0.0,晴,17,12,5,0.0,86,29
2026-05-21 00:30:49,2026-05-21,4,羽毛球馆-8号,09:00-10:00,0,1,可预约,￥12.0,多云,15,13,3,0.0,100,26
2026-05-21 01:00:55,2026-05-21,4,羽毛球馆-8号,09:00-10:00,0,1,可预约,￥12.0,多云,15,12,4,0.0,100,26
2026-05-21 01:30:47,2026-05-21,4,羽毛球馆-8号,09:00-10:00,0,1,可预约,￥12.0,多云,15,13,4,0.0,100,28
2026-05-21 02:00:53,2026-05-21,4,羽毛球馆-8号,09:00-10:00,0,1,可预约,￥12.0,多云,15,12,4,0.0,100,28
2026-05-21 02:30:49,2026-05-21,4,羽毛球馆-8号,09:00-10:00,0,1,可预约,￥12.0,多云,15,14,3,0.0,100,29
2026-05-21 03:00:55,2026-05-21,4,羽毛球馆-8号,09:00-10:00,0,1,可预约,￥12.0,多云,15,12,4,0.0,100,29
2026-05-21 03:30:49,2026-05-21,4,羽毛球馆-8号,09:00-10:00,0,1,可预约,￥12.0,多云,15,14,3,0.0,100,30
2026-05-21 04:30:45,2026-05-21,4,羽毛球馆-8号,09:00-10:00,0,1,可预约,￥12.0,多云,15,12,4,0.0,100,29
2026-05-21 05:00:52,2026-05-21,4,羽毛球馆-8号,09:00-10:00,0,1,可预约,￥12.0,多云,15,12,4,0.0,100,29
2026-05-21 05:30:49,2026-05-21,4,羽毛球馆-8号,09:00-10:00,0,1,可预约,￥12.0,多云,15,13,3,0.0,100,28
2026-05-21 06:00:50,2026-05-21,4,羽毛球馆-8号,09:00-10:00,0,1,可预约,￥12.0,多云,15,13,4,0.0,99,28
2026-05-21 06:30:38,2026-05-21,4,羽毛球馆-8号,09:00-10:00,0,1,可预约,￥12.0,多云,15,13,3,0.0,97,28
2026-05-21 07:00:43,2026-05-21,4,羽毛球馆-8号,09:00-10:00,0,1,可预约,￥12.0,晴,15,11,5,0.0,93,28
2026-05-21 07:30:39,2026-05-21,4,羽毛球馆-8号,09:00-10:00,0,1,可预约,￥12.0,晴,17,13,4,0.0,89,29
2026-05-21 07:50:40,2026-05-21,4,羽毛球馆-8号,09:00-10:00,0,1,可预约,￥12.0,晴,17,13,4,0.0,88,29
2026-05-21 07:53:31,2026-05-21,4,羽毛球馆-8号,09:00-10:00,0,1,可预约,￥12.0,晴,17,12,5,0.0,86,29
2026-05-21 07:56:31,2026-05-21,4,羽毛球馆-8号,09:00-10:00,0,1,可预约,￥12.0,晴,17,12,5,0.0,86,29
2026-05-21 07:59:26,2026-05-21,4,羽毛球馆-8号,09:00-10:00,0,1,可预约,￥12.0,晴,17,12,5,0.0,86,29
2026-05-21 00:30:49,2026-05-21,4,羽毛球馆-8号,10:00-11:00,1,1,已售/已满,教学时间,多云,15,13,3,0.0,100,26
2026-05-21 01:00:55,2026-05-21,4,羽毛球馆-8号,10:00-11:00,1,1,已售/已满,教学时间,多云,15,12,4,0.0,100,26
2026-05-21 01:30:47,2026-05-21,4,羽毛球馆-8号,10:00-11:00,1,1,已售/已满,教学时间,多云,15,13,4,0.0,100,28
2026-05-21 02:00:53,2026-05-21,4,羽毛球馆-8号,10:00-11:00,1,1,已售/已满,教学时间,多云,15,12,4,0.0,100,28
2026-05-21 02:30:49,2026-05-21,4,羽毛球馆-8号,10:00-11:00,1,1,已售/已满,教学时间,多云,15,14,3,0.0,100,29
2026-05-21 03:00:55,2026-05-21,4,羽毛球馆-8号,10:00-11:00,1,1,已售/已满,教学时间,多云,15,12,4,0.0,100,29
2026-05-21 03:30:49,2026-05-21,4,羽毛球馆-8号,10:00-11:00,1,1,已售/已满,教学时间,多云,15,14,3,0.0,100,30
2026-05-21 04:30:45,2026-05-21,4,羽毛球馆-8号,10:00-11:00,1,1,已售/已满,教学时间,多云,15,12,4,0.0,100,29
2026-05-21 05:00:52,2026-05-21,4,羽毛球馆-8号,10:00-11:00,1,1,已售/已满,教学时间,多云,15,12,4,0.0,100,29
2026-05-21 05:30:49,2026-05-21,4,羽毛球馆-8号,10:00-11:00,1,1,已售/已满,教学时间,多云,15,13,3,0.0,100,28
2026-05-21 06:00:50,2026-05-21,4,羽毛球馆-8号,10:00-11:00,1,1,已售/已满,教学时间,多云,15,13,4,0.0,99,28
2026-05-21 06:30:38,2026-05-21,4,羽毛球馆-8号,10:00-11:00,1,1,已售/已满,教学时间,多云,15,13,3,0.0,97,28
2026-05-21 07:00:43,2026-05-21,4,羽毛球馆-8号,10:00-11:00,1,1,已售/已满,教学时间,晴,15,11,5,0.0,93,28
2026-05-21 07:30:39,2026-05-21,4,羽毛球馆-8号,10:00-11:00,1,1,已售/已满,教学时间,晴,17,13,4,0.0,89,29
2026-05-21 07:50:40,2026-05-21,4,羽毛球馆-8号,10:00-11:00,1,1,已售/已满,教学时间,晴,17,13,4,0.0,88,29
2026-05-21 07:53:31,2026-05-21,4,羽毛球馆-8号,10:00-11:00,1,1,已售/已满,教学时间,晴,17,12,5,0.0,86,29
2026-05-21 07:56:31,2026-05-21,4,羽毛球馆-8号,10:00-11:00,1,1,已售/已满,教学时间,晴,17,12,5,0.0,86,29
2026-05-21 07:59:26,2026-05-21,4,羽毛球馆-8号,10:00-11:00,1,1,已售/已满,教学时间,晴,17,12,5,0.0,86,29
2026-05-21 00:30:49,2026-05-21,4,羽毛球馆-8号,11:00-12:00,1,1,已售/已满,教学时间,多云,15,13,3,0.0,100,26
2026-05-21 01:00:55,2026-05-21,4,羽毛球馆-8号,11:00-12:00,1,1,已售/已满,教学时间,多云,15,12,4,0.0,100,26
2026-05-21 01:30:47,2026-05-21,4,羽毛球馆-8号,11:00-12:00,1,1,已售/已满,教学时间,多云,15,13,4,0.0,100,28
2026-05-21 02:00:53,2026-05-21,4,羽毛球馆-8号,11:00-12:00,1,1,已售/已满,教学时间,多云,15,12,4,0.0,100,28
2026-05-21 02:30:49,2026-05-21,4,羽毛球馆-8号,11:00-12:00,1,1,已售/已满,教学时间,多云,15,14,3,0.0,100,29
2026-05-21 03:00:55,2026-05-21,4,羽毛球馆-8号,11:00-12:00,1,1,已售/已满,教学时间,多云,15,12,4,0.0,100,29
2026-05-21 03:30:49,2026-05-21,4,羽毛球馆-8号,11:00-12:00,1,1,已售/已满,教学时间,多云,15,14,3,0.0,100,30
2026-05-21 04:30:45,2026-05-21,4,羽毛球馆-8号,11:00-12:00,1,1,已售/已满,教学时间,多云,15,12,4,0.0,100,29
2026-05-21 05:00:52,2026-05-21,4,羽毛球馆-8号,11:00-12:00,1,1,已售/已满,教学时间,多云,15,12,4,0.0,100,29
2026-05-21 05:30:49,2026-05-21,4,羽毛球馆-8号,11:00-12:00,1,1,已售/已满,教学时间,多云,15,13,3,0.0,100,28
2026-05-21 06:00:50,2026-05-21,4,羽毛球馆-8号,11:00-12:00,1,1,已售/已满,教学时间,多云,15,13,4,0.0,99,28
2026-05-21 06:30:38,2026-05-21,4,羽毛球馆-8号,11:00-12:00,1,1,已售/已满,教学时间,多云,15,13,3,0.0,97,28
2026-05-21 07:00:43,2026-05-21,4,羽毛球馆-8号,11:00-12:00,1,1,已售/已满,教学时间,晴,15,11,5,0.0,93,28
2026-05-21 07:30:39,2026-05-21,4,羽毛球馆-8号,11:00-12:00,1,1,已售/已满,教学时间,晴,17,13,4,0.0,89,29
2026-05-21 07:50:40,2026-05-21,4,羽毛球馆-8号,11:00-12:00,1,1,已售/已满,教学时间,晴,17,13,4,0.0,88,29
2026-05-21 07:53:31,2026-05-21,4,羽毛球馆-8号,11:00-12:00,1,1,已售/已满,教学时间,晴,17,12,5,0.0,86,29
2026-05-21 07:56:31,2026-05-21,4,羽毛球馆-8号,11:00-12:00,1,1,已售/已满,教学时间,晴,17,12,5,0.0,86,29
2026-05-21 07:59:26,2026-05-21,4,羽毛球馆-8号,11:00-12:00,1,1,已售/已满,教学时间,晴,17,12,5,0.0,86,29
2026-05-21 00:30:49,2026-05-21,4,羽毛球馆-8号,12:00-12:55,1,1,已售/已满,已售,多云,15,13,3,0.0,100,26
2026-05-21 01:00:55,2026-05-21,4,羽毛球馆-8号,12:00-12:55,1,1,已售/已满,已售,多云,15,12,4,0.0,100,26
2026-05-21 01:30:47,2026-05-21,4,羽毛球馆-8号,12:00-12:55,1,1,已售/已满,已售,多云,15,13,4,0.0,100,28
2026-05-21 02:00:53,2026-05-21,4,羽毛球馆-8号,12:00-12:55,1,1,已售/已满,已售,多云,15,12,4,0.0,100,28
2026-05-21 02:30:49,2026-05-21,4,羽毛球馆-8号,12:00-12:55,1,1,已售/已满,已售,多云,15,14,3,0.0,100,29
2026-05-21 03:00:55,2026-05-21,4,羽毛球馆-8号,12:00-12:55,1,1,已售/已满,已售,多云,15,12,4,0.0,100,29
2026-05-21 03:30:49,2026-05-21,4,羽毛球馆-8号,12:00-12:55,1,1,已售/已满,已售,多云,15,14,3,0.0,100,30
2026-05-21 04:30:45,2026-05-21,4,羽毛球馆-8号,12:00-12:55,1,1,已售/已满,已售,多云,15,12,4,0.0,100,29
2026-05-21 05:00:52,2026-05-21,4,羽毛球馆-8号,12:00-12:55,1,1,已售/已满,已售,多云,15,12,4,0.0,100,29
2026-05-21 05:30:49,2026-05-21,4,羽毛球馆-8号,12:00-12:55,1,1,已售/已满,已售,多云,15,13,3,0.0,100,28
2026-05-21 06:00:50,2026-05-21,4,羽毛球馆-8号,12:00-12:55,1,1,已售/已满,已售,多云,15,13,4,0.0,99,28
2026-05-21 06:30:38,2026-05-21,4,羽毛球馆-8号,12:00-12:55,1,1,已售/已满,已售,多云,15,13,3,0.0,97,28
2026-05-21 07:00:43,2026-05-21,4,羽毛球馆-8号,12:00-12:55,1,1,已售/已满,已售,晴,15,11,5,0.0,93,28
2026-05-21 07:30:39,2026-05-21,4,羽毛球馆-8号,12:00-12:55,1,1,已售/已满,已售,晴,17,13,4,0.0,89,29
2026-05-21 07:50:40,2026-05-21,4,羽毛球馆-8号,12:00-12:55,1,1,已售/已满,已售,晴,17,13,4,0.0,88,29
2026-05-21 07:53:31,2026-05-21,4,羽毛球馆-8号,12:00-12:55,1,1,已售/已满,已售,晴,17,12,5,0.0,86,29
2026-05-21 07:56:31,2026-05-21,4,羽毛球馆-8号,12:00-12:55,1,1,已售/已满,已售,晴,17,12,5,0.0,86,29
2026-05-21 07:59:26,2026-05-21,4,羽毛球馆-8号,12:00-12:55,1,1,已售/已满,已售,晴,17,12,5,0.0,86,29
2026-05-21 00:30:49,2026-05-21,4,羽毛球馆-8号,12:55-13:50,1,1,已售/已满,已售,多云,15,13,3,0.0,100,26
2026-05-21 01:00:55,2026-05-21,4,羽毛球馆-8号,12:55-13:50,1,1,已售/已满,已售,多云,15,12,4,0.0,100,26
2026-05-21 01:30:47,2026-05-21,4,羽毛球馆-8号,12:55-13:50,1,1,已售/已满,已售,多云,15,13,4,0.0,100,28
2026-05-21 02:00:53,2026-05-21,4,羽毛球馆-8号,12:55-13:50,1,1,已售/已满,已售,多云,15,12,4,0.0,100,28
2026-05-21 02:30:49,2026-05-21,4,羽毛球馆-8号,12:55-13:50,1,1,已售/已满,已售,多云,15,14,3,0.0,100,29
2026-05-21 03:00:55,2026-05-21,4,羽毛球馆-8号,12:55-13:50,1,1,已售/已满,已售,多云,15,12,4,0.0,100,29
2026-05-21 03:30:49,2026-05-21,4,羽毛球馆-8号,12:55-13:50,1,1,已售/已满,已售,多云,15,14,3,0.0,100,30
2026-05-21 04:30:45,2026-05-21,4,羽毛球馆-8号,12:55-13:50,1,1,已售/已满,已售,多云,15,12,4,0.0,100,29
2026-05-21 05:00:52,2026-05-21,4,羽毛球馆-8号,12:55-13:50,1,1,已售/已满,已售,多云,15,12,4,0.0,100,29
2026-05-21 05:30:49,2026-05-21,4,羽毛球馆-8号,12:55-13:50,1,1,已售/已满,已售,多云,15,13,3,0.0,100,28
2026-05-21 06:00:50,2026-05-21,4,羽毛球馆-8号,12:55-13:50,1,1,已售/已满,已售,多云,15,13,4,0.0,99,28
2026-05-21 06:30:38,2026-05-21,4,羽毛球馆-8号,12:55-13:50,1,1,已售/已满,已售,多云,15,13,3,0.0,97,28
2026-05-21 07:00:43,2026-05-21,4,羽毛球馆-8号,12:55-13:50,1,1,已售/已满,已售,晴,15,11,5,0.0,93,28
2026-05-21 07:30:39,2026-05-21,4,羽毛球馆-8号,12:55-13:50,1,1,已售/已满,已售,晴,17,13,4,0.0,89,29
2026-05-21 07:50:40,2026-05-21,4,羽毛球馆-8号,12:55-13:50,1,1,已售/已满,已售,晴,17,13,4,0.0,88,29
2026-05-21 07:53:31,2026-05-21,4,羽毛球馆-8号,12:55-13:50,1,1,已售/已满,已售,晴,17,12,5,0.0,86,29
2026-05-21 07:56:31,2026-05-21,4,羽毛球馆-8号,12:55-13:50,1,1,已售/已满,已售,晴,17,12,5,0.0,86,29
2026-05-21 07:59:26,2026-05-21,4,羽毛球馆-8号,12:55-13:50,1,1,已售/已满,已售,晴,17,12,5,0.0,86,29
2026-05-21 00:30:49,2026-05-21,4,羽毛球馆-8号,14:00-15:00,0,1,可预约,￥12.0,多云,15,13,3,0.0,100,26
2026-05-21 01:00:55,2026-05-21,4,羽毛球馆-8号,14:00-15:00,0,1,可预约,￥12.0,多云,15,12,4,0.0,100,26
2026-05-21 01:30:47,2026-05-21,4,羽毛球馆-8号,14:00-15:00,0,1,可预约,￥12.0,多云,15,13,4,0.0,100,28
2026-05-21 02:00:53,2026-05-21,4,羽毛球馆-8号,14:00-15:00,0,1,可预约,￥12.0,多云,15,12,4,0.0,100,28
2026-05-21 02:30:49,2026-05-21,4,羽毛球馆-8号,14:00-15:00,0,1,可预约,￥12.0,多云,15,14,3,0.0,100,29
2026-05-21 03:00:55,2026-05-21,4,羽毛球馆-8号,14:00-15:00,0,1,可预约,￥12.0,多云,15,12,4,0.0,100,29
2026-05-21 03:30:49,2026-05-21,4,羽毛球馆-8号,14:00-15:00,0,1,可预约,￥12.0,多云,15,14,3,0.0,100,30
2026-05-21 04:30:45,2026-05-21,4,羽毛球馆-8号,14:00-15:00,0,1,可预约,￥12.0,多云,15,12,4,0.0,100,29
2026-05-21 05:00:52,2026-05-21,4,羽毛球馆-8号,14:00-15:00,0,1,可预约,￥12.0,多云,15,12,4,0.0,100,29
2026-05-21 05:30:49,2026-05-21,4,羽毛球馆-8号,14:00-15:00,0,1,可预约,￥12.0,多云,15,13,3,0.0,100,28
2026-05-21 06:00:50,2026-05-21,4,羽毛球馆-8号,14:00-15:00,0,1,可预约,￥12.0,多云,15,13,4,0.0,99,28
2026-05-21 06:30:38,2026-05-21,4,羽毛球馆-8号,14:00-15:00,0,1,可预约,￥12.0,多云,15,13,3,0.0,97,28
2026-05-21 07:00:43,2026-05-21,4,羽毛球馆-8号,14:00-15:00,0,1,可预约,￥12.0,晴,15,11,5,0.0,93,28
2026-05-21 07:30:39,2026-05-21,4,羽毛球馆-8号,14:00-15:00,1,1,已售/已满,已售,晴,17,13,4,0.0,89,29
2026-05-21 07:50:40,2026-05-21,4,羽毛球馆-8号,14:00-15:00,1,1,已售/已满,已售,晴,17,13,4,0.0,88,29
2026-05-21 07:53:31,2026-05-21,4,羽毛球馆-8号,14:00-15:00,1,1,已售/已满,已售,晴,17,12,5,0.0,86,29
2026-05-21 07:56:31,2026-05-21,4,羽毛球馆-8号,14:00-15:00,1,1,已售/已满,已售,晴,17,12,5,0.0,86,29
2026-05-21 07:59:26,2026-05-21,4,羽毛球馆-8号,14:00-15:00,1,1,已售/已满,已售,晴,17,12,5,0.0,86,29
2026-05-21 00:30:49,2026-05-21,4,羽毛球馆-8号,15:00-16:00,1,1,已售/已满,已售,多云,15,13,3,0.0,100,26
2026-05-21 01:00:55,2026-05-21,4,羽毛球馆-8号,15:00-16:00,1,1,已售/已满,已售,多云,15,12,4,0.0,100,26
2026-05-21 01:30:47,2026-05-21,4,羽毛球馆-8号,15:00-16:00,1,1,已售/已满,已售,多云,15,13,4,0.0,100,28
2026-05-21 02:00:53,2026-05-21,4,羽毛球馆-8号,15:00-16:00,1,1,已售/已满,已售,多云,15,12,4,0.0,100,28
2026-05-21 02:30:49,2026-05-21,4,羽毛球馆-8号,15:00-16:00,1,1,已售/已满,已售,多云,15,14,3,0.0,100,29
2026-05-21 03:00:55,2026-05-21,4,羽毛球馆-8号,15:00-16:00,1,1,已售/已满,已售,多云,15,12,4,0.0,100,29
2026-05-21 03:30:49,2026-05-21,4,羽毛球馆-8号,15:00-16:00,1,1,已售/已满,已售,多云,15,14,3,0.0,100,30
2026-05-21 04:30:45,2026-05-21,4,羽毛球馆-8号,15:00-16:00,1,1,已售/已满,已售,多云,15,12,4,0.0,100,29
2026-05-21 05:00:52,2026-05-21,4,羽毛球馆-8号,15:00-16:00,1,1,已售/已满,已售,多云,15,12,4,0.0,100,29
2026-05-21 05:30:49,2026-05-21,4,羽毛球馆-8号,15:00-16:00,1,1,已售/已满,已售,多云,15,13,3,0.0,100,28
2026-05-21 06:00:50,2026-05-21,4,羽毛球馆-8号,15:00-16:00,1,1,已售/已满,已售,多云,15,13,4,0.0,99,28
2026-05-21 06:30:38,2026-05-21,4,羽毛球馆-8号,15:00-16:00,1,1,已售/已满,已售,多云,15,13,3,0.0,97,28
2026-05-21 07:00:43,2026-05-21,4,羽毛球馆-8号,15:00-16:00,1,1,已售/已满,已售,晴,15,11,5,0.0,93,28
2026-05-21 07:30:39,2026-05-21,4,羽毛球馆-8号,15:00-16:00,1,1,已售/已满,已售,晴,17,13,4,0.0,89,29
2026-05-21 07:50:40,2026-05-21,4,羽毛球馆-8号,15:00-16:00,1,1,已售/已满,已售,晴,17,13,4,0.0,88,29
2026-05-21 07:53:31,2026-05-21,4,羽毛球馆-8号,15:00-16:00,1,1,已售/已满,已售,晴,17,12,5,0.0,86,29
2026-05-21 07:56:31,2026-05-21,4,羽毛球馆-8号,15:00-16:00,1,1,已售/已满,已售,晴,17,12,5,0.0,86,29
2026-05-21 07:59:26,2026-05-21,4,羽毛球馆-8号,15:00-16:00,1,1,已售/已满,已售,晴,17,12,5,0.0,86,29
2026-05-21 00:30:49,2026-05-21,4,羽毛球馆-8号,16:00-17:00,1,1,已售/已满,已售,多云,15,13,3,0.0,100,26
2026-05-21 01:00:55,2026-05-21,4,羽毛球馆-8号,16:00-17:00,1,1,已售/已满,已售,多云,15,12,4,0.0,100,26
2026-05-21 01:30:47,2026-05-21,4,羽毛球馆-8号,16:00-17:00,1,1,已售/已满,已售,多云,15,13,4,0.0,100,28
2026-05-21 02:00:53,2026-05-21,4,羽毛球馆-8号,16:00-17:00,1,1,已售/已满,已售,多云,15,12,4,0.0,100,28
2026-05-21 02:30:49,2026-05-21,4,羽毛球馆-8号,16:00-17:00,1,1,已售/已满,已售,多云,15,14,3,0.0,100,29
2026-05-21 03:00:55,2026-05-21,4,羽毛球馆-8号,16:00-17:00,1,1,已售/已满,已售,多云,15,12,4,0.0,100,29
2026-05-21 03:30:49,2026-05-21,4,羽毛球馆-8号,16:00-17:00,1,1,已售/已满,已售,多云,15,14,3,0.0,100,30
2026-05-21 04:30:45,2026-05-21,4,羽毛球馆-8号,16:00-17:00,1,1,已售/已满,已售,多云,15,12,4,0.0,100,29
2026-05-21 05:00:52,2026-05-21,4,羽毛球馆-8号,16:00-17:00,1,1,已售/已满,已售,多云,15,12,4,0.0,100,29
2026-05-21 05:30:49,2026-05-21,4,羽毛球馆-8号,16:00-17:00,1,1,已售/已满,已售,多云,15,13,3,0.0,100,28
2026-05-21 06:00:50,2026-05-21,4,羽毛球馆-8号,16:00-17:00,1,1,已售/已满,已售,多云,15,13,4,0.0,99,28
2026-05-21 06:30:38,2026-05-21,4,羽毛球馆-8号,16:00-17:00,1,1,已售/已满,已售,多云,15,13,3,0.0,97,28
2026-05-21 07:00:43,2026-05-21,4,羽毛球馆-8号,16:00-17:00,1,1,已售/已满,已售,晴,15,11,5,0.0,93,28
2026-05-21 07:30:39,2026-05-21,4,羽毛球馆-8号,16:00-17:00,1,1,已售/已满,已售,晴,17,13,4,0.0,89,29
2026-05-21 07:50:40,2026-05-21,4,羽毛球馆-8号,16:00-17:00,1,1,已售/已满,已售,晴,17,13,4,0.0,88,29
2026-05-21 07:53:31,2026-05-21,4,羽毛球馆-8号,16:00-17:00,1,1,已售/已满,已售,晴,17,12,5,0.0,86,29
2026-05-21 07:56:31,2026-05-21,4,羽毛球馆-8号,16:00-17:00,1,1,已售/已满,已售,晴,17,12,5,0.0,86,29
2026-05-21 07:59:26,2026-05-21,4,羽毛球馆-8号,16:00-17:00,1,1,已售/已满,已售,晴,17,12,5,0.0,86,29
2026-05-21 00:30:49,2026-05-21,4,羽毛球馆-8号,17:00-18:00,1,1,已售/已满,已售,多云,15,13,3,0.0,100,26
2026-05-21 01:00:55,2026-05-21,4,羽毛球馆-8号,17:00-18:00,1,1,已售/已满,已售,多云,15,12,4,0.0,100,26
2026-05-21 01:30:47,2026-05-21,4,羽毛球馆-8号,17:00-18:00,1,1,已售/已满,已售,多云,15,13,4,0.0,100,28
2026-05-21 02:00:53,2026-05-21,4,羽毛球馆-8号,17:00-18:00,1,1,已售/已满,已售,多云,15,12,4,0.0,100,28
2026-05-21 02:30:49,2026-05-21,4,羽毛球馆-8号,17:00-18:00,1,1,已售/已满,已售,多云,15,14,3,0.0,100,29
2026-05-21 03:00:55,2026-05-21,4,羽毛球馆-8号,17:00-18:00,1,1,已售/已满,已售,多云,15,12,4,0.0,100,29
2026-05-21 03:30:49,2026-05-21,4,羽毛球馆-8号,17:00-18:00,1,1,已售/已满,已售,多云,15,14,3,0.0,100,30
2026-05-21 04:30:45,2026-05-21,4,羽毛球馆-8号,17:00-18:00,1,1,已售/已满,已售,多云,15,12,4,0.0,100,29
2026-05-21 05:00:52,2026-05-21,4,羽毛球馆-8号,17:00-18:00,1,1,已售/已满,已售,多云,15,12,4,0.0,100,29
2026-05-21 05:30:49,2026-05-21,4,羽毛球馆-8号,17:00-18:00,1,1,已售/已满,已售,多云,15,13,3,0.0,100,28
2026-05-21 06:00:50,2026-05-21,4,羽毛球馆-8号,17:00-18:00,1,1,已售/已满,已售,多云,15,13,4,0.0,99,28
2026-05-21 06:30:38,2026-05-21,4,羽毛球馆-8号,17:00-18:00,1,1,已售/已满,已售,多云,15,13,3,0.0,97,28
2026-05-21 07:00:43,2026-05-21,4,羽毛球馆-8号,17:00-18:00,1,1,已售/已满,已售,晴,15,11,5,0.0,93,28
2026-05-21 07:30:39,2026-05-21,4,羽毛球馆-8号,17:00-18:00,1,1,已售/已满,已售,晴,17,13,4,0.0,89,29
2026-05-21 07:50:40,2026-05-21,4,羽毛球馆-8号,17:00-18:00,1,1,已售/已满,已售,晴,17,13,4,0.0,88,29
2026-05-21 07:53:31,2026-05-21,4,羽毛球馆-8号,17:00-18:00,1,1,已售/已满,已售,晴,17,12,5,0.0,86,29
2026-05-21 07:56:31,2026-05-21,4,羽毛球馆-8号,17:00-18:00,1,1,已售/已满,已售,晴,17,12,5,0.0,86,29
2026-05-21 07:59:26,2026-05-21,4,羽毛球馆-8号,17:00-18:00,1,1,已售/已满,已售,晴,17,12,5,0.0,86,29
2026-05-21 00:30:49,2026-05-21,4,羽毛球馆-8号,18:30-19:30,1,1,已售/已满,教工羽毛球赛,多云,15,13,3,0.0,100,26
2026-05-21 01:00:55,2026-05-21,4,羽毛球馆-8号,18:30-19:30,1,1,已售/已满,教工羽毛球赛,多云,15,12,4,0.0,100,26
2026-05-21 01:30:47,2026-05-21,4,羽毛球馆-8号,18:30-19:30,1,1,已售/已满,教工羽毛球赛,多云,15,13,4,0.0,100,28
2026-05-21 02:00:53,2026-05-21,4,羽毛球馆-8号,18:30-19:30,1,1,已售/已满,教工羽毛球赛,多云,15,12,4,0.0,100,28
2026-05-21 02:30:49,2026-05-21,4,羽毛球馆-8号,18:30-19:30,1,1,已售/已满,教工羽毛球赛,多云,15,14,3,0.0,100,29
2026-05-21 03:00:55,2026-05-21,4,羽毛球馆-8号,18:30-19:30,1,1,已售/已满,教工羽毛球赛,多云,15,12,4,0.0,100,29
2026-05-21 03:30:49,2026-05-21,4,羽毛球馆-8号,18:30-19:30,1,1,已售/已满,教工羽毛球赛,多云,15,14,3,0.0,100,30
2026-05-21 04:30:45,2026-05-21,4,羽毛球馆-8号,18:30-19:30,1,1,已售/已满,教工羽毛球赛,多云,15,12,4,0.0,100,29
2026-05-21 05:00:52,2026-05-21,4,羽毛球馆-8号,18:30-19:30,1,1,已售/已满,教工羽毛球赛,多云,15,12,4,0.0,100,29
2026-05-21 05:30:49,2026-05-21,4,羽毛球馆-8号,18:30-19:30,1,1,已售/已满,教工羽毛球赛,多云,15,13,3,0.0,100,28
2026-05-21 06:00:50,2026-05-21,4,羽毛球馆-8号,18:30-19:30,1,1,已售/已满,教工羽毛球赛,多云,15,13,4,0.0,99,28
2026-05-21 06:30:38,2026-05-21,4,羽毛球馆-8号,18:30-19:30,1,1,已售/已满,教工羽毛球赛,多云,15,13,3,0.0,97,28
2026-05-21 07:00:43,2026-05-21,4,羽毛球馆-8号,18:30-19:30,1,1,已售/已满,教工羽毛球赛,晴,15,11,5,0.0,93,28
2026-05-21 07:30:39,2026-05-21,4,羽毛球馆-8号,18:30-19:30,1,1,已售/已满,教工羽毛球赛,晴,17,13,4,0.0,89,29
2026-05-21 07:50:40,2026-05-21,4,羽毛球馆-8号,18:30-19:30,1,1,已售/已满,教工羽毛球赛,晴,17,13,4,0.0,88,29
2026-05-21 07:53:31,2026-05-21,4,羽毛球馆-8号,18:30-19:30,1,1,已售/已满,教工羽毛球赛,晴,17,12,5,0.0,86,29
2026-05-21 07:56:31,2026-05-21,4,羽毛球馆-8号,18:30-19:30,1,1,已售/已满,教工羽毛球赛,晴,17,12,5,0.0,86,29
2026-05-21 07:59:26,2026-05-21,4,羽毛球馆-8号,18:30-19:30,1,1,已售/已满,教工羽毛球赛,晴,17,12,5,0.0,86,29
2026-05-21 00:30:49,2026-05-21,4,羽毛球馆-8号,19:30-20:30,1,1,已售/已满,教工羽毛球赛,多云,15,13,3,0.0,100,26
2026-05-21 01:00:55,2026-05-21,4,羽毛球馆-8号,19:30-20:30,1,1,已售/已满,教工羽毛球赛,多云,15,12,4,0.0,100,26
2026-05-21 01:30:47,2026-05-21,4,羽毛球馆-8号,19:30-20:30,1,1,已售/已满,教工羽毛球赛,多云,15,13,4,0.0,100,28
2026-05-21 02:00:53,2026-05-21,4,羽毛球馆-8号,19:30-20:30,1,1,已售/已满,教工羽毛球赛,多云,15,12,4,0.0,100,28
2026-05-21 02:30:49,2026-05-21,4,羽毛球馆-8号,19:30-20:30,1,1,已售/已满,教工羽毛球赛,多云,15,14,3,0.0,100,29
2026-05-21 03:00:55,2026-05-21,4,羽毛球馆-8号,19:30-20:30,1,1,已售/已满,教工羽毛球赛,多云,15,12,4,0.0,100,29
2026-05-21 03:30:49,2026-05-21,4,羽毛球馆-8号,19:30-20:30,1,1,已售/已满,教工羽毛球赛,多云,15,14,3,0.0,100,30
2026-05-21 04:30:45,2026-05-21,4,羽毛球馆-8号,19:30-20:30,1,1,已售/已满,教工羽毛球赛,多云,15,12,4,0.0,100,29
2026-05-21 05:00:52,2026-05-21,4,羽毛球馆-8号,19:30-20:30,1,1,已售/已满,教工羽毛球赛,多云,15,12,4,0.0,100,29
2026-05-21 05:30:49,2026-05-21,4,羽毛球馆-8号,19:30-20:30,1,1,已售/已满,教工羽毛球赛,多云,15,13,3,0.0,100,28
2026-05-21 06:00:50,2026-05-21,4,羽毛球馆-8号,19:30-20:30,1,1,已售/已满,教工羽毛球赛,多云,15,13,4,0.0,99,28
2026-05-21 06:30:38,2026-05-21,4,羽毛球馆-8号,19:30-20:30,1,1,已售/已满,教工羽毛球赛,多云,15,13,3,0.0,97,28
2026-05-21 07:00:43,2026-05-21,4,羽毛球馆-8号,19:30-20:30,1,1,已售/已满,教工羽毛球赛,晴,15,11,5,0.0,93,28
2026-05-21 07:30:39,2026-05-21,4,羽毛球馆-8号,19:30-20:30,1,1,已售/已满,教工羽毛球赛,晴,17,13,4,0.0,89,29
2026-05-21 07:50:40,2026-05-21,4,羽毛球馆-8号,19:30-20:30,1,1,已售/已满,教工羽毛球赛,晴,17,13,4,0.0,88,29
2026-05-21 07:53:31,2026-05-21,4,羽毛球馆-8号,19:30-20:30,1,1,已售/已满,教工羽毛球赛,晴,17,12,5,0.0,86,29
2026-05-21 07:56:31,2026-05-21,4,羽毛球馆-8号,19:30-20:30,1,1,已售/已满,教工羽毛球赛,晴,17,12,5,0.0,86,29
2026-05-21 07:59:26,2026-05-21,4,羽毛球馆-8号,19:30-20:30,1,1,已售/已满,教工羽毛球赛,晴,17,12,5,0.0,86,29
2026-05-21 00:30:49,2026-05-21,4,羽毛球馆-8号,20:30-21:30,1,1,已售/已满,教工羽毛球赛,多云,15,13,3,0.0,100,26
2026-05-21 01:00:55,2026-05-21,4,羽毛球馆-8号,20:30-21:30,1,1,已售/已满,教工羽毛球赛,多云,15,12,4,0.0,100,26
2026-05-21 01:30:47,2026-05-21,4,羽毛球馆-8号,20:30-21:30,1,1,已售/已满,教工羽毛球赛,多云,15,13,4,0.0,100,28
2026-05-21 02:00:53,2026-05-21,4,羽毛球馆-8号,20:30-21:30,1,1,已售/已满,教工羽毛球赛,多云,15,12,4,0.0,100,28
2026-05-21 02:30:49,2026-05-21,4,羽毛球馆-8号,20:30-21:30,1,1,已售/已满,教工羽毛球赛,多云,15,14,3,0.0,100,29
2026-05-21 03:00:55,2026-05-21,4,羽毛球馆-8号,20:30-21:30,1,1,已售/已满,教工羽毛球赛,多云,15,12,4,0.0,100,29
2026-05-21 03:30:49,2026-05-21,4,羽毛球馆-8号,20:30-21:30,1,1,已售/已满,教工羽毛球赛,多云,15,14,3,0.0,100,30
2026-05-21 04:30:45,2026-05-21,4,羽毛球馆-8号,20:30-21:30,1,1,已售/已满,教工羽毛球赛,多云,15,12,4,0.0,100,29
2026-05-21 05:00:52,2026-05-21,4,羽毛球馆-8号,20:30-21:30,1,1,已售/已满,教工羽毛球赛,多云,15,12,4,0.0,100,29
2026-05-21 05:30:49,2026-05-21,4,羽毛球馆-8号,20:30-21:30,1,1,已售/已满,教工羽毛球赛,多云,15,13,3,0.0,100,28
2026-05-21 06:00:50,2026-05-21,4,羽毛球馆-8号,20:30-21:30,1,1,已售/已满,教工羽毛球赛,多云,15,13,4,0.0,99,28
2026-05-21 06:30:38,2026-05-21,4,羽毛球馆-8号,20:30-21:30,1,1,已售/已满,教工羽毛球赛,多云,15,13,3,0.0,97,28
2026-05-21 07:00:43,2026-05-21,4,羽毛球馆-8号,20:30-21:30,1,1,已售/已满,教工羽毛球赛,晴,15,11,5,0.0,93,28
2026-05-21 07:30:39,2026-05-21,4,羽毛球馆-8号,20:30-21:30,1,1,已售/已满,教工羽毛球赛,晴,17,13,4,0.0,89,29
2026-05-21 07:50:40,2026-05-21,4,羽毛球馆-8号,20:30-21:30,1,1,已售/已满,教工羽毛球赛,晴,17,13,4,0.0,88,29
2026-05-21 07:53:31,2026-05-21,4,羽毛球馆-8号,20:30-21:30,1,1,已售/已满,教工羽毛球赛,晴,17,12,5,0.0,86,29
2026-05-21 07:56:31,2026-05-21,4,羽毛球馆-8号,20:30-21:30,1,1,已售/已满,教工羽毛球赛,晴,17,12,5,0.0,86,29
2026-05-21 07:59:26,2026-05-21,4,羽毛球馆-8号,20:30-21:30,1,1,已售/已满,教工羽毛球赛,晴,17,12,5,0.0,86,29
2026-05-21 00:30:49,2026-05-21,4,羽毛球馆-9号,07:00-08:00,0,1,可预约,￥0.0,多云,15,13,3,0.0,100,26
2026-05-21 01:00:55,2026-05-21,4,羽毛球馆-9号,07:00-08:00,0,1,可预约,￥0.0,多云,15,12,4,0.0,100,26
2026-05-21 01:30:47,2026-05-21,4,羽毛球馆-9号,07:00-08:00,0,1,可预约,￥0.0,多云,15,13,4,0.0,100,28
2026-05-21 02:00:53,2026-05-21,4,羽毛球馆-9号,07:00-08:00,0,1,可预约,￥0.0,多云,15,12,4,0.0,100,28
2026-05-21 02:30:49,2026-05-21,4,羽毛球馆-9号,07:00-08:00,0,1,可预约,￥0.0,多云,15,14,3,0.0,100,29
2026-05-21 03:00:55,2026-05-21,4,羽毛球馆-9号,07:00-08:00,0,1,可预约,￥0.0,多云,15,12,4,0.0,100,29
2026-05-21 03:30:49,2026-05-21,4,羽毛球馆-9号,07:00-08:00,0,1,可预约,￥0.0,多云,15,14,3,0.0,100,30
2026-05-21 04:30:45,2026-05-21,4,羽毛球馆-9号,07:00-08:00,0,1,可预约,￥0.0,多云,15,12,4,0.0,100,29
2026-05-21 05:00:52,2026-05-21,4,羽毛球馆-9号,07:00-08:00,0,1,可预约,￥0.0,多云,15,12,4,0.0,100,29
2026-05-21 05:30:49,2026-05-21,4,羽毛球馆-9号,07:00-08:00,0,1,可预约,￥0.0,多云,15,13,3,0.0,100,28
2026-05-21 06:00:50,2026-05-21,4,羽毛球馆-9号,07:00-08:00,0,1,可预约,￥0.0,多云,15,13,4,0.0,99,28
2026-05-21 06:30:38,2026-05-21,4,羽毛球馆-9号,07:00-08:00,0,1,可预约,￥0.0,多云,15,13,3,0.0,97,28
2026-05-21 07:00:43,2026-05-21,4,羽毛球馆-9号,07:00-08:00,0,1,可预约,￥0.0,晴,15,11,5,0.0,93,28
2026-05-21 07:30:39,2026-05-21,4,羽毛球馆-9号,07:00-08:00,0,1,可预约,￥0.0,晴,17,13,4,0.0,89,29
2026-05-21 07:50:40,2026-05-21,4,羽毛球馆-9号,07:00-08:00,0,1,可预约,￥0.0,晴,17,13,4,0.0,88,29
2026-05-21 07:53:31,2026-05-21,4,羽毛球馆-9号,07:00-08:00,0,1,可预约,￥0.0,晴,17,12,5,0.0,86,29
2026-05-21 07:56:31,2026-05-21,4,羽毛球馆-9号,07:00-08:00,0,1,可预约,￥0.0,晴,17,12,5,0.0,86,29
2026-05-21 07:59:26,2026-05-21,4,羽毛球馆-9号,07:00-08:00,0,1,可预约,￥0.0,晴,17,12,5,0.0,86,29
2026-05-21 00:30:49,2026-05-21,4,羽毛球馆-9号,08:00-09:00,1,1,已售/已满,已售,多云,15,13,3,0.0,100,26
2026-05-21 01:00:55,2026-05-21,4,羽毛球馆-9号,08:00-09:00,1,1,已售/已满,已售,多云,15,12,4,0.0,100,26
2026-05-21 01:30:47,2026-05-21,4,羽毛球馆-9号,08:00-09:00,1,1,已售/已满,已售,多云,15,13,4,0.0,100,28
2026-05-21 02:00:53,2026-05-21,4,羽毛球馆-9号,08:00-09:00,1,1,已售/已满,已售,多云,15,12,4,0.0,100,28
2026-05-21 02:30:49,2026-05-21,4,羽毛球馆-9号,08:00-09:00,1,1,已售/已满,已售,多云,15,14,3,0.0,100,29
2026-05-21 03:00:55,2026-05-21,4,羽毛球馆-9号,08:00-09:00,1,1,已售/已满,已售,多云,15,12,4,0.0,100,29
2026-05-21 03:30:49,2026-05-21,4,羽毛球馆-9号,08:00-09:00,1,1,已售/已满,已售,多云,15,14,3,0.0,100,30
2026-05-21 04:30:45,2026-05-21,4,羽毛球馆-9号,08:00-09:00,1,1,已售/已满,已售,多云,15,12,4,0.0,100,29
2026-05-21 05:00:52,2026-05-21,4,羽毛球馆-9号,08:00-09:00,1,1,已售/已满,已售,多云,15,12,4,0.0,100,29
2026-05-21 05:30:49,2026-05-21,4,羽毛球馆-9号,08:00-09:00,1,1,已售/已满,已售,多云,15,13,3,0.0,100,28
2026-05-21 06:00:50,2026-05-21,4,羽毛球馆-9号,08:00-09:00,1,1,已售/已满,已售,多云,15,13,4,0.0,99,28
2026-05-21 06:30:38,2026-05-21,4,羽毛球馆-9号,08:00-09:00,1,1,已售/已满,已售,多云,15,13,3,0.0,97,28
2026-05-21 07:00:43,2026-05-21,4,羽毛球馆-9号,08:00-09:00,1,1,已售/已满,已售,晴,15,11,5,0.0,93,28
2026-05-21 07:30:39,2026-05-21,4,羽毛球馆-9号,08:00-09:00,1,1,已售/已满,已售,晴,17,13,4,0.0,89,29
2026-05-21 07:50:40,2026-05-21,4,羽毛球馆-9号,08:00-09:00,1,1,已售/已满,已售,晴,17,13,4,0.0,88,29
2026-05-21 07:53:31,2026-05-21,4,羽毛球馆-9号,08:00-09:00,1,1,已售/已满,已售,晴,17,12,5,0.0,86,29
2026-05-21 07:56:31,2026-05-21,4,羽毛球馆-9号,08:00-09:00,1,1,已售/已满,已售,晴,17,12,5,0.0,86,29
2026-05-21 07:59:26,2026-05-21,4,羽毛球馆-9号,08:00-09:00,1,1,已售/已满,已售,晴,17,12,5,0.0,86,29
2026-05-21 00:30:49,2026-05-21,4,羽毛球馆-9号,09:00-10:00,0,1,可预约,￥12.0,多云,15,13,3,0.0,100,26
2026-05-21 01:00:55,2026-05-21,4,羽毛球馆-9号,09:00-10:00,0,1,可预约,￥12.0,多云,15,12,4,0.0,100,26
2026-05-21 01:30:47,2026-05-21,4,羽毛球馆-9号,09:00-10:00,0,1,可预约,￥12.0,多云,15,13,4,0.0,100,28
2026-05-21 02:00:53,2026-05-21,4,羽毛球馆-9号,09:00-10:00,0,1,可预约,￥12.0,多云,15,12,4,0.0,100,28
2026-05-21 02:30:49,2026-05-21,4,羽毛球馆-9号,09:00-10:00,0,1,可预约,￥12.0,多云,15,14,3,0.0,100,29
2026-05-21 03:00:55,2026-05-21,4,羽毛球馆-9号,09:00-10:00,0,1,可预约,￥12.0,多云,15,12,4,0.0,100,29
2026-05-21 03:30:49,2026-05-21,4,羽毛球馆-9号,09:00-10:00,0,1,可预约,￥12.0,多云,15,14,3,0.0,100,30
2026-05-21 04:30:45,2026-05-21,4,羽毛球馆-9号,09:00-10:00,0,1,可预约,￥12.0,多云,15,12,4,0.0,100,29
2026-05-21 05:00:52,2026-05-21,4,羽毛球馆-9号,09:00-10:00,0,1,可预约,￥12.0,多云,15,12,4,0.0,100,29
2026-05-21 05:30:49,2026-05-21,4,羽毛球馆-9号,09:00-10:00,0,1,可预约,￥12.0,多云,15,13,3,0.0,100,28
2026-05-21 06:00:50,2026-05-21,4,羽毛球馆-9号,09:00-10:00,0,1,可预约,￥12.0,多云,15,13,4,0.0,99,28
2026-05-21 06:30:38,2026-05-21,4,羽毛球馆-9号,09:00-10:00,0,1,可预约,￥12.0,多云,15,13,3,0.0,97,28
2026-05-21 07:00:43,2026-05-21,4,羽毛球馆-9号,09:00-10:00,0,1,可预约,￥12.0,晴,15,11,5,0.0,93,28
2026-05-21 07:30:39,2026-05-21,4,羽毛球馆-9号,09:00-10:00,0,1,可预约,￥12.0,晴,17,13,4,0.0,89,29
2026-05-21 07:50:40,2026-05-21,4,羽毛球馆-9号,09:00-10:00,0,1,可预约,￥12.0,晴,17,13,4,0.0,88,29
2026-05-21 07:53:31,2026-05-21,4,羽毛球馆-9号,09:00-10:00,0,1,可预约,￥12.0,晴,17,12,5,0.0,86,29
2026-05-21 07:56:31,2026-05-21,4,羽毛球馆-9号,09:00-10:00,0,1,可预约,￥12.0,晴,17,12,5,0.0,86,29
2026-05-21 07:59:26,2026-05-21,4,羽毛球馆-9号,09:00-10:00,0,1,可预约,￥12.0,晴,17,12,5,0.0,86,29
2026-05-21 00:30:49,2026-05-21,4,羽毛球馆-9号,10:00-11:00,1,1,已售/已满,教学时间,多云,15,13,3,0.0,100,26
2026-05-21 01:00:55,2026-05-21,4,羽毛球馆-9号,10:00-11:00,1,1,已售/已满,教学时间,多云,15,12,4,0.0,100,26
2026-05-21 01:30:47,2026-05-21,4,羽毛球馆-9号,10:00-11:00,1,1,已售/已满,教学时间,多云,15,13,4,0.0,100,28
2026-05-21 02:00:53,2026-05-21,4,羽毛球馆-9号,10:00-11:00,1,1,已售/已满,教学时间,多云,15,12,4,0.0,100,28
2026-05-21 02:30:49,2026-05-21,4,羽毛球馆-9号,10:00-11:00,1,1,已售/已满,教学时间,多云,15,14,3,0.0,100,29
2026-05-21 03:00:55,2026-05-21,4,羽毛球馆-9号,10:00-11:00,1,1,已售/已满,教学时间,多云,15,12,4,0.0,100,29
2026-05-21 03:30:49,2026-05-21,4,羽毛球馆-9号,10:00-11:00,1,1,已售/已满,教学时间,多云,15,14,3,0.0,100,30
2026-05-21 04:30:45,2026-05-21,4,羽毛球馆-9号,10:00-11:00,1,1,已售/已满,教学时间,多云,15,12,4,0.0,100,29
2026-05-21 05:00:52,2026-05-21,4,羽毛球馆-9号,10:00-11:00,1,1,已售/已满,教学时间,多云,15,12,4,0.0,100,29
2026-05-21 05:30:49,2026-05-21,4,羽毛球馆-9号,10:00-11:00,1,1,已售/已满,教学时间,多云,15,13,3,0.0,100,28
2026-05-21 06:00:50,2026-05-21,4,羽毛球馆-9号,10:00-11:00,1,1,已售/已满,教学时间,多云,15,13,4,0.0,99,28
2026-05-21 06:30:38,2026-05-21,4,羽毛球馆-9号,10:00-11:00,1,1,已售/已满,教学时间,多云,15,13,3,0.0,97,28
2026-05-21 07:00:43,2026-05-21,4,羽毛球馆-9号,10:00-11:00,1,1,已售/已满,教学时间,晴,15,11,5,0.0,93,28
2026-05-21 07:30:39,2026-05-21,4,羽毛球馆-9号,10:00-11:00,1,1,已售/已满,教学时间,晴,17,13,4,0.0,89,29
2026-05-21 07:50:40,2026-05-21,4,羽毛球馆-9号,10:00-11:00,1,1,已售/已满,教学时间,晴,17,13,4,0.0,88,29
2026-05-21 07:53:31,2026-05-21,4,羽毛球馆-9号,10:00-11:00,1,1,已售/已满,教学时间,晴,17,12,5,0.0,86,29
2026-05-21 07:56:31,2026-05-21,4,羽毛球馆-9号,10:00-11:00,1,1,已售/已满,教学时间,晴,17,12,5,0.0,86,29
2026-05-21 07:59:26,2026-05-21,4,羽毛球馆-9号,10:00-11:00,1,1,已售/已满,教学时间,晴,17,12,5,0.0,86,29
2026-05-21 00:30:49,2026-05-21,4,羽毛球馆-9号,11:00-12:00,1,1,已售/已满,教学时间,多云,15,13,3,0.0,100,26
2026-05-21 01:00:55,2026-05-21,4,羽毛球馆-9号,11:00-12:00,1,1,已售/已满,教学时间,多云,15,12,4,0.0,100,26
2026-05-21 01:30:47,2026-05-21,4,羽毛球馆-9号,11:00-12:00,1,1,已售/已满,教学时间,多云,15,13,4,0.0,100,28
2026-05-21 02:00:53,2026-05-21,4,羽毛球馆-9号,11:00-12:00,1,1,已售/已满,教学时间,多云,15,12,4,0.0,100,28
2026-05-21 02:30:49,2026-05-21,4,羽毛球馆-9号,11:00-12:00,1,1,已售/已满,教学时间,多云,15,14,3,0.0,100,29
2026-05-21 03:00:55,2026-05-21,4,羽毛球馆-9号,11:00-12:00,1,1,已售/已满,教学时间,多云,15,12,4,0.0,100,29
2026-05-21 03:30:49,2026-05-21,4,羽毛球馆-9号,11:00-12:00,1,1,已售/已满,教学时间,多云,15,14,3,0.0,100,30
2026-05-21 04:30:45,2026-05-21,4,羽毛球馆-9号,11:00-12:00,1,1,已售/已满,教学时间,多云,15,12,4,0.0,100,29
2026-05-21 05:00:52,2026-05-21,4,羽毛球馆-9号,11:00-12:00,1,1,已售/已满,教学时间,多云,15,12,4,0.0,100,29
2026-05-21 05:30:49,2026-05-21,4,羽毛球馆-9号,11:00-12:00,1,1,已售/已满,教学时间,多云,15,13,3,0.0,100,28
2026-05-21 06:00:50,2026-05-21,4,羽毛球馆-9号,11:00-12:00,1,1,已售/已满,教学时间,多云,15,13,4,0.0,99,28
2026-05-21 06:30:38,2026-05-21,4,羽毛球馆-9号,11:00-12:00,1,1,已售/已满,教学时间,多云,15,13,3,0.0,97,28
2026-05-21 07:00:43,2026-05-21,4,羽毛球馆-9号,11:00-12:00,1,1,已售/已满,教学时间,晴,15,11,5,0.0,93,28
2026-05-21 07:30:39,2026-05-21,4,羽毛球馆-9号,11:00-12:00,1,1,已售/已满,教学时间,晴,17,13,4,0.0,89,29
2026-05-21 07:50:40,2026-05-21,4,羽毛球馆-9号,11:00-12:00,1,1,已售/已满,教学时间,晴,17,13,4,0.0,88,29
2026-05-21 07:53:31,2026-05-21,4,羽毛球馆-9号,11:00-12:00,1,1,已售/已满,教学时间,晴,17,12,5,0.0,86,29
2026-05-21 07:56:31,2026-05-21,4,羽毛球馆-9号,11:00-12:00,1,1,已售/已满,教学时间,晴,17,12,5,0.0,86,29
2026-05-21 07:59:26,2026-05-21,4,羽毛球馆-9号,11:00-12:00,1,1,已售/已满,教学时间,晴,17,12,5,0.0,86,29
2026-05-21 00:30:49,2026-05-21,4,羽毛球馆-9号,12:00-12:55,1,1,已售/已满,已售,多云,15,13,3,0.0,100,26
2026-05-21 01:00:55,2026-05-21,4,羽毛球馆-9号,12:00-12:55,1,1,已售/已满,已售,多云,15,12,4,0.0,100,26
2026-05-21 01:30:47,2026-05-21,4,羽毛球馆-9号,12:00-12:55,1,1,已售/已满,已售,多云,15,13,4,0.0,100,28
2026-05-21 02:00:53,2026-05-21,4,羽毛球馆-9号,12:00-12:55,1,1,已售/已满,已售,多云,15,12,4,0.0,100,28
2026-05-21 02:30:49,2026-05-21,4,羽毛球馆-9号,12:00-12:55,1,1,已售/已满,已售,多云,15,14,3,0.0,100,29
2026-05-21 03:00:55,2026-05-21,4,羽毛球馆-9号,12:00-12:55,1,1,已售/已满,已售,多云,15,12,4,0.0,100,29
2026-05-21 03:30:49,2026-05-21,4,羽毛球馆-9号,12:00-12:55,1,1,已售/已满,已售,多云,15,14,3,0.0,100,30
2026-05-21 04:30:45,2026-05-21,4,羽毛球馆-9号,12:00-12:55,1,1,已售/已满,已售,多云,15,12,4,0.0,100,29
2026-05-21 05:00:52,2026-05-21,4,羽毛球馆-9号,12:00-12:55,1,1,已售/已满,已售,多云,15,12,4,0.0,100,29
2026-05-21 05:30:49,2026-05-21,4,羽毛球馆-9号,12:00-12:55,1,1,已售/已满,已售,多云,15,13,3,0.0,100,28
2026-05-21 06:00:50,2026-05-21,4,羽毛球馆-9号,12:00-12:55,1,1,已售/已满,已售,多云,15,13,4,0.0,99,28
2026-05-21 06:30:38,2026-05-21,4,羽毛球馆-9号,12:00-12:55,1,1,已售/已满,已售,多云,15,13,3,0.0,97,28
2026-05-21 07:00:43,2026-05-21,4,羽毛球馆-9号,12:00-12:55,1,1,已售/已满,已售,晴,15,11,5,0.0,93,28
2026-05-21 07:30:39,2026-05-21,4,羽毛球馆-9号,12:00-12:55,1,1,已售/已满,已售,晴,17,13,4,0.0,89,29
2026-05-21 07:50:40,2026-05-21,4,羽毛球馆-9号,12:00-12:55,1,1,已售/已满,已售,晴,17,13,4,0.0,88,29
2026-05-21 07:53:31,2026-05-21,4,羽毛球馆-9号,12:00-12:55,1,1,已售/已满,已售,晴,17,12,5,0.0,86,29
2026-05-21 07:56:31,2026-05-21,4,羽毛球馆-9号,12:00-12:55,1,1,已售/已满,已售,晴,17,12,5,0.0,86,29
2026-05-21 07:59:26,2026-05-21,4,羽毛球馆-9号,12:00-12:55,1,1,已售/已满,已售,晴,17,12,5,0.0,86,29
2026-05-21 00:30:49,2026-05-21,4,羽毛球馆-9号,12:55-13:50,1,1,已售/已满,已售,多云,15,13,3,0.0,100,26
2026-05-21 01:00:55,2026-05-21,4,羽毛球馆-9号,12:55-13:50,1,1,已售/已满,已售,多云,15,12,4,0.0,100,26
2026-05-21 01:30:47,2026-05-21,4,羽毛球馆-9号,12:55-13:50,1,1,已售/已满,已售,多云,15,13,4,0.0,100,28
2026-05-21 02:00:53,2026-05-21,4,羽毛球馆-9号,12:55-13:50,1,1,已售/已满,已售,多云,15,12,4,0.0,100,28
2026-05-21 02:30:49,2026-05-21,4,羽毛球馆-9号,12:55-13:50,1,1,已售/已满,已售,多云,15,14,3,0.0,100,29
2026-05-21 03:00:55,2026-05-21,4,羽毛球馆-9号,12:55-13:50,1,1,已售/已满,已售,多云,15,12,4,0.0,100,29
2026-05-21 03:30:49,2026-05-21,4,羽毛球馆-9号,12:55-13:50,1,1,已售/已满,已售,多云,15,14,3,0.0,100,30
2026-05-21 04:30:45,2026-05-21,4,羽毛球馆-9号,12:55-13:50,1,1,已售/已满,已售,多云,15,12,4,0.0,100,29
2026-05-21 05:00:52,2026-05-21,4,羽毛球馆-9号,12:55-13:50,1,1,已售/已满,已售,多云,15,12,4,0.0,100,29
2026-05-21 05:30:49,2026-05-21,4,羽毛球馆-9号,12:55-13:50,1,1,已售/已满,已售,多云,15,13,3,0.0,100,28
2026-05-21 06:00:50,2026-05-21,4,羽毛球馆-9号,12:55-13:50,1,1,已售/已满,已售,多云,15,13,4,0.0,99,28
2026-05-21 06:30:38,2026-05-21,4,羽毛球馆-9号,12:55-13:50,1,1,已售/已满,已售,多云,15,13,3,0.0,97,28
2026-05-21 07:00:43,2026-05-21,4,羽毛球馆-9号,12:55-13:50,1,1,已售/已满,已售,晴,15,11,5,0.0,93,28
2026-05-21 07:30:39,2026-05-21,4,羽毛球馆-9号,12:55-13:50,1,1,已售/已满,已售,晴,17,13,4,0.0,89,29
2026-05-21 07:50:40,2026-05-21,4,羽毛球馆-9号,12:55-13:50,1,1,已售/已满,已售,晴,17,13,4,0.0,88,29
2026-05-21 07:53:31,2026-05-21,4,羽毛球馆-9号,12:55-13:50,1,1,已售/已满,已售,晴,17,12,5,0.0,86,29
2026-05-21 07:56:31,2026-05-21,4,羽毛球馆-9号,12:55-13:50,1,1,已售/已满,已售,晴,17,12,5,0.0,86,29
2026-05-21 07:59:26,2026-05-21,4,羽毛球馆-9号,12:55-13:50,1,1,已售/已满,已售,晴,17,12,5,0.0,86,29
2026-05-21 00:30:49,2026-05-21,4,羽毛球馆-9号,14:00-15:00,0,1,可预约,￥12.0,多云,15,13,3,0.0,100,26
2026-05-21 01:00:55,2026-05-21,4,羽毛球馆-9号,14:00-15:00,0,1,可预约,￥12.0,多云,15,12,4,0.0,100,26
2026-05-21 01:30:47,2026-05-21,4,羽毛球馆-9号,14:00-15:00,0,1,可预约,￥12.0,多云,15,13,4,0.0,100,28
2026-05-21 02:00:53,2026-05-21,4,羽毛球馆-9号,14:00-15:00,0,1,可预约,￥12.0,多云,15,12,4,0.0,100,28
2026-05-21 02:30:49,2026-05-21,4,羽毛球馆-9号,14:00-15:00,0,1,可预约,￥12.0,多云,15,14,3,0.0,100,29
2026-05-21 03:00:55,2026-05-21,4,羽毛球馆-9号,14:00-15:00,0,1,可预约,￥12.0,多云,15,12,4,0.0,100,29
2026-05-21 03:30:49,2026-05-21,4,羽毛球馆-9号,14:00-15:00,0,1,可预约,￥12.0,多云,15,14,3,0.0,100,30
2026-05-21 04:30:45,2026-05-21,4,羽毛球馆-9号,14:00-15:00,0,1,可预约,￥12.0,多云,15,12,4,0.0,100,29
2026-05-21 05:00:52,2026-05-21,4,羽毛球馆-9号,14:00-15:00,0,1,可预约,￥12.0,多云,15,12,4,0.0,100,29
2026-05-21 05:30:49,2026-05-21,4,羽毛球馆-9号,14:00-15:00,0,1,可预约,￥12.0,多云,15,13,3,0.0,100,28
2026-05-21 06:00:50,2026-05-21,4,羽毛球馆-9号,14:00-15:00,0,1,可预约,￥12.0,多云,15,13,4,0.0,99,28
2026-05-21 06:30:38,2026-05-21,4,羽毛球馆-9号,14:00-15:00,0,1,可预约,￥12.0,多云,15,13,3,0.0,97,28
2026-05-21 07:00:43,2026-05-21,4,羽毛球馆-9号,14:00-15:00,0,1,可预约,￥12.0,晴,15,11,5,0.0,93,28
2026-05-21 07:30:39,2026-05-21,4,羽毛球馆-9号,14:00-15:00,0,1,可预约,￥12.0,晴,17,13,4,0.0,89,29
2026-05-21 07:50:40,2026-05-21,4,羽毛球馆-9号,14:00-15:00,0,1,可预约,￥12.0,晴,17,13,4,0.0,88,29
2026-05-21 07:53:31,2026-05-21,4,羽毛球馆-9号,14:00-15:00,0,1,可预约,￥12.0,晴,17,12,5,0.0,86,29
2026-05-21 07:56:31,2026-05-21,4,羽毛球馆-9号,14:00-15:00,0,1,可预约,￥12.0,晴,17,12,5,0.0,86,29
2026-05-21 07:59:26,2026-05-21,4,羽毛球馆-9号,14:00-15:00,0,1,可预约,￥12.0,晴,17,12,5,0.0,86,29
2026-05-21 00:30:49,2026-05-21,4,羽毛球馆-9号,15:00-16:00,0,1,可预约,￥12.0,多云,15,13,3,0.0,100,26
2026-05-21 01:00:55,2026-05-21,4,羽毛球馆-9号,15:00-16:00,0,1,可预约,￥12.0,多云,15,12,4,0.0,100,26
2026-05-21 01:30:47,2026-05-21,4,羽毛球馆-9号,15:00-16:00,0,1,可预约,￥12.0,多云,15,13,4,0.0,100,28
2026-05-21 02:00:53,2026-05-21,4,羽毛球馆-9号,15:00-16:00,0,1,可预约,￥12.0,多云,15,12,4,0.0,100,28
2026-05-21 02:30:49,2026-05-21,4,羽毛球馆-9号,15:00-16:00,0,1,可预约,￥12.0,多云,15,14,3,0.0,100,29
2026-05-21 03:00:55,2026-05-21,4,羽毛球馆-9号,15:00-16:00,0,1,可预约,￥12.0,多云,15,12,4,0.0,100,29
2026-05-21 03:30:49,2026-05-21,4,羽毛球馆-9号,15:00-16:00,0,1,可预约,￥12.0,多云,15,14,3,0.0,100,30
2026-05-21 04:30:45,2026-05-21,4,羽毛球馆-9号,15:00-16:00,0,1,可预约,￥12.0,多云,15,12,4,0.0,100,29
2026-05-21 05:00:52,2026-05-21,4,羽毛球馆-9号,15:00-16:00,0,1,可预约,￥12.0,多云,15,12,4,0.0,100,29
2026-05-21 05:30:49,2026-05-21,4,羽毛球馆-9号,15:00-16:00,0,1,可预约,￥12.0,多云,15,13,3,0.0,100,28
2026-05-21 06:00:50,2026-05-21,4,羽毛球馆-9号,15:00-16:00,0,1,可预约,￥12.0,多云,15,13,4,0.0,99,28
2026-05-21 06:30:38,2026-05-21,4,羽毛球馆-9号,15:00-16:00,0,1,可预约,￥12.0,多云,15,13,3,0.0,97,28
2026-05-21 07:00:43,2026-05-21,4,羽毛球馆-9号,15:00-16:00,0,1,可预约,￥12.0,晴,15,11,5,0.0,93,28
2026-05-21 07:30:39,2026-05-21,4,羽毛球馆-9号,15:00-16:00,0,1,可预约,￥12.0,晴,17,13,4,0.0,89,29
2026-05-21 07:50:40,2026-05-21,4,羽毛球馆-9号,15:00-16:00,0,1,可预约,￥12.0,晴,17,13,4,0.0,88,29
2026-05-21 07:53:31,2026-05-21,4,羽毛球馆-9号,15:00-16:00,0,1,可预约,￥12.0,晴,17,12,5,0.0,86,29
2026-05-21 07:56:31,2026-05-21,4,羽毛球馆-9号,15:00-16:00,0,1,可预约,￥12.0,晴,17,12,5,0.0,86,29
2026-05-21 07:59:26,2026-05-21,4,羽毛球馆-9号,15:00-16:00,0,1,可预约,￥12.0,晴,17,12,5,0.0,86,29
2026-05-21 00:30:49,2026-05-21,4,羽毛球馆-9号,16:00-17:00,1,1,已售/已满,已售,多云,15,13,3,0.0,100,26
2026-05-21 01:00:55,2026-05-21,4,羽毛球馆-9号,16:00-17:00,1,1,已售/已满,已售,多云,15,12,4,0.0,100,26
2026-05-21 01:30:47,2026-05-21,4,羽毛球馆-9号,16:00-17:00,1,1,已售/已满,已售,多云,15,13,4,0.0,100,28
2026-05-21 02:00:53,2026-05-21,4,羽毛球馆-9号,16:00-17:00,1,1,已售/已满,已售,多云,15,12,4,0.0,100,28
2026-05-21 02:30:49,2026-05-21,4,羽毛球馆-9号,16:00-17:00,1,1,已售/已满,已售,多云,15,14,3,0.0,100,29
2026-05-21 03:00:55,2026-05-21,4,羽毛球馆-9号,16:00-17:00,1,1,已售/已满,已售,多云,15,12,4,0.0,100,29
2026-05-21 03:30:49,2026-05-21,4,羽毛球馆-9号,16:00-17:00,1,1,已售/已满,已售,多云,15,14,3,0.0,100,30
2026-05-21 04:30:45,2026-05-21,4,羽毛球馆-9号,16:00-17:00,1,1,已售/已满,已售,多云,15,12,4,0.0,100,29
2026-05-21 05:00:52,2026-05-21,4,羽毛球馆-9号,16:00-17:00,1,1,已售/已满,已售,多云,15,12,4,0.0,100,29
2026-05-21 05:30:49,2026-05-21,4,羽毛球馆-9号,16:00-17:00,1,1,已售/已满,已售,多云,15,13,3,0.0,100,28
2026-05-21 06:00:50,2026-05-21,4,羽毛球馆-9号,16:00-17:00,1,1,已售/已满,已售,多云,15,13,4,0.0,99,28
2026-05-21 06:30:38,2026-05-21,4,羽毛球馆-9号,16:00-17:00,1,1,已售/已满,已售,多云,15,13,3,0.0,97,28
2026-05-21 07:00:43,2026-05-21,4,羽毛球馆-9号,16:00-17:00,1,1,已售/已满,已售,晴,15,11,5,0.0,93,28
2026-05-21 07:30:39,2026-05-21,4,羽毛球馆-9号,16:00-17:00,1,1,已售/已满,已售,晴,17,13,4,0.0,89,29
2026-05-21 07:50:40,2026-05-21,4,羽毛球馆-9号,16:00-17:00,1,1,已售/已满,已售,晴,17,13,4,0.0,88,29
2026-05-21 07:53:31,2026-05-21,4,羽毛球馆-9号,16:00-17:00,1,1,已售/已满,已售,晴,17,12,5,0.0,86,29
2026-05-21 07:56:31,2026-05-21,4,羽毛球馆-9号,16:00-17:00,1,1,已售/已满,已售,晴,17,12,5,0.0,86,29
2026-05-21 07:59:26,2026-05-21,4,羽毛球馆-9号,16:00-17:00,1,1,已售/已满,已售,晴,17,12,5,0.0,86,29
2026-05-21 00:30:49,2026-05-21,4,羽毛球馆-9号,17:00-18:00,1,1,已售/已满,已售,多云,15,13,3,0.0,100,26
2026-05-21 01:00:55,2026-05-21,4,羽毛球馆-9号,17:00-18:00,1,1,已售/已满,已售,多云,15,12,4,0.0,100,26
2026-05-21 01:30:47,2026-05-21,4,羽毛球馆-9号,17:00-18:00,1,1,已售/已满,已售,多云,15,13,4,0.0,100,28
2026-05-21 02:00:53,2026-05-21,4,羽毛球馆-9号,17:00-18:00,1,1,已售/已满,已售,多云,15,12,4,0.0,100,28
2026-05-21 02:30:49,2026-05-21,4,羽毛球馆-9号,17:00-18:00,1,1,已售/已满,已售,多云,15,14,3,0.0,100,29
2026-05-21 03:00:55,2026-05-21,4,羽毛球馆-9号,17:00-18:00,1,1,已售/已满,已售,多云,15,12,4,0.0,100,29
2026-05-21 03:30:49,2026-05-21,4,羽毛球馆-9号,17:00-18:00,1,1,已售/已满,已售,多云,15,14,3,0.0,100,30
2026-05-21 04:30:45,2026-05-21,4,羽毛球馆-9号,17:00-18:00,1,1,已售/已满,已售,多云,15,12,4,0.0,100,29
2026-05-21 05:00:52,2026-05-21,4,羽毛球馆-9号,17:00-18:00,1,1,已售/已满,已售,多云,15,12,4,0.0,100,29
2026-05-21 05:30:49,2026-05-21,4,羽毛球馆-9号,17:00-18:00,1,1,已售/已满,已售,多云,15,13,3,0.0,100,28
2026-05-21 06:00:50,2026-05-21,4,羽毛球馆-9号,17:00-18:00,1,1,已售/已满,已售,多云,15,13,4,0.0,99,28
2026-05-21 06:30:38,2026-05-21,4,羽毛球馆-9号,17:00-18:00,1,1,已售/已满,已售,多云,15,13,3,0.0,97,28
2026-05-21 07:00:43,2026-05-21,4,羽毛球馆-9号,17:00-18:00,1,1,已售/已满,已售,晴,15,11,5,0.0,93,28
2026-05-21 07:30:39,2026-05-21,4,羽毛球馆-9号,17:00-18:00,1,1,已售/已满,已售,晴,17,13,4,0.0,89,29
2026-05-21 07:50:40,2026-05-21,4,羽毛球馆-9号,17:00-18:00,1,1,已售/已满,已售,晴,17,13,4,0.0,88,29
2026-05-21 07:53:31,2026-05-21,4,羽毛球馆-9号,17:00-18:00,1,1,已售/已满,已售,晴,17,12,5,0.0,86,29
2026-05-21 07:56:31,2026-05-21,4,羽毛球馆-9号,17:00-18:00,1,1,已售/已满,已售,晴,17,12,5,0.0,86,29
2026-05-21 07:59:26,2026-05-21,4,羽毛球馆-9号,17:00-18:00,1,1,已售/已满,已售,晴,17,12,5,0.0,86,29
2026-05-21 00:30:49,2026-05-21,4,羽毛球馆-9号,18:30-19:30,1,1,已售/已满,教工羽毛球赛,多云,15,13,3,0.0,100,26
2026-05-21 01:00:55,2026-05-21,4,羽毛球馆-9号,18:30-19:30,1,1,已售/已满,教工羽毛球赛,多云,15,12,4,0.0,100,26
2026-05-21 01:30:47,2026-05-21,4,羽毛球馆-9号,18:30-19:30,1,1,已售/已满,教工羽毛球赛,多云,15,13,4,0.0,100,28
2026-05-21 02:00:53,2026-05-21,4,羽毛球馆-9号,18:30-19:30,1,1,已售/已满,教工羽毛球赛,多云,15,12,4,0.0,100,28
2026-05-21 02:30:49,2026-05-21,4,羽毛球馆-9号,18:30-19:30,1,1,已售/已满,教工羽毛球赛,多云,15,14,3,0.0,100,29
2026-05-21 03:00:55,2026-05-21,4,羽毛球馆-9号,18:30-19:30,1,1,已售/已满,教工羽毛球赛,多云,15,12,4,0.0,100,29
2026-05-21 03:30:49,2026-05-21,4,羽毛球馆-9号,18:30-19:30,1,1,已售/已满,教工羽毛球赛,多云,15,14,3,0.0,100,30
2026-05-21 04:30:45,2026-05-21,4,羽毛球馆-9号,18:30-19:30,1,1,已售/已满,教工羽毛球赛,多云,15,12,4,0.0,100,29
2026-05-21 05:00:52,2026-05-21,4,羽毛球馆-9号,18:30-19:30,1,1,已售/已满,教工羽毛球赛,多云,15,12,4,0.0,100,29
2026-05-21 05:30:49,2026-05-21,4,羽毛球馆-9号,18:30-19:30,1,1,已售/已满,教工羽毛球赛,多云,15,13,3,0.0,100,28
2026-05-21 06:00:50,2026-05-21,4,羽毛球馆-9号,18:30-19:30,1,1,已售/已满,教工羽毛球赛,多云,15,13,4,0.0,99,28
2026-05-21 06:30:38,2026-05-21,4,羽毛球馆-9号,18:30-19:30,1,1,已售/已满,教工羽毛球赛,多云,15,13,3,0.0,97,28
2026-05-21 07:00:43,2026-05-21,4,羽毛球馆-9号,18:30-19:30,1,1,已售/已满,教工羽毛球赛,晴,15,11,5,0.0,93,28
2026-05-21 07:30:39,2026-05-21,4,羽毛球馆-9号,18:30-19:30,1,1,已售/已满,教工羽毛球赛,晴,17,13,4,0.0,89,29
2026-05-21 07:50:40,2026-05-21,4,羽毛球馆-9号,18:30-19:30,1,1,已售/已满,教工羽毛球赛,晴,17,13,4,0.0,88,29
2026-05-21 07:53:31,2026-05-21,4,羽毛球馆-9号,18:30-19:30,1,1,已售/已满,教工羽毛球赛,晴,17,12,5,0.0,86,29
2026-05-21 07:56:31,2026-05-21,4,羽毛球馆-9号,18:30-19:30,1,1,已售/已满,教工羽毛球赛,晴,17,12,5,0.0,86,29
2026-05-21 07:59:26,2026-05-21,4,羽毛球馆-9号,18:30-19:30,1,1,已售/已满,教工羽毛球赛,晴,17,12,5,0.0,86,29
2026-05-21 00:30:49,2026-05-21,4,羽毛球馆-9号,19:30-20:30,1,1,已售/已满,教工羽毛球赛,多云,15,13,3,0.0,100,26
2026-05-21 01:00:55,2026-05-21,4,羽毛球馆-9号,19:30-20:30,1,1,已售/已满,教工羽毛球赛,多云,15,12,4,0.0,100,26
2026-05-21 01:30:47,2026-05-21,4,羽毛球馆-9号,19:30-20:30,1,1,已售/已满,教工羽毛球赛,多云,15,13,4,0.0,100,28
2026-05-21 02:00:53,2026-05-21,4,羽毛球馆-9号,19:30-20:30,1,1,已售/已满,教工羽毛球赛,多云,15,12,4,0.0,100,28
2026-05-21 02:30:49,2026-05-21,4,羽毛球馆-9号,19:30-20:30,1,1,已售/已满,教工羽毛球赛,多云,15,14,3,0.0,100,29
2026-05-21 03:00:55,2026-05-21,4,羽毛球馆-9号,19:30-20:30,1,1,已售/已满,教工羽毛球赛,多云,15,12,4,0.0,100,29
2026-05-21 03:30:49,2026-05-21,4,羽毛球馆-9号,19:30-20:30,1,1,已售/已满,教工羽毛球赛,多云,15,14,3,0.0,100,30
2026-05-21 04:30:45,2026-05-21,4,羽毛球馆-9号,19:30-20:30,1,1,已售/已满,教工羽毛球赛,多云,15,12,4,0.0,100,29
2026-05-21 05:00:52,2026-05-21,4,羽毛球馆-9号,19:30-20:30,1,1,已售/已满,教工羽毛球赛,多云,15,12,4,0.0,100,29
2026-05-21 05:30:49,2026-05-21,4,羽毛球馆-9号,19:30-20:30,1,1,已售/已满,教工羽毛球赛,多云,15,13,3,0.0,100,28
2026-05-21 06:00:50,2026-05-21,4,羽毛球馆-9号,19:30-20:30,1,1,已售/已满,教工羽毛球赛,多云,15,13,4,0.0,99,28
2026-05-21 06:30:38,2026-05-21,4,羽毛球馆-9号,19:30-20:30,1,1,已售/已满,教工羽毛球赛,多云,15,13,3,0.0,97,28
2026-05-21 07:00:43,2026-05-21,4,羽毛球馆-9号,19:30-20:30,1,1,已售/已满,教工羽毛球赛,晴,15,11,5,0.0,93,28
2026-05-21 07:30:39,2026-05-21,4,羽毛球馆-9号,19:30-20:30,1,1,已售/已满,教工羽毛球赛,晴,17,13,4,0.0,89,29
2026-05-21 07:50:40,2026-05-21,4,羽毛球馆-9号,19:30-20:30,1,1,已售/已满,教工羽毛球赛,晴,17,13,4,0.0,88,29
2026-05-21 07:53:31,2026-05-21,4,羽毛球馆-9号,19:30-20:30,1,1,已售/已满,教工羽毛球赛,晴,17,12,5,0.0,86,29
2026-05-21 07:56:31,2026-05-21,4,羽毛球馆-9号,19:30-20:30,1,1,已售/已满,教工羽毛球赛,晴,17,12,5,0.0,86,29
2026-05-21 07:59:26,2026-05-21,4,羽毛球馆-9号,19:30-20:30,1,1,已售/已满,教工羽毛球赛,晴,17,12,5,0.0,86,29
2026-05-21 00:30:49,2026-05-21,4,羽毛球馆-9号,20:30-21:30,1,1,已售/已满,教工羽毛球赛,多云,15,13,3,0.0,100,26
2026-05-21 01:00:55,2026-05-21,4,羽毛球馆-9号,20:30-21:30,1,1,已售/已满,教工羽毛球赛,多云,15,12,4,0.0,100,26
2026-05-21 01:30:47,2026-05-21,4,羽毛球馆-9号,20:30-21:30,1,1,已售/已满,教工羽毛球赛,多云,15,13,4,0.0,100,28
2026-05-21 02:00:53,2026-05-21,4,羽毛球馆-9号,20:30-21:30,1,1,已售/已满,教工羽毛球赛,多云,15,12,4,0.0,100,28
2026-05-21 02:30:49,2026-05-21,4,羽毛球馆-9号,20:30-21:30,1,1,已售/已满,教工羽毛球赛,多云,15,14,3,0.0,100,29
2026-05-21 03:00:55,2026-05-21,4,羽毛球馆-9号,20:30-21:30,1,1,已售/已满,教工羽毛球赛,多云,15,12,4,0.0,100,29
2026-05-21 03:30:49,2026-05-21,4,羽毛球馆-9号,20:30-21:30,1,1,已售/已满,教工羽毛球赛,多云,15,14,3,0.0,100,30
2026-05-21 04:30:45,2026-05-21,4,羽毛球馆-9号,20:30-21:30,1,1,已售/已满,教工羽毛球赛,多云,15,12,4,0.0,100,29
2026-05-21 05:00:52,2026-05-21,4,羽毛球馆-9号,20:30-21:30,1,1,已售/已满,教工羽毛球赛,多云,15,12,4,0.0,100,29
2026-05-21 05:30:49,2026-05-21,4,羽毛球馆-9号,20:30-21:30,1,1,已售/已满,教工羽毛球赛,多云,15,13,3,0.0,100,28
2026-05-21 06:00:50,2026-05-21,4,羽毛球馆-9号,20:30-21:30,1,1,已售/已满,教工羽毛球赛,多云,15,13,4,0.0,99,28
2026-05-21 06:30:38,2026-05-21,4,羽毛球馆-9号,20:30-21:30,1,1,已售/已满,教工羽毛球赛,多云,15,13,3,0.0,97,28
2026-05-21 07:00:43,2026-05-21,4,羽毛球馆-9号,20:30-21:30,1,1,已售/已满,教工羽毛球赛,晴,15,11,5,0.0,93,28
2026-05-21 07:30:39,2026-05-21,4,羽毛球馆-9号,20:30-21:30,1,1,已售/已满,教工羽毛球赛,晴,17,13,4,0.0,89,29
2026-05-21 07:50:40,2026-05-21,4,羽毛球馆-9号,20:30-21:30,1,1,已售/已满,教工羽毛球赛,晴,17,13,4,0.0,88,29
2026-05-21 07:53:31,2026-05-21,4,羽毛球馆-9号,20:30-21:30,1,1,已售/已满,教工羽毛球赛,晴,17,12,5,0.0,86,29
2026-05-21 07:56:31,2026-05-21,4,羽毛球馆-9号,20:30-21:30,1,1,已售/已满,教工羽毛球赛,晴,17,12,5,0.0,86,29
2026-05-21 07:59:26,2026-05-21,4,羽毛球馆-9号,20:30-21:30,1,1,已售/已满,教工羽毛球赛,晴,17,12,5,0.0,86,29
2026-05-21 00:30:49,2026-05-21,5,健身中心,06:30-08:00,39,110,可预约,￥0.0,多云,15,13,3,0.0,100,26
2026-05-21 01:00:55,2026-05-21,5,健身中心,06:30-08:00,37,110,可预约,￥0.0,多云,15,12,4,0.0,100,26
2026-05-21 01:30:47,2026-05-21,5,健身中心,06:30-08:00,37,110,可预约,￥0.0,多云,15,13,4,0.0,100,28
2026-05-21 02:00:53,2026-05-21,5,健身中心,06:30-08:00,37,110,可预约,￥0.0,多云,15,12,4,0.0,100,28
2026-05-21 02:30:49,2026-05-21,5,健身中心,06:30-08:00,37,110,可预约,￥0.0,多云,15,14,3,0.0,100,29
2026-05-21 03:00:55,2026-05-21,5,健身中心,06:30-08:00,37,110,可预约,￥0.0,多云,15,12,4,0.0,100,29
2026-05-21 03:30:49,2026-05-21,5,健身中心,06:30-08:00,37,110,可预约,￥0.0,多云,15,14,3,0.0,100,30
2026-05-21 04:30:45,2026-05-21,5,健身中心,06:30-08:00,37,110,可预约,￥0.0,多云,15,12,4,0.0,100,29
2026-05-21 05:00:52,2026-05-21,5,健身中心,06:30-08:00,36,110,可预约,￥0.0,多云,15,12,4,0.0,100,29
2026-05-21 05:30:49,2026-05-21,5,健身中心,06:30-08:00,36,110,可预约,￥0.0,多云,15,13,3,0.0,100,28
2026-05-21 06:00:50,2026-05-21,5,健身中心,06:30-08:00,38,110,可预约,￥0.0,多云,15,13,4,0.0,99,28
2026-05-21 06:30:38,2026-05-21,5,健身中心,06:30-08:00,39,110,可预约,￥0.0,多云,15,13,3,0.0,97,28
2026-05-21 07:00:43,2026-05-21,5,健身中心,06:30-08:00,44,110,可预约,￥0.0,晴,15,11,5,0.0,93,28
2026-05-21 07:30:39,2026-05-21,5,健身中心,06:30-08:00,46,110,可预约,￥0.0,晴,17,13,4,0.0,89,29
2026-05-21 07:50:40,2026-05-21,5,健身中心,06:30-08:00,47,110,可预约,￥0.0,晴,17,13,4,0.0,88,29
2026-05-21 07:53:31,2026-05-21,5,健身中心,06:30-08:00,47,110,可预约,￥0.0,晴,17,12,5,0.0,86,29
2026-05-21 07:56:31,2026-05-21,5,健身中心,06:30-08:00,47,110,可预约,￥0.0,晴,17,12,5,0.0,86,29
2026-05-21 07:59:26,2026-05-21,5,健身中心,06:30-08:00,47,110,不开放/已过期,,晴,17,12,5,0.0,86,29
2026-05-21 00:30:49,2026-05-21,5,健身中心,08:00-09:30,109,110,可预约,￥0.0,多云,15,13,3,0.0,100,26
2026-05-21 01:00:55,2026-05-21,5,健身中心,08:00-09:30,108,110,可预约,￥0.0,多云,15,12,4,0.0,100,26
2026-05-21 01:30:47,2026-05-21,5,健身中心,08:00-09:30,107,110,可预约,￥0.0,多云,15,13,4,0.0,100,28
2026-05-21 02:00:53,2026-05-21,5,健身中心,08:00-09:30,106,110,可预约,￥0.0,多云,15,12,4,0.0,100,28
2026-05-21 02:30:49,2026-05-21,5,健身中心,08:00-09:30,106,110,可预约,￥0.0,多云,15,14,3,0.0,100,29
2026-05-21 03:00:55,2026-05-21,5,健身中心,08:00-09:30,104,110,可预约,￥0.0,多云,15,12,4,0.0,100,29
2026-05-21 03:30:49,2026-05-21,5,健身中心,08:00-09:30,104,110,可预约,￥0.0,多云,15,14,3,0.0,100,30
2026-05-21 04:30:45,2026-05-21,5,健身中心,08:00-09:30,104,110,可预约,￥0.0,多云,15,12,4,0.0,100,29
2026-05-21 05:00:52,2026-05-21,5,健身中心,08:00-09:30,104,110,可预约,￥0.0,多云,15,12,4,0.0,100,29
2026-05-21 05:30:49,2026-05-21,5,健身中心,08:00-09:30,104,110,可预约,￥0.0,多云,15,13,3,0.0,100,28
2026-05-21 06:00:50,2026-05-21,5,健身中心,08:00-09:30,105,110,可预约,￥0.0,多云,15,13,4,0.0,99,28
2026-05-21 06:30:38,2026-05-21,5,健身中心,08:00-09:30,106,110,可预约,￥0.0,多云,15,13,3,0.0,97,28
2026-05-21 07:00:43,2026-05-21,5,健身中心,08:00-09:30,106,110,可预约,￥0.0,晴,15,11,5,0.0,93,28
2026-05-21 07:30:39,2026-05-21,5,健身中心,08:00-09:30,109,110,可预约,￥0.0,晴,17,13,4,0.0,89,29
2026-05-21 07:50:40,2026-05-21,5,健身中心,08:00-09:30,110,110,已售/已满,,晴,17,13,4,0.0,88,29
2026-05-21 07:53:31,2026-05-21,5,健身中心,08:00-09:30,110,110,已售/已满,,晴,17,12,5,0.0,86,29
2026-05-21 07:56:31,2026-05-21,5,健身中心,08:00-09:30,110,110,已售/已满,,晴,17,12,5,0.0,86,29
2026-05-21 07:59:26,2026-05-21,5,健身中心,08:00-09:30,110,110,已售/已满,,晴,17,12,5,0.0,86,29
2026-05-21 00:30:49,2026-05-21,5,健身中心,10:00-11:30,10,110,可预约,￥5.0,多云,15,13,3,0.0,100,26
2026-05-21 01:00:55,2026-05-21,5,健身中心,10:00-11:30,11,110,可预约,￥5.0,多云,15,12,4,0.0,100,26
2026-05-21 01:30:47,2026-05-21,5,健身中心,10:00-11:30,13,110,可预约,￥5.0,多云,15,13,4,0.0,100,28
2026-05-21 02:00:53,2026-05-21,5,健身中心,10:00-11:30,13,110,可预约,￥5.0,多云,15,12,4,0.0,100,28
2026-05-21 02:30:49,2026-05-21,5,健身中心,10:00-11:30,13,110,可预约,￥5.0,多云,15,14,3,0.0,100,29
2026-05-21 03:00:55,2026-05-21,5,健身中心,10:00-11:30,13,110,可预约,￥5.0,多云,15,12,4,0.0,100,29
2026-05-21 03:30:49,2026-05-21,5,健身中心,10:00-11:30,14,110,可预约,￥5.0,多云,15,14,3,0.0,100,30
2026-05-21 04:30:45,2026-05-21,5,健身中心,10:00-11:30,14,110,可预约,￥5.0,多云,15,12,4,0.0,100,29
2026-05-21 05:00:52,2026-05-21,5,健身中心,10:00-11:30,14,110,可预约,￥5.0,多云,15,12,4,0.0,100,29
2026-05-21 05:30:49,2026-05-21,5,健身中心,10:00-11:30,14,110,可预约,￥5.0,多云,15,13,3,0.0,100,28
2026-05-21 06:00:50,2026-05-21,5,健身中心,10:00-11:30,14,110,可预约,￥5.0,多云,15,13,4,0.0,99,28
2026-05-21 06:30:38,2026-05-21,5,健身中心,10:00-11:30,14,110,可预约,￥5.0,多云,15,13,3,0.0,97,28
2026-05-21 07:00:43,2026-05-21,5,健身中心,10:00-11:30,14,110,可预约,￥5.0,晴,15,11,5,0.0,93,28
2026-05-21 07:30:39,2026-05-21,5,健身中心,10:00-11:30,15,110,可预约,￥5.0,晴,17,13,4,0.0,89,29
2026-05-21 07:50:40,2026-05-21,5,健身中心,10:00-11:30,14,110,可预约,￥5.0,晴,17,13,4,0.0,88,29
2026-05-21 07:53:31,2026-05-21,5,健身中心,10:00-11:30,14,110,可预约,￥5.0,晴,17,12,5,0.0,86,29
2026-05-21 07:56:31,2026-05-21,5,健身中心,10:00-11:30,14,110,可预约,￥5.0,晴,17,12,5,0.0,86,29
2026-05-21 07:59:26,2026-05-21,5,健身中心,10:00-11:30,15,110,可预约,￥5.0,晴,17,12,5,0.0,86,29
2026-05-21 00:30:49,2026-05-21,5,健身中心,12:00-13:30,99,110,可预约,￥0.0,多云,15,13,3,0.0,100,26
2026-05-21 01:00:55,2026-05-21,5,健身中心,12:00-13:30,102,110,可预约,￥0.0,多云,15,12,4,0.0,100,26
2026-05-21 01:30:47,2026-05-21,5,健身中心,12:00-13:30,104,110,可预约,￥0.0,多云,15,13,4,0.0,100,28
2026-05-21 02:00:53,2026-05-21,5,健身中心,12:00-13:30,104,110,可预约,￥0.0,多云,15,12,4,0.0,100,28
2026-05-21 02:30:49,2026-05-21,5,健身中心,12:00-13:30,104,110,可预约,￥0.0,多云,15,14,3,0.0,100,29
2026-05-21 03:00:55,2026-05-21,5,健身中心,12:00-13:30,104,110,可预约,￥0.0,多云,15,12,4,0.0,100,29
2026-05-21 03:30:49,2026-05-21,5,健身中心,12:00-13:30,104,110,可预约,￥0.0,多云,15,14,3,0.0,100,30
2026-05-21 04:30:45,2026-05-21,5,健身中心,12:00-13:30,104,110,可预约,￥0.0,多云,15,12,4,0.0,100,29
2026-05-21 05:00:52,2026-05-21,5,健身中心,12:00-13:30,104,110,可预约,￥0.0,多云,15,12,4,0.0,100,29
2026-05-21 05:30:49,2026-05-21,5,健身中心,12:00-13:30,103,110,可预约,￥0.0,多云,15,13,3,0.0,100,28
2026-05-21 06:00:50,2026-05-21,5,健身中心,12:00-13:30,104,110,可预约,￥0.0,多云,15,13,4,0.0,99,28
2026-05-21 06:30:38,2026-05-21,5,健身中心,12:00-13:30,104,110,可预约,￥0.0,多云,15,13,3,0.0,97,28
2026-05-21 07:00:43,2026-05-21,5,健身中心,12:00-13:30,104,110,可预约,￥0.0,晴,15,11,5,0.0,93,28
2026-05-21 07:30:39,2026-05-21,5,健身中心,12:00-13:30,103,110,可预约,￥0.0,晴,17,13,4,0.0,89,29
2026-05-21 07:50:40,2026-05-21,5,健身中心,12:00-13:30,105,110,可预约,￥0.0,晴,17,13,4,0.0,88,29
2026-05-21 07:53:31,2026-05-21,5,健身中心,12:00-13:30,105,110,可预约,￥0.0,晴,17,12,5,0.0,86,29
2026-05-21 07:56:31,2026-05-21,5,健身中心,12:00-13:30,105,110,可预约,￥0.0,晴,17,12,5,0.0,86,29
2026-05-21 07:59:26,2026-05-21,5,健身中心,12:00-13:30,105,110,可预约,￥0.0,晴,17,12,5,0.0,86,29
2026-05-21 00:30:49,2026-05-21,5,健身中心,14:00-15:30,2,110,可预约,￥5.0,多云,15,13,3,0.0,100,26
2026-05-21 01:00:55,2026-05-21,5,健身中心,14:00-15:30,2,110,可预约,￥5.0,多云,15,12,4,0.0,100,26
2026-05-21 01:30:47,2026-05-21,5,健身中心,14:00-15:30,2,110,可预约,￥5.0,多云,15,13,4,0.0,100,28
2026-05-21 02:00:53,2026-05-21,5,健身中心,14:00-15:30,2,110,可预约,￥5.0,多云,15,12,4,0.0,100,28
2026-05-21 02:30:49,2026-05-21,5,健身中心,14:00-15:30,3,110,可预约,￥5.0,多云,15,14,3,0.0,100,29
2026-05-21 03:00:55,2026-05-21,5,健身中心,14:00-15:30,3,110,可预约,￥5.0,多云,15,12,4,0.0,100,29
2026-05-21 03:30:49,2026-05-21,5,健身中心,14:00-15:30,3,110,可预约,￥5.0,多云,15,14,3,0.0,100,30
2026-05-21 04:30:45,2026-05-21,5,健身中心,14:00-15:30,3,110,可预约,￥5.0,多云,15,12,4,0.0,100,29
2026-05-21 05:00:52,2026-05-21,5,健身中心,14:00-15:30,3,110,可预约,￥5.0,多云,15,12,4,0.0,100,29
2026-05-21 05:30:49,2026-05-21,5,健身中心,14:00-15:30,3,110,可预约,￥5.0,多云,15,13,3,0.0,100,28
2026-05-21 06:00:50,2026-05-21,5,健身中心,14:00-15:30,3,110,可预约,￥5.0,多云,15,13,4,0.0,99,28
2026-05-21 06:30:38,2026-05-21,5,健身中心,14:00-15:30,3,110,可预约,￥5.0,多云,15,13,3,0.0,97,28
2026-05-21 07:00:43,2026-05-21,5,健身中心,14:00-15:30,3,110,可预约,￥5.0,晴,15,11,5,0.0,93,28
2026-05-21 07:30:39,2026-05-21,5,健身中心,14:00-15:30,3,110,可预约,￥5.0,晴,17,13,4,0.0,89,29
2026-05-21 07:50:40,2026-05-21,5,健身中心,14:00-15:30,3,110,可预约,￥5.0,晴,17,13,4,0.0,88,29
2026-05-21 07:53:31,2026-05-21,5,健身中心,14:00-15:30,3,110,可预约,￥5.0,晴,17,12,5,0.0,86,29
2026-05-21 07:56:31,2026-05-21,5,健身中心,14:00-15:30,3,110,可预约,￥5.0,晴,17,12,5,0.0,86,29
2026-05-21 07:59:26,2026-05-21,5,健身中心,14:00-15:30,3,110,可预约,￥5.0,晴,17,12,5,0.0,86,29
2026-05-21 00:30:49,2026-05-21,5,健身中心,16:00-17:30,14,110,可预约,￥5.0,多云,15,13,3,0.0,100,26
2026-05-21 01:00:55,2026-05-21,5,健身中心,16:00-17:30,17,110,可预约,￥5.0,多云,15,12,4,0.0,100,26
2026-05-21 01:30:47,2026-05-21,5,健身中心,16:00-17:30,17,110,可预约,￥5.0,多云,15,13,4,0.0,100,28
2026-05-21 02:00:53,2026-05-21,5,健身中心,16:00-17:30,17,110,可预约,￥5.0,多云,15,12,4,0.0,100,28
2026-05-21 02:30:49,2026-05-21,5,健身中心,16:00-17:30,17,110,可预约,￥5.0,多云,15,14,3,0.0,100,29
2026-05-21 03:00:55,2026-05-21,5,健身中心,16:00-17:30,17,110,可预约,￥5.0,多云,15,12,4,0.0,100,29
2026-05-21 03:30:49,2026-05-21,5,健身中心,16:00-17:30,17,110,可预约,￥5.0,多云,15,14,3,0.0,100,30
2026-05-21 04:30:45,2026-05-21,5,健身中心,16:00-17:30,17,110,可预约,￥5.0,多云,15,12,4,0.0,100,29
2026-05-21 05:00:52,2026-05-21,5,健身中心,16:00-17:30,17,110,可预约,￥5.0,多云,15,12,4,0.0,100,29
2026-05-21 05:30:49,2026-05-21,5,健身中心,16:00-17:30,17,110,可预约,￥5.0,多云,15,13,3,0.0,100,28
2026-05-21 06:00:50,2026-05-21,5,健身中心,16:00-17:30,17,110,可预约,￥5.0,多云,15,13,4,0.0,99,28
2026-05-21 06:30:38,2026-05-21,5,健身中心,16:00-17:30,17,110,可预约,￥5.0,多云,15,13,3,0.0,97,28
2026-05-21 07:00:43,2026-05-21,5,健身中心,16:00-17:30,17,110,可预约,￥5.0,晴,15,11,5,0.0,93,28
2026-05-21 07:30:39,2026-05-21,5,健身中心,16:00-17:30,17,110,可预约,￥5.0,晴,17,13,4,0.0,89,29
2026-05-21 07:50:40,2026-05-21,5,健身中心,16:00-17:30,17,110,可预约,￥5.0,晴,17,13,4,0.0,88,29
2026-05-21 07:53:31,2026-05-21,5,健身中心,16:00-17:30,18,110,可预约,￥5.0,晴,17,12,5,0.0,86,29
2026-05-21 07:56:31,2026-05-21,5,健身中心,16:00-17:30,18,110,可预约,￥5.0,晴,17,12,5,0.0,86,29
2026-05-21 07:59:26,2026-05-21,5,健身中心,16:00-17:30,18,110,可预约,￥5.0,晴,17,12,5,0.0,86,29
2026-05-21 00:30:49,2026-05-21,5,健身中心,18:00-19:30,7,110,可预约,￥5.0,多云,15,13,3,0.0,100,26
2026-05-21 01:00:55,2026-05-21,5,健身中心,18:00-19:30,7,110,可预约,￥5.0,多云,15,12,4,0.0,100,26
2026-05-21 01:30:47,2026-05-21,5,健身中心,18:00-19:30,7,110,可预约,￥5.0,多云,15,13,4,0.0,100,28
2026-05-21 02:00:53,2026-05-21,5,健身中心,18:00-19:30,7,110,可预约,￥5.0,多云,15,12,4,0.0,100,28
2026-05-21 02:30:49,2026-05-21,5,健身中心,18:00-19:30,7,110,可预约,￥5.0,多云,15,14,3,0.0,100,29
2026-05-21 03:00:55,2026-05-21,5,健身中心,18:00-19:30,7,110,可预约,￥5.0,多云,15,12,4,0.0,100,29
2026-05-21 03:30:49,2026-05-21,5,健身中心,18:00-19:30,7,110,可预约,￥5.0,多云,15,14,3,0.0,100,30
2026-05-21 04:30:45,2026-05-21,5,健身中心,18:00-19:30,7,110,可预约,￥5.0,多云,15,12,4,0.0,100,29
2026-05-21 05:00:52,2026-05-21,5,健身中心,18:00-19:30,7,110,可预约,￥5.0,多云,15,12,4,0.0,100,29
2026-05-21 05:30:49,2026-05-21,5,健身中心,18:00-19:30,7,110,可预约,￥5.0,多云,15,13,3,0.0,100,28
2026-05-21 06:00:50,2026-05-21,5,健身中心,18:00-19:30,7,110,可预约,￥5.0,多云,15,13,4,0.0,99,28
2026-05-21 06:30:38,2026-05-21,5,健身中心,18:00-19:30,7,110,可预约,￥5.0,多云,15,13,3,0.0,97,28
2026-05-21 07:00:43,2026-05-21,5,健身中心,18:00-19:30,7,110,可预约,￥5.0,晴,15,11,5,0.0,93,28
2026-05-21 07:30:39,2026-05-21,5,健身中心,18:00-19:30,7,110,可预约,￥5.0,晴,17,13,4,0.0,89,29
2026-05-21 07:50:40,2026-05-21,5,健身中心,18:00-19:30,7,110,可预约,￥5.0,晴,17,13,4,0.0,88,29
2026-05-21 07:53:31,2026-05-21,5,健身中心,18:00-19:30,7,110,可预约,￥5.0,晴,17,12,5,0.0,86,29
2026-05-21 07:56:31,2026-05-21,5,健身中心,18:00-19:30,7,110,可预约,￥5.0,晴,17,12,5,0.0,86,29
2026-05-21 07:59:26,2026-05-21,5,健身中心,18:00-19:30,7,110,可预约,￥5.0,晴,17,12,5,0.0,86,29
2026-05-21 00:30:49,2026-05-21,5,健身中心,20:00-21:30,4,110,可预约,￥5.0,多云,15,13,3,0.0,100,26
2026-05-21 01:00:55,2026-05-21,5,健身中心,20:00-21:30,4,110,可预约,￥5.0,多云,15,12,4,0.0,100,26
2026-05-21 01:30:47,2026-05-21,5,健身中心,20:00-21:30,4,110,可预约,￥5.0,多云,15,13,4,0.0,100,28
2026-05-21 02:00:53,2026-05-21,5,健身中心,20:00-21:30,4,110,可预约,￥5.0,多云,15,12,4,0.0,100,28
2026-05-21 02:30:49,2026-05-21,5,健身中心,20:00-21:30,4,110,可预约,￥5.0,多云,15,14,3,0.0,100,29
2026-05-21 03:00:55,2026-05-21,5,健身中心,20:00-21:30,4,110,可预约,￥5.0,多云,15,12,4,0.0,100,29
2026-05-21 03:30:49,2026-05-21,5,健身中心,20:00-21:30,4,110,可预约,￥5.0,多云,15,14,3,0.0,100,30
2026-05-21 04:30:45,2026-05-21,5,健身中心,20:00-21:30,4,110,可预约,￥5.0,多云,15,12,4,0.0,100,29
2026-05-21 05:00:52,2026-05-21,5,健身中心,20:00-21:30,4,110,可预约,￥5.0,多云,15,12,4,0.0,100,29
2026-05-21 05:30:49,2026-05-21,5,健身中心,20:00-21:30,4,110,可预约,￥5.0,多云,15,13,3,0.0,100,28
2026-05-21 06:00:50,2026-05-21,5,健身中心,20:00-21:30,4,110,可预约,￥5.0,多云,15,13,4,0.0,99,28
2026-05-21 06:30:38,2026-05-21,5,健身中心,20:00-21:30,4,110,可预约,￥5.0,多云,15,13,3,0.0,97,28
2026-05-21 07:00:43,2026-05-21,5,健身中心,20:00-21:30,4,110,可预约,￥5.0,晴,15,11,5,0.0,93,28
2026-05-21 07:30:39,2026-05-21,5,健身中心,20:00-21:30,4,110,可预约,￥5.0,晴,17,13,4,0.0,89,29
2026-05-21 07:50:40,2026-05-21,5,健身中心,20:00-21:30,4,110,可预约,￥5.0,晴,17,13,4,0.0,88,29
2026-05-21 07:53:31,2026-05-21,5,健身中心,20:00-21:30,4,110,可预约,￥5.0,晴,17,12,5,0.0,86,29
2026-05-21 07:56:31,2026-05-21,5,健身中心,20:00-21:30,4,110,可预约,￥5.0,晴,17,12,5,0.0,86,29
2026-05-21 07:59:26,2026-05-21,5,健身中心,20:00-21:30,4,110,可预约,￥5.0,晴,17,12,5,0.0,86,29
2026-05-21 00:30:49,2026-05-21,6,篮球场-东场地北半场,09:00-10:00,0,1,可预约,￥50.0,多云,15,13,3,0.0,100,26
2026-05-21 01:00:55,2026-05-21,6,篮球场-东场地北半场,09:00-10:00,0,1,可预约,￥50.0,多云,15,12,4,0.0,100,26
2026-05-21 01:30:47,2026-05-21,6,篮球场-东场地北半场,09:00-10:00,0,1,可预约,￥50.0,多云,15,13,4,0.0,100,28
2026-05-21 02:00:53,2026-05-21,6,篮球场-东场地北半场,09:00-10:00,0,1,可预约,￥50.0,多云,15,12,4,0.0,100,28
2026-05-21 02:30:49,2026-05-21,6,篮球场-东场地北半场,09:00-10:00,0,1,可预约,￥50.0,多云,15,14,3,0.0,100,29
2026-05-21 03:00:55,2026-05-21,6,篮球场-东场地北半场,09:00-10:00,0,1,可预约,￥50.0,多云,15,12,4,0.0,100,29
2026-05-21 03:30:49,2026-05-21,6,篮球场-东场地北半场,09:00-10:00,0,1,可预约,￥50.0,多云,15,14,3,0.0,100,30
2026-05-21 04:30:45,2026-05-21,6,篮球场-东场地北半场,09:00-10:00,0,1,可预约,￥50.0,多云,15,12,4,0.0,100,29
2026-05-21 05:00:52,2026-05-21,6,篮球场-东场地北半场,09:00-10:00,0,1,可预约,￥50.0,多云,15,12,4,0.0,100,29
2026-05-21 05:30:49,2026-05-21,6,篮球场-东场地北半场,09:00-10:00,0,1,可预约,￥50.0,多云,15,13,3,0.0,100,28
2026-05-21 06:00:50,2026-05-21,6,篮球场-东场地北半场,09:00-10:00,0,1,可预约,￥50.0,多云,15,13,4,0.0,99,28
2026-05-21 06:30:38,2026-05-21,6,篮球场-东场地北半场,09:00-10:00,0,1,可预约,￥50.0,多云,15,13,3,0.0,97,28
2026-05-21 07:00:43,2026-05-21,6,篮球场-东场地北半场,09:00-10:00,0,1,可预约,￥50.0,晴,15,11,5,0.0,93,28
2026-05-21 07:30:39,2026-05-21,6,篮球场-东场地北半场,09:00-10:00,0,1,可预约,￥50.0,晴,17,13,4,0.0,89,29
2026-05-21 07:50:40,2026-05-21,6,篮球场-东场地北半场,09:00-10:00,0,1,可预约,￥50.0,晴,17,13,4,0.0,88,29
2026-05-21 07:53:31,2026-05-21,6,篮球场-东场地北半场,09:00-10:00,0,1,可预约,￥50.0,晴,17,12,5,0.0,86,29
2026-05-21 07:56:31,2026-05-21,6,篮球场-东场地北半场,09:00-10:00,0,1,可预约,￥50.0,晴,17,12,5,0.0,86,29
2026-05-21 07:59:26,2026-05-21,6,篮球场-东场地北半场,09:00-10:00,0,1,可预约,￥50.0,晴,17,12,5,0.0,86,29
2026-05-21 00:30:49,2026-05-21,6,篮球场-东场地北半场,10:30-11:30,1,1,已售/已满,教学时间,多云,15,13,3,0.0,100,26
2026-05-21 01:00:55,2026-05-21,6,篮球场-东场地北半场,10:30-11:30,1,1,已售/已满,教学时间,多云,15,12,4,0.0,100,26
2026-05-21 01:30:47,2026-05-21,6,篮球场-东场地北半场,10:30-11:30,1,1,已售/已满,教学时间,多云,15,13,4,0.0,100,28
2026-05-21 02:00:53,2026-05-21,6,篮球场-东场地北半场,10:30-11:30,1,1,已售/已满,教学时间,多云,15,12,4,0.0,100,28
2026-05-21 02:30:49,2026-05-21,6,篮球场-东场地北半场,10:30-11:30,1,1,已售/已满,教学时间,多云,15,14,3,0.0,100,29
2026-05-21 03:00:55,2026-05-21,6,篮球场-东场地北半场,10:30-11:30,1,1,已售/已满,教学时间,多云,15,12,4,0.0,100,29
2026-05-21 03:30:49,2026-05-21,6,篮球场-东场地北半场,10:30-11:30,1,1,已售/已满,教学时间,多云,15,14,3,0.0,100,30
2026-05-21 04:30:45,2026-05-21,6,篮球场-东场地北半场,10:30-11:30,1,1,已售/已满,教学时间,多云,15,12,4,0.0,100,29
2026-05-21 05:00:52,2026-05-21,6,篮球场-东场地北半场,10:30-11:30,1,1,已售/已满,教学时间,多云,15,12,4,0.0,100,29
2026-05-21 05:30:49,2026-05-21,6,篮球场-东场地北半场,10:30-11:30,1,1,已售/已满,教学时间,多云,15,13,3,0.0,100,28
2026-05-21 06:00:50,2026-05-21,6,篮球场-东场地北半场,10:30-11:30,1,1,已售/已满,教学时间,多云,15,13,4,0.0,99,28
2026-05-21 06:30:38,2026-05-21,6,篮球场-东场地北半场,10:30-11:30,1,1,已售/已满,教学时间,多云,15,13,3,0.0,97,28
2026-05-21 07:00:43,2026-05-21,6,篮球场-东场地北半场,10:30-11:30,1,1,已售/已满,教学时间,晴,15,11,5,0.0,93,28
2026-05-21 07:30:39,2026-05-21,6,篮球场-东场地北半场,10:30-11:30,1,1,已售/已满,教学时间,晴,17,13,4,0.0,89,29
2026-05-21 07:50:40,2026-05-21,6,篮球场-东场地北半场,10:30-11:30,1,1,已售/已满,教学时间,晴,17,13,4,0.0,88,29
2026-05-21 07:53:31,2026-05-21,6,篮球场-东场地北半场,10:30-11:30,1,1,已售/已满,教学时间,晴,17,12,5,0.0,86,29
2026-05-21 07:56:31,2026-05-21,6,篮球场-东场地北半场,10:30-11:30,1,1,已售/已满,教学时间,晴,17,12,5,0.0,86,29
2026-05-21 07:59:26,2026-05-21,6,篮球场-东场地北半场,10:30-11:30,1,1,已售/已满,教学时间,晴,17,12,5,0.0,86,29
2026-05-21 00:30:49,2026-05-21,6,篮球场-东场地北半场,14:00-15:00,1,1,已售/已满,教学时间,多云,15,13,3,0.0,100,26
2026-05-21 01:00:55,2026-05-21,6,篮球场-东场地北半场,14:00-15:00,1,1,已售/已满,教学时间,多云,15,12,4,0.0,100,26
2026-05-21 01:30:47,2026-05-21,6,篮球场-东场地北半场,14:00-15:00,1,1,已售/已满,教学时间,多云,15,13,4,0.0,100,28
2026-05-21 02:00:53,2026-05-21,6,篮球场-东场地北半场,14:00-15:00,1,1,已售/已满,教学时间,多云,15,12,4,0.0,100,28
2026-05-21 02:30:49,2026-05-21,6,篮球场-东场地北半场,14:00-15:00,1,1,已售/已满,教学时间,多云,15,14,3,0.0,100,29
2026-05-21 03:00:55,2026-05-21,6,篮球场-东场地北半场,14:00-15:00,1,1,已售/已满,教学时间,多云,15,12,4,0.0,100,29
2026-05-21 03:30:49,2026-05-21,6,篮球场-东场地北半场,14:00-15:00,1,1,已售/已满,教学时间,多云,15,14,3,0.0,100,30
2026-05-21 04:30:45,2026-05-21,6,篮球场-东场地北半场,14:00-15:00,1,1,已售/已满,教学时间,多云,15,12,4,0.0,100,29
2026-05-21 05:00:52,2026-05-21,6,篮球场-东场地北半场,14:00-15:00,1,1,已售/已满,教学时间,多云,15,12,4,0.0,100,29
2026-05-21 05:30:49,2026-05-21,6,篮球场-东场地北半场,14:00-15:00,1,1,已售/已满,教学时间,多云,15,13,3,0.0,100,28
2026-05-21 06:00:50,2026-05-21,6,篮球场-东场地北半场,14:00-15:00,1,1,已售/已满,教学时间,多云,15,13,4,0.0,99,28
2026-05-21 06:30:38,2026-05-21,6,篮球场-东场地北半场,14:00-15:00,1,1,已售/已满,教学时间,多云,15,13,3,0.0,97,28
2026-05-21 07:00:43,2026-05-21,6,篮球场-东场地北半场,14:00-15:00,1,1,已售/已满,教学时间,晴,15,11,5,0.0,93,28
2026-05-21 07:30:39,2026-05-21,6,篮球场-东场地北半场,14:00-15:00,1,1,已售/已满,教学时间,晴,17,13,4,0.0,89,29
2026-05-21 07:50:40,2026-05-21,6,篮球场-东场地北半场,14:00-15:00,1,1,已售/已满,教学时间,晴,17,13,4,0.0,88,29
2026-05-21 07:53:31,2026-05-21,6,篮球场-东场地北半场,14:00-15:00,1,1,已售/已满,教学时间,晴,17,12,5,0.0,86,29
2026-05-21 07:56:31,2026-05-21,6,篮球场-东场地北半场,14:00-15:00,1,1,已售/已满,教学时间,晴,17,12,5,0.0,86,29
2026-05-21 07:59:26,2026-05-21,6,篮球场-东场地北半场,14:00-15:00,1,1,已售/已满,教学时间,晴,17,12,5,0.0,86,29
2026-05-21 00:30:49,2026-05-21,6,篮球场-东场地北半场,15:00-16:00,1,1,已售/已满,教学时间,多云,15,13,3,0.0,100,26
2026-05-21 01:00:55,2026-05-21,6,篮球场-东场地北半场,15:00-16:00,1,1,已售/已满,教学时间,多云,15,12,4,0.0,100,26
2026-05-21 01:30:47,2026-05-21,6,篮球场-东场地北半场,15:00-16:00,1,1,已售/已满,教学时间,多云,15,13,4,0.0,100,28
2026-05-21 02:00:53,2026-05-21,6,篮球场-东场地北半场,15:00-16:00,1,1,已售/已满,教学时间,多云,15,12,4,0.0,100,28
2026-05-21 02:30:49,2026-05-21,6,篮球场-东场地北半场,15:00-16:00,1,1,已售/已满,教学时间,多云,15,14,3,0.0,100,29
2026-05-21 03:00:55,2026-05-21,6,篮球场-东场地北半场,15:00-16:00,1,1,已售/已满,教学时间,多云,15,12,4,0.0,100,29
2026-05-21 03:30:49,2026-05-21,6,篮球场-东场地北半场,15:00-16:00,1,1,已售/已满,教学时间,多云,15,14,3,0.0,100,30
2026-05-21 04:30:45,2026-05-21,6,篮球场-东场地北半场,15:00-16:00,1,1,已售/已满,教学时间,多云,15,12,4,0.0,100,29
2026-05-21 05:00:52,2026-05-21,6,篮球场-东场地北半场,15:00-16:00,1,1,已售/已满,教学时间,多云,15,12,4,0.0,100,29
2026-05-21 05:30:49,2026-05-21,6,篮球场-东场地北半场,15:00-16:00,1,1,已售/已满,教学时间,多云,15,13,3,0.0,100,28
2026-05-21 06:00:50,2026-05-21,6,篮球场-东场地北半场,15:00-16:00,1,1,已售/已满,教学时间,多云,15,13,4,0.0,99,28
2026-05-21 06:30:38,2026-05-21,6,篮球场-东场地北半场,15:00-16:00,1,1,已售/已满,教学时间,多云,15,13,3,0.0,97,28
2026-05-21 07:00:43,2026-05-21,6,篮球场-东场地北半场,15:00-16:00,1,1,已售/已满,教学时间,晴,15,11,5,0.0,93,28
2026-05-21 07:30:39,2026-05-21,6,篮球场-东场地北半场,15:00-16:00,1,1,已售/已满,教学时间,晴,17,13,4,0.0,89,29
2026-05-21 07:50:40,2026-05-21,6,篮球场-东场地北半场,15:00-16:00,1,1,已售/已满,教学时间,晴,17,13,4,0.0,88,29
2026-05-21 07:53:31,2026-05-21,6,篮球场-东场地北半场,15:00-16:00,1,1,已售/已满,教学时间,晴,17,12,5,0.0,86,29
2026-05-21 07:56:31,2026-05-21,6,篮球场-东场地北半场,15:00-16:00,1,1,已售/已满,教学时间,晴,17,12,5,0.0,86,29
2026-05-21 07:59:26,2026-05-21,6,篮球场-东场地北半场,15:00-16:00,1,1,已售/已满,教学时间,晴,17,12,5,0.0,86,29
2026-05-21 00:30:49,2026-05-21,6,篮球场-东场地北半场,16:00-17:00,0,1,可预约,￥50.0,多云,15,13,3,0.0,100,26
2026-05-21 01:00:55,2026-05-21,6,篮球场-东场地北半场,16:00-17:00,0,1,可预约,￥50.0,多云,15,12,4,0.0,100,26
2026-05-21 01:30:47,2026-05-21,6,篮球场-东场地北半场,16:00-17:00,0,1,可预约,￥50.0,多云,15,13,4,0.0,100,28
2026-05-21 02:00:53,2026-05-21,6,篮球场-东场地北半场,16:00-17:00,0,1,可预约,￥50.0,多云,15,12,4,0.0,100,28
2026-05-21 02:30:49,2026-05-21,6,篮球场-东场地北半场,16:00-17:00,0,1,可预约,￥50.0,多云,15,14,3,0.0,100,29
2026-05-21 03:00:55,2026-05-21,6,篮球场-东场地北半场,16:00-17:00,0,1,可预约,￥50.0,多云,15,12,4,0.0,100,29
2026-05-21 03:30:49,2026-05-21,6,篮球场-东场地北半场,16:00-17:00,0,1,可预约,￥50.0,多云,15,14,3,0.0,100,30
2026-05-21 04:30:45,2026-05-21,6,篮球场-东场地北半场,16:00-17:00,0,1,可预约,￥50.0,多云,15,12,4,0.0,100,29
2026-05-21 05:00:52,2026-05-21,6,篮球场-东场地北半场,16:00-17:00,0,1,可预约,￥50.0,多云,15,12,4,0.0,100,29
2026-05-21 05:30:49,2026-05-21,6,篮球场-东场地北半场,16:00-17:00,0,1,可预约,￥50.0,多云,15,13,3,0.0,100,28
2026-05-21 06:00:50,2026-05-21,6,篮球场-东场地北半场,16:00-17:00,0,1,可预约,￥50.0,多云,15,13,4,0.0,99,28
2026-05-21 06:30:38,2026-05-21,6,篮球场-东场地北半场,16:00-17:00,0,1,可预约,￥50.0,多云,15,13,3,0.0,97,28
2026-05-21 07:00:43,2026-05-21,6,篮球场-东场地北半场,16:00-17:00,0,1,可预约,￥50.0,晴,15,11,5,0.0,93,28
2026-05-21 07:30:39,2026-05-21,6,篮球场-东场地北半场,16:00-17:00,0,1,可预约,￥50.0,晴,17,13,4,0.0,89,29
2026-05-21 07:50:40,2026-05-21,6,篮球场-东场地北半场,16:00-17:00,0,1,可预约,￥50.0,晴,17,13,4,0.0,88,29
2026-05-21 07:53:31,2026-05-21,6,篮球场-东场地北半场,16:00-17:00,0,1,可预约,￥50.0,晴,17,12,5,0.0,86,29
2026-05-21 07:56:31,2026-05-21,6,篮球场-东场地北半场,16:00-17:00,0,1,可预约,￥50.0,晴,17,12,5,0.0,86,29
2026-05-21 07:59:26,2026-05-21,6,篮球场-东场地北半场,16:00-17:00,0,1,可预约,￥50.0,晴,17,12,5,0.0,86,29
2026-05-21 00:30:49,2026-05-21,6,篮球场-东场地北半场,19:00-20:00,0,1,可预约,￥50.0,多云,15,13,3,0.0,100,26
2026-05-21 01:00:55,2026-05-21,6,篮球场-东场地北半场,19:00-20:00,0,1,可预约,￥50.0,多云,15,12,4,0.0,100,26
2026-05-21 01:30:47,2026-05-21,6,篮球场-东场地北半场,19:00-20:00,0,1,可预约,￥50.0,多云,15,13,4,0.0,100,28
2026-05-21 02:00:53,2026-05-21,6,篮球场-东场地北半场,19:00-20:00,0,1,可预约,￥50.0,多云,15,12,4,0.0,100,28
2026-05-21 02:30:49,2026-05-21,6,篮球场-东场地北半场,19:00-20:00,0,1,可预约,￥50.0,多云,15,14,3,0.0,100,29
2026-05-21 03:00:55,2026-05-21,6,篮球场-东场地北半场,19:00-20:00,0,1,可预约,￥50.0,多云,15,12,4,0.0,100,29
2026-05-21 03:30:49,2026-05-21,6,篮球场-东场地北半场,19:00-20:00,0,1,可预约,￥50.0,多云,15,14,3,0.0,100,30
2026-05-21 04:30:45,2026-05-21,6,篮球场-东场地北半场,19:00-20:00,0,1,可预约,￥50.0,多云,15,12,4,0.0,100,29
2026-05-21 05:00:52,2026-05-21,6,篮球场-东场地北半场,19:00-20:00,0,1,可预约,￥50.0,多云,15,12,4,0.0,100,29
2026-05-21 05:30:49,2026-05-21,6,篮球场-东场地北半场,19:00-20:00,0,1,可预约,￥50.0,多云,15,13,3,0.0,100,28
2026-05-21 06:00:50,2026-05-21,6,篮球场-东场地北半场,19:00-20:00,0,1,可预约,￥50.0,多云,15,13,4,0.0,99,28
2026-05-21 06:30:38,2026-05-21,6,篮球场-东场地北半场,19:00-20:00,0,1,可预约,￥50.0,多云,15,13,3,0.0,97,28
2026-05-21 07:00:43,2026-05-21,6,篮球场-东场地北半场,19:00-20:00,0,1,可预约,￥50.0,晴,15,11,5,0.0,93,28
2026-05-21 07:30:39,2026-05-21,6,篮球场-东场地北半场,19:00-20:00,0,1,可预约,￥50.0,晴,17,13,4,0.0,89,29
2026-05-21 07:50:40,2026-05-21,6,篮球场-东场地北半场,19:00-20:00,0,1,可预约,￥50.0,晴,17,13,4,0.0,88,29
2026-05-21 07:53:31,2026-05-21,6,篮球场-东场地北半场,19:00-20:00,0,1,可预约,￥50.0,晴,17,12,5,0.0,86,29
2026-05-21 07:56:31,2026-05-21,6,篮球场-东场地北半场,19:00-20:00,0,1,可预约,￥50.0,晴,17,12,5,0.0,86,29
2026-05-21 07:59:26,2026-05-21,6,篮球场-东场地北半场,19:00-20:00,0,1,可预约,￥50.0,晴,17,12,5,0.0,86,29
2026-05-21 00:30:49,2026-05-21,6,篮球场-东场地北半场,20:30-21:30,0,1,可预约,￥50.0,多云,15,13,3,0.0,100,26
2026-05-21 01:00:55,2026-05-21,6,篮球场-东场地北半场,20:30-21:30,0,1,可预约,￥50.0,多云,15,12,4,0.0,100,26
2026-05-21 01:30:47,2026-05-21,6,篮球场-东场地北半场,20:30-21:30,0,1,可预约,￥50.0,多云,15,13,4,0.0,100,28
2026-05-21 02:00:53,2026-05-21,6,篮球场-东场地北半场,20:30-21:30,0,1,可预约,￥50.0,多云,15,12,4,0.0,100,28
2026-05-21 02:30:49,2026-05-21,6,篮球场-东场地北半场,20:30-21:30,0,1,可预约,￥50.0,多云,15,14,3,0.0,100,29
2026-05-21 03:00:55,2026-05-21,6,篮球场-东场地北半场,20:30-21:30,0,1,可预约,￥50.0,多云,15,12,4,0.0,100,29
2026-05-21 03:30:49,2026-05-21,6,篮球场-东场地北半场,20:30-21:30,0,1,可预约,￥50.0,多云,15,14,3,0.0,100,30
2026-05-21 04:30:45,2026-05-21,6,篮球场-东场地北半场,20:30-21:30,0,1,可预约,￥50.0,多云,15,12,4,0.0,100,29
2026-05-21 05:00:52,2026-05-21,6,篮球场-东场地北半场,20:30-21:30,0,1,可预约,￥50.0,多云,15,12,4,0.0,100,29
2026-05-21 05:30:49,2026-05-21,6,篮球场-东场地北半场,20:30-21:30,0,1,可预约,￥50.0,多云,15,13,3,0.0,100,28
2026-05-21 06:00:50,2026-05-21,6,篮球场-东场地北半场,20:30-21:30,0,1,可预约,￥50.0,多云,15,13,4,0.0,99,28
2026-05-21 06:30:38,2026-05-21,6,篮球场-东场地北半场,20:30-21:30,0,1,可预约,￥50.0,多云,15,13,3,0.0,97,28
2026-05-21 07:00:43,2026-05-21,6,篮球场-东场地北半场,20:30-21:30,0,1,可预约,￥50.0,晴,15,11,5,0.0,93,28
2026-05-21 07:30:39,2026-05-21,6,篮球场-东场地北半场,20:30-21:30,0,1,可预约,￥50.0,晴,17,13,4,0.0,89,29
2026-05-21 07:50:40,2026-05-21,6,篮球场-东场地北半场,20:30-21:30,0,1,可预约,￥50.0,晴,17,13,4,0.0,88,29
2026-05-21 07:53:31,2026-05-21,6,篮球场-东场地北半场,20:30-21:30,0,1,可预约,￥50.0,晴,17,12,5,0.0,86,29
2026-05-21 07:56:31,2026-05-21,6,篮球场-东场地北半场,20:30-21:30,0,1,可预约,￥50.0,晴,17,12,5,0.0,86,29
2026-05-21 07:59:26,2026-05-21,6,篮球场-东场地北半场,20:30-21:30,0,1,可预约,￥50.0,晴,17,12,5,0.0,86,29
2026-05-21 00:30:49,2026-05-21,6,篮球场-东场地南半场,09:00-10:00,0,1,可预约,￥50.0,多云,15,13,3,0.0,100,26
2026-05-21 01:00:55,2026-05-21,6,篮球场-东场地南半场,09:00-10:00,0,1,可预约,￥50.0,多云,15,12,4,0.0,100,26
2026-05-21 01:30:47,2026-05-21,6,篮球场-东场地南半场,09:00-10:00,0,1,可预约,￥50.0,多云,15,13,4,0.0,100,28
2026-05-21 02:00:53,2026-05-21,6,篮球场-东场地南半场,09:00-10:00,0,1,可预约,￥50.0,多云,15,12,4,0.0,100,28
2026-05-21 02:30:49,2026-05-21,6,篮球场-东场地南半场,09:00-10:00,0,1,可预约,￥50.0,多云,15,14,3,0.0,100,29
2026-05-21 03:00:55,2026-05-21,6,篮球场-东场地南半场,09:00-10:00,0,1,可预约,￥50.0,多云,15,12,4,0.0,100,29
2026-05-21 03:30:49,2026-05-21,6,篮球场-东场地南半场,09:00-10:00,0,1,可预约,￥50.0,多云,15,14,3,0.0,100,30
2026-05-21 04:30:45,2026-05-21,6,篮球场-东场地南半场,09:00-10:00,0,1,可预约,￥50.0,多云,15,12,4,0.0,100,29
2026-05-21 05:00:52,2026-05-21,6,篮球场-东场地南半场,09:00-10:00,0,1,可预约,￥50.0,多云,15,12,4,0.0,100,29
2026-05-21 05:30:49,2026-05-21,6,篮球场-东场地南半场,09:00-10:00,0,1,可预约,￥50.0,多云,15,13,3,0.0,100,28
2026-05-21 06:00:50,2026-05-21,6,篮球场-东场地南半场,09:00-10:00,0,1,可预约,￥50.0,多云,15,13,4,0.0,99,28
2026-05-21 06:30:38,2026-05-21,6,篮球场-东场地南半场,09:00-10:00,0,1,可预约,￥50.0,多云,15,13,3,0.0,97,28
2026-05-21 07:00:43,2026-05-21,6,篮球场-东场地南半场,09:00-10:00,0,1,可预约,￥50.0,晴,15,11,5,0.0,93,28
2026-05-21 07:30:39,2026-05-21,6,篮球场-东场地南半场,09:00-10:00,0,1,可预约,￥50.0,晴,17,13,4,0.0,89,29
2026-05-21 07:50:40,2026-05-21,6,篮球场-东场地南半场,09:00-10:00,0,1,可预约,￥50.0,晴,17,13,4,0.0,88,29
2026-05-21 07:53:31,2026-05-21,6,篮球场-东场地南半场,09:00-10:00,0,1,可预约,￥50.0,晴,17,12,5,0.0,86,29
2026-05-21 07:56:31,2026-05-21,6,篮球场-东场地南半场,09:00-10:00,0,1,可预约,￥50.0,晴,17,12,5,0.0,86,29
2026-05-21 07:59:26,2026-05-21,6,篮球场-东场地南半场,09:00-10:00,0,1,可预约,￥50.0,晴,17,12,5,0.0,86,29
2026-05-21 00:30:49,2026-05-21,6,篮球场-东场地南半场,10:30-11:30,1,1,已售/已满,教学时间,多云,15,13,3,0.0,100,26
2026-05-21 01:00:55,2026-05-21,6,篮球场-东场地南半场,10:30-11:30,1,1,已售/已满,教学时间,多云,15,12,4,0.0,100,26
2026-05-21 01:30:47,2026-05-21,6,篮球场-东场地南半场,10:30-11:30,1,1,已售/已满,教学时间,多云,15,13,4,0.0,100,28
2026-05-21 02:00:53,2026-05-21,6,篮球场-东场地南半场,10:30-11:30,1,1,已售/已满,教学时间,多云,15,12,4,0.0,100,28
2026-05-21 02:30:49,2026-05-21,6,篮球场-东场地南半场,10:30-11:30,1,1,已售/已满,教学时间,多云,15,14,3,0.0,100,29
2026-05-21 03:00:55,2026-05-21,6,篮球场-东场地南半场,10:30-11:30,1,1,已售/已满,教学时间,多云,15,12,4,0.0,100,29
2026-05-21 03:30:49,2026-05-21,6,篮球场-东场地南半场,10:30-11:30,1,1,已售/已满,教学时间,多云,15,14,3,0.0,100,30
2026-05-21 04:30:45,2026-05-21,6,篮球场-东场地南半场,10:30-11:30,1,1,已售/已满,教学时间,多云,15,12,4,0.0,100,29
2026-05-21 05:00:52,2026-05-21,6,篮球场-东场地南半场,10:30-11:30,1,1,已售/已满,教学时间,多云,15,12,4,0.0,100,29
2026-05-21 05:30:49,2026-05-21,6,篮球场-东场地南半场,10:30-11:30,1,1,已售/已满,教学时间,多云,15,13,3,0.0,100,28
2026-05-21 06:00:50,2026-05-21,6,篮球场-东场地南半场,10:30-11:30,1,1,已售/已满,教学时间,多云,15,13,4,0.0,99,28
2026-05-21 06:30:38,2026-05-21,6,篮球场-东场地南半场,10:30-11:30,1,1,已售/已满,教学时间,多云,15,13,3,0.0,97,28
2026-05-21 07:00:43,2026-05-21,6,篮球场-东场地南半场,10:30-11:30,1,1,已售/已满,教学时间,晴,15,11,5,0.0,93,28
2026-05-21 07:30:39,2026-05-21,6,篮球场-东场地南半场,10:30-11:30,1,1,已售/已满,教学时间,晴,17,13,4,0.0,89,29
2026-05-21 07:50:40,2026-05-21,6,篮球场-东场地南半场,10:30-11:30,1,1,已售/已满,教学时间,晴,17,13,4,0.0,88,29
2026-05-21 07:53:31,2026-05-21,6,篮球场-东场地南半场,10:30-11:30,1,1,已售/已满,教学时间,晴,17,12,5,0.0,86,29
2026-05-21 07:56:31,2026-05-21,6,篮球场-东场地南半场,10:30-11:30,1,1,已售/已满,教学时间,晴,17,12,5,0.0,86,29
2026-05-21 07:59:26,2026-05-21,6,篮球场-东场地南半场,10:30-11:30,1,1,已售/已满,教学时间,晴,17,12,5,0.0,86,29
2026-05-21 00:30:49,2026-05-21,6,篮球场-东场地南半场,14:00-15:00,1,1,已售/已满,教学时间,多云,15,13,3,0.0,100,26
2026-05-21 01:00:55,2026-05-21,6,篮球场-东场地南半场,14:00-15:00,1,1,已售/已满,教学时间,多云,15,12,4,0.0,100,26
2026-05-21 01:30:47,2026-05-21,6,篮球场-东场地南半场,14:00-15:00,1,1,已售/已满,教学时间,多云,15,13,4,0.0,100,28
2026-05-21 02:00:53,2026-05-21,6,篮球场-东场地南半场,14:00-15:00,1,1,已售/已满,教学时间,多云,15,12,4,0.0,100,28
2026-05-21 02:30:49,2026-05-21,6,篮球场-东场地南半场,14:00-15:00,1,1,已售/已满,教学时间,多云,15,14,3,0.0,100,29
2026-05-21 03:00:55,2026-05-21,6,篮球场-东场地南半场,14:00-15:00,1,1,已售/已满,教学时间,多云,15,12,4,0.0,100,29
2026-05-21 03:30:49,2026-05-21,6,篮球场-东场地南半场,14:00-15:00,1,1,已售/已满,教学时间,多云,15,14,3,0.0,100,30
2026-05-21 04:30:45,2026-05-21,6,篮球场-东场地南半场,14:00-15:00,1,1,已售/已满,教学时间,多云,15,12,4,0.0,100,29
2026-05-21 05:00:52,2026-05-21,6,篮球场-东场地南半场,14:00-15:00,1,1,已售/已满,教学时间,多云,15,12,4,0.0,100,29
2026-05-21 05:30:49,2026-05-21,6,篮球场-东场地南半场,14:00-15:00,1,1,已售/已满,教学时间,多云,15,13,3,0.0,100,28
2026-05-21 06:00:50,2026-05-21,6,篮球场-东场地南半场,14:00-15:00,1,1,已售/已满,教学时间,多云,15,13,4,0.0,99,28
2026-05-21 06:30:38,2026-05-21,6,篮球场-东场地南半场,14:00-15:00,1,1,已售/已满,教学时间,多云,15,13,3,0.0,97,28
2026-05-21 07:00:43,2026-05-21,6,篮球场-东场地南半场,14:00-15:00,1,1,已售/已满,教学时间,晴,15,11,5,0.0,93,28
2026-05-21 07:30:39,2026-05-21,6,篮球场-东场地南半场,14:00-15:00,1,1,已售/已满,教学时间,晴,17,13,4,0.0,89,29
2026-05-21 07:50:40,2026-05-21,6,篮球场-东场地南半场,14:00-15:00,1,1,已售/已满,教学时间,晴,17,13,4,0.0,88,29
2026-05-21 07:53:31,2026-05-21,6,篮球场-东场地南半场,14:00-15:00,1,1,已售/已满,教学时间,晴,17,12,5,0.0,86,29
2026-05-21 07:56:31,2026-05-21,6,篮球场-东场地南半场,14:00-15:00,1,1,已售/已满,教学时间,晴,17,12,5,0.0,86,29
2026-05-21 07:59:26,2026-05-21,6,篮球场-东场地南半场,14:00-15:00,1,1,已售/已满,教学时间,晴,17,12,5,0.0,86,29
2026-05-21 00:30:49,2026-05-21,6,篮球场-东场地南半场,15:00-16:00,1,1,已售/已满,教学时间,多云,15,13,3,0.0,100,26
2026-05-21 01:00:55,2026-05-21,6,篮球场-东场地南半场,15:00-16:00,1,1,已售/已满,教学时间,多云,15,12,4,0.0,100,26
2026-05-21 01:30:47,2026-05-21,6,篮球场-东场地南半场,15:00-16:00,1,1,已售/已满,教学时间,多云,15,13,4,0.0,100,28
2026-05-21 02:00:53,2026-05-21,6,篮球场-东场地南半场,15:00-16:00,1,1,已售/已满,教学时间,多云,15,12,4,0.0,100,28
2026-05-21 02:30:49,2026-05-21,6,篮球场-东场地南半场,15:00-16:00,1,1,已售/已满,教学时间,多云,15,14,3,0.0,100,29
2026-05-21 03:00:55,2026-05-21,6,篮球场-东场地南半场,15:00-16:00,1,1,已售/已满,教学时间,多云,15,12,4,0.0,100,29
2026-05-21 03:30:49,2026-05-21,6,篮球场-东场地南半场,15:00-16:00,1,1,已售/已满,教学时间,多云,15,14,3,0.0,100,30
2026-05-21 04:30:45,2026-05-21,6,篮球场-东场地南半场,15:00-16:00,1,1,已售/已满,教学时间,多云,15,12,4,0.0,100,29
2026-05-21 05:00:52,2026-05-21,6,篮球场-东场地南半场,15:00-16:00,1,1,已售/已满,教学时间,多云,15,12,4,0.0,100,29
2026-05-21 05:30:49,2026-05-21,6,篮球场-东场地南半场,15:00-16:00,1,1,已售/已满,教学时间,多云,15,13,3,0.0,100,28
2026-05-21 06:00:50,2026-05-21,6,篮球场-东场地南半场,15:00-16:00,1,1,已售/已满,教学时间,多云,15,13,4,0.0,99,28
2026-05-21 06:30:38,2026-05-21,6,篮球场-东场地南半场,15:00-16:00,1,1,已售/已满,教学时间,多云,15,13,3,0.0,97,28
2026-05-21 07:00:43,2026-05-21,6,篮球场-东场地南半场,15:00-16:00,1,1,已售/已满,教学时间,晴,15,11,5,0.0,93,28
2026-05-21 07:30:39,2026-05-21,6,篮球场-东场地南半场,15:00-16:00,1,1,已售/已满,教学时间,晴,17,13,4,0.0,89,29
2026-05-21 07:50:40,2026-05-21,6,篮球场-东场地南半场,15:00-16:00,1,1,已售/已满,教学时间,晴,17,13,4,0.0,88,29
2026-05-21 07:53:31,2026-05-21,6,篮球场-东场地南半场,15:00-16:00,1,1,已售/已满,教学时间,晴,17,12,5,0.0,86,29
2026-05-21 07:56:31,2026-05-21,6,篮球场-东场地南半场,15:00-16:00,1,1,已售/已满,教学时间,晴,17,12,5,0.0,86,29
2026-05-21 07:59:26,2026-05-21,6,篮球场-东场地南半场,15:00-16:00,1,1,已售/已满,教学时间,晴,17,12,5,0.0,86,29
2026-05-21 00:30:49,2026-05-21,6,篮球场-东场地南半场,16:00-17:00,0,1,可预约,￥50.0,多云,15,13,3,0.0,100,26
2026-05-21 01:00:55,2026-05-21,6,篮球场-东场地南半场,16:00-17:00,0,1,可预约,￥50.0,多云,15,12,4,0.0,100,26
2026-05-21 01:30:47,2026-05-21,6,篮球场-东场地南半场,16:00-17:00,0,1,可预约,￥50.0,多云,15,13,4,0.0,100,28
2026-05-21 02:00:53,2026-05-21,6,篮球场-东场地南半场,16:00-17:00,0,1,可预约,￥50.0,多云,15,12,4,0.0,100,28
2026-05-21 02:30:49,2026-05-21,6,篮球场-东场地南半场,16:00-17:00,0,1,可预约,￥50.0,多云,15,14,3,0.0,100,29
2026-05-21 03:00:55,2026-05-21,6,篮球场-东场地南半场,16:00-17:00,0,1,可预约,￥50.0,多云,15,12,4,0.0,100,29
2026-05-21 03:30:49,2026-05-21,6,篮球场-东场地南半场,16:00-17:00,0,1,可预约,￥50.0,多云,15,14,3,0.0,100,30
2026-05-21 04:30:45,2026-05-21,6,篮球场-东场地南半场,16:00-17:00,0,1,可预约,￥50.0,多云,15,12,4,0.0,100,29
2026-05-21 05:00:52,2026-05-21,6,篮球场-东场地南半场,16:00-17:00,0,1,可预约,￥50.0,多云,15,12,4,0.0,100,29
2026-05-21 05:30:49,2026-05-21,6,篮球场-东场地南半场,16:00-17:00,0,1,可预约,￥50.0,多云,15,13,3,0.0,100,28
2026-05-21 06:00:50,2026-05-21,6,篮球场-东场地南半场,16:00-17:00,0,1,可预约,￥50.0,多云,15,13,4,0.0,99,28
2026-05-21 06:30:38,2026-05-21,6,篮球场-东场地南半场,16:00-17:00,0,1,可预约,￥50.0,多云,15,13,3,0.0,97,28
2026-05-21 07:00:43,2026-05-21,6,篮球场-东场地南半场,16:00-17:00,0,1,可预约,￥50.0,晴,15,11,5,0.0,93,28
2026-05-21 07:30:39,2026-05-21,6,篮球场-东场地南半场,16:00-17:00,0,1,可预约,￥50.0,晴,17,13,4,0.0,89,29
2026-05-21 07:50:40,2026-05-21,6,篮球场-东场地南半场,16:00-17:00,0,1,可预约,￥50.0,晴,17,13,4,0.0,88,29
2026-05-21 07:53:31,2026-05-21,6,篮球场-东场地南半场,16:00-17:00,0,1,可预约,￥50.0,晴,17,12,5,0.0,86,29
2026-05-21 07:56:31,2026-05-21,6,篮球场-东场地南半场,16:00-17:00,0,1,可预约,￥50.0,晴,17,12,5,0.0,86,29
2026-05-21 07:59:26,2026-05-21,6,篮球场-东场地南半场,16:00-17:00,0,1,可预约,￥50.0,晴,17,12,5,0.0,86,29
2026-05-21 00:30:49,2026-05-21,6,篮球场-东场地南半场,19:00-20:00,0,1,可预约,￥50.0,多云,15,13,3,0.0,100,26
2026-05-21 01:00:55,2026-05-21,6,篮球场-东场地南半场,19:00-20:00,0,1,可预约,￥50.0,多云,15,12,4,0.0,100,26
2026-05-21 01:30:47,2026-05-21,6,篮球场-东场地南半场,19:00-20:00,0,1,可预约,￥50.0,多云,15,13,4,0.0,100,28
2026-05-21 02:00:53,2026-05-21,6,篮球场-东场地南半场,19:00-20:00,0,1,可预约,￥50.0,多云,15,12,4,0.0,100,28
2026-05-21 02:30:49,2026-05-21,6,篮球场-东场地南半场,19:00-20:00,0,1,可预约,￥50.0,多云,15,14,3,0.0,100,29
2026-05-21 03:00:55,2026-05-21,6,篮球场-东场地南半场,19:00-20:00,0,1,可预约,￥50.0,多云,15,12,4,0.0,100,29
2026-05-21 03:30:49,2026-05-21,6,篮球场-东场地南半场,19:00-20:00,0,1,可预约,￥50.0,多云,15,14,3,0.0,100,30
2026-05-21 04:30:45,2026-05-21,6,篮球场-东场地南半场,19:00-20:00,0,1,可预约,￥50.0,多云,15,12,4,0.0,100,29
2026-05-21 05:00:52,2026-05-21,6,篮球场-东场地南半场,19:00-20:00,0,1,可预约,￥50.0,多云,15,12,4,0.0,100,29
2026-05-21 05:30:49,2026-05-21,6,篮球场-东场地南半场,19:00-20:00,0,1,可预约,￥50.0,多云,15,13,3,0.0,100,28
2026-05-21 06:00:50,2026-05-21,6,篮球场-东场地南半场,19:00-20:00,0,1,可预约,￥50.0,多云,15,13,4,0.0,99,28
2026-05-21 06:30:38,2026-05-21,6,篮球场-东场地南半场,19:00-20:00,0,1,可预约,￥50.0,多云,15,13,3,0.0,97,28
2026-05-21 07:00:43,2026-05-21,6,篮球场-东场地南半场,19:00-20:00,0,1,可预约,￥50.0,晴,15,11,5,0.0,93,28
2026-05-21 07:30:39,2026-05-21,6,篮球场-东场地南半场,19:00-20:00,0,1,可预约,￥50.0,晴,17,13,4,0.0,89,29
2026-05-21 07:50:40,2026-05-21,6,篮球场-东场地南半场,19:00-20:00,0,1,可预约,￥50.0,晴,17,13,4,0.0,88,29
2026-05-21 07:53:31,2026-05-21,6,篮球场-东场地南半场,19:00-20:00,0,1,可预约,￥50.0,晴,17,12,5,0.0,86,29
2026-05-21 07:56:31,2026-05-21,6,篮球场-东场地南半场,19:00-20:00,0,1,可预约,￥50.0,晴,17,12,5,0.0,86,29
2026-05-21 07:59:26,2026-05-21,6,篮球场-东场地南半场,19:00-20:00,0,1,可预约,￥50.0,晴,17,12,5,0.0,86,29
2026-05-21 00:30:49,2026-05-21,6,篮球场-东场地南半场,20:30-21:30,0,1,可预约,￥50.0,多云,15,13,3,0.0,100,26
2026-05-21 01:00:55,2026-05-21,6,篮球场-东场地南半场,20:30-21:30,0,1,可预约,￥50.0,多云,15,12,4,0.0,100,26
2026-05-21 01:30:47,2026-05-21,6,篮球场-东场地南半场,20:30-21:30,0,1,可预约,￥50.0,多云,15,13,4,0.0,100,28
2026-05-21 02:00:53,2026-05-21,6,篮球场-东场地南半场,20:30-21:30,0,1,可预约,￥50.0,多云,15,12,4,0.0,100,28
2026-05-21 02:30:49,2026-05-21,6,篮球场-东场地南半场,20:30-21:30,0,1,可预约,￥50.0,多云,15,14,3,0.0,100,29
2026-05-21 03:00:55,2026-05-21,6,篮球场-东场地南半场,20:30-21:30,0,1,可预约,￥50.0,多云,15,12,4,0.0,100,29
2026-05-21 03:30:49,2026-05-21,6,篮球场-东场地南半场,20:30-21:30,0,1,可预约,￥50.0,多云,15,14,3,0.0,100,30
2026-05-21 04:30:45,2026-05-21,6,篮球场-东场地南半场,20:30-21:30,0,1,可预约,￥50.0,多云,15,12,4,0.0,100,29
2026-05-21 05:00:52,2026-05-21,6,篮球场-东场地南半场,20:30-21:30,0,1,可预约,￥50.0,多云,15,12,4,0.0,100,29
2026-05-21 05:30:49,2026-05-21,6,篮球场-东场地南半场,20:30-21:30,0,1,可预约,￥50.0,多云,15,13,3,0.0,100,28
2026-05-21 06:00:50,2026-05-21,6,篮球场-东场地南半场,20:30-21:30,0,1,可预约,￥50.0,多云,15,13,4,0.0,99,28
2026-05-21 06:30:38,2026-05-21,6,篮球场-东场地南半场,20:30-21:30,0,1,可预约,￥50.0,多云,15,13,3,0.0,97,28
2026-05-21 07:00:43,2026-05-21,6,篮球场-东场地南半场,20:30-21:30,0,1,可预约,￥50.0,晴,15,11,5,0.0,93,28
2026-05-21 07:30:39,2026-05-21,6,篮球场-东场地南半场,20:30-21:30,0,1,可预约,￥50.0,晴,17,13,4,0.0,89,29
2026-05-21 07:50:40,2026-05-21,6,篮球场-东场地南半场,20:30-21:30,0,1,可预约,￥50.0,晴,17,13,4,0.0,88,29
2026-05-21 07:53:31,2026-05-21,6,篮球场-东场地南半场,20:30-21:30,0,1,可预约,￥50.0,晴,17,12,5,0.0,86,29
2026-05-21 07:56:31,2026-05-21,6,篮球场-东场地南半场,20:30-21:30,0,1,可预约,￥50.0,晴,17,12,5,0.0,86,29
2026-05-21 07:59:26,2026-05-21,6,篮球场-东场地南半场,20:30-21:30,0,1,可预约,￥50.0,晴,17,12,5,0.0,86,29
2026-05-21 00:30:49,2026-05-21,6,篮球场-西场地北半场,09:00-10:00,0,1,可预约,￥50.0,多云,15,13,3,0.0,100,26
2026-05-21 01:00:55,2026-05-21,6,篮球场-西场地北半场,09:00-10:00,0,1,可预约,￥50.0,多云,15,12,4,0.0,100,26
2026-05-21 01:30:47,2026-05-21,6,篮球场-西场地北半场,09:00-10:00,0,1,可预约,￥50.0,多云,15,13,4,0.0,100,28
2026-05-21 02:00:53,2026-05-21,6,篮球场-西场地北半场,09:00-10:00,0,1,可预约,￥50.0,多云,15,12,4,0.0,100,28
2026-05-21 02:30:49,2026-05-21,6,篮球场-西场地北半场,09:00-10:00,0,1,可预约,￥50.0,多云,15,14,3,0.0,100,29
2026-05-21 03:00:55,2026-05-21,6,篮球场-西场地北半场,09:00-10:00,0,1,可预约,￥50.0,多云,15,12,4,0.0,100,29
2026-05-21 03:30:49,2026-05-21,6,篮球场-西场地北半场,09:00-10:00,0,1,可预约,￥50.0,多云,15,14,3,0.0,100,30
2026-05-21 04:30:45,2026-05-21,6,篮球场-西场地北半场,09:00-10:00,0,1,可预约,￥50.0,多云,15,12,4,0.0,100,29
2026-05-21 05:00:52,2026-05-21,6,篮球场-西场地北半场,09:00-10:00,0,1,可预约,￥50.0,多云,15,12,4,0.0,100,29
2026-05-21 05:30:49,2026-05-21,6,篮球场-西场地北半场,09:00-10:00,0,1,可预约,￥50.0,多云,15,13,3,0.0,100,28
2026-05-21 06:00:50,2026-05-21,6,篮球场-西场地北半场,09:00-10:00,0,1,可预约,￥50.0,多云,15,13,4,0.0,99,28
2026-05-21 06:30:38,2026-05-21,6,篮球场-西场地北半场,09:00-10:00,0,1,可预约,￥50.0,多云,15,13,3,0.0,97,28
2026-05-21 07:00:43,2026-05-21,6,篮球场-西场地北半场,09:00-10:00,0,1,可预约,￥50.0,晴,15,11,5,0.0,93,28
2026-05-21 07:30:39,2026-05-21,6,篮球场-西场地北半场,09:00-10:00,0,1,可预约,￥50.0,晴,17,13,4,0.0,89,29
2026-05-21 07:50:40,2026-05-21,6,篮球场-西场地北半场,09:00-10:00,0,1,可预约,￥50.0,晴,17,13,4,0.0,88,29
2026-05-21 07:53:31,2026-05-21,6,篮球场-西场地北半场,09:00-10:00,0,1,可预约,￥50.0,晴,17,12,5,0.0,86,29
2026-05-21 07:56:31,2026-05-21,6,篮球场-西场地北半场,09:00-10:00,0,1,可预约,￥50.0,晴,17,12,5,0.0,86,29
2026-05-21 07:59:26,2026-05-21,6,篮球场-西场地北半场,09:00-10:00,0,1,可预约,￥50.0,晴,17,12,5,0.0,86,29
2026-05-21 00:30:49,2026-05-21,6,篮球场-西场地北半场,10:30-11:30,1,1,已售/已满,教学时间,多云,15,13,3,0.0,100,26
2026-05-21 01:00:55,2026-05-21,6,篮球场-西场地北半场,10:30-11:30,1,1,已售/已满,教学时间,多云,15,12,4,0.0,100,26
2026-05-21 01:30:47,2026-05-21,6,篮球场-西场地北半场,10:30-11:30,1,1,已售/已满,教学时间,多云,15,13,4,0.0,100,28
2026-05-21 02:00:53,2026-05-21,6,篮球场-西场地北半场,10:30-11:30,1,1,已售/已满,教学时间,多云,15,12,4,0.0,100,28
2026-05-21 02:30:49,2026-05-21,6,篮球场-西场地北半场,10:30-11:30,1,1,已售/已满,教学时间,多云,15,14,3,0.0,100,29
2026-05-21 03:00:55,2026-05-21,6,篮球场-西场地北半场,10:30-11:30,1,1,已售/已满,教学时间,多云,15,12,4,0.0,100,29
2026-05-21 03:30:49,2026-05-21,6,篮球场-西场地北半场,10:30-11:30,1,1,已售/已满,教学时间,多云,15,14,3,0.0,100,30
2026-05-21 04:30:45,2026-05-21,6,篮球场-西场地北半场,10:30-11:30,1,1,已售/已满,教学时间,多云,15,12,4,0.0,100,29
2026-05-21 05:00:52,2026-05-21,6,篮球场-西场地北半场,10:30-11:30,1,1,已售/已满,教学时间,多云,15,12,4,0.0,100,29
2026-05-21 05:30:49,2026-05-21,6,篮球场-西场地北半场,10:30-11:30,1,1,已售/已满,教学时间,多云,15,13,3,0.0,100,28
2026-05-21 06:00:50,2026-05-21,6,篮球场-西场地北半场,10:30-11:30,1,1,已售/已满,教学时间,多云,15,13,4,0.0,99,28
2026-05-21 06:30:38,2026-05-21,6,篮球场-西场地北半场,10:30-11:30,1,1,已售/已满,教学时间,多云,15,13,3,0.0,97,28
2026-05-21 07:00:43,2026-05-21,6,篮球场-西场地北半场,10:30-11:30,1,1,已售/已满,教学时间,晴,15,11,5,0.0,93,28
2026-05-21 07:30:39,2026-05-21,6,篮球场-西场地北半场,10:30-11:30,1,1,已售/已满,教学时间,晴,17,13,4,0.0,89,29
2026-05-21 07:50:40,2026-05-21,6,篮球场-西场地北半场,10:30-11:30,1,1,已售/已满,教学时间,晴,17,13,4,0.0,88,29
2026-05-21 07:53:31,2026-05-21,6,篮球场-西场地北半场,10:30-11:30,1,1,已售/已满,教学时间,晴,17,12,5,0.0,86,29
2026-05-21 07:56:31,2026-05-21,6,篮球场-西场地北半场,10:30-11:30,1,1,已售/已满,教学时间,晴,17,12,5,0.0,86,29
2026-05-21 07:59:26,2026-05-21,6,篮球场-西场地北半场,10:30-11:30,1,1,已售/已满,教学时间,晴,17,12,5,0.0,86,29
2026-05-21 00:30:49,2026-05-21,6,篮球场-西场地北半场,14:00-15:00,1,1,已售/已满,教学时间,多云,15,13,3,0.0,100,26
2026-05-21 01:00:55,2026-05-21,6,篮球场-西场地北半场,14:00-15:00,1,1,已售/已满,教学时间,多云,15,12,4,0.0,100,26
2026-05-21 01:30:47,2026-05-21,6,篮球场-西场地北半场,14:00-15:00,1,1,已售/已满,教学时间,多云,15,13,4,0.0,100,28
2026-05-21 02:00:53,2026-05-21,6,篮球场-西场地北半场,14:00-15:00,1,1,已售/已满,教学时间,多云,15,12,4,0.0,100,28
2026-05-21 02:30:49,2026-05-21,6,篮球场-西场地北半场,14:00-15:00,1,1,已售/已满,教学时间,多云,15,14,3,0.0,100,29
2026-05-21 03:00:55,2026-05-21,6,篮球场-西场地北半场,14:00-15:00,1,1,已售/已满,教学时间,多云,15,12,4,0.0,100,29
2026-05-21 03:30:49,2026-05-21,6,篮球场-西场地北半场,14:00-15:00,1,1,已售/已满,教学时间,多云,15,14,3,0.0,100,30
2026-05-21 04:30:45,2026-05-21,6,篮球场-西场地北半场,14:00-15:00,1,1,已售/已满,教学时间,多云,15,12,4,0.0,100,29
2026-05-21 05:00:52,2026-05-21,6,篮球场-西场地北半场,14:00-15:00,1,1,已售/已满,教学时间,多云,15,12,4,0.0,100,29
2026-05-21 05:30:49,2026-05-21,6,篮球场-西场地北半场,14:00-15:00,1,1,已售/已满,教学时间,多云,15,13,3,0.0,100,28
2026-05-21 06:00:50,2026-05-21,6,篮球场-西场地北半场,14:00-15:00,1,1,已售/已满,教学时间,多云,15,13,4,0.0,99,28
2026-05-21 06:30:38,2026-05-21,6,篮球场-西场地北半场,14:00-15:00,1,1,已售/已满,教学时间,多云,15,13,3,0.0,97,28
2026-05-21 07:00:43,2026-05-21,6,篮球场-西场地北半场,14:00-15:00,1,1,已售/已满,教学时间,晴,15,11,5,0.0,93,28
2026-05-21 07:30:39,2026-05-21,6,篮球场-西场地北半场,14:00-15:00,1,1,已售/已满,教学时间,晴,17,13,4,0.0,89,29
2026-05-21 07:50:40,2026-05-21,6,篮球场-西场地北半场,14:00-15:00,1,1,已售/已满,教学时间,晴,17,13,4,0.0,88,29
2026-05-21 07:53:31,2026-05-21,6,篮球场-西场地北半场,14:00-15:00,1,1,已售/已满,教学时间,晴,17,12,5,0.0,86,29
2026-05-21 07:56:31,2026-05-21,6,篮球场-西场地北半场,14:00-15:00,1,1,已售/已满,教学时间,晴,17,12,5,0.0,86,29
2026-05-21 07:59:26,2026-05-21,6,篮球场-西场地北半场,14:00-15:00,1,1,已售/已满,教学时间,晴,17,12,5,0.0,86,29
2026-05-21 00:30:49,2026-05-21,6,篮球场-西场地北半场,15:00-16:00,1,1,已售/已满,教学时间,多云,15,13,3,0.0,100,26
2026-05-21 01:00:55,2026-05-21,6,篮球场-西场地北半场,15:00-16:00,1,1,已售/已满,教学时间,多云,15,12,4,0.0,100,26
2026-05-21 01:30:47,2026-05-21,6,篮球场-西场地北半场,15:00-16:00,1,1,已售/已满,教学时间,多云,15,13,4,0.0,100,28
2026-05-21 02:00:53,2026-05-21,6,篮球场-西场地北半场,15:00-16:00,1,1,已售/已满,教学时间,多云,15,12,4,0.0,100,28
2026-05-21 02:30:49,2026-05-21,6,篮球场-西场地北半场,15:00-16:00,1,1,已售/已满,教学时间,多云,15,14,3,0.0,100,29
2026-05-21 03:00:55,2026-05-21,6,篮球场-西场地北半场,15:00-16:00,1,1,已售/已满,教学时间,多云,15,12,4,0.0,100,29
2026-05-21 03:30:49,2026-05-21,6,篮球场-西场地北半场,15:00-16:00,1,1,已售/已满,教学时间,多云,15,14,3,0.0,100,30
2026-05-21 04:30:45,2026-05-21,6,篮球场-西场地北半场,15:00-16:00,1,1,已售/已满,教学时间,多云,15,12,4,0.0,100,29
2026-05-21 05:00:52,2026-05-21,6,篮球场-西场地北半场,15:00-16:00,1,1,已售/已满,教学时间,多云,15,12,4,0.0,100,29
2026-05-21 05:30:49,2026-05-21,6,篮球场-西场地北半场,15:00-16:00,1,1,已售/已满,教学时间,多云,15,13,3,0.0,100,28
2026-05-21 06:00:50,2026-05-21,6,篮球场-西场地北半场,15:00-16:00,1,1,已售/已满,教学时间,多云,15,13,4,0.0,99,28
2026-05-21 06:30:38,2026-05-21,6,篮球场-西场地北半场,15:00-16:00,1,1,已售/已满,教学时间,多云,15,13,3,0.0,97,28
2026-05-21 07:00:43,2026-05-21,6,篮球场-西场地北半场,15:00-16:00,1,1,已售/已满,教学时间,晴,15,11,5,0.0,93,28
2026-05-21 07:30:39,2026-05-21,6,篮球场-西场地北半场,15:00-16:00,1,1,已售/已满,教学时间,晴,17,13,4,0.0,89,29
2026-05-21 07:50:40,2026-05-21,6,篮球场-西场地北半场,15:00-16:00,1,1,已售/已满,教学时间,晴,17,13,4,0.0,88,29
2026-05-21 07:53:31,2026-05-21,6,篮球场-西场地北半场,15:00-16:00,1,1,已售/已满,教学时间,晴,17,12,5,0.0,86,29
2026-05-21 07:56:31,2026-05-21,6,篮球场-西场地北半场,15:00-16:00,1,1,已售/已满,教学时间,晴,17,12,5,0.0,86,29
2026-05-21 07:59:26,2026-05-21,6,篮球场-西场地北半场,15:00-16:00,1,1,已售/已满,教学时间,晴,17,12,5,0.0,86,29
2026-05-21 00:30:49,2026-05-21,6,篮球场-西场地北半场,16:00-17:00,0,1,可预约,￥50.0,多云,15,13,3,0.0,100,26
2026-05-21 01:00:55,2026-05-21,6,篮球场-西场地北半场,16:00-17:00,0,1,可预约,￥50.0,多云,15,12,4,0.0,100,26
2026-05-21 01:30:47,2026-05-21,6,篮球场-西场地北半场,16:00-17:00,0,1,可预约,￥50.0,多云,15,13,4,0.0,100,28
2026-05-21 02:00:53,2026-05-21,6,篮球场-西场地北半场,16:00-17:00,0,1,可预约,￥50.0,多云,15,12,4,0.0,100,28
2026-05-21 02:30:49,2026-05-21,6,篮球场-西场地北半场,16:00-17:00,0,1,可预约,￥50.0,多云,15,14,3,0.0,100,29
2026-05-21 03:00:55,2026-05-21,6,篮球场-西场地北半场,16:00-17:00,0,1,可预约,￥50.0,多云,15,12,4,0.0,100,29
2026-05-21 03:30:49,2026-05-21,6,篮球场-西场地北半场,16:00-17:00,0,1,可预约,￥50.0,多云,15,14,3,0.0,100,30
2026-05-21 04:30:45,2026-05-21,6,篮球场-西场地北半场,16:00-17:00,0,1,可预约,￥50.0,多云,15,12,4,0.0,100,29
2026-05-21 05:00:52,2026-05-21,6,篮球场-西场地北半场,16:00-17:00,0,1,可预约,￥50.0,多云,15,12,4,0.0,100,29
2026-05-21 05:30:49,2026-05-21,6,篮球场-西场地北半场,16:00-17:00,0,1,可预约,￥50.0,多云,15,13,3,0.0,100,28
2026-05-21 06:00:50,2026-05-21,6,篮球场-西场地北半场,16:00-17:00,0,1,可预约,￥50.0,多云,15,13,4,0.0,99,28
2026-05-21 06:30:38,2026-05-21,6,篮球场-西场地北半场,16:00-17:00,0,1,可预约,￥50.0,多云,15,13,3,0.0,97,28
2026-05-21 07:00:43,2026-05-21,6,篮球场-西场地北半场,16:00-17:00,0,1,可预约,￥50.0,晴,15,11,5,0.0,93,28
2026-05-21 07:30:39,2026-05-21,6,篮球场-西场地北半场,16:00-17:00,0,1,可预约,￥50.0,晴,17,13,4,0.0,89,29
2026-05-21 07:50:40,2026-05-21,6,篮球场-西场地北半场,16:00-17:00,0,1,可预约,￥50.0,晴,17,13,4,0.0,88,29
2026-05-21 07:53:31,2026-05-21,6,篮球场-西场地北半场,16:00-17:00,0,1,可预约,￥50.0,晴,17,12,5,0.0,86,29
2026-05-21 07:56:31,2026-05-21,6,篮球场-西场地北半场,16:00-17:00,0,1,可预约,￥50.0,晴,17,12,5,0.0,86,29
2026-05-21 07:59:26,2026-05-21,6,篮球场-西场地北半场,16:00-17:00,0,1,可预约,￥50.0,晴,17,12,5,0.0,86,29
2026-05-21 00:30:49,2026-05-21,6,篮球场-西场地北半场,19:00-20:00,0,1,可预约,￥50.0,多云,15,13,3,0.0,100,26
2026-05-21 01:00:55,2026-05-21,6,篮球场-西场地北半场,19:00-20:00,0,1,可预约,￥50.0,多云,15,12,4,0.0,100,26
2026-05-21 01:30:47,2026-05-21,6,篮球场-西场地北半场,19:00-20:00,0,1,可预约,￥50.0,多云,15,13,4,0.0,100,28
2026-05-21 02:00:53,2026-05-21,6,篮球场-西场地北半场,19:00-20:00,0,1,可预约,￥50.0,多云,15,12,4,0.0,100,28
2026-05-21 02:30:49,2026-05-21,6,篮球场-西场地北半场,19:00-20:00,0,1,可预约,￥50.0,多云,15,14,3,0.0,100,29
2026-05-21 03:00:55,2026-05-21,6,篮球场-西场地北半场,19:00-20:00,0,1,可预约,￥50.0,多云,15,12,4,0.0,100,29
2026-05-21 03:30:49,2026-05-21,6,篮球场-西场地北半场,19:00-20:00,0,1,可预约,￥50.0,多云,15,14,3,0.0,100,30
2026-05-21 04:30:45,2026-05-21,6,篮球场-西场地北半场,19:00-20:00,0,1,可预约,￥50.0,多云,15,12,4,0.0,100,29
2026-05-21 05:00:52,2026-05-21,6,篮球场-西场地北半场,19:00-20:00,0,1,可预约,￥50.0,多云,15,12,4,0.0,100,29
2026-05-21 05:30:49,2026-05-21,6,篮球场-西场地北半场,19:00-20:00,0,1,可预约,￥50.0,多云,15,13,3,0.0,100,28
2026-05-21 06:00:50,2026-05-21,6,篮球场-西场地北半场,19:00-20:00,0,1,可预约,￥50.0,多云,15,13,4,0.0,99,28
2026-05-21 06:30:38,2026-05-21,6,篮球场-西场地北半场,19:00-20:00,0,1,可预约,￥50.0,多云,15,13,3,0.0,97,28
2026-05-21 07:00:43,2026-05-21,6,篮球场-西场地北半场,19:00-20:00,0,1,可预约,￥50.0,晴,15,11,5,0.0,93,28
2026-05-21 07:30:39,2026-05-21,6,篮球场-西场地北半场,19:00-20:00,0,1,可预约,￥50.0,晴,17,13,4,0.0,89,29
2026-05-21 07:50:40,2026-05-21,6,篮球场-西场地北半场,19:00-20:00,0,1,可预约,￥50.0,晴,17,13,4,0.0,88,29
2026-05-21 07:53:31,2026-05-21,6,篮球场-西场地北半场,19:00-20:00,0,1,可预约,￥50.0,晴,17,12,5,0.0,86,29
2026-05-21 07:56:31,2026-05-21,6,篮球场-西场地北半场,19:00-20:00,0,1,可预约,￥50.0,晴,17,12,5,0.0,86,29
2026-05-21 07:59:26,2026-05-21,6,篮球场-西场地北半场,19:00-20:00,0,1,可预约,￥50.0,晴,17,12,5,0.0,86,29
2026-05-21 00:30:49,2026-05-21,6,篮球场-西场地北半场,20:30-21:30,0,1,可预约,￥50.0,多云,15,13,3,0.0,100,26
2026-05-21 01:00:55,2026-05-21,6,篮球场-西场地北半场,20:30-21:30,0,1,可预约,￥50.0,多云,15,12,4,0.0,100,26
2026-05-21 01:30:47,2026-05-21,6,篮球场-西场地北半场,20:30-21:30,0,1,可预约,￥50.0,多云,15,13,4,0.0,100,28
2026-05-21 02:00:53,2026-05-21,6,篮球场-西场地北半场,20:30-21:30,0,1,可预约,￥50.0,多云,15,12,4,0.0,100,28
2026-05-21 02:30:49,2026-05-21,6,篮球场-西场地北半场,20:30-21:30,0,1,可预约,￥50.0,多云,15,14,3,0.0,100,29
2026-05-21 03:00:55,2026-05-21,6,篮球场-西场地北半场,20:30-21:30,0,1,可预约,￥50.0,多云,15,12,4,0.0,100,29
2026-05-21 03:30:49,2026-05-21,6,篮球场-西场地北半场,20:30-21:30,0,1,可预约,￥50.0,多云,15,14,3,0.0,100,30
2026-05-21 04:30:45,2026-05-21,6,篮球场-西场地北半场,20:30-21:30,0,1,可预约,￥50.0,多云,15,12,4,0.0,100,29
2026-05-21 05:00:52,2026-05-21,6,篮球场-西场地北半场,20:30-21:30,0,1,可预约,￥50.0,多云,15,12,4,0.0,100,29
2026-05-21 05:30:49,2026-05-21,6,篮球场-西场地北半场,20:30-21:30,0,1,可预约,￥50.0,多云,15,13,3,0.0,100,28
2026-05-21 06:00:50,2026-05-21,6,篮球场-西场地北半场,20:30-21:30,0,1,可预约,￥50.0,多云,15,13,4,0.0,99,28
2026-05-21 06:30:38,2026-05-21,6,篮球场-西场地北半场,20:30-21:30,0,1,可预约,￥50.0,多云,15,13,3,0.0,97,28
2026-05-21 07:00:43,2026-05-21,6,篮球场-西场地北半场,20:30-21:30,0,1,可预约,￥50.0,晴,15,11,5,0.0,93,28
2026-05-21 07:30:39,2026-05-21,6,篮球场-西场地北半场,20:30-21:30,0,1,可预约,￥50.0,晴,17,13,4,0.0,89,29
2026-05-21 07:50:40,2026-05-21,6,篮球场-西场地北半场,20:30-21:30,0,1,可预约,￥50.0,晴,17,13,4,0.0,88,29
2026-05-21 07:53:31,2026-05-21,6,篮球场-西场地北半场,20:30-21:30,0,1,可预约,￥50.0,晴,17,12,5,0.0,86,29
2026-05-21 07:56:31,2026-05-21,6,篮球场-西场地北半场,20:30-21:30,0,1,可预约,￥50.0,晴,17,12,5,0.0,86,29
2026-05-21 07:59:26,2026-05-21,6,篮球场-西场地北半场,20:30-21:30,0,1,可预约,￥50.0,晴,17,12,5,0.0,86,29
2026-05-21 00:30:49,2026-05-21,6,篮球场-西场地南半场,09:00-10:00,0,1,可预约,￥50.0,多云,15,13,3,0.0,100,26
2026-05-21 01:00:55,2026-05-21,6,篮球场-西场地南半场,09:00-10:00,0,1,可预约,￥50.0,多云,15,12,4,0.0,100,26
2026-05-21 01:30:47,2026-05-21,6,篮球场-西场地南半场,09:00-10:00,0,1,可预约,￥50.0,多云,15,13,4,0.0,100,28
2026-05-21 02:00:53,2026-05-21,6,篮球场-西场地南半场,09:00-10:00,0,1,可预约,￥50.0,多云,15,12,4,0.0,100,28
2026-05-21 02:30:49,2026-05-21,6,篮球场-西场地南半场,09:00-10:00,0,1,可预约,￥50.0,多云,15,14,3,0.0,100,29
2026-05-21 03:00:55,2026-05-21,6,篮球场-西场地南半场,09:00-10:00,0,1,可预约,￥50.0,多云,15,12,4,0.0,100,29
2026-05-21 03:30:49,2026-05-21,6,篮球场-西场地南半场,09:00-10:00,0,1,可预约,￥50.0,多云,15,14,3,0.0,100,30
2026-05-21 04:30:45,2026-05-21,6,篮球场-西场地南半场,09:00-10:00,0,1,可预约,￥50.0,多云,15,12,4,0.0,100,29
2026-05-21 05:00:52,2026-05-21,6,篮球场-西场地南半场,09:00-10:00,0,1,可预约,￥50.0,多云,15,12,4,0.0,100,29
2026-05-21 05:30:49,2026-05-21,6,篮球场-西场地南半场,09:00-10:00,0,1,可预约,￥50.0,多云,15,13,3,0.0,100,28
2026-05-21 06:00:50,2026-05-21,6,篮球场-西场地南半场,09:00-10:00,0,1,可预约,￥50.0,多云,15,13,4,0.0,99,28
2026-05-21 06:30:38,2026-05-21,6,篮球场-西场地南半场,09:00-10:00,0,1,可预约,￥50.0,多云,15,13,3,0.0,97,28
2026-05-21 07:00:43,2026-05-21,6,篮球场-西场地南半场,09:00-10:00,0,1,可预约,￥50.0,晴,15,11,5,0.0,93,28
2026-05-21 07:30:39,2026-05-21,6,篮球场-西场地南半场,09:00-10:00,0,1,可预约,￥50.0,晴,17,13,4,0.0,89,29
2026-05-21 07:50:40,2026-05-21,6,篮球场-西场地南半场,09:00-10:00,0,1,可预约,￥50.0,晴,17,13,4,0.0,88,29
2026-05-21 07:53:31,2026-05-21,6,篮球场-西场地南半场,09:00-10:00,0,1,可预约,￥50.0,晴,17,12,5,0.0,86,29
2026-05-21 07:56:31,2026-05-21,6,篮球场-西场地南半场,09:00-10:00,0,1,可预约,￥50.0,晴,17,12,5,0.0,86,29
2026-05-21 07:59:26,2026-05-21,6,篮球场-西场地南半场,09:00-10:00,0,1,可预约,￥50.0,晴,17,12,5,0.0,86,29
2026-05-21 00:30:49,2026-05-21,6,篮球场-西场地南半场,10:30-11:30,1,1,已售/已满,教学时间,多云,15,13,3,0.0,100,26
2026-05-21 01:00:55,2026-05-21,6,篮球场-西场地南半场,10:30-11:30,1,1,已售/已满,教学时间,多云,15,12,4,0.0,100,26
2026-05-21 01:30:47,2026-05-21,6,篮球场-西场地南半场,10:30-11:30,1,1,已售/已满,教学时间,多云,15,13,4,0.0,100,28
2026-05-21 02:00:53,2026-05-21,6,篮球场-西场地南半场,10:30-11:30,1,1,已售/已满,教学时间,多云,15,12,4,0.0,100,28
2026-05-21 02:30:49,2026-05-21,6,篮球场-西场地南半场,10:30-11:30,1,1,已售/已满,教学时间,多云,15,14,3,0.0,100,29
2026-05-21 03:00:55,2026-05-21,6,篮球场-西场地南半场,10:30-11:30,1,1,已售/已满,教学时间,多云,15,12,4,0.0,100,29
2026-05-21 03:30:49,2026-05-21,6,篮球场-西场地南半场,10:30-11:30,1,1,已售/已满,教学时间,多云,15,14,3,0.0,100,30
2026-05-21 04:30:45,2026-05-21,6,篮球场-西场地南半场,10:30-11:30,1,1,已售/已满,教学时间,多云,15,12,4,0.0,100,29
2026-05-21 05:00:52,2026-05-21,6,篮球场-西场地南半场,10:30-11:30,1,1,已售/已满,教学时间,多云,15,12,4,0.0,100,29
2026-05-21 05:30:49,2026-05-21,6,篮球场-西场地南半场,10:30-11:30,1,1,已售/已满,教学时间,多云,15,13,3,0.0,100,28
2026-05-21 06:00:50,2026-05-21,6,篮球场-西场地南半场,10:30-11:30,1,1,已售/已满,教学时间,多云,15,13,4,0.0,99,28
2026-05-21 06:30:38,2026-05-21,6,篮球场-西场地南半场,10:30-11:30,1,1,已售/已满,教学时间,多云,15,13,3,0.0,97,28
2026-05-21 07:00:43,2026-05-21,6,篮球场-西场地南半场,10:30-11:30,1,1,已售/已满,教学时间,晴,15,11,5,0.0,93,28
2026-05-21 07:30:39,2026-05-21,6,篮球场-西场地南半场,10:30-11:30,1,1,已售/已满,教学时间,晴,17,13,4,0.0,89,29
2026-05-21 07:50:40,2026-05-21,6,篮球场-西场地南半场,10:30-11:30,1,1,已售/已满,教学时间,晴,17,13,4,0.0,88,29
2026-05-21 07:53:31,2026-05-21,6,篮球场-西场地南半场,10:30-11:30,1,1,已售/已满,教学时间,晴,17,12,5,0.0,86,29
2026-05-21 07:56:31,2026-05-21,6,篮球场-西场地南半场,10:30-11:30,1,1,已售/已满,教学时间,晴,17,12,5,0.0,86,29
2026-05-21 07:59:26,2026-05-21,6,篮球场-西场地南半场,10:30-11:30,1,1,已售/已满,教学时间,晴,17,12,5,0.0,86,29
2026-05-21 00:30:49,2026-05-21,6,篮球场-西场地南半场,14:00-15:00,1,1,已售/已满,教学时间,多云,15,13,3,0.0,100,26
2026-05-21 01:00:55,2026-05-21,6,篮球场-西场地南半场,14:00-15:00,1,1,已售/已满,教学时间,多云,15,12,4,0.0,100,26
2026-05-21 01:30:47,2026-05-21,6,篮球场-西场地南半场,14:00-15:00,1,1,已售/已满,教学时间,多云,15,13,4,0.0,100,28
2026-05-21 02:00:53,2026-05-21,6,篮球场-西场地南半场,14:00-15:00,1,1,已售/已满,教学时间,多云,15,12,4,0.0,100,28
2026-05-21 02:30:49,2026-05-21,6,篮球场-西场地南半场,14:00-15:00,1,1,已售/已满,教学时间,多云,15,14,3,0.0,100,29
2026-05-21 03:00:55,2026-05-21,6,篮球场-西场地南半场,14:00-15:00,1,1,已售/已满,教学时间,多云,15,12,4,0.0,100,29
2026-05-21 03:30:49,2026-05-21,6,篮球场-西场地南半场,14:00-15:00,1,1,已售/已满,教学时间,多云,15,14,3,0.0,100,30
2026-05-21 04:30:45,2026-05-21,6,篮球场-西场地南半场,14:00-15:00,1,1,已售/已满,教学时间,多云,15,12,4,0.0,100,29
2026-05-21 05:00:52,2026-05-21,6,篮球场-西场地南半场,14:00-15:00,1,1,已售/已满,教学时间,多云,15,12,4,0.0,100,29
2026-05-21 05:30:49,2026-05-21,6,篮球场-西场地南半场,14:00-15:00,1,1,已售/已满,教学时间,多云,15,13,3,0.0,100,28
2026-05-21 06:00:50,2026-05-21,6,篮球场-西场地南半场,14:00-15:00,1,1,已售/已满,教学时间,多云,15,13,4,0.0,99,28
2026-05-21 06:30:38,2026-05-21,6,篮球场-西场地南半场,14:00-15:00,1,1,已售/已满,教学时间,多云,15,13,3,0.0,97,28
2026-05-21 07:00:43,2026-05-21,6,篮球场-西场地南半场,14:00-15:00,1,1,已售/已满,教学时间,晴,15,11,5,0.0,93,28
2026-05-21 07:30:39,2026-05-21,6,篮球场-西场地南半场,14:00-15:00,1,1,已售/已满,教学时间,晴,17,13,4,0.0,89,29
2026-05-21 07:50:40,2026-05-21,6,篮球场-西场地南半场,14:00-15:00,1,1,已售/已满,教学时间,晴,17,13,4,0.0,88,29
2026-05-21 07:53:31,2026-05-21,6,篮球场-西场地南半场,14:00-15:00,1,1,已售/已满,教学时间,晴,17,12,5,0.0,86,29
2026-05-21 07:56:31,2026-05-21,6,篮球场-西场地南半场,14:00-15:00,1,1,已售/已满,教学时间,晴,17,12,5,0.0,86,29
2026-05-21 07:59:26,2026-05-21,6,篮球场-西场地南半场,14:00-15:00,1,1,已售/已满,教学时间,晴,17,12,5,0.0,86,29
2026-05-21 00:30:49,2026-05-21,6,篮球场-西场地南半场,15:00-16:00,1,1,已售/已满,教学时间,多云,15,13,3,0.0,100,26
2026-05-21 01:00:55,2026-05-21,6,篮球场-西场地南半场,15:00-16:00,1,1,已售/已满,教学时间,多云,15,12,4,0.0,100,26
2026-05-21 01:30:47,2026-05-21,6,篮球场-西场地南半场,15:00-16:00,1,1,已售/已满,教学时间,多云,15,13,4,0.0,100,28
2026-05-21 02:00:53,2026-05-21,6,篮球场-西场地南半场,15:00-16:00,1,1,已售/已满,教学时间,多云,15,12,4,0.0,100,28
2026-05-21 02:30:49,2026-05-21,6,篮球场-西场地南半场,15:00-16:00,1,1,已售/已满,教学时间,多云,15,14,3,0.0,100,29
2026-05-21 03:00:55,2026-05-21,6,篮球场-西场地南半场,15:00-16:00,1,1,已售/已满,教学时间,多云,15,12,4,0.0,100,29
2026-05-21 03:30:49,2026-05-21,6,篮球场-西场地南半场,15:00-16:00,1,1,已售/已满,教学时间,多云,15,14,3,0.0,100,30
2026-05-21 04:30:45,2026-05-21,6,篮球场-西场地南半场,15:00-16:00,1,1,已售/已满,教学时间,多云,15,12,4,0.0,100,29
2026-05-21 05:00:52,2026-05-21,6,篮球场-西场地南半场,15:00-16:00,1,1,已售/已满,教学时间,多云,15,12,4,0.0,100,29
2026-05-21 05:30:49,2026-05-21,6,篮球场-西场地南半场,15:00-16:00,1,1,已售/已满,教学时间,多云,15,13,3,0.0,100,28
2026-05-21 06:00:50,2026-05-21,6,篮球场-西场地南半场,15:00-16:00,1,1,已售/已满,教学时间,多云,15,13,4,0.0,99,28
2026-05-21 06:30:38,2026-05-21,6,篮球场-西场地南半场,15:00-16:00,1,1,已售/已满,教学时间,多云,15,13,3,0.0,97,28
2026-05-21 07:00:43,2026-05-21,6,篮球场-西场地南半场,15:00-16:00,1,1,已售/已满,教学时间,晴,15,11,5,0.0,93,28
2026-05-21 07:30:39,2026-05-21,6,篮球场-西场地南半场,15:00-16:00,1,1,已售/已满,教学时间,晴,17,13,4,0.0,89,29
2026-05-21 07:50:40,2026-05-21,6,篮球场-西场地南半场,15:00-16:00,1,1,已售/已满,教学时间,晴,17,13,4,0.0,88,29
2026-05-21 07:53:31,2026-05-21,6,篮球场-西场地南半场,15:00-16:00,1,1,已售/已满,教学时间,晴,17,12,5,0.0,86,29
2026-05-21 07:56:31,2026-05-21,6,篮球场-西场地南半场,15:00-16:00,1,1,已售/已满,教学时间,晴,17,12,5,0.0,86,29
2026-05-21 07:59:26,2026-05-21,6,篮球场-西场地南半场,15:00-16:00,1,1,已售/已满,教学时间,晴,17,12,5,0.0,86,29
2026-05-21 00:30:49,2026-05-21,6,篮球场-西场地南半场,16:00-17:00,0,1,可预约,￥50.0,多云,15,13,3,0.0,100,26
2026-05-21 01:00:55,2026-05-21,6,篮球场-西场地南半场,16:00-17:00,0,1,可预约,￥50.0,多云,15,12,4,0.0,100,26
2026-05-21 01:30:47,2026-05-21,6,篮球场-西场地南半场,16:00-17:00,0,1,可预约,￥50.0,多云,15,13,4,0.0,100,28
2026-05-21 02:00:53,2026-05-21,6,篮球场-西场地南半场,16:00-17:00,0,1,可预约,￥50.0,多云,15,12,4,0.0,100,28
2026-05-21 02:30:49,2026-05-21,6,篮球场-西场地南半场,16:00-17:00,0,1,可预约,￥50.0,多云,15,14,3,0.0,100,29
2026-05-21 03:00:55,2026-05-21,6,篮球场-西场地南半场,16:00-17:00,0,1,可预约,￥50.0,多云,15,12,4,0.0,100,29
2026-05-21 03:30:49,2026-05-21,6,篮球场-西场地南半场,16:00-17:00,0,1,可预约,￥50.0,多云,15,14,3,0.0,100,30
2026-05-21 04:30:45,2026-05-21,6,篮球场-西场地南半场,16:00-17:00,0,1,可预约,￥50.0,多云,15,12,4,0.0,100,29
2026-05-21 05:00:52,2026-05-21,6,篮球场-西场地南半场,16:00-17:00,0,1,可预约,￥50.0,多云,15,12,4,0.0,100,29
2026-05-21 05:30:49,2026-05-21,6,篮球场-西场地南半场,16:00-17:00,0,1,可预约,￥50.0,多云,15,13,3,0.0,100,28
2026-05-21 06:00:50,2026-05-21,6,篮球场-西场地南半场,16:00-17:00,0,1,可预约,￥50.0,多云,15,13,4,0.0,99,28
2026-05-21 06:30:38,2026-05-21,6,篮球场-西场地南半场,16:00-17:00,0,1,可预约,￥50.0,多云,15,13,3,0.0,97,28
2026-05-21 07:00:43,2026-05-21,6,篮球场-西场地南半场,16:00-17:00,0,1,可预约,￥50.0,晴,15,11,5,0.0,93,28
2026-05-21 07:30:39,2026-05-21,6,篮球场-西场地南半场,16:00-17:00,0,1,可预约,￥50.0,晴,17,13,4,0.0,89,29
2026-05-21 07:50:40,2026-05-21,6,篮球场-西场地南半场,16:00-17:00,0,1,可预约,￥50.0,晴,17,13,4,0.0,88,29
2026-05-21 07:53:31,2026-05-21,6,篮球场-西场地南半场,16:00-17:00,0,1,可预约,￥50.0,晴,17,12,5,0.0,86,29
2026-05-21 07:56:31,2026-05-21,6,篮球场-西场地南半场,16:00-17:00,0,1,可预约,￥50.0,晴,17,12,5,0.0,86,29
2026-05-21 07:59:26,2026-05-21,6,篮球场-西场地南半场,16:00-17:00,0,1,可预约,￥50.0,晴,17,12,5,0.0,86,29
2026-05-21 00:30:49,2026-05-21,6,篮球场-西场地南半场,19:00-20:00,0,1,可预约,￥50.0,多云,15,13,3,0.0,100,26
2026-05-21 01:00:55,2026-05-21,6,篮球场-西场地南半场,19:00-20:00,0,1,可预约,￥50.0,多云,15,12,4,0.0,100,26
2026-05-21 01:30:47,2026-05-21,6,篮球场-西场地南半场,19:00-20:00,0,1,可预约,￥50.0,多云,15,13,4,0.0,100,28
2026-05-21 02:00:53,2026-05-21,6,篮球场-西场地南半场,19:00-20:00,0,1,可预约,￥50.0,多云,15,12,4,0.0,100,28
2026-05-21 02:30:49,2026-05-21,6,篮球场-西场地南半场,19:00-20:00,0,1,可预约,￥50.0,多云,15,14,3,0.0,100,29
2026-05-21 03:00:55,2026-05-21,6,篮球场-西场地南半场,19:00-20:00,0,1,可预约,￥50.0,多云,15,12,4,0.0,100,29
2026-05-21 03:30:49,2026-05-21,6,篮球场-西场地南半场,19:00-20:00,0,1,可预约,￥50.0,多云,15,14,3,0.0,100,30
2026-05-21 04:30:45,2026-05-21,6,篮球场-西场地南半场,19:00-20:00,0,1,可预约,￥50.0,多云,15,12,4,0.0,100,29
2026-05-21 05:00:52,2026-05-21,6,篮球场-西场地南半场,19:00-20:00,0,1,可预约,￥50.0,多云,15,12,4,0.0,100,29
2026-05-21 05:30:49,2026-05-21,6,篮球场-西场地南半场,19:00-20:00,0,1,可预约,￥50.0,多云,15,13,3,0.0,100,28
2026-05-21 06:00:50,2026-05-21,6,篮球场-西场地南半场,19:00-20:00,0,1,可预约,￥50.0,多云,15,13,4,0.0,99,28
2026-05-21 06:30:38,2026-05-21,6,篮球场-西场地南半场,19:00-20:00,0,1,可预约,￥50.0,多云,15,13,3,0.0,97,28
2026-05-21 07:00:43,2026-05-21,6,篮球场-西场地南半场,19:00-20:00,0,1,可预约,￥50.0,晴,15,11,5,0.0,93,28
2026-05-21 07:30:39,2026-05-21,6,篮球场-西场地南半场,19:00-20:00,0,1,可预约,￥50.0,晴,17,13,4,0.0,89,29
2026-05-21 07:50:40,2026-05-21,6,篮球场-西场地南半场,19:00-20:00,0,1,可预约,￥50.0,晴,17,13,4,0.0,88,29
2026-05-21 07:53:31,2026-05-21,6,篮球场-西场地南半场,19:00-20:00,0,1,可预约,￥50.0,晴,17,12,5,0.0,86,29
2026-05-21 07:56:31,2026-05-21,6,篮球场-西场地南半场,19:00-20:00,0,1,可预约,￥50.0,晴,17,12,5,0.0,86,29
2026-05-21 07:59:26,2026-05-21,6,篮球场-西场地南半场,19:00-20:00,0,1,可预约,￥50.0,晴,17,12,5,0.0,86,29
2026-05-21 00:30:49,2026-05-21,6,篮球场-西场地南半场,20:30-21:30,0,1,可预约,￥50.0,多云,15,13,3,0.0,100,26
2026-05-21 01:00:55,2026-05-21,6,篮球场-西场地南半场,20:30-21:30,0,1,可预约,￥50.0,多云,15,12,4,0.0,100,26
2026-05-21 01:30:47,2026-05-21,6,篮球场-西场地南半场,20:30-21:30,0,1,可预约,￥50.0,多云,15,13,4,0.0,100,28
2026-05-21 02:00:53,2026-05-21,6,篮球场-西场地南半场,20:30-21:30,0,1,可预约,￥50.0,多云,15,12,4,0.0,100,28
2026-05-21 02:30:49,2026-05-21,6,篮球场-西场地南半场,20:30-21:30,0,1,可预约,￥50.0,多云,15,14,3,0.0,100,29
2026-05-21 03:00:55,2026-05-21,6,篮球场-西场地南半场,20:30-21:30,0,1,可预约,￥50.0,多云,15,12,4,0.0,100,29
2026-05-21 03:30:49,2026-05-21,6,篮球场-西场地南半场,20:30-21:30,0,1,可预约,￥50.0,多云,15,14,3,0.0,100,30
2026-05-21 04:30:45,2026-05-21,6,篮球场-西场地南半场,20:30-21:30,0,1,可预约,￥50.0,多云,15,12,4,0.0,100,29
2026-05-21 05:00:52,2026-05-21,6,篮球场-西场地南半场,20:30-21:30,0,1,可预约,￥50.0,多云,15,12,4,0.0,100,29
2026-05-21 05:30:49,2026-05-21,6,篮球场-西场地南半场,20:30-21:30,0,1,可预约,￥50.0,多云,15,13,3,0.0,100,28
2026-05-21 06:00:50,2026-05-21,6,篮球场-西场地南半场,20:30-21:30,0,1,可预约,￥50.0,多云,15,13,4,0.0,99,28
2026-05-21 06:30:38,2026-05-21,6,篮球场-西场地南半场,20:30-21:30,0,1,可预约,￥50.0,多云,15,13,3,0.0,97,28
2026-05-21 07:00:43,2026-05-21,6,篮球场-西场地南半场,20:30-21:30,0,1,可预约,￥50.0,晴,15,11,5,0.0,93,28
2026-05-21 07:30:39,2026-05-21,6,篮球场-西场地南半场,20:30-21:30,0,1,可预约,￥50.0,晴,17,13,4,0.0,89,29
2026-05-21 07:50:40,2026-05-21,6,篮球场-西场地南半场,20:30-21:30,0,1,可预约,￥50.0,晴,17,13,4,0.0,88,29
2026-05-21 07:53:31,2026-05-21,6,篮球场-西场地南半场,20:30-21:30,0,1,可预约,￥50.0,晴,17,12,5,0.0,86,29
2026-05-21 07:56:31,2026-05-21,6,篮球场-西场地南半场,20:30-21:30,0,1,可预约,￥50.0,晴,17,12,5,0.0,86,29
2026-05-21 07:59:26,2026-05-21,6,篮球场-西场地南半场,20:30-21:30,0,1,可预约,￥50.0,晴,17,12,5,0.0,86,29
2026-05-21 00:30:49,2026-05-21,15,排球场-1号,09:00-10:00,0,1,可预约,￥150.0,多云,15,13,3,0.0,100,26
2026-05-21 01:00:55,2026-05-21,15,排球场-1号,09:00-10:00,0,1,可预约,￥150.0,多云,15,12,4,0.0,100,26
2026-05-21 01:30:47,2026-05-21,15,排球场-1号,09:00-10:00,0,1,可预约,￥150.0,多云,15,13,4,0.0,100,28
2026-05-21 02:00:53,2026-05-21,15,排球场-1号,09:00-10:00,0,1,可预约,￥150.0,多云,15,12,4,0.0,100,28
2026-05-21 02:30:49,2026-05-21,15,排球场-1号,09:00-10:00,0,1,可预约,￥150.0,多云,15,14,3,0.0,100,29
2026-05-21 03:00:55,2026-05-21,15,排球场-1号,09:00-10:00,0,1,可预约,￥150.0,多云,15,12,4,0.0,100,29
2026-05-21 03:30:49,2026-05-21,15,排球场-1号,09:00-10:00,0,1,可预约,￥150.0,多云,15,14,3,0.0,100,30
2026-05-21 04:30:45,2026-05-21,15,排球场-1号,09:00-10:00,0,1,可预约,￥150.0,多云,15,12,4,0.0,100,29
2026-05-21 05:00:52,2026-05-21,15,排球场-1号,09:00-10:00,0,1,可预约,￥150.0,多云,15,12,4,0.0,100,29
2026-05-21 05:30:49,2026-05-21,15,排球场-1号,09:00-10:00,0,1,可预约,￥150.0,多云,15,13,3,0.0,100,28
2026-05-21 06:00:50,2026-05-21,15,排球场-1号,09:00-10:00,0,1,可预约,￥150.0,多云,15,13,4,0.0,99,28
2026-05-21 06:30:38,2026-05-21,15,排球场-1号,09:00-10:00,0,1,可预约,￥150.0,多云,15,13,3,0.0,97,28
2026-05-21 07:00:43,2026-05-21,15,排球场-1号,09:00-10:00,0,1,可预约,￥150.0,晴,15,11,5,0.0,93,28
2026-05-21 07:30:39,2026-05-21,15,排球场-1号,09:00-10:00,0,1,可预约,￥150.0,晴,17,13,4,0.0,89,29
2026-05-21 07:50:40,2026-05-21,15,排球场-1号,09:00-10:00,0,1,可预约,￥150.0,晴,17,13,4,0.0,88,29
2026-05-21 07:53:31,2026-05-21,15,排球场-1号,09:00-10:00,0,1,可预约,￥150.0,晴,17,12,5,0.0,86,29
2026-05-21 07:56:31,2026-05-21,15,排球场-1号,09:00-10:00,0,1,可预约,￥150.0,晴,17,12,5,0.0,86,29
2026-05-21 07:59:26,2026-05-21,15,排球场-1号,09:00-10:00,0,1,可预约,￥150.0,晴,17,12,5,0.0,86,29
2026-05-21 00:30:49,2026-05-21,15,排球场-1号,10:30-11:30,1,1,已售/已满,教学时间,多云,15,13,3,0.0,100,26
2026-05-21 01:00:55,2026-05-21,15,排球场-1号,10:30-11:30,1,1,已售/已满,教学时间,多云,15,12,4,0.0,100,26
2026-05-21 01:30:47,2026-05-21,15,排球场-1号,10:30-11:30,1,1,已售/已满,教学时间,多云,15,13,4,0.0,100,28
2026-05-21 02:00:53,2026-05-21,15,排球场-1号,10:30-11:30,1,1,已售/已满,教学时间,多云,15,12,4,0.0,100,28
2026-05-21 02:30:49,2026-05-21,15,排球场-1号,10:30-11:30,1,1,已售/已满,教学时间,多云,15,14,3,0.0,100,29
2026-05-21 03:00:55,2026-05-21,15,排球场-1号,10:30-11:30,1,1,已售/已满,教学时间,多云,15,12,4,0.0,100,29
2026-05-21 03:30:49,2026-05-21,15,排球场-1号,10:30-11:30,1,1,已售/已满,教学时间,多云,15,14,3,0.0,100,30
2026-05-21 04:30:45,2026-05-21,15,排球场-1号,10:30-11:30,1,1,已售/已满,教学时间,多云,15,12,4,0.0,100,29
2026-05-21 05:00:52,2026-05-21,15,排球场-1号,10:30-11:30,1,1,已售/已满,教学时间,多云,15,12,4,0.0,100,29
2026-05-21 05:30:49,2026-05-21,15,排球场-1号,10:30-11:30,1,1,已售/已满,教学时间,多云,15,13,3,0.0,100,28
2026-05-21 06:00:50,2026-05-21,15,排球场-1号,10:30-11:30,1,1,已售/已满,教学时间,多云,15,13,4,0.0,99,28
2026-05-21 06:30:38,2026-05-21,15,排球场-1号,10:30-11:30,1,1,已售/已满,教学时间,多云,15,13,3,0.0,97,28
2026-05-21 07:00:43,2026-05-21,15,排球场-1号,10:30-11:30,1,1,已售/已满,教学时间,晴,15,11,5,0.0,93,28
2026-05-21 07:30:39,2026-05-21,15,排球场-1号,10:30-11:30,1,1,已售/已满,教学时间,晴,17,13,4,0.0,89,29
2026-05-21 07:50:40,2026-05-21,15,排球场-1号,10:30-11:30,1,1,已售/已满,教学时间,晴,17,13,4,0.0,88,29
2026-05-21 07:53:31,2026-05-21,15,排球场-1号,10:30-11:30,1,1,已售/已满,教学时间,晴,17,12,5,0.0,86,29
2026-05-21 07:56:31,2026-05-21,15,排球场-1号,10:30-11:30,1,1,已售/已满,教学时间,晴,17,12,5,0.0,86,29
2026-05-21 07:59:26,2026-05-21,15,排球场-1号,10:30-11:30,1,1,已售/已满,教学时间,晴,17,12,5,0.0,86,29
2026-05-21 00:30:49,2026-05-21,15,排球场-1号,14:00-15:00,0,1,不开放/已过期,排球队训练,多云,15,13,3,0.0,100,26
2026-05-21 01:00:55,2026-05-21,15,排球场-1号,14:00-15:00,0,1,不开放/已过期,排球队训练,多云,15,12,4,0.0,100,26
2026-05-21 01:30:47,2026-05-21,15,排球场-1号,14:00-15:00,0,1,不开放/已过期,排球队训练,多云,15,13,4,0.0,100,28
2026-05-21 02:00:53,2026-05-21,15,排球场-1号,14:00-15:00,0,1,不开放/已过期,排球队训练,多云,15,12,4,0.0,100,28
2026-05-21 02:30:49,2026-05-21,15,排球场-1号,14:00-15:00,0,1,不开放/已过期,排球队训练,多云,15,14,3,0.0,100,29
2026-05-21 03:00:55,2026-05-21,15,排球场-1号,14:00-15:00,0,1,不开放/已过期,排球队训练,多云,15,12,4,0.0,100,29
2026-05-21 03:30:49,2026-05-21,15,排球场-1号,14:00-15:00,0,1,不开放/已过期,排球队训练,多云,15,14,3,0.0,100,30
2026-05-21 04:30:45,2026-05-21,15,排球场-1号,14:00-15:00,0,1,不开放/已过期,排球队训练,多云,15,12,4,0.0,100,29
2026-05-21 05:00:52,2026-05-21,15,排球场-1号,14:00-15:00,0,1,不开放/已过期,排球队训练,多云,15,12,4,0.0,100,29
2026-05-21 05:30:49,2026-05-21,15,排球场-1号,14:00-15:00,0,1,不开放/已过期,排球队训练,多云,15,13,3,0.0,100,28
2026-05-21 06:00:50,2026-05-21,15,排球场-1号,14:00-15:00,0,1,不开放/已过期,排球队训练,多云,15,13,4,0.0,99,28
2026-05-21 06:30:38,2026-05-21,15,排球场-1号,14:00-15:00,0,1,不开放/已过期,排球队训练,多云,15,13,3,0.0,97,28
2026-05-21 07:00:43,2026-05-21,15,排球场-1号,14:00-15:00,0,1,不开放/已过期,排球队训练,晴,15,11,5,0.0,93,28
2026-05-21 07:30:39,2026-05-21,15,排球场-1号,14:00-15:00,0,1,不开放/已过期,排球队训练,晴,17,13,4,0.0,89,29
2026-05-21 07:50:40,2026-05-21,15,排球场-1号,14:00-15:00,0,1,不开放/已过期,排球队训练,晴,17,13,4,0.0,88,29
2026-05-21 07:53:31,2026-05-21,15,排球场-1号,14:00-15:00,0,1,不开放/已过期,排球队训练,晴,17,12,5,0.0,86,29
2026-05-21 07:56:31,2026-05-21,15,排球场-1号,14:00-15:00,0,1,不开放/已过期,排球队训练,晴,17,12,5,0.0,86,29
2026-05-21 07:59:26,2026-05-21,15,排球场-1号,14:00-15:00,0,1,不开放/已过期,排球队训练,晴,17,12,5,0.0,86,29
2026-05-21 00:30:49,2026-05-21,15,排球场-1号,15:00-16:00,0,1,不开放/已过期,排球队训练,多云,15,13,3,0.0,100,26
2026-05-21 01:00:55,2026-05-21,15,排球场-1号,15:00-16:00,0,1,不开放/已过期,排球队训练,多云,15,12,4,0.0,100,26
2026-05-21 01:30:47,2026-05-21,15,排球场-1号,15:00-16:00,0,1,不开放/已过期,排球队训练,多云,15,13,4,0.0,100,28
2026-05-21 02:00:53,2026-05-21,15,排球场-1号,15:00-16:00,0,1,不开放/已过期,排球队训练,多云,15,12,4,0.0,100,28
2026-05-21 02:30:49,2026-05-21,15,排球场-1号,15:00-16:00,0,1,不开放/已过期,排球队训练,多云,15,14,3,0.0,100,29
2026-05-21 03:00:55,2026-05-21,15,排球场-1号,15:00-16:00,0,1,不开放/已过期,排球队训练,多云,15,12,4,0.0,100,29
2026-05-21 03:30:49,2026-05-21,15,排球场-1号,15:00-16:00,0,1,不开放/已过期,排球队训练,多云,15,14,3,0.0,100,30
2026-05-21 04:30:45,2026-05-21,15,排球场-1号,15:00-16:00,0,1,不开放/已过期,排球队训练,多云,15,12,4,0.0,100,29
2026-05-21 05:00:52,2026-05-21,15,排球场-1号,15:00-16:00,0,1,不开放/已过期,排球队训练,多云,15,12,4,0.0,100,29
2026-05-21 05:30:49,2026-05-21,15,排球场-1号,15:00-16:00,0,1,不开放/已过期,排球队训练,多云,15,13,3,0.0,100,28
2026-05-21 06:00:50,2026-05-21,15,排球场-1号,15:00-16:00,0,1,不开放/已过期,排球队训练,多云,15,13,4,0.0,99,28
2026-05-21 06:30:38,2026-05-21,15,排球场-1号,15:00-16:00,0,1,不开放/已过期,排球队训练,多云,15,13,3,0.0,97,28
2026-05-21 07:00:43,2026-05-21,15,排球场-1号,15:00-16:00,0,1,不开放/已过期,排球队训练,晴,15,11,5,0.0,93,28
2026-05-21 07:30:39,2026-05-21,15,排球场-1号,15:00-16:00,0,1,不开放/已过期,排球队训练,晴,17,13,4,0.0,89,29
2026-05-21 07:50:40,2026-05-21,15,排球场-1号,15:00-16:00,0,1,不开放/已过期,排球队训练,晴,17,13,4,0.0,88,29
2026-05-21 07:53:31,2026-05-21,15,排球场-1号,15:00-16:00,0,1,不开放/已过期,排球队训练,晴,17,12,5,0.0,86,29
2026-05-21 07:56:31,2026-05-21,15,排球场-1号,15:00-16:00,0,1,不开放/已过期,排球队训练,晴,17,12,5,0.0,86,29
2026-05-21 07:59:26,2026-05-21,15,排球场-1号,15:00-16:00,0,1,不开放/已过期,排球队训练,晴,17,12,5,0.0,86,29
2026-05-21 00:30:49,2026-05-21,15,排球场-1号,16:00-17:00,0,1,不开放/已过期,排球队训练,多云,15,13,3,0.0,100,26
2026-05-21 01:00:55,2026-05-21,15,排球场-1号,16:00-17:00,0,1,不开放/已过期,排球队训练,多云,15,12,4,0.0,100,26
2026-05-21 01:30:47,2026-05-21,15,排球场-1号,16:00-17:00,0,1,不开放/已过期,排球队训练,多云,15,13,4,0.0,100,28
2026-05-21 02:00:53,2026-05-21,15,排球场-1号,16:00-17:00,0,1,不开放/已过期,排球队训练,多云,15,12,4,0.0,100,28
2026-05-21 02:30:49,2026-05-21,15,排球场-1号,16:00-17:00,0,1,不开放/已过期,排球队训练,多云,15,14,3,0.0,100,29
2026-05-21 03:00:55,2026-05-21,15,排球场-1号,16:00-17:00,0,1,不开放/已过期,排球队训练,多云,15,12,4,0.0,100,29
2026-05-21 03:30:49,2026-05-21,15,排球场-1号,16:00-17:00,0,1,不开放/已过期,排球队训练,多云,15,14,3,0.0,100,30
2026-05-21 04:30:45,2026-05-21,15,排球场-1号,16:00-17:00,0,1,不开放/已过期,排球队训练,多云,15,12,4,0.0,100,29
2026-05-21 05:00:52,2026-05-21,15,排球场-1号,16:00-17:00,0,1,不开放/已过期,排球队训练,多云,15,12,4,0.0,100,29
2026-05-21 05:30:49,2026-05-21,15,排球场-1号,16:00-17:00,0,1,不开放/已过期,排球队训练,多云,15,13,3,0.0,100,28
2026-05-21 06:00:50,2026-05-21,15,排球场-1号,16:00-17:00,0,1,不开放/已过期,排球队训练,多云,15,13,4,0.0,99,28
2026-05-21 06:30:38,2026-05-21,15,排球场-1号,16:00-17:00,0,1,不开放/已过期,排球队训练,多云,15,13,3,0.0,97,28
2026-05-21 07:00:43,2026-05-21,15,排球场-1号,16:00-17:00,0,1,不开放/已过期,排球队训练,晴,15,11,5,0.0,93,28
2026-05-21 07:30:39,2026-05-21,15,排球场-1号,16:00-17:00,0,1,不开放/已过期,排球队训练,晴,17,13,4,0.0,89,29
2026-05-21 07:50:40,2026-05-21,15,排球场-1号,16:00-17:00,0,1,不开放/已过期,排球队训练,晴,17,13,4,0.0,88,29
2026-05-21 07:53:31,2026-05-21,15,排球场-1号,16:00-17:00,0,1,不开放/已过期,排球队训练,晴,17,12,5,0.0,86,29
2026-05-21 07:56:31,2026-05-21,15,排球场-1号,16:00-17:00,0,1,不开放/已过期,排球队训练,晴,17,12,5,0.0,86,29
2026-05-21 07:59:26,2026-05-21,15,排球场-1号,16:00-17:00,0,1,不开放/已过期,排球队训练,晴,17,12,5,0.0,86,29
2026-05-21 00:30:49,2026-05-21,15,排球场-1号,19:00-20:00,1,1,已售/已满,已售,多云,15,13,3,0.0,100,26
2026-05-21 01:00:55,2026-05-21,15,排球场-1号,19:00-20:00,1,1,已售/已满,已售,多云,15,12,4,0.0,100,26
2026-05-21 01:30:47,2026-05-21,15,排球场-1号,19:00-20:00,1,1,已售/已满,已售,多云,15,13,4,0.0,100,28
2026-05-21 02:00:53,2026-05-21,15,排球场-1号,19:00-20:00,1,1,已售/已满,已售,多云,15,12,4,0.0,100,28
2026-05-21 02:30:49,2026-05-21,15,排球场-1号,19:00-20:00,1,1,已售/已满,已售,多云,15,14,3,0.0,100,29
2026-05-21 03:00:55,2026-05-21,15,排球场-1号,19:00-20:00,1,1,已售/已满,已售,多云,15,12,4,0.0,100,29
2026-05-21 03:30:49,2026-05-21,15,排球场-1号,19:00-20:00,1,1,已售/已满,已售,多云,15,14,3,0.0,100,30
2026-05-21 04:30:45,2026-05-21,15,排球场-1号,19:00-20:00,1,1,已售/已满,已售,多云,15,12,4,0.0,100,29
2026-05-21 05:00:52,2026-05-21,15,排球场-1号,19:00-20:00,1,1,已售/已满,已售,多云,15,12,4,0.0,100,29
2026-05-21 05:30:49,2026-05-21,15,排球场-1号,19:00-20:00,1,1,已售/已满,已售,多云,15,13,3,0.0,100,28
2026-05-21 06:00:50,2026-05-21,15,排球场-1号,19:00-20:00,1,1,已售/已满,已售,多云,15,13,4,0.0,99,28
2026-05-21 06:30:38,2026-05-21,15,排球场-1号,19:00-20:00,1,1,已售/已满,已售,多云,15,13,3,0.0,97,28
2026-05-21 07:00:43,2026-05-21,15,排球场-1号,19:00-20:00,1,1,已售/已满,已售,晴,15,11,5,0.0,93,28
2026-05-21 07:30:39,2026-05-21,15,排球场-1号,19:00-20:00,1,1,已售/已满,已售,晴,17,13,4,0.0,89,29
2026-05-21 07:50:40,2026-05-21,15,排球场-1号,19:00-20:00,1,1,已售/已满,已售,晴,17,13,4,0.0,88,29
2026-05-21 07:53:31,2026-05-21,15,排球场-1号,19:00-20:00,1,1,已售/已满,已售,晴,17,12,5,0.0,86,29
2026-05-21 07:56:31,2026-05-21,15,排球场-1号,19:00-20:00,1,1,已售/已满,已售,晴,17,12,5,0.0,86,29
2026-05-21 07:59:26,2026-05-21,15,排球场-1号,19:00-20:00,1,1,已售/已满,已售,晴,17,12,5,0.0,86,29
2026-05-21 00:30:49,2026-05-21,15,排球场-1号,20:30-21:30,1,1,已售/已满,已售,多云,15,13,3,0.0,100,26
2026-05-21 01:00:55,2026-05-21,15,排球场-1号,20:30-21:30,1,1,已售/已满,已售,多云,15,12,4,0.0,100,26
2026-05-21 01:30:47,2026-05-21,15,排球场-1号,20:30-21:30,1,1,已售/已满,已售,多云,15,13,4,0.0,100,28
2026-05-21 02:00:53,2026-05-21,15,排球场-1号,20:30-21:30,1,1,已售/已满,已售,多云,15,12,4,0.0,100,28
2026-05-21 02:30:49,2026-05-21,15,排球场-1号,20:30-21:30,1,1,已售/已满,已售,多云,15,14,3,0.0,100,29
2026-05-21 03:00:55,2026-05-21,15,排球场-1号,20:30-21:30,1,1,已售/已满,已售,多云,15,12,4,0.0,100,29
2026-05-21 03:30:49,2026-05-21,15,排球场-1号,20:30-21:30,1,1,已售/已满,已售,多云,15,14,3,0.0,100,30
2026-05-21 04:30:45,2026-05-21,15,排球场-1号,20:30-21:30,1,1,已售/已满,已售,多云,15,12,4,0.0,100,29
2026-05-21 05:00:52,2026-05-21,15,排球场-1号,20:30-21:30,1,1,已售/已满,已售,多云,15,12,4,0.0,100,29
2026-05-21 05:30:49,2026-05-21,15,排球场-1号,20:30-21:30,1,1,已售/已满,已售,多云,15,13,3,0.0,100,28
2026-05-21 06:00:50,2026-05-21,15,排球场-1号,20:30-21:30,1,1,已售/已满,已售,多云,15,13,4,0.0,99,28
2026-05-21 06:30:38,2026-05-21,15,排球场-1号,20:30-21:30,1,1,已售/已满,已售,多云,15,13,3,0.0,97,28
2026-05-21 07:00:43,2026-05-21,15,排球场-1号,20:30-21:30,1,1,已售/已满,已售,晴,15,11,5,0.0,93,28
2026-05-21 07:30:39,2026-05-21,15,排球场-1号,20:30-21:30,1,1,已售/已满,已售,晴,17,13,4,0.0,89,29
2026-05-21 07:50:40,2026-05-21,15,排球场-1号,20:30-21:30,1,1,已售/已满,已售,晴,17,13,4,0.0,88,29
2026-05-21 07:53:31,2026-05-21,15,排球场-1号,20:30-21:30,1,1,已售/已满,已售,晴,17,12,5,0.0,86,29
2026-05-21 07:56:31,2026-05-21,15,排球场-1号,20:30-21:30,1,1,已售/已满,已售,晴,17,12,5,0.0,86,29
2026-05-21 07:59:26,2026-05-21,15,排球场-1号,20:30-21:30,1,1,已售/已满,已售,晴,17,12,5,0.0,86,29
2026-05-21 00:30:49,2026-05-21,15,排球场-2号,09:00-10:00,0,1,可预约,￥150.0,多云,15,13,3,0.0,100,26
2026-05-21 01:00:55,2026-05-21,15,排球场-2号,09:00-10:00,0,1,可预约,￥150.0,多云,15,12,4,0.0,100,26
2026-05-21 01:30:47,2026-05-21,15,排球场-2号,09:00-10:00,0,1,可预约,￥150.0,多云,15,13,4,0.0,100,28
2026-05-21 02:00:53,2026-05-21,15,排球场-2号,09:00-10:00,0,1,可预约,￥150.0,多云,15,12,4,0.0,100,28
2026-05-21 02:30:49,2026-05-21,15,排球场-2号,09:00-10:00,0,1,可预约,￥150.0,多云,15,14,3,0.0,100,29
2026-05-21 03:00:55,2026-05-21,15,排球场-2号,09:00-10:00,0,1,可预约,￥150.0,多云,15,12,4,0.0,100,29
2026-05-21 03:30:49,2026-05-21,15,排球场-2号,09:00-10:00,0,1,可预约,￥150.0,多云,15,14,3,0.0,100,30
2026-05-21 04:30:45,2026-05-21,15,排球场-2号,09:00-10:00,0,1,可预约,￥150.0,多云,15,12,4,0.0,100,29
2026-05-21 05:00:52,2026-05-21,15,排球场-2号,09:00-10:00,0,1,可预约,￥150.0,多云,15,12,4,0.0,100,29
2026-05-21 05:30:49,2026-05-21,15,排球场-2号,09:00-10:00,0,1,可预约,￥150.0,多云,15,13,3,0.0,100,28
2026-05-21 06:00:50,2026-05-21,15,排球场-2号,09:00-10:00,0,1,可预约,￥150.0,多云,15,13,4,0.0,99,28
2026-05-21 06:30:38,2026-05-21,15,排球场-2号,09:00-10:00,0,1,可预约,￥150.0,多云,15,13,3,0.0,97,28
2026-05-21 07:00:43,2026-05-21,15,排球场-2号,09:00-10:00,0,1,可预约,￥150.0,晴,15,11,5,0.0,93,28
2026-05-21 07:30:39,2026-05-21,15,排球场-2号,09:00-10:00,0,1,可预约,￥150.0,晴,17,13,4,0.0,89,29
2026-05-21 07:50:40,2026-05-21,15,排球场-2号,09:00-10:00,0,1,可预约,￥150.0,晴,17,13,4,0.0,88,29
2026-05-21 07:53:31,2026-05-21,15,排球场-2号,09:00-10:00,0,1,可预约,￥150.0,晴,17,12,5,0.0,86,29
2026-05-21 07:56:31,2026-05-21,15,排球场-2号,09:00-10:00,0,1,可预约,￥150.0,晴,17,12,5,0.0,86,29
2026-05-21 07:59:26,2026-05-21,15,排球场-2号,09:00-10:00,0,1,可预约,￥150.0,晴,17,12,5,0.0,86,29
2026-05-21 00:30:49,2026-05-21,15,排球场-2号,10:30-11:30,1,1,已售/已满,教学时间,多云,15,13,3,0.0,100,26
2026-05-21 01:00:55,2026-05-21,15,排球场-2号,10:30-11:30,1,1,已售/已满,教学时间,多云,15,12,4,0.0,100,26
2026-05-21 01:30:47,2026-05-21,15,排球场-2号,10:30-11:30,1,1,已售/已满,教学时间,多云,15,13,4,0.0,100,28
2026-05-21 02:00:53,2026-05-21,15,排球场-2号,10:30-11:30,1,1,已售/已满,教学时间,多云,15,12,4,0.0,100,28
2026-05-21 02:30:49,2026-05-21,15,排球场-2号,10:30-11:30,1,1,已售/已满,教学时间,多云,15,14,3,0.0,100,29
2026-05-21 03:00:55,2026-05-21,15,排球场-2号,10:30-11:30,1,1,已售/已满,教学时间,多云,15,12,4,0.0,100,29
2026-05-21 03:30:49,2026-05-21,15,排球场-2号,10:30-11:30,1,1,已售/已满,教学时间,多云,15,14,3,0.0,100,30
2026-05-21 04:30:45,2026-05-21,15,排球场-2号,10:30-11:30,1,1,已售/已满,教学时间,多云,15,12,4,0.0,100,29
2026-05-21 05:00:52,2026-05-21,15,排球场-2号,10:30-11:30,1,1,已售/已满,教学时间,多云,15,12,4,0.0,100,29
2026-05-21 05:30:49,2026-05-21,15,排球场-2号,10:30-11:30,1,1,已售/已满,教学时间,多云,15,13,3,0.0,100,28
2026-05-21 06:00:50,2026-05-21,15,排球场-2号,10:30-11:30,1,1,已售/已满,教学时间,多云,15,13,4,0.0,99,28
2026-05-21 06:30:38,2026-05-21,15,排球场-2号,10:30-11:30,1,1,已售/已满,教学时间,多云,15,13,3,0.0,97,28
2026-05-21 07:00:43,2026-05-21,15,排球场-2号,10:30-11:30,1,1,已售/已满,教学时间,晴,15,11,5,0.0,93,28
2026-05-21 07:30:39,2026-05-21,15,排球场-2号,10:30-11:30,1,1,已售/已满,教学时间,晴,17,13,4,0.0,89,29
2026-05-21 07:50:40,2026-05-21,15,排球场-2号,10:30-11:30,1,1,已售/已满,教学时间,晴,17,13,4,0.0,88,29
2026-05-21 07:53:31,2026-05-21,15,排球场-2号,10:30-11:30,1,1,已售/已满,教学时间,晴,17,12,5,0.0,86,29
2026-05-21 07:56:31,2026-05-21,15,排球场-2号,10:30-11:30,1,1,已售/已满,教学时间,晴,17,12,5,0.0,86,29
2026-05-21 07:59:26,2026-05-21,15,排球场-2号,10:30-11:30,1,1,已售/已满,教学时间,晴,17,12,5,0.0,86,29
2026-05-21 00:30:49,2026-05-21,15,排球场-2号,14:00-15:00,0,1,不开放/已过期,排球队训练,多云,15,13,3,0.0,100,26
2026-05-21 01:00:55,2026-05-21,15,排球场-2号,14:00-15:00,0,1,不开放/已过期,排球队训练,多云,15,12,4,0.0,100,26
2026-05-21 01:30:47,2026-05-21,15,排球场-2号,14:00-15:00,0,1,不开放/已过期,排球队训练,多云,15,13,4,0.0,100,28
2026-05-21 02:00:53,2026-05-21,15,排球场-2号,14:00-15:00,0,1,不开放/已过期,排球队训练,多云,15,12,4,0.0,100,28
2026-05-21 02:30:49,2026-05-21,15,排球场-2号,14:00-15:00,0,1,不开放/已过期,排球队训练,多云,15,14,3,0.0,100,29
2026-05-21 03:00:55,2026-05-21,15,排球场-2号,14:00-15:00,0,1,不开放/已过期,排球队训练,多云,15,12,4,0.0,100,29
2026-05-21 03:30:49,2026-05-21,15,排球场-2号,14:00-15:00,0,1,不开放/已过期,排球队训练,多云,15,14,3,0.0,100,30
2026-05-21 04:30:45,2026-05-21,15,排球场-2号,14:00-15:00,0,1,不开放/已过期,排球队训练,多云,15,12,4,0.0,100,29
2026-05-21 05:00:52,2026-05-21,15,排球场-2号,14:00-15:00,0,1,不开放/已过期,排球队训练,多云,15,12,4,0.0,100,29
2026-05-21 05:30:49,2026-05-21,15,排球场-2号,14:00-15:00,0,1,不开放/已过期,排球队训练,多云,15,13,3,0.0,100,28
2026-05-21 06:00:50,2026-05-21,15,排球场-2号,14:00-15:00,0,1,不开放/已过期,排球队训练,多云,15,13,4,0.0,99,28
2026-05-21 06:30:38,2026-05-21,15,排球场-2号,14:00-15:00,0,1,不开放/已过期,排球队训练,多云,15,13,3,0.0,97,28
2026-05-21 07:00:43,2026-05-21,15,排球场-2号,14:00-15:00,0,1,不开放/已过期,排球队训练,晴,15,11,5,0.0,93,28
2026-05-21 07:30:39,2026-05-21,15,排球场-2号,14:00-15:00,0,1,不开放/已过期,排球队训练,晴,17,13,4,0.0,89,29
2026-05-21 07:50:40,2026-05-21,15,排球场-2号,14:00-15:00,0,1,不开放/已过期,排球队训练,晴,17,13,4,0.0,88,29
2026-05-21 07:53:31,2026-05-21,15,排球场-2号,14:00-15:00,0,1,不开放/已过期,排球队训练,晴,17,12,5,0.0,86,29
2026-05-21 07:56:31,2026-05-21,15,排球场-2号,14:00-15:00,0,1,不开放/已过期,排球队训练,晴,17,12,5,0.0,86,29
2026-05-21 07:59:26,2026-05-21,15,排球场-2号,14:00-15:00,0,1,不开放/已过期,排球队训练,晴,17,12,5,0.0,86,29
2026-05-21 00:30:49,2026-05-21,15,排球场-2号,15:00-16:00,0,1,不开放/已过期,排球队训练,多云,15,13,3,0.0,100,26
2026-05-21 01:00:55,2026-05-21,15,排球场-2号,15:00-16:00,0,1,不开放/已过期,排球队训练,多云,15,12,4,0.0,100,26
2026-05-21 01:30:47,2026-05-21,15,排球场-2号,15:00-16:00,0,1,不开放/已过期,排球队训练,多云,15,13,4,0.0,100,28
2026-05-21 02:00:53,2026-05-21,15,排球场-2号,15:00-16:00,0,1,不开放/已过期,排球队训练,多云,15,12,4,0.0,100,28
2026-05-21 02:30:49,2026-05-21,15,排球场-2号,15:00-16:00,0,1,不开放/已过期,排球队训练,多云,15,14,3,0.0,100,29
2026-05-21 03:00:55,2026-05-21,15,排球场-2号,15:00-16:00,0,1,不开放/已过期,排球队训练,多云,15,12,4,0.0,100,29
2026-05-21 03:30:49,2026-05-21,15,排球场-2号,15:00-16:00,0,1,不开放/已过期,排球队训练,多云,15,14,3,0.0,100,30
2026-05-21 04:30:45,2026-05-21,15,排球场-2号,15:00-16:00,0,1,不开放/已过期,排球队训练,多云,15,12,4,0.0,100,29
2026-05-21 05:00:52,2026-05-21,15,排球场-2号,15:00-16:00,0,1,不开放/已过期,排球队训练,多云,15,12,4,0.0,100,29
2026-05-21 05:30:49,2026-05-21,15,排球场-2号,15:00-16:00,0,1,不开放/已过期,排球队训练,多云,15,13,3,0.0,100,28
2026-05-21 06:00:50,2026-05-21,15,排球场-2号,15:00-16:00,0,1,不开放/已过期,排球队训练,多云,15,13,4,0.0,99,28
2026-05-21 06:30:38,2026-05-21,15,排球场-2号,15:00-16:00,0,1,不开放/已过期,排球队训练,多云,15,13,3,0.0,97,28
2026-05-21 07:00:43,2026-05-21,15,排球场-2号,15:00-16:00,0,1,不开放/已过期,排球队训练,晴,15,11,5,0.0,93,28
2026-05-21 07:30:39,2026-05-21,15,排球场-2号,15:00-16:00,0,1,不开放/已过期,排球队训练,晴,17,13,4,0.0,89,29
2026-05-21 07:50:40,2026-05-21,15,排球场-2号,15:00-16:00,0,1,不开放/已过期,排球队训练,晴,17,13,4,0.0,88,29
2026-05-21 07:53:31,2026-05-21,15,排球场-2号,15:00-16:00,0,1,不开放/已过期,排球队训练,晴,17,12,5,0.0,86,29
2026-05-21 07:56:31,2026-05-21,15,排球场-2号,15:00-16:00,0,1,不开放/已过期,排球队训练,晴,17,12,5,0.0,86,29
2026-05-21 07:59:26,2026-05-21,15,排球场-2号,15:00-16:00,0,1,不开放/已过期,排球队训练,晴,17,12,5,0.0,86,29
2026-05-21 00:30:49,2026-05-21,15,排球场-2号,16:00-17:00,0,1,不开放/已过期,排球队训练,多云,15,13,3,0.0,100,26
2026-05-21 01:00:55,2026-05-21,15,排球场-2号,16:00-17:00,0,1,不开放/已过期,排球队训练,多云,15,12,4,0.0,100,26
2026-05-21 01:30:47,2026-05-21,15,排球场-2号,16:00-17:00,0,1,不开放/已过期,排球队训练,多云,15,13,4,0.0,100,28
2026-05-21 02:00:53,2026-05-21,15,排球场-2号,16:00-17:00,0,1,不开放/已过期,排球队训练,多云,15,12,4,0.0,100,28
2026-05-21 02:30:49,2026-05-21,15,排球场-2号,16:00-17:00,0,1,不开放/已过期,排球队训练,多云,15,14,3,0.0,100,29
2026-05-21 03:00:55,2026-05-21,15,排球场-2号,16:00-17:00,0,1,不开放/已过期,排球队训练,多云,15,12,4,0.0,100,29
2026-05-21 03:30:49,2026-05-21,15,排球场-2号,16:00-17:00,0,1,不开放/已过期,排球队训练,多云,15,14,3,0.0,100,30
2026-05-21 04:30:45,2026-05-21,15,排球场-2号,16:00-17:00,0,1,不开放/已过期,排球队训练,多云,15,12,4,0.0,100,29
2026-05-21 05:00:52,2026-05-21,15,排球场-2号,16:00-17:00,0,1,不开放/已过期,排球队训练,多云,15,12,4,0.0,100,29
2026-05-21 05:30:49,2026-05-21,15,排球场-2号,16:00-17:00,0,1,不开放/已过期,排球队训练,多云,15,13,3,0.0,100,28
2026-05-21 06:00:50,2026-05-21,15,排球场-2号,16:00-17:00,0,1,不开放/已过期,排球队训练,多云,15,13,4,0.0,99,28
2026-05-21 06:30:38,2026-05-21,15,排球场-2号,16:00-17:00,0,1,不开放/已过期,排球队训练,多云,15,13,3,0.0,97,28
2026-05-21 07:00:43,2026-05-21,15,排球场-2号,16:00-17:00,0,1,不开放/已过期,排球队训练,晴,15,11,5,0.0,93,28
2026-05-21 07:30:39,2026-05-21,15,排球场-2号,16:00-17:00,0,1,不开放/已过期,排球队训练,晴,17,13,4,0.0,89,29
2026-05-21 07:50:40,2026-05-21,15,排球场-2号,16:00-17:00,0,1,不开放/已过期,排球队训练,晴,17,13,4,0.0,88,29
2026-05-21 07:53:31,2026-05-21,15,排球场-2号,16:00-17:00,0,1,不开放/已过期,排球队训练,晴,17,12,5,0.0,86,29
2026-05-21 07:56:31,2026-05-21,15,排球场-2号,16:00-17:00,0,1,不开放/已过期,排球队训练,晴,17,12,5,0.0,86,29
2026-05-21 07:59:26,2026-05-21,15,排球场-2号,16:00-17:00,0,1,不开放/已过期,排球队训练,晴,17,12,5,0.0,86,29
2026-05-21 00:30:49,2026-05-21,15,排球场-2号,19:00-20:00,0,1,可预约,￥150.0,多云,15,13,3,0.0,100,26
2026-05-21 01:00:55,2026-05-21,15,排球场-2号,19:00-20:00,0,1,可预约,￥150.0,多云,15,12,4,0.0,100,26
2026-05-21 01:30:47,2026-05-21,15,排球场-2号,19:00-20:00,0,1,可预约,￥150.0,多云,15,13,4,0.0,100,28
2026-05-21 02:00:53,2026-05-21,15,排球场-2号,19:00-20:00,0,1,可预约,￥150.0,多云,15,12,4,0.0,100,28
2026-05-21 02:30:49,2026-05-21,15,排球场-2号,19:00-20:00,0,1,可预约,￥150.0,多云,15,14,3,0.0,100,29
2026-05-21 03:00:55,2026-05-21,15,排球场-2号,19:00-20:00,0,1,可预约,￥150.0,多云,15,12,4,0.0,100,29
2026-05-21 03:30:49,2026-05-21,15,排球场-2号,19:00-20:00,0,1,可预约,￥150.0,多云,15,14,3,0.0,100,30
2026-05-21 04:30:45,2026-05-21,15,排球场-2号,19:00-20:00,0,1,可预约,￥150.0,多云,15,12,4,0.0,100,29
2026-05-21 05:00:52,2026-05-21,15,排球场-2号,19:00-20:00,0,1,可预约,￥150.0,多云,15,12,4,0.0,100,29
2026-05-21 05:30:49,2026-05-21,15,排球场-2号,19:00-20:00,0,1,可预约,￥150.0,多云,15,13,3,0.0,100,28
2026-05-21 06:00:50,2026-05-21,15,排球场-2号,19:00-20:00,0,1,可预约,￥150.0,多云,15,13,4,0.0,99,28
2026-05-21 06:30:38,2026-05-21,15,排球场-2号,19:00-20:00,0,1,可预约,￥150.0,多云,15,13,3,0.0,97,28
2026-05-21 07:00:43,2026-05-21,15,排球场-2号,19:00-20:00,0,1,可预约,￥150.0,晴,15,11,5,0.0,93,28
2026-05-21 07:30:39,2026-05-21,15,排球场-2号,19:00-20:00,0,1,可预约,￥150.0,晴,17,13,4,0.0,89,29
2026-05-21 07:50:40,2026-05-21,15,排球场-2号,19:00-20:00,0,1,可预约,￥150.0,晴,17,13,4,0.0,88,29
2026-05-21 07:53:31,2026-05-21,15,排球场-2号,19:00-20:00,0,1,可预约,￥150.0,晴,17,12,5,0.0,86,29
2026-05-21 07:56:31,2026-05-21,15,排球场-2号,19:00-20:00,0,1,可预约,￥150.0,晴,17,12,5,0.0,86,29
2026-05-21 07:59:26,2026-05-21,15,排球场-2号,19:00-20:00,0,1,可预约,￥150.0,晴,17,12,5,0.0,86,29
2026-05-21 00:30:49,2026-05-21,15,排球场-2号,20:30-21:30,0,1,可预约,￥150.0,多云,15,13,3,0.0,100,26
2026-05-21 01:00:55,2026-05-21,15,排球场-2号,20:30-21:30,0,1,可预约,￥150.0,多云,15,12,4,0.0,100,26
2026-05-21 01:30:47,2026-05-21,15,排球场-2号,20:30-21:30,0,1,可预约,￥150.0,多云,15,13,4,0.0,100,28
2026-05-21 02:00:53,2026-05-21,15,排球场-2号,20:30-21:30,0,1,可预约,￥150.0,多云,15,12,4,0.0,100,28
2026-05-21 02:30:49,2026-05-21,15,排球场-2号,20:30-21:30,0,1,可预约,￥150.0,多云,15,14,3,0.0,100,29
2026-05-21 03:00:55,2026-05-21,15,排球场-2号,20:30-21:30,0,1,可预约,￥150.0,多云,15,12,4,0.0,100,29
2026-05-21 03:30:49,2026-05-21,15,排球场-2号,20:30-21:30,0,1,可预约,￥150.0,多云,15,14,3,0.0,100,30
2026-05-21 04:30:45,2026-05-21,15,排球场-2号,20:30-21:30,0,1,可预约,￥150.0,多云,15,12,4,0.0,100,29
2026-05-21 05:00:52,2026-05-21,15,排球场-2号,20:30-21:30,0,1,可预约,￥150.0,多云,15,12,4,0.0,100,29
2026-05-21 05:30:49,2026-05-21,15,排球场-2号,20:30-21:30,0,1,可预约,￥150.0,多云,15,13,3,0.0,100,28
2026-05-21 06:00:50,2026-05-21,15,排球场-2号,20:30-21:30,0,1,可预约,￥150.0,多云,15,13,4,0.0,99,28
2026-05-21 06:30:38,2026-05-21,15,排球场-2号,20:30-21:30,0,1,可预约,￥150.0,多云,15,13,3,0.0,97,28
2026-05-21 07:00:43,2026-05-21,15,排球场-2号,20:30-21:30,0,1,可预约,￥150.0,晴,15,11,5,0.0,93,28
2026-05-21 07:30:39,2026-05-21,15,排球场-2号,20:30-21:30,0,1,可预约,￥150.0,晴,17,13,4,0.0,89,29
2026-05-21 07:50:40,2026-05-21,15,排球场-2号,20:30-21:30,0,1,可预约,￥150.0,晴,17,13,4,0.0,88,29
2026-05-21 07:53:31,2026-05-21,15,排球场-2号,20:30-21:30,0,1,可预约,￥150.0,晴,17,12,5,0.0,86,29
2026-05-21 07:56:31,2026-05-21,15,排球场-2号,20:30-21:30,0,1,可预约,￥150.0,晴,17,12,5,0.0,86,29
2026-05-21 07:59:26,2026-05-21,15,排球场-2号,20:30-21:30,0,1,可预约,￥150.0,晴,17,12,5,0.0,86,29
2026-05-21 07:59:26,2026-05-22,5,健身中心,06:30-08:00,0,110,可预约,￥0.0,晴,17,12,5,0.0,86,29
2026-05-21 07:59:26,2026-05-22,5,健身中心,08:00-09:30,0,110,可预约,￥0.0,晴,17,12,5,0.0,86,29
2026-05-21 07:59:26,2026-05-22,5,健身中心,10:00-11:30,80,110,可预约,教学时间 | ￥5.0,晴,17,12,5,0.0,86,29
2026-05-21 07:59:26,2026-05-22,5,健身中心,12:00-13:30,0,110,可预约,￥0.0,晴,17,12,5,0.0,86,29
2026-05-21 07:59:26,2026-05-22,5,健身中心,14:00-15:30,80,110,可预约,教学时间 | ￥5.0,晴,17,12,5,0.0,86,29
2026-05-21 07:59:26,2026-05-22,5,健身中心,16:00-17:30,0,110,可预约,￥5.0,晴,17,12,5,0.0,86,29
2026-05-21 07:59:26,2026-05-22,5,健身中心,18:00-19:30,0,110,可预约,￥5.0,晴,17,12,5,0.0,86,29
2026-05-21 07:59:26,2026-05-22,5,健身中心,20:00-21:30,0,110,可预约,￥5.0,晴,17,12,5,0.0,86,29
2026-05-21 07:59:26,2026-05-22,6,篮球场-东场地北半场,09:00-10:00,0,1,可预约,￥50.0,晴,17,12,5,0.0,86,29
2026-05-21 07:59:26,2026-05-22,6,篮球场-东场地北半场,10:30-11:30,1,1,已售/已满,教学时间,晴,17,12,5,0.0,86,29
2026-05-21 07:59:26,2026-05-22,6,篮球场-东场地北半场,14:00-15:00,1,1,已售/已满,教学时间,晴,17,12,5,0.0,86,29
2026-05-21 07:59:26,2026-05-22,6,篮球场-东场地北半场,15:00-16:00,1,1,已售/已满,教学时间,晴,17,12,5,0.0,86,29
2026-05-21 07:59:26,2026-05-22,6,篮球场-东场地北半场,16:00-17:00,0,1,可预约,￥50.0,晴,17,12,5,0.0,86,29
2026-05-21 07:59:26,2026-05-22,6,篮球场-东场地北半场,19:00-20:00,0,1,可预约,￥50.0,晴,17,12,5,0.0,86,29
2026-05-21 07:59:26,2026-05-22,6,篮球场-东场地北半场,20:30-21:30,0,1,可预约,￥50.0,晴,17,12,5,0.0,86,29
2026-05-21 07:59:26,2026-05-22,6,篮球场-东场地南半场,09:00-10:00,0,1,可预约,￥50.0,晴,17,12,5,0.0,86,29
2026-05-21 07:59:26,2026-05-22,6,篮球场-东场地南半场,10:30-11:30,1,1,已售/已满,教学时间,晴,17,12,5,0.0,86,29
2026-05-21 07:59:26,2026-05-22,6,篮球场-东场地南半场,14:00-15:00,1,1,已售/已满,教学时间,晴,17,12,5,0.0,86,29
2026-05-21 07:59:26,2026-05-22,6,篮球场-东场地南半场,15:00-16:00,1,1,已售/已满,教学时间,晴,17,12,5,0.0,86,29
2026-05-21 07:59:26,2026-05-22,6,篮球场-东场地南半场,16:00-17:00,0,1,可预约,￥50.0,晴,17,12,5,0.0,86,29
2026-05-21 07:59:26,2026-05-22,6,篮球场-东场地南半场,19:00-20:00,0,1,可预约,￥50.0,晴,17,12,5,0.0,86,29
2026-05-21 07:59:26,2026-05-22,6,篮球场-东场地南半场,20:30-21:30,0,1,可预约,￥50.0,晴,17,12,5,0.0,86,29
2026-05-21 07:59:26,2026-05-22,6,篮球场-西场地北半场,09:00-10:00,0,1,可预约,￥50.0,晴,17,12,5,0.0,86,29
2026-05-21 07:59:26,2026-05-22,6,篮球场-西场地北半场,10:30-11:30,1,1,已售/已满,教学时间,晴,17,12,5,0.0,86,29
2026-05-21 07:59:26,2026-05-22,6,篮球场-西场地北半场,14:00-15:00,1,1,已售/已满,教学时间,晴,17,12,5,0.0,86,29
2026-05-21 07:59:26,2026-05-22,6,篮球场-西场地北半场,15:00-16:00,1,1,已售/已满,教学时间,晴,17,12,5,0.0,86,29
2026-05-21 07:59:26,2026-05-22,6,篮球场-西场地北半场,16:00-17:00,0,1,可预约,￥50.0,晴,17,12,5,0.0,86,29
2026-05-21 07:59:26,2026-05-22,6,篮球场-西场地北半场,19:00-20:00,0,1,可预约,￥50.0,晴,17,12,5,0.0,86,29
2026-05-21 07:59:26,2026-05-22,6,篮球场-西场地北半场,20:30-21:30,0,1,可预约,￥50.0,晴,17,12,5,0.0,86,29
2026-05-21 07:59:26,2026-05-22,6,篮球场-西场地南半场,09:00-10:00,0,1,可预约,￥50.0,晴,17,12,5,0.0,86,29
2026-05-21 07:59:26,2026-05-22,6,篮球场-西场地南半场,10:30-11:30,1,1,已售/已满,教学时间,晴,17,12,5,0.0,86,29
2026-05-21 07:59:26,2026-05-22,6,篮球场-西场地南半场,14:00-15:00,1,1,已售/已满,教学时间,晴,17,12,5,0.0,86,29
2026-05-21 07:59:26,2026-05-22,6,篮球场-西场地南半场,15:00-16:00,1,1,已售/已满,教学时间,晴,17,12,5,0.0,86,29
2026-05-21 07:59:26,2026-05-22,6,篮球场-西场地南半场,16:00-17:00,0,1,可预约,￥50.0,晴,17,12,5,0.0,86,29
2026-05-21 07:59:26,2026-05-22,6,篮球场-西场地南半场,19:00-20:00,0,1,可预约,￥50.0,晴,17,12,5,0.0,86,29
2026-05-21 07:59:26,2026-05-22,6,篮球场-西场地南半场,20:30-21:30,0,1,可预约,￥50.0,晴,17,12,5,0.0,86,29
2026-05-21 07:59:26,2026-05-22,15,排球场-1号,09:00-10:00,0,1,可预约,￥150.0,晴,17,12,5,0.0,86,29
2026-05-21 07:59:26,2026-05-22,15,排球场-1号,10:30-11:30,1,1,已售/已满,教学时间,晴,17,12,5,0.0,86,29
2026-05-21 07:59:26,2026-05-22,15,排球场-1号,14:00-15:00,0,1,不开放/已过期,排球队训练,晴,17,12,5,0.0,86,29
2026-05-21 07:59:26,2026-05-22,15,排球场-1号,15:00-16:00,0,1,不开放/已过期,排球队训练,晴,17,12,5,0.0,86,29
2026-05-21 07:59:26,2026-05-22,15,排球场-1号,16:00-17:00,0,1,不开放/已过期,排球队训练,晴,17,12,5,0.0,86,29
2026-05-21 07:59:26,2026-05-22,15,排球场-1号,19:00-20:00,1,1,已售/已满,已售,晴,17,12,5,0.0,86,29
2026-05-21 07:59:26,2026-05-22,15,排球场-1号,20:30-21:30,1,1,已售/已满,已售,晴,17,12,5,0.0,86,29
2026-05-21 07:59:26,2026-05-22,15,排球场-2号,09:00-10:00,0,1,可预约,￥150.0,晴,17,12,5,0.0,86,29
2026-05-21 07:59:26,2026-05-22,15,排球场-2号,10:30-11:30,1,1,已售/已满,教学时间,晴,17,12,5,0.0,86,29
2026-05-21 07:59:26,2026-05-22,15,排球场-2号,14:00-15:00,0,1,不开放/已过期,排球队训练,晴,17,12,5,0.0,86,29
2026-05-21 07:59:26,2026-05-22,15,排球场-2号,15:00-16:00,0,1,不开放/已过期,排球队训练,晴,17,12,5,0.0,86,29
2026-05-21 07:59:26,2026-05-22,15,排球场-2号,16:00-17:00,0,1,不开放/已过期,排球队训练,晴,17,12,5,0.0,86,29
2026-05-21 07:59:26,2026-05-22,15,排球场-2号,19:00-20:00,0,1,可预约,￥150.0,晴,17,12,5,0.0,86,29
2026-05-21 07:59:26,2026-05-22,15,排球场-2号,20:30-21:30,0,1,可预约,￥150.0,晴,17,12,5,0.0,86,29
